Num_Acc,senc,catv,occutc,obs,obsm,choc,manv,num_veh
201200000789,0,02,000,00,2,1,01,A01
201200000789,0,07,000,00,2,1,01,B02
201200000790,0,33,000,00,2,1,01,B02
201200000790,0,33,000,00,2,7,01,C03
201200000790,0,07,000,00,2,8,15,A01
201200000791,0,30,000,00,2,1,01,A01
201200000791,0,07,000,00,2,2,01,B02
201200000792,0,07,000,08,0,7,17,A01
201200000793,0,07,000,00,2,1,00,A01
201200000793,0,10,000,00,2,7,00,B02
201200000794,0,07,000,01,0,2,14,A01
201200000795,0,07,000,00,2,3,01,B02
201200000795,0,07,000,00,2,3,13,A01
201200000796,0,07,000,00,2,4,02,B02
201200000796,0,07,000,00,2,1,02,A01
201200000797,0,14,000,13,0,1,01,A01
201200000798,0,07,000,13,0,3,13,A01
201200000799,0,01,000,00,2,2,15,A01
201200000799,0,33,000,00,2,1,01,B02
201200000800,0,07,000,00,2,1,19,B02
201200000800,0,07,000,00,2,6,01,A01
201200000801,0,07,000,00,2,2,19,B02
201200000801,0,07,000,00,2,3,01,A01
201200000802,0,07,000,00,1,1,01,A01
201200000803,0,07,000,00,2,2,13,A01
201200000803,0,15,000,00,2,2,01,B02
201200000804,0,07,000,00,2,2,02,A01
201200000804,0,01,000,00,0,4,02,B02
201200000805,0,07,000,00,2,3,01,A01
201200000805,0,07,000,00,2,3,01,B02
201200000806,0,07,000,00,1,3,17,A01
201200000807,0,02,000,00,2,1,01,A01
201200000807,0,07,000,00,2,8,15,B02
201200000808,0,31,000,00,2,1,01,B02
201200000808,0,07,000,00,2,7,10,A01
201200000809,0,07,000,00,2,1,01,A01
201200000809,0,07,000,00,2,1,01,B02
201200000810,0,01,000,00,0,8,02,B02
201200000810,0,07,000,00,9,2,02,A01
201200000811,0,01,000,00,1,1,01,A01
201200000812,0,14,000,00,2,6,24,B02
201200000812,0,38,000,00,0,2,01,A01
201200000813,0,07,000,00,2,1,13,A01
201200000813,0,07,000,00,2,1,01,B02
201200000814,0,10,000,00,1,1,01,A01
201200000815,0,07,000,00,0,3,15,A01
201200000815,0,15,000,00,0,3,01,B02
201200000816,0,07,000,00,0,0,00,A01
201200000817,0,10,000,02,0,3,01,A01
201200000818,0,07,000,00,2,1,01,B02
201200000818,0,07,000,00,2,7,15,A01
201200000819,0,14,000,00,2,2,15,A01
201200000819,0,33,000,00,2,1,01,B02
201200000820,0,07,000,00,1,3,01,A01
201200000821,0,07,000,00,2,1,01,C03
201200000821,0,14,000,00,2,2,01,B02
201200000821,0,07,000,00,2,7,01,A01
201200000822,0,33,000,00,0,4,01,A01
201200000822,0,33,000,00,2,1,01,B02
201200000823,0,33,000,00,0,3,01,A01
201200000824,0,07,000,00,2,3,15,A01
201200000824,0,33,000,00,2,3,01,B02
201200000825,0,07,000,13,0,2,01,A01
201200000826,0,07,000,13,0,2,01,A01
201200000827,0,07,000,00,1,3,21,A01
201200000828,0,10,000,00,0,1,01,A01
201200000828,0,10,000,00,0,2,01,B02
201200000829,0,07,000,00,2,3,13,A01
201200000829,0,07,000,00,2,3,21,B02
201200000830,0,15,000,00,2,2,01,B02
201200000830,0,07,000,00,2,2,17,A01
201200000831,0,07,000,00,2,1,01,C03
201200000831,0,07,000,00,2,3,01,B02
201200000831,0,07,000,00,2,5,15,A01
201200000832,0,32,000,00,2,1,01,A01
201200000832,0,07,000,00,0,8,15,B02
201200000833,0,17,000,00,2,3,01,C03
201200000833,0,17,000,00,2,8,01,A01
201200000833,0,07,000,00,2,9,01,B02
201200000834,0,07,000,00,2,3,09,A01
201200000834,0,15,000,00,2,2,01,B02
201200000835,0,07,000,00,2,2,01,B02
201200000835,0,30,000,00,2,3,19,A01
201200000836,0,07,000,09,2,1,01,A01
201200000836,0,07,000,13,2,8,01,B02
201200000837,0,07,000,00,2,3,01,B02
201200000837,0,33,000,00,2,1,13,A01
201200000838,0,10,000,00,9,3,01,A01
201200000839,0,07,000,13,0,1,00,A01
201200000840,0,33,000,00,2,0,01,A01
201200000840,0,07,000,00,0,0,01,B02
201200000841,0,07,000,00,1,2,01,A01
201200000842,0,38,000,00,1,5,01,A01
201200000843,0,33,000,00,6,1,01,A01
201200000844,0,07,000,00,0,7,19,A01
201200000844,0,07,000,00,0,3,01,B02
201200000845,0,31,000,00,2,7,01,B02
201200000845,0,07,000,00,2,2,15,A01
201200000846,0,10,000,00,0,0,01,A01
201200000847,0,07,000,00,2,7,01,A01
201200000847,0,07,000,00,2,1,01,B02
201200000848,0,33,000,00,6,1,00,A01
201200000848,0,07,000,00,2,6,01,B02
201200000849,0,02,000,00,2,2,01,B02
201200000849,0,02,000,00,2,1,01,C03
201200000849,0,07,000,00,2,2,17,A01
201200000850,0,07,000,00,2,1,01,B02
201200000850,0,07,000,00,2,1,01,A01
201200000851,0,07,000,00,2,1,13,A01
201200000851,0,07,000,00,2,1,01,B02
201200000852,0,07,000,00,2,1,13,A01
201200000852,0,07,000,00,2,1,01,B02
201200000853,0,34,000,00,6,3,01,A01
201200000854,0,33,000,00,2,8,01,A01
201200000854,2,07,000,00,2,8,03,B02
201200000855,0,07,000,00,2,4,01,B02
201200000855,0,33,000,00,2,1,01,A01
201200000856,0,07,000,00,0,7,06,A01
201200000856,0,07,000,00,2,1,00,B02
201200000857,0,07,000,00,1,1,01,A01
201200000858,0,07,000,00,0,9,01,A01
201200000859,0,07,000,13,0,1,01,A01
201200000860,0,10,000,00,2,1,01,A01
201200000860,0,07,000,00,2,2,01,B02
201200000861,0,07,000,00,2,1,01,A01
201200000861,0,07,000,00,0,1,01,B02
201200000862,0,33,000,00,2,1,13,B02
201200000862,0,07,000,00,2,8,15,A01
201200000863,0,33,000,00,2,8,15,B02
201200000863,0,07,000,00,2,8,01,A01
201200000864,0,33,000,00,2,3,15,B02
201200000864,0,33,000,00,2,2,17,A01
201200000865,0,33,000,05,0,5,14,A01
201200000866,0,01,000,00,2,0,01,C03
201200000866,0,07,000,00,9,2,17,B02
201200000866,0,07,000,00,2,7,17,A01
201200000867,0,07,000,00,2,8,15,B02
201200000867,0,33,000,01,2,1,01,A01
201200000868,0,01,000,00,0,4,01,A01
201200000868,0,07,000,00,9,2,02,B02
201200000869,0,07,000,00,2,2,02,A01
201200000869,0,02,000,00,2,4,15,B02
201200000870,0,07,000,00,0,6,13,A01
201200000871,0,01,000,00,2,4,01,B02
201200000871,0,07,000,00,2,2,01,A01
201200000872,0,02,000,08,0,1,19,A01
201200000873,0,07,000,02,0,2,14,A01
201200000874,0,07,000,00,0,3,01,A01
201200000875,0,02,000,00,2,1,01,A01
201200000875,0,07,000,00,0,6,15,B02
201200000876,0,31,000,14,0,1,01,A01
201200000877,0,07,000,13,0,2,01,A01
201200000878,0,10,000,00,2,1,01,C03
201200000878,0,14,000,00,2,8,01,B02
201200000878,0,07,000,00,2,1,13,A01
201200000879,0,33,000,13,0,9,01,A01
201200000880,0,33,000,16,0,0,01,A01
201200000881,0,07,000,00,2,2,02,A01
201200000881,0,33,000,00,0,4,15,B02
201200000882,0,07,000,16,0,9,01,A01
201200000883,0,31,000,00,1,1,21,A01
201200000883,0,33,000,00,0,8,01,B02
201200000884,0,01,000,00,2,1,01,B02
201200000884,0,07,000,00,9,3,17,A01
201200000885,0,33,000,06,0,1,01,A01
201200000886,0,07,000,02,0,1,01,A01
201200000887,0,07,000,00,2,5,09,A01
201200000887,0,07,000,00,2,1,01,B02
201200000888,0,07,000,13,0,1,16,A01
201200000889,0,07,000,00,2,3,01,B02
201200000889,0,07,000,00,2,3,05,A01
201200000890,0,17,000,00,2,6,14,A01
201200000890,0,30,000,00,2,1,13,B02
201200000891,0,07,000,00,1,4,20,A01
201200000892,0,07,000,00,2,1,01,C03
201200000892,0,07,000,01,0,1,01,A01
201200000892,0,17,000,01,0,6,24,B02
201200000893,0,07,000,06,0,1,01,A01
201200000894,0,07,000,08,0,1,01,A01
201200000895,0,07,000,00,0,8,06,B02
201200000895,0,33,000,00,2,1,01,A01
201200000896,0,07,000,08,0,2,01,B02
201200000896,0,07,000,00,2,1,19,A01
201200000897,0,07,000,00,1,2,01,A01
201200000898,0,02,000,01,0,1,13,A01
201200000899,0,33,000,13,0,1,01,A01
201200000900,0,07,000,00,2,1,09,A01
201200000900,0,14,000,00,2,7,01,B02
201200000901,0,07,000,00,2,1,01,B02
201200000901,0,07,000,00,2,1,13,A01
201200000902,0,07,000,00,0,3,15,B02
201200000902,0,01,000,00,0,3,15,A01
201200000903,0,01,000,00,2,8,01,B02
201200000903,0,07,000,00,2,2,19,A01
201200000904,0,07,000,00,1,2,14,A01
201200000905,0,07,000,06,0,2,13,A01
201200000906,0,07,000,13,0,1,01,A01
201200000907,0,33,000,03,0,1,17,A01
201200000908,0,17,000,00,0,0,15,C01
201200000908,0,07,000,00,2,5,17,B02
201200000908,0,07,000,00,2,3,17,A03
201200000909,0,10,000,00,2,2,01,B02
201200000909,0,07,000,00,2,1,01,A01
201200000910,0,07,000,13,0,2,14,A01
201200000911,0,01,000,01,0,1,21,A01
201200000912,0,07,000,00,2,3,05,B02
201200000912,0,07,000,00,2,3,02,A01
201200000913,0,30,000,00,2,1,13,A01
201200000913,0,10,000,00,2,2,01,B02
201200000914,0,10,000,13,0,1,01,A01
201200000915,0,33,000,00,0,0,01,A01
201200000916,0,07,000,02,0,9,15,A01
201200000917,0,07,000,00,2,1,01,B02
201200000917,0,07,000,00,2,8,19,A01
201200000918,0,30,000,08,0,1,01,A01
201200000919,0,07,000,13,0,1,01,A01
201200000920,0,07,000,00,0,3,19,A01
201200000920,0,33,000,00,2,1,00,B02
201200000921,0,30,000,00,0,0,01,A01
201200000922,0,02,000,00,1,7,21,A01
201200000923,0,07,000,00,1,3,16,A01
201200000924,0,33,000,13,0,8,13,A01
201200000925,0,34,000,00,2,1,01,B02
201200000925,0,07,000,00,2,3,16,A01
201200000926,0,07,000,00,1,3,01,A01
201200000927,0,07,000,02,0,1,01,A01
201200000928,0,07,000,02,0,1,01,A01
201200000929,0,07,000,00,2,9,01,A01
201200000929,0,07,000,13,0,7,21,D04
201200000929,0,07,000,00,2,8,01,B02
201200000929,0,07,000,00,2,1,01,C03
201200000930,0,17,000,00,2,2,01,B02
201200000930,0,07,000,00,2,1,05,A01
201200000931,0,15,000,00,2,6,20,B02
201200000931,0,07,000,00,2,3,01,A01
201200000932,0,33,000,00,2,1,01,B02
201200000932,0,07,000,00,2,5,15,A01
201200000933,0,07,000,00,2,2,09,A01
201200000933,0,30,000,00,2,4,01,B02
201200000934,1,99,000,00,2,2,17,B02
201200000934,0,07,000,13,2,3,01,A01
201200000935,0,07,000,13,0,2,01,A01
201200000936,0,30,000,00,2,1,01,A01
201200000936,0,07,000,00,2,6,01,B02
201200000937,0,07,000,00,2,2,15,A01
201200000937,0,30,000,00,2,1,01,B02
201200000938,0,33,000,00,2,1,01,B02
201200000938,0,07,000,00,2,1,15,A01
201200000939,0,07,000,00,9,2,01,B02
201200000939,0,01,000,00,2,1,01,A01
201200000940,0,30,000,00,2,1,13,A01
201200000940,0,07,000,00,2,3,01,B02
201200000941,0,07,000,00,2,1,01,B02
201200000941,0,07,000,00,2,8,13,A01
201200000942,0,07,000,06,0,1,00,A01
201200000943,0,30,000,00,2,8,09,B02
201200000943,0,07,000,00,2,1,01,A01
201200000944,0,07,000,00,2,8,01,B02
201200000944,0,07,000,13,2,1,13,A01
201200000945,0,07,000,00,2,3,16,B02
201200000945,0,10,000,00,2,7,01,A01
201200000946,0,07,000,00,2,5,23,B02
201200000946,0,07,000,00,2,3,01,C03
201200000946,0,07,000,00,2,3,01,A01
201200000947,0,36,000,00,2,1,01,A01
201200000947,0,07,000,00,0,3,15,B02
201200000948,0,07,000,,2,1,01,B02
201200000948,0,07,000,,2,2,15,A01
201200000949,0,07,000,00,9,2,01,A01
201200000949,0,01,000,00,2,8,01,B02
201200000950,0,02,000,00,2,3,15,B02
201200000950,0,07,000,00,2,2,13,A01
201200000951,0,07,000,00,2,3,01,B02
201200000951,0,07,000,00,2,3,01,A01
201200000952,0,30,000,06,0,1,01,A01
201200000953,0,07,000,00,0,8,01,A01
201200000954,0,10,000,00,2,2,14,A01
201200000954,0,10,000,00,0,3,01,B02
201200000955,0,07,000,00,2,3,01,B02
201200000955,0,10,000,00,2,2,01,A01
201200000956,0,07,000,00,2,1,01,B02
201200000956,0,07,000,00,2,1,13,A01
201200000957,0,02,000,00,2,2,17,A01
201200000957,0,07,000,00,2,6,15,B02
201200000958,0,07,000,02,0,8,01,A01
201200000959,0,07,000,00,1,4,04,A01
201200000960,0,21,000,00,1,5,01,A01
201200000961,0,07,000,00,2,1,01,A01
201200000961,0,07,000,00,2,4,15,B02
201200000961,0,07,000,00,2,3,01,C03
201200000962,0,30,000,00,0,0,02,B02
201200000962,0,07,000,00,0,0,02,A01
201200000963,0,07,000,00,2,1,01,A01
201200000963,0,07,000,00,2,8,19,B02
201200000964,0,07,000,13,0,3,01,A01
201200000965,0,10,000,13,2,8,01,B02
201200000965,0,07,000,13,2,2,01,A01
201200000966,0,33,000,13,0,8,01,A01
201200000967,0,07,000,00,1,3,01,A01
201200000968,0,07,000,00,2,4,02,B01
201200000968,0,07,000,00,2,1,02,A02
201200000969,0,07,000,00,2,1,01,B02
201200000969,0,07,000,00,2,1,01,A01
201200000970,0,02,000,00,2,5,15,A01
201200000970,0,10,000,00,2,2,01,B02
201200000971,0,30,000,00,2,1,01,B02
201200000971,0,14,000,00,0,2,15,A01
201200000972,0,07,000,00,2,1,15,A01
201200000972,0,01,000,00,2,1,19,B02
201200000973,0,07,000,,2,7,17,B02
201200000973,0,07,000,,2,8,17,A01
201200000974,0,33,000,00,2,1,01,B02
201200000974,0,10,000,00,2,8,19,A01
201200000975,0,07,000,13,0,2,01,A01
201200000976,0,33,000,00,2,5,21,B02
201200000976,0,07,000,00,2,3,20,A01
201200000977,0,07,000,00,0,3,10,A01
201200000977,0,01,000,00,2,1,19,B02
201200000978,0,07,000,06,0,1,01,A01
201200000979,0,07,000,13,2,8,01,A01
201200000979,0,07,000,00,2,1,01,B02
201200000980,0,07,000,00,0,6,15,A01
201200000980,0,02,000,00,2,7,17,B02
201200000981,0,07,000,00,2,8,01,B02
201200000981,0,07,000,00,2,3,01,A01
201200000982,0,07,000,00,0,2,00,A01
201200000983,0,33,000,00,2,1,01,B02
201200000983,0,01,000,00,2,1,13,A01
201200000984,0,07,000,00,2,1,02,B02
201200000984,0,07,000,00,2,1,17,A01
201200000985,0,07,000,00,2,1,13,A01
201200000985,0,07,000,00,2,1,01,B02
201200000986,0,07,000,00,1,1,01,A01
201200000987,0,07,000,00,1,3,01,A01
201200000988,0,10,000,03,0,1,17,A01
201200000989,0,07,000,00,1,1,01,A01
201200000990,0,15,000,00,2,6,24,B02
201200000990,0,15,000,01,0,2,02,A01
201200000991,0,07,000,00,9,2,01,A01
201200000991,0,01,000,00,2,1,19,B02
201200000992,0,33,000,00,2,1,01,B02
201200000992,0,07,000,00,0,2,15,A01
201200000993,0,07,000,13,0,2,01,A01
201200000994,0,10,000,00,2,3,19,B02
201200000994,0,07,000,00,2,2,01,A01
201200000995,0,07,000,00,2,1,17,A01
201200000995,0,14,000,00,2,3,01,B02
201200000996,0,07,000,00,2,3,16,A01
201200000996,0,30,000,00,2,1,01,B02
201200000997,0,33,000,00,2,1,17,A01
201200000997,0,20,000,00,2,3,01,B02
201200000998,0,07,000,00,2,3,13,A01
201200000998,0,07,000,00,2,3,01,B02
201200000999,0,07,000,00,2,8,19,A01
201200000999,0,15,000,00,2,2,01,B02
201200001000,0,15,000,00,2,8,01,B02
201200001000,0,07,000,00,2,3,13,A01
201200001000,0,15,000,00,2,1,01,C03
201200001001,0,07,000,13,0,3,00,A01
201200001002,0,07,000,00,2,2,09,B02
201200001002,0,15,000,00,2,3,01,A01
201200001003,0,07,000,13,0,2,01,A01
201200001004,0,07,000,02,0,3,13,A01
201200001005,0,07,000,00,9,1,09,A01
201200001005,0,01,000,00,2,7,01,B02
201200001006,0,02,000,00,0,1,00,B02
201200001006,0,07,000,00,2,3,05,A01
201200001007,0,07,000,00,0,7,15,A01
201200001007,0,07,000,00,2,1,01,B02
201200001007,0,10,000,00,2,3,23,C03
201200001008,0,14,000,00,2,1,21,B02
201200001008,0,10,000,00,2,3,19,A01
201200001009,0,07,000,00,2,3,01,B02
201200001009,0,07,000,00,2,2,17,A01
201200001010,0,07,000,00,2,1,21,B02
201200001010,0,02,000,00,0,3,15,A01
201200001010,0,07,000,00,2,1,01,C03
201200001011,0,07,000,00,0,1,16,A01
201200001012,0,33,000,00,2,1,01,B02
201200001012,0,07,000,00,2,3,15,A01
201200001013,0,07,000,00,0,3,01,A01
201200001014,0,07,000,13,0,1,01,A01
201200001015,0,14,000,13,0,3,01,A01
201200001016,0,07,000,00,2,1,13,A01
201200001016,0,10,000,00,2,1,01,B02
201200001017,0,33,000,00,2,1,01,B02
201200001017,0,07,000,00,2,1,09,A01
201200001018,0,07,000,00,2,3,01,A01
201200001018,0,07,000,00,2,3,01,B02
201200001019,0,07,000,02,0,9,13,A01
201200001020,0,10,000,06,0,8,13,A01
201200001021,0,07,000,00,2,5,15,A01
201200001021,0,33,000,00,2,1,21,B02
201200001022,0,07,000,00,1,1,01,A01
201200001023,0,10,000,00,2,5,19,A01
201200001023,0,07,000,00,2,1,01,B02
201200001024,0,30,000,00,2,1,15,A01
201200001024,0,07,000,00,2,7,01,B02
201200001025,0,07,000,00,1,1,01,A01
201200001026,0,10,000,00,2,3,01,B02
201200001026,0,07,000,00,2,4,15,A01
201200001027,0,03,000,13,0,3,13,A01
201200001028,0,02,000,00,2,1,02,A01
201200001028,0,02,000,00,2,8,01,B02
201200001028,0,10,000,00,2,3,21,C03
201200001029,0,07,000,06,0,3,01,A01
201200001030,0,07,000,00,2,3,01,A01
201200001030,0,02,000,00,2,3,19,B02
201200001031,0,07,000,00,2,1,13,A01
201200001031,0,01,000,00,2,1,01,B02
201200001031,0,01,000,00,2,1,01,C03
201200001032,0,02,000,00,2,1,17,A01
201200001032,0,20,000,00,2,8,15,B02
201200001033,0,07,000,00,2,1,09,A01
201200001033,0,07,000,00,2,6,01,B02
201200001034,0,07,000,00,2,1,01,A01
201200001034,0,07,000,00,2,8,19,B02
201200001035,0,07,000,13,0,2,01,A01
201200001036,0,07,000,00,2,3,01,B02
201200001036,0,07,000,00,0,3,13,A01
201200001037,0,07,000,00,2,1,01,A01
201200001037,0,07,000,00,2,1,01,B02
201200001038,0,07,000,00,2,2,01,B01
201200001038,0,07,000,00,2,8,19,A02
201200001039,0,07,000,00,2,5,13,A01
201200001039,0,07,000,00,2,1,01,B02
201200001040,0,07,000,00,2,4,23,B01
201200001040,0,07,000,00,2,1,02,A02
201200001041,0,02,000,01,0,1,01,A01
201200001042,0,07,000,00,9,3,05,A01
201200001042,0,01,000,00,2,1,01,B02
201200001042,0,01,000,00,2,1,01,C03
201200001042,0,01,000,00,2,1,01,D04
201200001042,0,01,000,00,2,1,01,E05
201200001043,0,30,000,00,2,1,01,A01
201200001043,0,21,000,00,2,3,19,B02
201200001044,0,30,000,00,2,8,01,B02
201200001044,0,10,000,00,2,1,19,A01
201200001045,0,21,000,00,2,1,15,A01
201200001045,0,07,000,00,2,3,01,B02
201200001045,0,10,000,00,2,1,23,C03
201200001046,0,07,000,00,2,1,21,A01
201200001046,0,07,000,06,2,7,19,B02
201200001047,0,31,000,00,2,1,13,A01
201200001047,0,07,000,00,2,1,01,B02
201200001048,0,20,000,00,2,6,04,A01
201200001048,0,01,000,00,2,8,01,B02
201200001049,0,07,000,00,2,1,00,B02
201200001049,0,31,000,00,2,5,15,A01
201200001050,0,31,000,10,0,3,01,A01
201200001051,0,07,000,00,2,7,01,B02
201200001051,0,07,000,00,2,3,09,A01
201200001052,0,07,000,00,2,3,13,A01
201200001052,0,21,000,00,2,3,01,B02
201200001053,0,33,000,13,0,1,21,A01
201200001054,0,10,000,00,2,3,13,A01
201200001054,0,07,000,00,2,3,01,B02
201200001055,0,07,000,02,0,1,01,A01
201200001056,0,32,000,00,2,8,13,A01
201200001056,0,07,000,00,2,3,21,B02
201200001057,0,31,000,00,2,8,01,A01
201200001057,0,07,000,00,2,3,01,B02
201200001058,0,07,000,00,2,1,13,A01
201200001058,0,07,000,00,2,1,01,B02
201200001059,0,07,000,02,0,1,01,A01
201200001060,0,07,000,06,0,1,01,A01
201200001061,0,07,000,00,1,2,01,A01
201200001062,0,30,000,00,2,1,01,B02
201200001062,0,07,000,00,2,8,15,A01
201200001063,0,07,000,13,0,1,14,A01
201200001064,0,10,000,00,1,1,01,A01
201200001065,0,33,000,16,0,8,01,A01
201200001066,0,10,000,02,0,8,01,A01
201200001067,0,01,000,00,2,1,01,A01
201200001067,1,10,000,00,2,1,17,B02
201200001068,0,07,000,00,1,4,04,A01
201200001069,0,07,000,00,2,3,23,C03
201200001069,0,07,000,00,0,7,19,A01
201200001069,0,10,000,00,2,1,01,B02
201200001070,0,07,000,00,2,3,01,C03
201200001070,0,07,000,00,2,3,01,B02
201200001070,0,07,000,00,2,2,13,A01
201200001071,0,07,000,00,2,3,01,B02
201200001071,0,10,000,00,2,3,13,A01
201200001072,0,15,000,00,1,2,01,A01
201200001073,0,07,000,00,1,1,01,A01
201200001074,0,10,000,13,0,3,13,A01
201200001075,0,33,000,06,2,8,01,A01
201200001075,0,07,000,00,2,8,01,B02
201200001076,0,07,000,00,2,3,13,A01
201200001076,0,07,000,00,2,3,01,B02
201200001077,0,01,000,00,2,7,01,B02
201200001077,0,10,000,00,9,1,19,A01
201200001078,0,07,000,13,0,2,13,A01
201200001079,0,02,000,00,2,1,01,A01
201200001079,0,07,000,00,2,3,15,B02
201200001080,0,07,000,00,2,3,01,A01
201200001080,0,32,000,00,2,1,01,B02
201200001081,0,33,000,00,2,1,01,A01
201200001081,0,07,000,00,2,8,09,B02
201200001082,0,07,000,00,2,3,13,A01
201200001082,0,14,000,00,2,1,01,B02
201200001083,0,07,000,06,2,1,21,A01
201200001084,0,07,000,00,2,1,13,A01
201200001084,0,07,000,00,2,1,01,B02
201200001085,0,33,000,00,2,1,01,B02
201200001085,0,07,000,00,2,3,19,A01
201200001086,0,01,000,00,2,1,01,A01
201200001086,0,07,000,00,2,8,16,B02
201200001087,0,07,000,00,2,1,13,A01
201200001087,0,07,000,00,2,6,21,B02
201200001087,0,07,000,00,2,9,01,C03
201200001088,0,07,000,13,0,1,01,A01
201200001089,0,07,000,00,1,7,01,A01
201200001090,0,31,000,13,0,9,01,A01
201200001091,0,07,000,00,2,1,01,B02
201200001091,0,07,000,00,2,7,19,A01
201200001092,0,30,000,00,2,7,01,A01
201200001092,0,07,000,00,2,1,09,B02
201200001093,0,07,000,00,2,8,19,B02
201200001093,0,33,000,00,2,1,01,A01
201200001094,0,07,000,00,1,4,20,A01
201200001095,0,07,000,00,1,3,01,A01
201200001096,0,07,000,00,2,1,00,B02
201200001096,0,07,000,00,2,2,15,A01
201200001097,0,34,000,03,0,1,14,A01
201200001098,0,07,000,06,0,1,14,A01
201200001099,0,01,000,00,2,1,01,B02
201200001099,0,07,000,00,9,2,01,A01
201200001100,0,10,000,00,2,2,17,A01
201200001100,0,01,000,00,2,4,01,B02
201200001101,0,01,000,00,9,1,01,A01
201200001101,0,01,000,00,9,0,01,B02
201200001102,0,31,000,00,2,1,01,A01
201200001102,0,07,000,00,2,3,15,B02
201200001103,0,07,000,00,2,2,02,A01
201200001103,0,30,000,00,2,4,01,B02
201200001104,0,07,000,00,2,2,01,A01
201200001104,0,01,000,00,2,1,15,B02
201200001105,0,07,000,00,2,3,17,A01
201200001105,0,33,000,00,2,1,01,B02
201200001106,0,07,000,00,2,1,01,A01
201200001106,0,07,000,00,2,8,19,B02
201200001107,0,07,000,00,2,3,15,B02
201200001107,0,17,000,00,2,2,01,A01
201200001108,0,07,000,00,2,3,13,A01
201200001108,0,07,000,00,2,1,01,B02
201200001109,0,33,000,00,0,9,17,A01
201200001110,0,36,000,12,0,1,01,A01
201200001111,0,07,000,00,2,5,19,A01
201200001111,0,07,000,00,2,2,01,B02
201200001112,0,33,000,00,2,7,01,A01
201200001112,0,07,000,00,2,2,01,B02
201200001113,0,30,000,00,2,1,01,A01
201200001113,0,21,000,00,2,3,01,B02
201200001114,0,07,000,08,0,1,01,A01
201200001115,0,03,000,01,2,1,05,A01
201200001116,0,07,000,06,0,1,01,A01
201200001117,0,07,000,00,2,3,15,A01
201200001117,0,02,000,00,2,2,01,B02
201200001118,0,07,000,00,1,6,21,A01
201200001119,0,07,000,00,1,2,01,A01
201200001120,0,07,000,00,1,3,01,A01
201200001121,0,07,000,00,2,1,01,B02
201200001121,0,07,000,00,2,3,10,A01
201200001122,0,07,000,00,2,1,15,A01
201200001122,0,07,000,00,2,1,01,B02
201200001123,0,07,000,00,2,8,13,A01
201200001123,0,07,000,00,2,1,01,B02
201200001124,0,10,000,00,1,1,01,A01
201200001125,0,07,000,06,0,3,13,A01
201200001126,0,07,000,00,0,1,13,A01
201200001126,0,02,000,00,0,1,01,B02
201200001127,0,07,000,00,2,1,13,A01
201200001127,0,07,000,00,2,1,01,B02
201200001128,0,31,000,00,2,1,02,A01
201200001128,0,07,000,00,2,4,02,B02
201200001129,0,07,000,00,1,1,01,A01
201200001130,0,07,000,09,0,1,00,A01
201200001131,0,07,000,13,0,2,01,A01
201200001132,0,02,000,00,2,1,01,A01
201200001132,0,07,000,00,2,3,19,B02
201200001133,0,07,000,13,0,3,21,A01
201200001134,0,10,000,00,2,2,21,A01
201200001134,0,02,000,00,2,4,15,B02
201200001134,0,07,000,00,2,3,21,C03
201200001135,0,07,000,00,2,1,01,A01
201200001135,0,07,000,00,2,8,15,B02
201200001136,0,33,000,00,2,1,01,C03
201200001136,0,07,000,00,2,1,23,B02
201200001136,0,07,000,00,2,2,19,A01
201200001137,0,03,000,00,2,3,13,A01
201200001137,0,07,000,00,2,2,01,B02
201200001138,0,07,000,00,2,3,01,A01
201200001138,0,07,000,00,0,8,19,B02
201200001139,0,31,000,13,0,0,01,A01
201200001140,0,07,000,00,2,3,15,B02
201200001140,0,30,000,00,0,2,01,A01
201200001141,0,07,000,13,0,2,14,A01
201200001142,0,38,036,00,2,3,01,A01
201200001142,0,10,000,00,2,1,01,B02
201200001143,0,33,000,07,0,9,17,A01
201200001144,0,30,000,00,2,1,05,B02
201200001144,0,07,000,00,0,2,15,A01
201200001145,0,30,000,00,2,1,02,A01
201200001145,0,30,000,00,0,4,02,B02
201200001146,0,07,000,13,0,9,01,A01
201200001147,0,07,000,00,2,3,13,A01
201200001147,0,07,000,00,2,3,01,B02
201200001148,0,07,000,13,0,8,01,A01
201200001149,0,07,000,02,0,9,01,A01
201200001150,0,07,000,00,2,1,01,A01
201200001150,0,07,000,00,2,3,01,B02
201200001151,0,07,000,00,2,1,19,A01
201200001151,0,33,000,00,2,7,21,B02
201200001152,0,07,000,00,1,7,01,A01
201200001153,0,07,000,08,0,8,01,A01
201200001154,0,30,000,00,2,1,13,A01
201200001154,0,07,000,00,2,3,01,B02
201200001155,0,07,000,13,0,2,17,A01
201200001156,0,33,000,00,0,1,17,B02
201200001156,0,07,000,00,0,8,10,A01
201200001157,0,07,000,00,1,1,01,A01
201200001158,0,07,000,00,2,3,15,A01
201200001158,0,02,000,00,2,1,01,B02
201200001159,0,07,000,00,2,1,01,A01
201200001159,0,07,000,00,2,1,01,B02
201200001160,0,30,000,00,2,0,00,A01
201200001160,0,07,000,00,0,0,00,B02
201200001161,0,07,000,00,2,1,01,B02
201200001161,0,07,000,00,2,1,13,A01
201200001162,0,07,000,00,2,2,01,A01
201200001162,0,07,000,00,2,3,19,B02
201200001163,0,07,000,02,0,1,14,A01