Num_Acc,senc,catv,occutc,obs,obsm,choc,manv,num_veh
201200002263,0,14,000,00,2,1,01,B02
201200002264,0,33,000,00,0,8,00,A01
201200002265,0,31,000,00,0,1,01,A01
201200002265,0,07,000,00,2,3,15,B02
201200002266,0,07,000,00,2,2,01,A01
201200002266,0,07,000,00,2,8,19,B02
201200002267,0,10,000,00,2,2,19,A01
201200002267,0,14,000,00,2,1,01,B02
201200002268,0,07,000,00,2,3,01,A01
201200002268,0,02,000,00,2,8,15,B02
201200002269,0,30,000,00,2,1,13,A01
201200002269,0,99,000,00,2,1,01,B02
201200002270,0,30,000,13,0,1,01,A01
201200002271,0,07,000,00,2,3,19,A01
201200002271,0,07,000,00,2,3,01,B02
201200002272,0,07,000,00,2,3,01,A01
201200002272,0,01,000,00,2,8,15,B02
201200002273,0,33,000,00,2,3,01,B02
201200002273,0,07,000,00,2,3,13,A01
201200002274,0,07,000,00,0,2,19,A01
201200002274,0,07,000,00,0,3,01,B02
201200002275,0,33,000,00,0,0,01,A01
201200002276,0,38,000,00,2,3,01,A01
201200002276,0,30,000,00,2,3,01,B02
201200002277,0,07,000,02,0,1,00,A01
201200002278,0,07,000,00,1,3,00,A01
201200002279,0,07,000,13,0,2,01,A01
201200002280,0,07,000,09,1,2,24,A01
201200002281,0,07,000,00,2,1,02,A01
201200002281,0,30,000,00,0,4,02,B02
201200002282,0,07,000,00,6,1,01,A01
201200002283,0,07,000,00,2,7,19,A01
201200002283,0,02,000,00,2,1,01,B02
201200002284,0,07,000,00,1,2,01,A01
201200002285,0,07,000,00,1,1,01,A01
201200002286,0,07,000,13,0,1,16,A01
201200002287,0,07,000,13,0,7,13,A01
201200002288,0,33,000,00,9,1,21,A01
201200002288,0,01,000,00,2,8,19,B02
201200002289,0,07,000,00,2,2,13,A01
201200002289,0,30,000,00,2,1,01,B02
201200002290,0,03,000,01,0,2,01,A01
201200002291,0,07,000,13,0,3,01,A01
201200002292,0,99,000,00,2,3,15,A01
201200002292,0,33,000,00,2,2,17,B02
201200002293,0,10,000,00,2,8,01,B02
201200002293,0,07,000,00,2,1,01,A01
201200002294,0,10,000,13,0,2,14,A01
201200002295,0,07,000,13,0,3,01,A01
201200002296,0,07,000,02,0,1,01,A01
201200002297,0,07,000,00,2,3,01,A01
201200002297,0,07,000,00,2,3,13,B02
201200002298,0,31,000,00,2,1,01,B02
201200002298,0,07,000,00,2,5,15,A01
201200002299,0,07,000,00,9,7,06,A01
201200002300,0,30,000,00,2,0,01,A01
201200002301,1,07,000,00,2,2,00,A01
201200002301,0,02,000,00,2,4,01,B02
201200002302,0,33,000,00,0,1,01,A01
201200002303,0,07,000,00,2,1,00,A01
201200002303,0,07,000,00,2,1,00,B02
201200002304,0,31,000,00,2,7,17,A01
201200002304,0,15,000,00,2,8,23,B02
201200002305,0,07,000,00,2,2,01,A01
201200002305,0,01,000,00,2,1,15,B02
201200002306,0,07,000,00,2,3,16,B02
201200002306,0,02,000,00,2,1,01,A01
201200002307,0,07,000,00,2,2,15,A01
201200002307,0,33,000,00,2,1,01,B02
201200002308,0,33,000,00,0,0,01,A01
201200002309,0,33,000,00,2,1,01,A01
201200002309,0,10,000,00,2,6,15,B02
201200002310,0,07,000,00,2,8,01,A01
201200002310,0,38,038,00,2,2,19,B02
201200002311,0,07,000,00,1,8,15,A01
201200002312,0,02,000,13,0,1,01,A01
201200002313,0,07,000,00,2,3,01,B02
201200002313,0,07,000,00,2,3,13,A01
201200002314,0,07,000,00,0,1,14,A01
201200002315,0,07,000,00,2,7,19,A01
201200002315,0,07,000,00,2,1,01,B02
201200002316,0,33,000,13,0,2,01,A01
201200002317,0,33,000,00,0,0,21,A01
201200002318,0,07,000,00,2,1,01,A01
201200002318,0,10,000,00,2,1,21,B02
201200002319,0,10,000,00,2,0,01,B02
201200002319,0,21,000,00,2,6,19,A01
201200002320,0,03,000,02,0,1,01,A01
201200002321,0,33,000,00,2,1,01,B02
201200002321,0,07,000,00,2,5,15,A01
201200002322,0,07,000,00,1,3,01,A01
201200002323,0,13,000,00,0,1,13,A01
201200002324,0,14,000,00,2,1,01,A01
201200002324,0,07,000,00,2,1,01,B02
201200002325,0,33,000,00,2,1,01,B02
201200002325,0,07,000,00,2,3,15,A01
201200002326,0,07,000,00,2,1,01,D04
201200002326,0,07,000,00,2,1,01,A01
201200002326,0,07,000,00,2,7,23,C03
201200002326,0,07,000,00,2,3,01,B02
201200002327,0,07,000,00,1,3,01,A01
201200002328,0,07,000,00,2,3,13,B02
201200002328,0,07,000,00,2,3,00,A01
201200002329,0,01,000,00,2,8,01,B02
201200002329,0,07,000,00,2,2,19,A01
201200002330,0,10,000,02,0,3,14,A01
201200002331,0,07,000,13,0,7,01,A01
201200002332,0,07,000,00,2,1,15,A01
201200002332,0,07,000,00,2,8,17,B02
201200002333,0,07,000,01,0,1,20,A01
201200002333,0,31,000,00,2,7,24,B02
201200002334,0,07,000,00,2,1,01,B02
201200002334,0,01,000,00,2,8,19,A01
201200002335,0,14,000,00,2,6,13,A01
201200002335,0,07,000,00,2,3,01,B02
201200002336,0,07,000,00,2,3,01,A01
201200002336,0,07,000,00,2,3,01,B02
201200002337,0,14,000,00,0,3,01,B02
201200002337,0,07,000,00,0,3,01,C03
201200002337,0,07,000,00,0,1,13,A01
201200002338,0,07,000,00,2,1,01,A01
201200002338,0,07,000,00,2,1,01,B02
201200002339,0,07,000,00,2,1,01,A01
201200002339,0,07,000,00,2,4,01,B02
201200002340,0,07,000,00,2,1,01,B02
201200002340,0,07,000,00,2,1,13,A01
201200002341,0,02,000,00,2,4,01,B02
201200002341,0,07,000,00,2,1,01,A01
201200002342,0,33,000,01,0,1,01,A01
201200002343,0,33,000,13,0,9,01,A01
201200002344,0,21,000,00,2,3,15,B02
201200002344,0,33,000,00,2,1,17,A01
201200002345,0,38,026,00,2,3,01,B02
201200002345,0,07,000,00,2,3,13,A01
201200002346,0,07,000,00,2,2,01,B02
201200002346,0,01,000,00,2,3,01,A01
201200002347,0,07,000,00,2,2,00,B02
201200002347,0,07,000,13,0,1,00,A01
201200002348,0,02,000,00,2,1,17,A01
201200002348,0,07,000,00,2,3,15,B02
201200002349,0,10,000,00,1,2,01,A01
201200002350,0,07,000,02,0,3,01,A01
201200002351,0,02,000,00,0,7,01,A01
201200002352,0,10,000,00,2,8,01,B02
201200002352,0,33,000,00,2,3,01,A01
201200002353,0,07,000,10,0,3,01,A01
201200002354,0,30,000,00,2,1,16,A01
201200002354,0,07,000,00,2,8,01,B02
201200002355,0,10,000,00,1,1,01,A01
201200002356,0,07,000,13,0,3,01,A01
201200002357,0,14,000,00,2,3,01,A01
201200002357,0,10,000,00,2,3,01,B02
201200002358,0,07,000,00,1,3,01,A01
201200002359,0,07,000,00,2,8,01,B02
201200002359,0,07,000,00,2,1,01,A01
201200002360,0,07,000,08,0,8,01,A01
201200002361,0,07,000,00,1,3,16,B02
201200002361,0,07,000,00,2,1,01,A01
201200002362,0,33,000,13,0,1,01,A01
201200002363,0,07,000,00,2,8,13,A01
201200002363,0,14,000,06,2,8,01,B02
201200002364,0,32,000,03,0,3,01,A01
201200002365,0,30,000,00,2,3,01,B02
201200002365,0,07,000,00,2,7,15,A01
201200002366,0,07,000,00,2,3,13,A01
201200002366,0,36,000,00,2,1,00,B02
201200002367,0,07,000,13,0,1,14,A01
201200002368,0,07,000,00,2,1,15,A01
201200002368,0,07,000,00,2,1,01,B02
201200002369,0,33,000,00,2,2,21,B02
201200002369,0,07,000,00,2,1,15,A01
201200002370,0,30,000,07,0,7,01,A01
201200002371,0,07,000,02,0,1,05,A01
201200002372,0,01,000,00,2,8,01,B02
201200002372,0,01,000,00,2,4,01,D04
201200002372,0,01,000,00,2,4,01,C03
201200002372,0,07,000,00,2,8,01,A01
201200002373,0,03,000,00,1,1,01,A01
201200002374,0,33,000,00,2,1,01,B02
201200002374,0,07,000,00,2,2,15,A01
201200002375,0,07,000,00,1,3,15,A01
201200002376,0,07,000,00,1,2,01,A01
201200002377,1,07,000,00,1,1,01,A01
201200002378,0,07,000,00,2,3,13,A01
201200002378,0,07,000,00,2,3,01,B02
201200002379,0,14,000,00,2,1,01,B02
201200002379,0,07,000,00,2,1,13,A01
201200002380,0,30,000,00,2,3,13,A01
201200002380,0,10,000,00,2,3,01,B02
201200002381,0,10,000,00,0,1,01,B02
201200002381,0,30,000,14,0,1,13,A01
201200002382,0,02,000,00,2,1,13,A01
201200002382,0,10,000,00,2,2,01,B02
201200002383,0,10,000,00,2,1,01,B02
201200002383,0,21,000,00,2,1,01,A01
201200002384,0,07,000,08,0,1,13,A01
201200002385,0,10,000,00,2,3,01,C03
201200002385,0,10,000,00,2,3,17,A01
201200002385,0,33,000,00,2,3,01,B02
201200002386,0,07,000,02,0,6,13,A01
201200002387,0,14,000,00,2,1,01,B02
201200002387,0,30,000,00,2,1,01,A01
201200002388,0,30,000,00,0,4,02,B02
201200002388,0,07,000,00,2,1,02,A01
201200002389,0,07,000,00,2,3,15,A01
201200002389,0,33,000,00,2,1,01,B02
201200002390,0,33,000,00,2,3,17,A01
201200002390,0,07,000,00,2,3,01,C03
201200002390,0,07,000,00,2,8,02,B02
201200002391,0,30,000,00,0,3,01,A01
201200002392,0,07,000,00,2,1,13,A01
201200002392,0,07,000,00,2,3,01,B02
201200002393,0,33,000,13,0,8,13,A01
201200002394,0,07,000,06,0,4,01,A01
201200002395,0,30,000,00,2,1,01,B02
201200002395,0,07,000,00,2,2,17,A01
201200002396,0,07,000,00,2,7,01,C03
201200002396,0,07,000,00,2,3,01,A01
201200002396,0,07,000,00,2,3,01,B02
201200002397,0,07,000,02,0,9,01,A01
201200002398,0,07,000,00,2,2,17,B02
201200002398,0,07,000,00,2,3,13,A01
201200002399,0,10,000,00,2,1,01,B02
201200002399,0,07,000,00,2,1,13,A01
201200002400,0,07,000,00,5,1,01,A01
201200002401,0,21,000,00,2,1,15,A01
201200002401,0,07,000,00,2,8,01,B02
201200002402,0,02,000,00,2,3,01,B02
201200002402,0,07,000,00,2,2,19,A01
201200002403,0,33,000,11,0,2,02,A01
201200002404,0,10,000,00,2,8,01,B02
201200002404,0,01,000,00,2,3,13,A01
201200002405,0,30,000,00,2,1,15,A01
201200002405,0,07,000,00,2,3,01,B02
201200002406,0,30,000,00,2,7,01,A01
201200002406,0,07,000,00,2,1,19,B02
201200002407,0,07,000,00,2,2,05,A01
201200002407,0,07,000,00,2,3,01,B02
201200002408,0,10,000,06,0,2,01,A01
201200002409,0,07,000,00,2,7,01,A01
201200002409,0,07,000,00,2,2,15,B02
201200002410,0,07,000,00,0,1,01,B02
201200002410,0,10,000,00,0,7,19,A01
201200002411,0,07,000,00,2,3,15,A01
201200002411,0,07,000,00,2,1,01,B02
201200002412,0,30,000,00,0,1,01,B02
201200002412,0,07,000,00,2,3,13,A01
201200002413,0,01,000,00,2,4,01,A01
201200002413,0,03,000,00,9,1,01,B02
201200002414,0,07,000,00,2,1,21,A01
201200002414,0,02,000,00,2,1,13,B02
201200002415,0,07,000,00,2,1,01,B02
201200002415,0,07,000,00,2,1,13,A01
201200002416,0,07,000,00,2,4,17,A01
201200002416,0,17,000,00,2,1,01,C03
201200002416,0,07,000,00,2,1,01,B02
201200002417,0,07,000,00,2,3,00,A01
201200002417,0,01,000,00,2,1,00,B02
201200002418,0,02,000,00,0,0,01,A01
201200002419,0,07,000,00,2,5,23,A01
201200002419,0,30,000,01,2,1,02,B02
201200002420,0,07,000,06,0,1,02,A01
201200002421,0,07,000,00,2,3,01,B02
201200002421,0,07,000,00,2,3,01,A01
201200002422,0,07,000,00,1,2,01,A01
201200002423,0,07,000,03,2,1,01,B02
201200002423,0,07,000,00,2,1,13,A01
201200002424,0,07,000,00,2,3,01,B02
201200002424,0,02,000,00,2,3,13,A01
201200002425,0,07,000,14,0,2,01,B02
201200002425,0,10,000,00,2,2,23,A01
201200002426,0,07,000,00,2,5,01,B02
201200002426,0,30,000,00,2,1,19,A01
201200002427,0,07,000,13,0,3,01,A01
201200002428,0,07,000,06,1,1,01,A01
201200002429,0,07,000,00,0,7,15,A01
201200002429,0,07,000,00,0,1,01,B02
201200002430,0,14,000,05,2,1,01,A01
201200002430,0,07,000,00,2,1,01,B02
201200002431,0,07,000,00,2,3,01,B02
201200002431,0,10,000,00,2,3,13,A01
201200002432,0,07,000,08,0,8,01,A01
201200002433,0,01,000,00,2,1,01,B02
201200002433,0,07,000,00,9,2,01,A01
201200002434,0,30,000,02,0,1,01,A01
201200002435,0,07,000,00,2,2,01,B02
201200002435,0,10,000,00,2,2,13,A01
201200002436,0,07,000,00,2,1,01,A01
201200002436,0,07,000,00,2,1,15,B02
201200002437,0,07,000,13,0,3,01,A01
201200002438,0,07,000,00,2,1,13,B02
201200002438,0,07,000,00,2,1,13,A01
201200002439,0,07,000,00,2,3,13,A01
201200002439,0,07,000,00,2,8,02,C03
201200002439,0,07,000,00,2,3,05,B02
201200002440,0,07,000,00,2,2,01,A01
201200002440,0,02,000,00,2,9,19,B02
201200002441,0,30,000,06,0,2,14,A01
201200002442,0,02,000,00,2,1,13,A01
201200002442,0,07,000,00,2,3,01,B02
201200002443,0,07,000,00,2,1,13,A01
201200002443,0,07,000,00,2,1,01,B02
201200002444,0,07,000,00,2,3,01,B02
201200002444,0,07,000,00,2,3,17,A01
201200002445,0,07,000,00,1,2,15,A01
201200002446,0,10,000,06,0,1,01,A01
201200002447,0,07,000,00,2,1,17,A01
201200002447,0,07,000,00,2,1,01,B02
201200002448,0,07,000,08,0,0,01,A01
201200002449,0,07,000,00,2,2,01,B02
201200002449,0,07,000,02,2,3,13,A01
201200002450,0,15,000,00,2,3,01,A01
201200002450,0,07,000,00,2,1,17,B02
201200002451,0,07,000,00,2,1,05,A01
201200002451,0,15,000,00,2,1,00,B02
201200002452,0,07,000,16,0,9,01,A01
201200002453,0,10,000,06,0,1,01,A01
201200002454,0,14,000,00,2,2,01,B02
201200002454,0,07,000,13,2,1,01,A01
201200002455,0,38,010,00,0,4,23,B02
201200002455,0,07,000,01,0,1,01,A01
201200002456,0,13,000,00,2,2,02,A01
201200002456,0,07,000,16,2,6,02,B02
201200002457,0,07,000,00,2,3,15,A01
201200002457,0,33,000,00,2,1,01,B02
201200002458,0,07,000,08,0,1,01,A01
201200002459,0,21,000,00,0,0,01,A01
201200002460,0,07,000,00,1,2,01,A01
201200002461,0,15,000,00,2,2,01,B02
201200002461,0,07,000,00,2,2,13,A01
201200002462,0,03,000,13,0,3,01,A01
201200002463,0,07,000,00,1,4,04,A01
201200002464,0,33,000,13,0,1,01,A01
201200002465,0,07,000,00,2,3,00,B02
201200002465,0,14,000,00,2,3,17,A01
201200002466,0,07,000,00,0,1,13,A01
201200002467,0,01,000,00,0,0,01,B02
201200002467,0,07,000,00,0,0,09,A01
201200002468,0,07,000,00,2,1,13,A01
201200002468,0,07,000,00,2,3,01,B02
201200002469,0,30,000,10,0,1,00,A01
201200002470,0,07,000,02,0,2,17,A01
201200002471,0,02,000,01,0,1,01,A01
201200002472,0,07,000,13,0,9,01,A01
201200002473,0,07,000,00,2,3,16,A01
201200002473,0,01,000,00,2,1,00,B02
201200002474,0,07,000,00,0,3,15,B02
201200002474,0,07,000,00,0,3,01,A01
201200002475,0,10,000,00,2,2,13,A01
201200002475,0,07,000,00,2,2,13,B02
201200002476,0,21,000,00,2,1,01,B02
201200002476,0,07,000,00,2,1,13,A01
201200002477,0,10,000,00,2,1,01,B02
201200002477,0,07,000,00,2,1,13,A01
201200002478,0,01,000,00,2,4,02,B02
201200002478,0,07,000,00,2,2,17,A01
201200002479,0,01,000,00,2,1,01,B02
201200002479,0,07,000,00,2,3,01,A01
201200002480,0,07,000,00,2,1,01,A01
201200002480,0,07,000,00,2,1,01,C03
201200002480,0,07,000,00,2,4,01,B02
201200002481,0,15,000,00,0,8,01,A01
201200002482,0,30,000,00,2,1,05,A01
201200002482,0,07,000,00,2,1,01,B02
201200002483,0,07,000,13,0,1,17,A01
201200002484,0,07,000,00,2,3,01,B02
201200002484,0,30,000,00,2,1,13,A01
201200002485,0,30,000,13,0,1,01,A01
201200002486,0,07,000,00,1,2,14,A01
201200002487,0,07,000,06,0,1,01,A01
201200002488,0,07,000,06,0,1,01,A01
201200002489,0,01,000,00,2,1,13,A01
201200002489,0,07,000,00,2,3,01,B02
201200002490,0,07,000,00,2,2,01,B02
201200002490,0,02,000,00,2,1,01,A01
201200002491,0,33,000,00,2,1,01,B02
201200002491,0,07,000,00,2,2,15,A01
201200002492,0,07,000,00,2,1,01,B02
201200002492,0,07,000,00,2,3,15,A01
201200002493,0,30,000,01,0,1,01,A01
201200002493,0,10,000,00,0,1,00,B02
201200002494,0,33,000,00,2,7,01,B02
201200002494,0,07,000,00,2,1,19,A01
201200002495,0,07,000,00,1,1,01,A01
201200002496,0,07,000,00,2,3,11,A01
201200002496,0,01,000,00,2,1,00,B02
201200002497,0,07,000,00,2,1,01,A01
201200002497,0,10,000,00,0,1,01,B02
201200002498,0,33,000,00,0,1,17,A01
201200002499,0,07,000,00,0,8,13,A01
201200002499,0,01,000,00,2,1,01,B02
201200002500,0,07,000,02,0,2,14,A01
201200002501,0,10,000,00,2,1,01,B02
201200002501,0,07,000,00,2,1,13,A01
201200002502,0,10,000,00,2,3,01,B02
201200002502,0,07,000,00,2,2,01,A01
201200002503,0,07,000,15,0,1,01,A01
201200002504,0,10,000,00,2,3,01,B02
201200002504,0,02,000,00,2,1,13,A01
201200002505,0,07,000,00,2,1,01,C03
201200002505,0,07,000,00,2,5,01,B02
201200002505,0,07,000,00,2,1,19,A01
201200002506,0,07,000,00,2,1,01,B02
201200002506,0,30,000,00,2,1,17,A01
201200002507,0,07,000,09,0,7,01,A01
201200002508,0,07,000,00,2,6,01,A01
201200002508,0,07,000,00,2,3,13,B02
201200002509,0,10,000,06,0,1,01,A01
201200002510,0,33,000,00,2,1,01,B02
201200002510,0,10,000,00,2,2,15,A01
201200002511,0,07,000,00,2,5,19,A01
201200002511,0,33,000,00,2,1,01,B02
201200002512,0,07,000,00,5,1,01,A01
201200002513,0,07,000,06,0,1,01,A01
201200002514,0,07,000,00,2,7,15,A01
201200002514,0,02,000,00,2,1,01,B02
201200002515,0,07,000,00,1,2,01,A01
201200002516,0,07,000,00,5,7,01,A01
201200002517,0,07,000,13,2,5,19,A01
201200002517,0,07,000,13,2,1,01,B02
201200002518,0,07,000,00,9,1,15,B02
201200002518,0,01,000,00,2,7,01,A01
201200002519,0,07,000,00,2,3,01,A01
201200002519,0,07,000,00,2,3,01,B02
201200002520,0,07,000,16,0,9,14,A01
201200002521,0,07,000,13,0,2,02,A01
201200002522,0,07,000,02,0,1,01,A01
201200002523,0,07,000,00,2,3,01,B02
201200002523,0,07,000,00,2,3,13,A01
201200002524,0,07,000,00,2,1,01,B02
201200002524,0,07,000,00,2,7,13,A01
201200002525,0,07,000,02,0,3,13,A01
201200002526,0,01,000,00,0,5,13,B02
201200002526,0,07,000,00,0,3,01,A01
201200002527,0,33,000,13,0,1,01,A01
201200002528,0,07,000,00,2,3,13,B02
201200002528,0,07,000,00,2,3,01,A01
201200002529,0,07,000,08,0,7,13,A01
201200002530,0,33,000,00,2,1,01,A01
201200002530,0,10,000,00,0,6,01,B02
201200002531,0,32,000,00,2,1,01,B02
201200002531,0,07,000,00,2,1,00,A01
201200002532,0,07,000,00,1,1,15,A01
201200002533,0,01,000,00,2,7,01,B02
201200002533,0,07,000,00,2,8,09,A01
201200002534,0,33,000,00,2,8,01,B02
201200002534,0,07,000,00,2,3,19,A01
201200002535,0,07,000,00,2,2,01,A01
201200002535,0,01,000,00,2,1,19,B02
201200002536,0,07,000,00,9,2,17,A01
201200002536,0,01,000,00,2,4,01,B02
201200002537,0,07,000,00,0,2,15,A01
201200002537,0,10,000,00,2,3,01,B02
201200002538,0,36,000,06,0,2,01,A01
201200002539,0,07,000,13,0,1,13,A01
201200002540,0,02,000,00,2,6,02,B02
201200002540,0,07,000,00,2,2,02,A01
201200002541,0,07,000,00,2,3,01,A01
201200002541,0,07,000,00,2,3,13,B02
201200002542,0,10,000,00,2,3,13,A01
201200002542,0,10,000,00,2,3,01,B02
201200002543,0,07,000,00,2,3,01,B02
201200002543,0,07,000,00,2,1,13,A01
201200002544,0,07,000,06,0,4,04,A01
201200002545,0,31,000,06,0,2,01,A01
201200002546,0,07,000,00,0,3,15,A01
201200002546,0,31,000,00,0,1,00,B02
201200002546,0,31,000,00,0,1,00,C03
201200002547,0,17,000,00,0,6,16,A01
201200002547,0,33,000,00,2,1,02,B02
201200002548,0,33,000,00,2,9,01,B02
201200002548,0,07,000,00,2,5,15,A01
201200002548,0,10,000,00,2,3,23,C03
201200002549,0,07,000,00,2,5,16,A01
201200002549,0,01,000,00,2,1,01,B02
201200002550,0,07,000,00,2,1,01,B02
201200002550,0,07,000,00,2,7,19,A01
201200002551,0,30,000,15,0,1,01,A01
201200002552,0,07,000,00,2,1,01,A01
201200002552,0,07,000,08,2,2,01,B02
201200002553,0,33,000,00,2,1,01,A01
201200002553,0,07,000,00,2,1,01,B02
201200002554,0,33,000,12,0,1,01,A01
201200002555,0,07,000,00,0,1,06,A01
201200002556,0,33,000,00,2,3,01,B02
201200002556,0,31,000,00,2,3,13,A01
201200002557,0,33,000,00,0,4,01,A01
201200002557,0,33,000,00,2,1,02,B02
201200002558,0,33,000,02,0,1,02,A01
201200002559,0,07,000,00,2,7,01,A01
201200002559,0,07,000,00,2,1,01,B02
201200002560,0,07,000,00,0,1,10,B02
201200002560,0,33,000,00,2,1,21,A01
201200002561,0,10,000,00,2,1,17,A01
201200002561,0,33,000,00,2,1,01,B02
201200002562,0,07,000,00,2,8,01,B02
201200002562,0,30,000,00,2,8,13,A01
201200002563,0,33,000,00,2,1,01,A01
201200002563,0,10,000,00,2,5,15,B02
201200002564,0,07,000,00,2,1,01,A01
201200002564,0,07,000,00,2,1,13,B02
201200002565,0,07,000,00,2,8,01,B02
201200002565,0,07,000,00,2,3,13,A01
201200002566,0,33,000,00,2,1,01,A01
201200002566,1,10,000,00,2,8,19,B02
201200002567,0,07,000,00,2,1,13,A01
201200002567,0,07,000,00,2,1,01,B02
201200002568,0,02,000,00,0,1,05,A01
201200002568,0,07,000,00,0,3,01,B02
201200002569,0,07,000,00,2,1,13,A01
201200002569,0,07,000,00,2,1,01,B02
201200002570,0,07,000,00,2,3,15,B02
201200002570,0,30,000,00,2,1,03,A01
201200002571,0,31,000,00,2,8,01,A01
201200002571,0,07,000,00,2,8,15,B02
201200002572,0,07,000,02,0,1,01,A01
201200002573,0,10,000,00,2,2,15,A01
201200002573,0,31,000,00,2,1,01,B02
201200002574,0,31,000,00,2,3,01,B02
201200002574,0,07,000,00,2,3,15,A01
201200002575,0,07,000,00,0,1,01,A01
201200002576,0,07,000,02,0,1,01,A01
201200002577,0,14,000,00,2,7,17,A01
201200002577,0,01,000,00,2,8,01,B02
201200002578,0,07,000,00,2,1,01,B02
201200002578,0,07,000,00,2,1,01,A01
201200002579,0,07,000,00,2,3,15,A01
201200002579,0,33,000,00,2,1,01,B02
201200002580,0,07,000,00,2,8,15,B02
201200002580,0,33,000,00,2,1,17,A01
201200002581,0,10,000,00,2,1,01,B02
201200002581,0,07,000,00,2,3,15,A01
201200002582,0,33,000,16,0,1,01,A01
201200002583,0,10,000,00,1,2,01,A01
201200002584,0,07,000,00,1,2,16,A01
201200002585,0,07,000,00,1,2,17,A01
201200002586,0,33,000,00,2,0,02,A01
201200002587,0,33,000,06,0,2,01,A01
201200002588,0,07,000,00,2,3,13,A01
201200002588,0,07,000,00,2,3,01,B02
201200002588,0,07,000,00,2,3,01,C03
201200002589,0,32,000,00,0,8,01,A01
201200002590,0,01,000,00,0,4,01,B02
201200002590,0,07,000,00,9,1,02,A01
201200002590,0,01,000,00,0,4,01,C03
201200002590,0,01,000,00,0,4,00,D04
201200002591,0,07,000,00,9,8,01,A01
201200002591,0,30,000,00,2,1,19,B02
201200002592,0,33,000,00,2,1,01,A01
201200002592,0,07,000,00,2,7,15,B02
201200002593,0,07,000,00,2,2,20,A01
201200002593,0,01,000,00,2,1,01,B02
201200002594,0,07,000,00,2,3,15,A01
201200002594,0,30,000,00,2,1,01,B02
201200002595,0,33,000,00,2,1,01,B02
201200002595,0,07,000,00,2,8,10,A01
201200002596,0,07,000,00,2,7,15,A01
201200002596,0,07,000,00,2,1,01,C03
201200002596,0,02,000,00,2,1,01,B02
201200002597,0,07,000,00,2,1,03,A01
201200002597,0,07,000,00,2,1,03,B02
201200002598,0,33,000,00,0,0,01,A01
201200002599,0,02,000,00,2,1,19,A01
201200002599,0,10,000,00,2,3,01,B02
201200002600,0,07,000,00,2,1,17,A01
201200002600,0,07,000,00,2,4,02,B02
201200002600,0,10,000,00,2,1,01,C03
201200002601,0,03,000,00,2,3,01,B02
201200002601,0,07,000,00,2,3,13,A01
201200002602,0,33,000,00,1,1,00,A01
201200002603,0,33,000,00,2,1,01,B02
201200002603,0,07,000,00,0,4,15,A01
201200002604,0,07,000,00,9,2,17,A01
201200002604,0,01,000,00,2,4,13,B02
201200002605,0,07,000,00,2,3,16,A01
201200002605,0,14,000,00,2,2,01,B02
201200002606,0,10,000,13,0,1,01,A01
201200002607,0,02,000,00,5,1,01,A01
201200002608,0,07,000,08,0,4,01,A01
201200002609,0,01,000,00,0,1,17,A01
201200002609,0,03,000,00,0,6,15,B02
201200002610,0,07,000,08,0,8,01,A01
201200002611,0,02,000,00,2,1,21,B02
201200002611,0,07,000,00,2,3,14,A01
201200002612,0,07,000,13,0,1,01,A01
201200002613,0,07,000,00,2,7,00,B02
201200002614,0,07,000,08,0,1,02,A01
201200002615,0,07,000,02,0,1,01,A01
201200002616,0,30,000,11,0,1,06,A01
201200002617,0,33,000,00,2,1,17,A01
201200002617,0,10,000,00,2,8,15,B02
201200002618,0,33,000,03,0,6,01,A01
201200002619,0,07,000,00,0,2,01,A01
201200002620,0,07,000,00,2,1,15,A01
201200002620,0,10,000,00,2,3,01,B02
201200002621,0,37,000,00,1,1,01,A01
201200002622,0,07,000,00,2,7,15,A01
201200002622,0,01,000,00,2,1,01,B02
201200002623,0,30,000,01,2,7,17,A01
201200002623,0,07,000,00,2,8,15,B02
201200002624,0,17,000,00,2,8,13,A01
201200002624,0,17,000,00,2,1,01,B02
201200002625,0,17,000,00,0,0,01,A01
201200002626,0,07,000,00,1,2,01,A01
201200002627,0,07,000,00,2,4,23,C03
201200002627,1,10,000,00,2,4,02,A01
201200002627,0,07,000,00,2,4,02,B02
201200002628,0,07,000,00,2,3,13,A01
201200002628,0,07,000,00,2,3,01,B02
201200002629,0,07,000,00,2,3,02,A01
201200002629,0,07,000,00,0,5,02,B02
201200002630,0,07,000,00,1,1,15,A01
201200002631,0,07,000,06,0,1,13,A01
201200002632,0,07,000,00,2,3,01,B02
201200002632,0,07,000,00,2,3,13,A01
201200002633,0,07,000,00,9,1,23,A01
201200002633,0,30,000,00,2,0,01,B02
201200002634,0,02,000,00,2,1,17,A01
201200002634,0,07,000,00,2,3,15,B02
201200002635,0,02,000,00,0,7,21,A01
201200002636,0,07,000,00,2,6,02,C03
201200002636,0,07,000,00,2,1,13,A01
201200002636,0,07,000,00,2,1,02,B02
201200002637,0,30,000,08,0,1,01,A01
201200002638,0,07,000,02,0,1,01,A01
201200002639,0,07,000,08,0,3,13,A01
201200002640,0,33,000,00,2,1,01,B02
201200002640,0,10,000,00,2,2,15,A01
201200002641,0,07,000,06,0,7,01,A01
201200002642,0,07,000,00,9,1,02,B02
201200002642,0,01,000,00,2,1,16,A01
201200002643,0,07,000,00,1,1,01,A01
201200002644,0,07,000,00,2,1,21,B02