Num_Acc,senc,catv,occutc,obs,obsm,choc,manv,num_veh
201200002644,0,07,000,00,2,3,19,A01
201200002645,0,33,000,00,2,1,01,A01
201200002645,0,07,000,00,9,6,06,B02
201200002646,0,14,000,02,0,7,01,A01
201200002647,0,30,000,00,2,1,16,A01
201200002647,0,07,000,00,2,3,01,B02
201200002648,0,31,000,00,0,7,01,A01
201200002649,0,07,000,00,2,7,13,A01
201200002649,0,07,000,00,2,1,01,B02
201200002650,0,07,000,00,2,7,15,B02
201200002650,0,33,000,00,2,1,01,A01
201200002651,0,33,000,00,2,1,17,A01
201200002651,0,07,000,00,2,8,15,B02
201200002652,0,07,000,00,2,1,13,A01
201200002652,0,07,000,00,2,1,01,B02
201200002653,0,07,000,00,2,1,01,A01
201200002653,0,38,000,00,2,3,01,B02
201200002654,0,07,000,00,2,3,01,B02
201200002654,0,07,000,00,2,3,13,A01
201200002655,0,07,000,00,2,7,19,A01
201200002655,0,07,000,00,2,3,23,C03
201200002655,0,07,000,00,2,1,01,B02
201200002656,0,33,000,00,2,1,01,A01
201200002656,0,07,000,00,2,3,19,B02
201200002657,0,07,000,00,2,1,01,B02
201200002657,0,07,000,00,2,1,13,A01
201200002658,0,07,000,00,0,2,19,A01
201200002658,0,02,000,00,0,1,01,B02
201200002659,0,30,000,00,2,4,15,B02
201200002660,0,32,000,00,2,1,13,A01
201200002660,0,07,000,00,2,3,01,B02
201200002661,0,10,000,00,2,7,15,A01
201200002661,0,31,000,00,2,1,01,B02
201200002662,0,07,000,00,2,3,10,A01
201200002662,0,30,000,00,2,1,01,B02
201200002663,0,07,000,00,1,1,01,A01
201200002664,0,07,000,00,2,1,01,B02
201200002664,0,07,000,00,2,1,13,A01
201200002665,0,07,000,00,2,7,17,A01
201200002665,0,30,000,00,2,8,01,B02
201200002666,0,07,000,00,2,1,02,A01
201200002666,0,01,000,00,2,4,01,B02
201200002667,0,07,000,00,2,3,10,A01
201200002667,0,33,000,00,2,1,01,B02
201200002668,0,07,000,00,1,2,01,A01
201200002669,0,07,000,00,2,2,01,B02
201200002669,0,07,000,00,2,3,01,A01
201200002670,0,07,000,00,2,1,01,B02
201200002670,0,07,000,00,2,1,17,A01
201200002671,0,07,000,12,0,1,01,A01
201200002672,0,33,000,00,2,8,21,A01
201200002673,0,07,000,00,2,2,17,A01
201200002673,0,07,000,00,2,8,15,B02
201200002674,0,07,000,02,0,1,14,A01
201200002675,0,07,000,00,1,1,01,A01
201200002676,0,33,000,06,0,1,01,A01
201200002677,0,33,000,00,2,1,21,A01
201200002677,0,07,000,00,0,3,10,B02
201200002678,0,07,000,00,2,3,01,A01
201200002678,0,07,000,00,2,2,13,B02
201200002679,0,31,000,13,0,8,14,A01
201200002679,0,10,000,00,2,1,01,B02
201200002680,0,07,000,00,2,3,13,A01
201200002680,0,07,000,00,2,2,01,B02
201200002681,0,07,000,00,2,3,15,A01
201200002681,0,33,000,00,2,1,17,B02
201200002682,0,07,000,03,0,4,01,A01
201200002682,0,07,000,03,2,1,02,B02
201200002683,0,07,000,00,2,1,19,B02
201200002683,0,07,000,00,2,3,01,A01
201200002684,0,07,000,00,2,1,13,A01
201200002684,0,07,000,00,2,1,01,B02
201200002685,0,07,000,00,0,9,01,A01
201200002686,0,07,000,00,2,2,00,A01
201200002686,0,33,000,00,2,1,01,B02
201200002687,0,30,000,00,2,1,13,B02
201200002687,0,07,000,00,0,1,01,A01
201200002688,0,07,000,00,2,3,13,A01
201200002688,0,07,000,00,2,3,01,B02
201200002689,0,07,000,00,2,3,01,B02
201200002689,0,07,000,00,2,3,13,A01
201200002690,0,07,000,00,9,8,00,A01
201200002691,0,07,000,00,1,2,01,A01
201200002692,0,07,000,00,2,1,02,A01
201200002692,0,30,000,00,2,4,02,B02
201200002693,0,07,000,00,2,6,01,B02
201200002693,0,07,000,00,2,1,01,D04
201200002693,0,07,000,00,2,1,13,A01
201200002693,0,07,000,00,2,6,01,C03
201200002694,0,03,000,00,1,4,20,A01
201200002695,0,07,000,00,2,1,01,B02
201200002695,0,07,000,00,2,7,13,A01
201200002695,0,07,000,00,9,1,01,C03
201200002696,0,07,000,14,0,3,01,A01
201200002697,0,07,000,00,2,2,01,A01
201200002697,0,01,000,00,2,4,01,B02
201200002698,0,07,000,04,0,1,02,A01
201200002699,0,07,000,00,0,2,00,A01
201200002700,0,13,000,15,0,3,01,A01
201200002701,0,33,000,00,2,1,01,A01
201200002701,0,07,000,00,2,8,15,B02
201200002702,0,02,000,00,2,1,01,B02
201200002702,0,10,000,00,2,7,01,A01
201200002703,0,33,000,13,0,8,15,A01
201200002704,0,07,000,06,0,1,01,A01
201200002705,0,33,000,13,0,1,01,A01
201200002706,0,07,000,00,2,3,13,A01
201200002706,0,07,000,00,2,3,01,B02
201200002707,0,07,000,00,2,3,01,A01
201200002707,0,31,000,00,2,1,13,B02
201200002708,0,07,000,00,2,4,02,B02
201200002708,0,07,000,00,2,1,02,A01
201200002709,0,07,000,00,2,5,01,B02
201200002709,0,02,000,00,1,1,02,A01
201200002710,0,33,000,11,0,1,06,A01
201200002711,0,33,000,00,2,1,17,A01
201200002711,0,07,000,07,2,1,02,B02
201200002712,0,99,000,00,0,0,01,C03
201200002712,0,07,000,00,2,1,01,A01
201200002712,0,15,000,00,2,1,01,B02
201200002713,0,10,000,13,0,1,01,A01
201200002714,0,33,000,00,0,1,01,A01
201200002715,0,07,000,00,2,7,01,A01
201200002715,0,07,000,00,2,1,01,B02
201200002716,0,02,000,13,0,1,13,A01
201200002717,0,07,000,13,0,9,01,A01
201200002718,0,31,000,00,0,0,01,A01
201200002719,0,07,000,00,1,1,01,A01
201200002720,0,07,000,13,0,9,01,A01
201200002721,0,10,000,02,0,2,01,A01
201200002722,0,33,000,13,0,3,01,A01
201200002723,0,37,000,00,2,7,10,A01
201200002723,0,07,000,00,2,7,10,B02
201200002724,0,07,000,00,2,1,19,A01
201200002724,0,07,000,00,2,2,01,B02
201200002725,0,07,000,00,2,4,15,A01
201200002725,0,02,000,00,2,1,01,B02
201200002726,0,10,000,00,2,2,15,A01
201200002726,0,33,000,00,2,1,01,B02
201200002727,0,10,000,00,2,1,01,A01
201200002727,0,07,000,00,2,3,01,B02
201200002728,0,07,000,00,0,3,01,A01
201200002728,0,07,000,00,0,3,01,B02
201200002729,0,07,000,00,2,3,13,A01
201200002729,0,07,000,00,2,3,21,B02
201200002730,0,07,000,02,0,7,01,A01
201200002731,0,07,000,00,0,9,01,A01
201200002732,0,07,000,00,2,7,00,C03
201200002732,0,07,000,00,2,3,13,A01
201200002732,0,07,000,00,2,8,01,B02
201200002733,0,07,000,00,2,1,21,A01
201200002733,0,32,000,00,2,1,05,B02
201200002734,0,07,000,13,0,9,01,A01
201200002735,0,33,000,00,2,7,05,A01
201200002735,0,10,000,00,2,8,10,B02
201200002736,0,07,000,00,2,1,02,C03
201200002736,0,07,000,00,2,2,01,B02
201200002736,0,07,000,00,2,3,01,A01
201200002737,0,33,000,00,2,7,01,A01
201200002737,0,07,000,00,2,1,19,B02
201200002738,0,07,000,08,0,3,01,A01
201200002739,0,07,000,00,2,3,15,B02
201200002739,0,33,000,00,2,1,17,A01
201200002740,0,02,000,00,2,3,01,A01
201200002740,0,33,000,00,2,3,11,B02
201200002741,0,17,000,00,2,8,01,B02
201200002741,0,03,000,00,2,1,17,A01
201200002741,0,07,000,00,2,3,15,C03
201200002742,0,10,000,00,2,5,15,A01
201200002742,0,31,000,00,2,1,01,B02
201200002743,0,07,000,02,0,8,13,A01
201200002744,0,10,000,00,2,5,09,A01
201200002744,0,33,000,00,2,1,01,B02
201200002745,0,07,000,13,0,9,01,A01
201200002746,0,10,000,00,2,3,09,C03
201200002746,0,07,000,00,2,7,19,A01
201200002746,0,33,000,00,2,1,01,B02
201200002747,0,07,000,00,2,1,19,A01
201200002747,0,33,000,00,2,8,01,B02
201200002748,0,07,000,00,2,8,19,B02
201200002748,0,33,000,00,2,1,01,A01
201200002749,0,07,000,06,0,1,13,A01
201200002750,0,10,000,02,0,1,01,A01
201200002751,0,10,000,00,1,2,01,A01
201200002752,0,10,000,03,2,4,02,A01
201200002752,0,33,000,14,2,1,02,B02
201200002753,0,07,000,00,1,1,01,A01
201200002754,0,07,000,00,2,3,13,A01
201200002754,0,10,000,00,2,6,01,E05
201200002754,0,33,000,00,2,3,01,B02
201200002754,0,07,000,00,2,1,01,C03
201200002754,0,07,000,00,2,6,01,D04
201200002755,0,30,000,00,2,1,13,A01
201200002755,0,07,000,00,2,3,01,B02
201200002755,0,10,000,00,2,3,01,C03
201200002756,0,07,000,00,2,2,02,B02
201200002756,0,01,000,00,0,6,01,A01
201200002757,0,07,000,06,0,7,01,A01
201200002758,0,10,000,00,2,3,01,B02
201200002758,0,07,000,00,2,2,01,A01
201200002759,0,07,000,06,0,1,17,A01
201200002760,0,10,000,00,1,2,09,A01
201200002761,0,33,000,00,2,1,02,A01
201200002761,0,07,000,00,0,2,02,B02
201200002762,0,07,000,00,2,8,01,B02
201200002762,0,07,000,00,0,7,15,A01
201200002762,0,34,000,00,2,1,01,C03
201200002763,0,07,000,00,2,3,17,A01
201200002763,0,07,000,00,2,3,01,B02
201200002764,0,07,000,13,0,2,14,A01
201200002765,0,07,000,00,2,7,05,A01
201200002765,0,14,000,00,2,1,01,B02
201200002766,0,07,000,00,2,1,01,B02
201200002766,0,02,000,00,2,1,05,A01
201200002767,0,07,000,00,2,1,00,B02
201200002767,0,07,000,00,2,4,00,A01
201200002768,0,33,000,00,2,1,01,B02
201200002768,0,10,000,00,2,2,15,A01
201200002769,0,07,000,00,2,8,19,A01
201200002769,0,31,000,00,2,1,01,B02
201200002770,0,07,000,00,2,2,06,A01
201200002770,0,07,000,00,2,2,01,B02
201200002771,0,07,000,00,2,1,01,B02
201200002771,0,07,000,00,2,1,05,A01
201200002772,0,07,000,00,2,3,01,B02
201200002772,0,07,000,00,2,3,13,A01
201200002773,0,07,000,00,2,7,01,A01
201200002773,0,30,000,00,2,1,19,B02
201200002774,0,01,000,00,5,1,01,A01
201200002775,0,10,000,00,2,8,01,A01
201200002775,0,02,000,00,2,1,01,B02
201200002776,0,07,000,00,2,1,01,B02
201200002776,0,07,000,00,2,3,01,A01
201200002777,0,07,000,06,0,1,13,A01
201200002778,0,07,000,00,2,1,01,B02
201200002778,0,07,000,00,2,7,01,C03
201200002778,0,07,000,00,2,1,19,A01
201200002779,0,30,000,00,2,1,01,B02
201200002779,0,10,000,00,2,7,19,A01
201200002780,0,07,000,06,0,1,01,A01
201200002781,0,07,000,02,0,8,01,A01
201200002781,0,07,000,13,0,1,21,B02
201200002782,0,07,000,00,2,1,05,A01
201200002782,0,07,000,00,2,1,01,B02
201200002783,0,07,000,00,1,2,02,A01
201200002784,0,07,000,08,0,1,01,A01
201200002785,0,07,000,06,0,1,01,A01
201200002786,0,07,000,00,2,1,15,A01
201200002786,0,33,000,00,2,1,01,B02
201200002787,0,07,000,00,1,2,01,A01
201200002788,0,07,000,00,2,1,01,B02
201200002788,0,07,000,00,2,1,13,A01
201200002789,0,30,000,00,0,0,00,A01
201200002790,0,30,000,00,1,1,01,A01
201200002791,0,07,000,00,2,1,01,A01
201200002791,0,07,000,00,2,3,15,B02
201200002792,0,17,000,00,2,1,01,A01
201200002792,0,07,000,00,0,6,01,B02
201200002792,0,07,000,00,2,8,19,C03
201200002793,0,07,000,00,2,3,01,B02
201200002793,0,02,000,00,2,1,15,A01
201200002794,0,07,000,00,2,2,05,B02
201200002794,0,07,000,00,2,2,17,A01
201200002795,0,07,000,00,2,9,13,A01
201200002795,0,10,000,00,2,3,01,B02
201200002796,0,31,000,00,0,3,19,A01
201200002796,0,07,000,00,2,2,01,B02
201200002797,0,07,000,00,2,1,05,A01
201200002797,0,07,000,00,2,3,01,B02
201200002798,0,07,000,00,2,3,13,A01
201200002798,0,07,000,00,2,3,01,B02
201200002799,0,38,000,15,0,4,16,A01
201200002800,0,01,000,00,2,4,02,B02
201200002800,0,10,000,00,2,1,02,A01
201200002801,0,07,000,00,0,6,15,A01
201200002801,0,33,000,00,2,1,01,B02
201200002802,0,07,000,00,1,3,00,A01
201200002803,0,17,000,00,2,2,01,A01
201200002803,0,07,000,00,0,7,13,B02
201200002804,0,07,000,00,2,8,19,A01
201200002804,0,31,000,00,2,1,01,B02
201200002805,0,07,000,16,0,1,01,A01
201200002806,0,01,000,00,2,1,01,B02
201200002806,0,07,000,00,2,3,01,A01
201200002807,0,33,000,00,2,1,01,B02
201200002807,0,10,000,00,2,8,10,A01
201200002808,0,07,000,08,0,9,15,A01
201200002809,0,33,000,08,0,1,13,A01
201200002810,0,07,000,00,2,8,01,B02
201200002810,0,07,000,00,2,1,19,A01
201200002811,0,33,000,00,0,1,01,A01
201200002811,0,07,000,00,0,4,01,B02
201200002812,0,07,000,00,0,1,01,B02
201200002812,0,07,000,00,0,7,13,A01
201200002813,0,33,000,15,0,1,17,A01
201200002814,0,30,000,00,0,1,19,A01
201200002814,0,07,000,00,0,2,00,B02
201200002815,0,07,000,00,2,1,01,A01
201200002815,0,07,000,00,2,3,01,B02
201200002816,0,31,000,00,2,1,13,A01
201200002816,0,07,000,00,2,2,01,B02
201200002817,0,07,000,00,2,8,01,A01
201200002817,0,02,000,00,2,1,19,B02
201200002818,0,07,000,08,0,3,13,A01
201200002819,0,33,000,00,2,1,00,B02
201200002819,0,07,000,00,2,1,15,A01
201200002820,0,33,000,00,0,0,01,A01
201200002821,0,07,000,13,0,1,13,A01
201200002822,0,17,000,00,2,3,01,B02
201200002822,0,07,000,00,2,1,01,C03
201200002822,0,14,000,00,2,3,01,A01
201200002823,0,07,000,00,2,1,13,A01
201200002823,0,37,000,00,2,1,01,B02
201200002824,0,33,000,00,0,1,01,A01
201200002825,0,07,000,13,0,1,01,A01
201200002826,0,07,000,00,1,1,15,A01
201200002827,0,07,000,00,2,5,01,B02
201200002827,0,30,000,00,2,9,19,A01
201200002828,0,07,000,06,0,1,01,A01
201200002829,0,30,000,00,2,1,02,A01
201200002829,0,07,000,00,2,5,02,B02
201200002830,0,07,000,00,0,1,01,A01
201200002831,0,14,000,00,2,3,13,A01
201200002831,0,17,000,00,2,3,01,B02
201200002832,0,07,000,00,2,1,13,A01
201200002832,0,07,000,00,2,1,01,B02
201200002833,0,07,000,08,0,1,01,A01
201200002834,0,10,000,00,2,5,06,A01
201200002834,0,10,000,00,2,1,01,B02
201200002835,0,07,000,00,2,1,01,A01
201200002835,0,30,000,00,2,8,01,B02
201200002836,0,10,000,00,2,1,13,A01
201200002836,0,07,000,00,2,1,13,B02
201200002837,0,10,000,00,1,4,04,A01
201200002838,0,31,000,02,0,1,01,A01
201200002839,0,07,000,00,1,5,04,A01
201200002840,0,30,000,00,2,1,13,A01
201200002840,0,07,000,00,2,3,01,B02
201200002841,0,10,000,00,2,3,01,B02
201200002841,0,07,000,00,2,3,17,A01
201200002841,0,15,000,00,2,8,01,C03
201200002842,0,07,000,00,2,3,21,B02
201200002842,0,38,000,00,2,3,21,A01
201200002843,0,07,000,00,2,3,13,A01
201200002843,0,07,000,00,2,7,01,B02
201200002843,0,14,000,00,2,3,01,C03
201200002844,0,07,000,06,0,1,01,A01
201200002845,0,02,000,00,2,1,01,A01
201200002845,0,07,000,00,2,5,15,B02
201200002846,0,07,000,00,2,2,19,A01
201200002846,0,07,000,00,2,1,01,B02
201200002847,0,07,000,00,2,1,01,A01
201200002847,0,07,000,00,2,1,01,B02
201200002848,0,07,000,00,2,1,13,A01
201200002848,0,14,000,00,2,1,01,B02
201200002849,0,07,000,00,0,3,13,A01
201200002849,0,07,000,00,0,3,01,B02
201200002850,0,07,000,00,1,1,01,A01
201200002851,0,07,000,00,2,3,01,B02
201200002851,0,07,000,00,2,3,13,A01
201200002852,0,07,000,13,0,1,01,A01
201200002853,0,07,000,13,0,9,01,A01
201200002854,0,17,000,08,0,1,01,A01
201200002855,0,30,000,00,0,8,01,A01
201200002856,0,07,000,00,2,1,01,A01
201200002856,0,07,000,00,2,8,01,B02
201200002857,0,07,000,00,2,2,13,A01
201200002857,0,07,000,00,2,2,01,B02
201200002858,0,07,000,02,0,1,17,A01
201200002859,0,07,000,02,0,7,01,A01
201200002860,0,33,000,00,2,1,01,A01
201200002860,0,07,000,00,2,6,15,B02
201200002861,0,30,000,00,0,7,01,A01
201200002862,0,10,000,10,2,6,01,B02
201200002862,0,07,000,00,2,1,01,A01
201200002863,0,33,000,00,2,1,01,B02
201200002863,0,07,000,00,2,1,17,A01
201200002864,0,31,000,00,2,1,19,B02
201200002864,0,33,000,00,2,2,01,A01
201200002865,0,07,000,00,2,6,01,A01
201200002865,0,33,000,00,2,1,01,B02
201200002866,0,07,000,13,0,1,01,A01
201200002867,0,02,000,00,2,8,10,A01
201200002867,0,07,000,00,2,5,01,B02
201200002868,0,01,000,00,2,1,11,A01
201200002868,0,10,000,00,2,2,01,B02
201200002869,0,33,000,00,0,1,01,A01
201200002870,0,10,000,11,0,1,01,A01
201200002871,0,02,000,00,2,1,18,A01
201200002871,0,07,000,00,2,2,16,B02
201200002872,0,10,000,13,0,2,01,A01
201200002873,0,33,000,13,0,0,01,A01
201200002874,0,03,000,00,1,2,01,A01
201200002875,0,07,000,00,0,8,01,A01
201200002875,0,07,000,00,0,3,01,B02
201200002876,0,07,000,02,0,3,01,A01
201200002877,0,07,000,13,0,1,01,A01
201200002878,0,07,000,02,0,1,21,A01
201200002879,0,10,000,00,2,3,01,B02
201200002879,0,07,000,00,2,8,09,A01
201200002880,0,07,000,00,2,3,01,A01
201200002880,0,02,000,00,2,3,11,B02
201200002881,0,07,000,02,0,1,14,A01
201200002882,0,10,000,02,0,1,13,A01
201200002883,0,07,000,00,2,1,13,A01
201200002883,0,07,000,00,2,1,01,B02
201200002884,0,33,000,00,2,1,17,B02
201200002884,0,07,000,00,2,6,17,A01
201200002885,0,07,000,00,2,2,01,B02
201200002885,0,30,000,00,2,1,09,A01
201200002886,0,01,000,00,2,1,01,C03
201200002886,0,07,000,00,2,3,01,A01
201200002886,0,01,000,00,2,1,01,B02
201200002887,0,07,000,04,0,9,01,A01
201200002888,0,07,000,02,0,8,01,A01
201200002889,0,07,000,00,2,5,15,A01
201200002889,0,02,000,00,2,1,01,B02
201200002890,0,07,000,02,0,8,01,A01
201200002891,0,10,000,00,6,1,01,A01
201200002892,0,07,000,00,0,5,01,A01
201200002893,0,07,000,13,0,1,13,A01
201200002894,0,07,000,13,0,9,14,A01
201200002895,0,07,000,00,1,2,01,A01
201200002896,0,07,000,00,2,1,13,A01
201200002896,0,07,000,00,2,3,01,B02
201200002897,0,10,000,00,2,1,13,A01
201200002897,0,07,000,00,2,1,01,B02
201200002898,0,14,000,00,2,2,17,A01
201200002898,0,07,000,00,2,8,15,B02
201200002899,0,07,000,16,0,9,13,A01
201200002900,0,07,000,13,0,1,14,A01
201200002901,0,10,000,00,2,1,15,A01
201200002901,0,02,000,00,2,1,01,B02
201200002902,0,30,000,15,0,0,21,A01
201200002902,1,07,000,,,,,B02
201200002903,0,33,000,00,2,1,02,A01
201200002903,0,07,000,00,0,6,01,B02
201200002904,0,38,006,00,2,6,04,A01
201200002904,0,33,000,00,2,7,13,B02
201200002905,0,14,000,00,0,2,13,A01
201200002906,0,07,000,00,2,1,15,A01
201200002906,0,02,000,00,0,8,01,B02
201200002907,0,07,000,00,2,1,01,B02
201200002907,0,07,000,00,2,2,15,A01
201200002908,0,30,000,00,2,1,13,A01
201200002908,0,07,000,00,2,2,01,B02
201200002909,0,33,000,00,6,1,01,A01
201200002910,0,07,000,02,0,1,14,A01
201200002911,0,10,000,00,2,3,09,B02
201200002911,0,33,000,00,2,1,09,A01
201200002912,0,10,000,00,2,2,01,A01
201200002912,0,20,000,00,0,6,23,B02
201200002913,0,07,000,02,0,8,13,A01
201200002914,0,07,000,00,2,3,13,A01
201200002914,0,07,000,00,2,3,01,B02
201200002915,0,07,000,00,2,3,16,A01
201200002915,0,07,000,00,2,2,01,B02
201200002916,0,07,000,13,0,9,14,A01
201200002917,0,07,000,00,2,3,01,B02
201200002917,0,01,000,00,2,8,19,A01
201200002918,0,07,000,00,0,8,19,A01
201200002918,0,07,000,00,2,1,01,B02
201200002919,0,07,000,13,0,3,01,A01
201200002920,0,07,000,00,0,0,15,A01
201200002920,0,33,000,13,0,0,17,B02
201200002921,0,33,000,03,0,8,01,A01
201200002922,0,07,000,13,2,3,14,A01
201200002923,0,07,000,02,2,6,17,A01
201200002923,0,07,000,00,2,1,01,B02
201200002924,0,07,000,02,0,1,14,A01
201200002925,0,07,000,00,2,1,13,A01
201200002925,0,07,000,00,2,1,01,B02
201200002926,0,33,000,13,0,0,01,A01
201200002927,0,07,000,01,1,6,13,A01
201200002928,0,07,000,00,2,2,01,A01
201200002928,0,02,000,00,2,1,01,B02
201200002929,0,33,000,14,0,7,14,A01
201200002930,0,07,000,00,2,1,01,A01
201200002930,0,07,000,08,2,2,15,B02
201200002931,0,07,000,00,2,3,19,B02
201200002931,0,07,000,00,2,3,01,A01
201200002932,0,17,000,00,2,8,01,A01
201200002932,0,07,000,00,2,8,01,B02
201200002933,0,07,000,00,1,3,01,A01
201200002934,0,17,000,00,2,6,04,A01
201200002934,0,07,000,00,2,1,01,B02
201200002935,0,01,000,12,0,1,01,A01
201200002936,0,33,000,00,2,3,02,A01
201200002936,0,07,000,00,2,5,02,B02
201200002937,0,33,000,00,2,1,06,A01
201200002937,0,07,000,00,2,1,01,B02
201200002938,0,07,000,00,2,1,15,A01
201200002938,0,02,000,00,2,1,01,B02
201200002939,0,07,000,08,0,2,01,A01
201200002940,0,07,000,00,1,2,01,A01
201200002941,0,10,000,00,2,1,02,A01
201200002941,0,07,000,00,2,4,15,B02
201200002942,0,32,000,00,2,4,01,A01
201200002942,2,07,000,00,2,1,02,B02
201200002943,0,07,000,00,2,1,13,A01
201200002943,0,07,000,00,2,1,01,B02
201200002944,0,33,000,15,0,0,21,A01
201200002944,0,10,000,00,0,0,05,B02
201200002945,0,07,000,00,2,3,13,A01
201200002945,0,07,000,00,2,1,01,B02
201200002946,0,10,000,16,0,7,17,A01
201200002947,0,31,000,01,0,2,01,A01
201200002947,0,07,000,00,2,6,24,B02
201200002948,0,07,000,00,2,1,01,A01
201200002948,0,07,000,00,2,8,01,B02
201200002948,0,07,000,00,2,9,01,C03
201200002948,0,07,000,00,2,1,01,D04
201200002949,0,10,000,13,0,7,01,A01
201200002950,0,07,000,00,0,8,15,B02
201200002950,0,07,000,00,2,1,01,A01
201200002951,0,07,000,13,0,1,00,A01
201200002952,0,33,000,13,0,1,01,A01
201200002953,0,07,000,00,9,7,16,A01
201200002953,0,01,000,00,2,8,01,B02
201200002954,0,07,000,00,2,3,19,A01
201200002954,0,07,000,00,2,1,01,B02
201200002955,0,07,000,00,2,8,13,A01
201200002955,0,34,000,00,2,7,01,B02
201200002956,0,34,000,00,0,2,01,A01
201200002957,0,07,000,00,2,1,02,A01
201200002957,0,07,000,00,2,4,02,B02
201200002957,0,07,000,00,0,4,02,C03
201200002958,0,07,000,00,2,3,01,A01
201200002958,0,17,000,00,2,3,01,B02
201200002959,0,07,000,00,2,5,19,A01
201200002959,0,33,000,00,2,1,01,B02
201200002959,0,07,000,01,9,2,00,C03
201200002960,0,01,000,00,2,6,01,A01
201200002960,0,07,000,00,2,2,16,B02
201200002961,0,02,000,00,2,1,02,A01
201200002961,0,10,000,00,2,4,02,B02
201200002962,0,07,000,00,2,2,16,A01
201200002962,0,01,000,00,2,1,01,B02
201200002963,0,07,000,00,2,7,15,A01
201200002963,0,02,000,00,2,1,01,B02
201200002964,0,20,000,00,1,3,01,A01
201200002965,0,03,000,00,2,3,13,A01
201200002965,0,14,000,00,2,3,00,B02
201200002966,0,07,000,00,2,2,01,A01
201200002966,0,10,000,00,2,3,01,B02
201200002967,0,07,000,00,2,8,15,A01
201200002967,0,33,000,00,2,1,17,B02
201200002968,0,07,000,13,0,1,13,A01
201200002969,0,21,000,00,2,7,17,A01
201200002969,0,01,000,00,2,4,01,B02
201200002969,0,01,000,00,2,6,02,C03
201200002970,0,07,000,00,0,8,01,B02
201200002970,0,30,000,00,2,1,01,A01
201200002971,0,15,000,00,0,0,01,A01
201200002971,0,30,000,00,9,0,01,B02
201200002972,0,30,000,13,0,2,01,A01
201200002973,0,02,000,00,2,1,01,A01
201200002973,0,07,000,00,2,2,01,B02
201200002974,0,30,000,00,2,1,19,A01
201200002974,0,07,000,00,2,5,01,B02
201200002975,0,07,000,00,2,1,13,A01
201200002975,0,07,000,00,2,1,01,B02
201200002976,0,07,000,02,0,1,14,A01
201200002977,0,07,000,02,6,1,21,A01
201200002978,0,07,000,00,2,1,13,A01
201200002978,0,15,000,00,2,1,01,B02
201200002979,0,07,000,00,2,1,13,A01
201200002979,0,07,000,00,2,1,01,B02
201200002980,0,07,000,00,9,7,17,A01
201200002980,0,01,000,00,2,8,01,B02
201200002981,0,07,000,13,0,1,01,A01
201200002982,0,36,000,00,2,8,01,A01
201200002982,0,33,000,00,2,1,01,B02
201200002983,0,07,000,00,2,3,13,A01
201200002983,0,10,000,00,2,3,01,B02
201200002984,0,07,000,01,2,3,17,A01
201200002984,0,07,000,00,2,3,23,B02
201200002984,0,10,000,02,2,3,01,C03
201200002985,0,15,000,00,2,8,20,A01
201200002985,0,02,000,00,2,1,01,B02
201200002986,0,07,000,00,1,3,01,A01
201200002987,0,31,000,00,2,2,17,A01
201200002987,0,02,000,00,2,6,15,B02
201200002988,0,30,000,00,0,1,01,A01
201200002989,0,07,000,08,0,1,01,A01
201200002990,0,07,000,00,2,3,15,A01
201200002990,0,33,000,00,2,1,01,B02
201200002991,0,07,000,00,2,7,01,B02
201200002991,0,30,000,00,2,1,19,A01
201200002992,0,10,000,00,2,1,01,B02
201200002992,0,07,000,00,2,8,09,A01
201200002993,0,15,000,00,2,5,24,A01
201200002993,0,10,000,01,0,7,17,B02
201200002994,0,30,000,00,0,9,14,A01
201200002995,0,07,000,00,1,6,20,A01
201200002996,0,07,000,09,2,3,13,A01
201200002996,0,07,000,00,2,6,01,B02
201200002996,0,07,000,00,2,1,01,C03
201200002996,0,07,000,00,2,3,21,D04
201200002997,0,07,000,00,2,1,02,A01
201200002997,0,02,000,00,2,4,01,B02
201200002998,0,07,000,00,2,2,01,A01
201200002998,0,30,000,00,0,4,01,B02
201200002999,0,07,000,00,1,1,01,A01
201200003000,0,14,000,00,0,0,00,A01
201200003000,0,21,000,00,0,0,00,B02
201200003001,0,33,000,00,2,1,17,A01
201200003001,0,07,000,00,2,8,15,B02
201200003002,0,30,000,00,2,3,13,A01
201200003002,0,07,000,00,2,3,01,B02
201200003003,0,07,000,00,2,8,13,A01
201200003003,0,15,000,00,2,3,01,B02
201200003004,0,30,000,00,0,8,01,A01
201200003005,0,07,000,00,1,2,01,A01
201200003006,0,07,000,02,0,1,14,A01
201200003007,0,07,000,00,2,3,19,A01
201200003007,0,15,000,00,2,1,01,B02
201200003008,0,07,000,00,2,3,01,B02
201200003008,0,33,000,00,2,1,13,A01
201200003009,0,07,000,16,6,9,01,A01
201200003010,0,33,000,00,2,1,17,A01
201200003010,0,07,000,00,0,6,15,B02
201200003011,0,33,000,00,2,3,01,A01
201200003011,0,07,000,00,2,3,16,B02
201200003012,0,07,000,13,2,3,17,A01
201200003012,0,02,000,00,2,1,01,B02
201200003013,0,07,000,13,0,1,00,A01
201200003014,0,07,000,00,2,7,19,A01
201200003014,0,07,000,00,2,1,01,B02
201200003015,0,07,000,00,2,6,15,A01
201200003015,0,15,000,00,2,3,01,B02
201200003016,0,07,000,00,2,1,19,A01
201200003016,0,07,000,00,2,8,01,B02
201200003017,0,07,000,08,0,1,02,A01