Num_Acc,senc,catv,occutc,obs,obsm,choc,manv,num_veh
201200003018,0,07,000,00,2,2,01,B02
201200003018,0,10,000,00,2,3,19,A01
201200003019,0,10,000,00,1,4,20,A01
201200003020,0,07,000,13,0,3,13,A01
201200003021,0,07,000,13,0,1,01,A01
201200003022,0,07,000,00,5,1,01,A01
201200003022,0,07,000,00,2,1,01,B02
201200003023,0,07,000,00,2,1,02,A01
201200003023,0,07,000,00,2,4,02,B02
201200003024,0,07,000,00,2,2,15,A01
201200003024,0,32,000,00,2,1,01,B02
201200003025,0,01,000,00,0,0,02,A01
201200003025,0,07,000,00,0,4,01,C03
201200003025,0,07,000,00,9,1,06,B02
201200003026,0,07,000,02,0,1,14,A01
201200003027,0,33,000,04,0,1,01,A01
201200003028,0,07,000,00,2,2,01,B02
201200003028,0,07,000,00,2,2,15,A01
201200003029,0,07,000,00,2,3,13,A01
201200003029,0,02,000,00,2,1,00,B02
201200003030,0,07,000,01,0,2,01,A01
201200003030,0,07,000,00,2,2,24,B02
201200003031,0,33,000,06,0,3,13,A01
201200003032,0,07,000,08,0,1,13,A01
201200003033,0,01,000,00,2,8,13,B02
201200003033,0,10,000,00,2,7,17,A01
201200003034,0,07,000,06,0,1,01,A01
201200003035,0,07,000,15,1,3,13,A01
201200003036,0,07,000,02,0,1,01,A01
201200003037,0,07,000,00,2,2,23,B02
201200003037,0,07,000,01,0,3,13,A01
201200003038,0,07,000,00,0,4,01,A01
201200003038,0,10,000,00,0,1,02,B02
201200003039,0,07,000,00,2,3,13,A01
201200003039,0,07,000,00,2,3,13,B02
201200003040,0,07,000,00,0,9,14,A01
201200003041,0,07,000,02,0,7,01,A01
201200003042,0,02,000,00,2,3,13,B02
201200003042,0,07,000,10,2,3,01,A01
201200003043,0,07,000,12,0,9,01,A01
201200003044,0,07,000,00,0,1,01,A01
201200003045,0,33,000,00,2,1,17,B02
201200003045,0,07,000,00,2,8,15,A01
201200003046,0,07,000,02,0,2,01,A01
201200003047,0,33,000,00,0,8,01,A01
201200003048,0,07,000,02,0,6,17,A01
201200003049,0,07,000,00,2,1,01,B02
201200003049,0,07,000,00,2,1,13,A01
201200003050,0,10,000,00,2,1,14,A01
201200003050,0,01,000,00,2,4,01,B02
201200003051,0,33,000,00,5,1,01,A01
201200003052,0,07,000,02,0,3,01,A01
201200003053,0,07,000,00,2,1,13,A01
201200003053,0,17,000,00,2,1,01,B02
201200003054,0,07,000,00,0,6,16,B02
201200003054,0,30,000,12,2,1,02,A01
201200003055,0,07,000,08,0,3,11,A01
201200003056,0,07,000,00,0,3,13,A01
201200003056,0,14,000,00,2,3,01,B02
201200003057,0,07,000,02,0,9,01,A01
201200003058,0,10,000,00,0,6,15,B02
201200003058,0,33,000,00,2,1,17,A01
201200003059,0,01,000,00,2,1,01,B02
201200003059,0,07,000,00,2,7,19,A01
201200003060,0,33,000,00,2,7,01,B02
201200003060,0,07,000,01,2,1,15,A01
201200003061,0,33,000,00,2,1,01,A01
201200003061,0,07,000,00,2,8,15,B02
201200003062,0,33,000,00,2,1,09,A01
201200003062,0,07,000,00,2,7,15,B02
201200003063,0,07,000,00,2,8,13,A01
201200003063,0,15,000,00,0,3,01,C03
201200003063,0,10,000,00,0,8,01,B02
201200003064,0,07,000,00,0,8,13,A01
201200003065,0,07,000,13,0,2,01,A01
201200003066,0,01,000,00,2,4,01,B02
201200003066,0,10,000,00,2,2,17,A01
201200003067,0,30,000,08,0,1,01,A01
201200003068,0,02,000,00,2,3,01,B02
201200003068,0,07,000,00,2,3,15,A01
201200003069,0,07,000,02,0,7,13,A01
201200003070,0,07,000,00,2,3,01,B02
201200003070,0,07,000,00,0,3,13,A01
201200003071,0,33,000,00,2,7,17,B02
201200003071,0,10,000,00,2,8,15,A01
201200003072,0,07,000,00,2,8,01,A01
201200003072,0,07,000,00,2,1,01,B02
201200003073,0,07,000,06,0,2,13,A01
201200003074,0,31,000,00,2,1,01,B02
201200003074,0,10,000,00,2,3,15,A01
201200003075,0,31,000,00,2,1,01,B02
201200003075,0,21,000,00,0,7,16,A01
201200003076,0,07,000,00,1,1,01,A01
201200003077,0,07,000,00,0,8,02,B02
201200003077,0,07,000,00,0,5,23,C03
201200003077,0,36,000,01,2,3,13,A01
201200003078,0,07,000,13,0,3,19,A01
201200003079,0,07,000,00,2,1,01,A01
201200003079,0,10,000,00,2,3,01,B02
201200003080,0,07,000,00,0,1,01,A01
201200003081,0,07,000,02,0,1,14,A01
201200003082,0,07,000,00,2,1,01,B02
201200003082,0,07,000,00,2,2,01,A01
201200003083,0,30,000,00,2,6,11,B02
201200003083,0,07,000,00,2,1,17,A01
201200003084,0,07,000,06,0,9,13,A01
201200003085,0,07,000,13,0,1,01,A01
201200003086,0,10,000,13,0,9,01,A01
201200003087,0,07,000,00,2,1,01,B02
201200003087,0,07,000,00,2,8,01,A01
201200003088,0,07,000,08,0,8,01,A01
201200003089,0,30,000,00,2,7,01,B02
201200003089,0,07,000,00,2,1,19,A01
201200003090,0,33,000,00,1,1,01,A01
201200003091,0,07,000,16,0,2,09,A01
201200003091,0,14,000,00,2,3,01,B02
201200003092,0,07,000,00,2,2,01,A01
201200003092,0,33,000,00,2,3,01,B02
201200003093,0,07,000,02,0,1,01,A01
201200003094,0,07,000,00,0,0,01,A01
201200003095,0,07,000,00,2,1,01,B02
201200003095,0,07,000,00,2,8,15,A01
201200003096,0,07,000,00,2,1,01,B02
201200003096,0,07,000,00,2,1,13,A01
201200003097,0,07,000,00,0,3,15,A01
201200003097,0,01,000,00,0,8,01,B02
201200003098,0,10,000,00,2,1,01,B02
201200003098,0,10,000,00,2,7,01,A01
201200003099,0,07,000,02,0,5,01,A01
201200003100,0,02,000,00,2,4,02,B02
201200003100,0,07,000,00,2,2,02,A01
201200003101,0,07,000,00,2,3,01,C03
201200003101,0,07,000,00,2,1,01,A01
201200003101,0,14,000,00,2,8,01,B02
201200003102,0,07,000,00,2,1,01,B02
201200003102,0,07,000,00,2,3,15,A01
201200003103,0,07,000,00,2,3,13,A01
201200003103,0,07,000,00,2,3,01,B02
201200003104,0,07,000,00,2,7,15,A01
201200003104,0,07,000,00,2,3,01,B02
201200003105,0,01,000,00,2,1,19,B02
201200003105,0,07,000,00,2,2,01,A01
201200003106,0,07,000,00,2,5,13,A01
201200003106,0,07,000,00,2,1,01,B02
201200003107,0,07,000,16,0,1,01,A01
201200003108,0,07,000,00,2,3,01,B02
201200003108,0,07,000,00,2,8,15,A01
201200003109,0,33,000,13,0,1,14,A01
201200003110,0,07,000,13,0,9,01,A01
201200003111,0,21,000,00,2,3,16,A01
201200003111,0,10,000,00,2,2,01,B02
201200003112,0,07,000,00,2,1,21,A01
201200003112,0,21,000,00,2,3,21,B02
201200003113,0,07,000,00,2,7,17,A01
201200003113,0,01,000,00,2,8,01,B02
201200003114,0,07,000,00,2,2,01,B02
201200003114,0,07,000,00,2,3,15,A01
201200003115,0,07,000,00,0,6,15,B02
201200003115,0,33,000,00,2,1,17,A01
201200003116,0,07,000,00,2,2,01,A01
201200003116,0,01,000,00,0,4,01,B02
201200003117,0,07,000,00,2,3,09,A01
201200003117,0,33,000,00,2,1,02,B02
201200003118,0,07,000,13,2,1,17,A01
201200003118,0,07,000,00,2,6,01,B02
201200003119,0,07,000,00,2,1,01,B02
201200003119,0,07,000,00,2,7,13,A01
201200003120,0,07,000,00,2,2,15,A01
201200003120,0,02,000,00,2,7,01,B02
201200003121,0,07,000,00,2,1,01,B02
201200003121,0,10,000,00,2,3,15,A01
201200003122,0,10,000,00,2,1,21,B02
201200003122,0,07,000,00,2,1,13,A01
201200003123,0,07,000,00,0,8,09,A01
201200003123,0,33,000,00,0,1,01,B02
201200003124,0,07,000,00,2,1,01,A01
201200003124,0,07,000,00,2,5,19,B02
201200003125,0,07,000,00,2,1,13,A01
201200003125,0,07,000,00,2,1,01,B02
201200003126,0,32,000,00,0,0,01,A01
201200003126,0,17,000,00,0,0,17,B02
201200003127,0,33,000,00,2,8,01,B02
201200003127,0,10,000,00,2,3,01,A01
201200003128,0,33,000,08,0,1,13,A01
201200003129,0,07,000,02,0,9,01,A01
201200003130,0,31,000,00,2,3,13,A01
201200003130,0,30,000,00,2,3,01,B02
201200003131,0,02,000,05,0,8,16,A01
201200003132,0,07,000,00,2,3,13,A01
201200003132,0,07,000,00,2,1,01,B02
201200003133,0,33,000,00,0,1,01,A01
201200003134,0,33,000,07,0,2,01,A01
201200003135,0,07,000,00,2,3,13,A01
201200003135,0,07,000,00,2,3,01,B02
201200003136,0,07,000,02,0,9,01,A01
201200003137,0,17,000,00,2,2,01,A01
201200003137,0,07,000,00,2,3,16,B02
201200003138,0,07,000,06,0,1,01,A01
201200003139,0,07,000,00,2,2,17,A01
201200003139,0,07,000,00,2,8,15,B02
201200003140,0,07,000,13,0,1,01,A01
201200003141,0,17,000,00,2,3,01,A01
201200003141,0,07,000,00,2,2,19,B02
201200003142,0,07,000,00,2,3,09,B02
201200003142,0,31,000,00,2,1,01,A01
201200003143,0,10,000,13,0,1,13,A01
201200003144,0,07,000,06,0,1,13,A01
201200003145,0,07,000,06,0,1,01,A01
201200003146,0,01,000,00,2,1,01,A01
201200003146,0,21,000,00,9,3,16,B02
201200003147,0,33,000,00,2,1,01,A01
201200003147,0,07,000,00,2,1,01,B02
201200003148,0,10,000,00,2,1,01,B02
201200003148,0,07,000,00,2,7,13,A01
201200003149,0,07,000,00,2,1,01,B02
201200003149,0,07,000,00,2,2,15,A01
201200003150,0,01,000,00,2,4,01,B02
201200003150,0,07,000,00,9,1,01,A01
201200003151,0,33,000,00,0,8,01,A01
201200003152,0,07,000,00,2,7,15,B02
201200003152,0,07,000,00,2,1,01,A01
201200003153,0,07,000,00,0,9,01,A01
201200003154,0,14,000,00,2,3,15,B02
201200003154,0,02,000,00,2,1,01,A01
201200003154,0,07,000,00,2,1,01,C03
201200003155,0,33,000,16,0,0,01,A01
201200003156,0,31,000,00,0,0,01,A01
201200003157,0,30,000,00,0,6,01,A01
201200003158,0,02,000,00,2,3,01,B02
201200003158,0,02,000,00,2,2,01,A01
201200003159,0,07,000,13,0,1,01,A01
201200003160,0,33,000,06,0,1,01,A01
201200003161,1,07,000,00,1,3,01,A01
201200003162,0,33,000,00,0,2,01,A01
201200003163,0,31,000,00,0,0,21,A01
201200003164,0,30,000,00,2,1,02,A01
201200003164,0,07,000,00,2,5,15,B02
201200003165,0,33,000,00,2,1,01,A01
201200003165,0,07,000,00,2,3,15,B02
201200003166,0,30,000,00,6,1,02,A01
201200003167,0,07,000,00,2,3,01,B02
201200003167,0,10,000,05,2,3,13,A01
201200003168,0,07,000,00,0,3,01,A01
201200003169,0,10,000,00,2,1,01,B02
201200003169,0,07,000,00,2,7,13,A01
201200003170,0,10,000,00,2,3,15,B02
201200003170,0,33,000,00,2,1,17,A01
201200003171,0,31,000,00,2,2,17,B02
201200003171,0,07,000,00,2,3,15,A01
201200003172,0,02,000,00,2,7,01,B02
201200003172,0,10,000,00,2,4,04,A01
201200003173,0,07,000,13,0,0,01,A01
201200003174,0,07,000,13,0,9,13,A01
201200003175,0,33,000,00,0,0,14,A01
201200003176,0,07,000,00,2,7,01,A01
201200003176,0,07,000,00,2,1,19,B02
201200003177,0,07,000,02,0,1,01,A01
201200003178,0,07,000,00,2,6,13,A01
201200003178,0,07,000,00,2,3,01,B02
201200003179,0,07,000,00,0,3,13,A01
201200003179,0,33,000,00,0,1,17,B02
201200003180,0,07,000,00,2,1,01,B02
201200003180,0,07,000,03,2,1,01,A01
201200003181,0,10,000,00,2,3,01,B02
201200003181,0,33,000,00,2,1,01,A01
201200003182,0,02,000,00,2,3,01,B02
201200003182,0,07,000,00,2,3,13,A01
201200003183,0,07,000,00,2,3,13,A01
201200003183,0,07,000,00,2,3,01,B02
201200003184,0,01,000,00,0,7,01,A01
201200003185,0,07,000,08,0,1,14,A01
201200003186,0,02,000,00,2,1,01,B02
201200003186,0,07,000,00,2,7,10,A01
201200003187,0,01,000,00,2,1,01,B02
201200003187,0,07,000,00,2,1,17,A01
201200003188,0,33,000,00,2,8,10,A01
201200003188,0,07,000,00,2,7,21,B02
201200003189,0,17,000,13,0,3,13,A01
201200003190,0,31,000,00,0,8,01,A01
201200003191,0,01,000,00,9,1,02,A01
201200003192,0,07,000,00,2,3,15,B02
201200003192,0,01,000,00,2,1,01,A01
201200003193,0,07,000,08,0,3,01,A01
201200003194,0,14,000,00,0,0,13,A01
201200003194,0,07,000,02,0,7,17,B02
201200003195,0,07,000,02,0,5,14,A01
201200003196,0,30,000,00,2,1,01,B02
201200003196,0,07,000,00,2,5,15,A01
201200003197,0,33,000,04,0,1,01,A01
201200003198,0,33,000,00,2,1,17,A01
201200003198,0,07,000,14,0,1,01,B02
201200003198,0,07,000,00,2,3,01,C03
201200003199,0,30,000,08,0,2,14,A01
201200003200,0,02,000,00,2,1,01,A01
201200003200,0,07,000,00,0,2,19,B02
201200003201,0,07,000,00,2,1,01,B02
201200003201,0,07,000,00,2,1,01,A01
201200003202,0,07,000,00,2,2,15,A01
201200003202,0,33,000,00,2,1,01,B02
201200003203,0,07,000,00,2,6,01,A01
201200003203,0,07,000,00,2,3,01,B02
201200003204,0,07,000,08,0,8,01,A01
201200003205,0,07,000,00,0,1,01,B02
201200003205,0,07,000,00,0,1,13,A01
201200003206,0,30,000,14,0,1,01,A01
201200003207,0,07,000,00,1,1,01,A01
201200003208,0,30,000,00,2,1,01,B02
201200003208,0,07,000,00,2,2,10,A01
201200003209,0,07,000,00,0,1,01,A01
201200003209,0,07,000,00,0,2,13,B02
201200003210,0,07,000,06,0,1,14,A01
201200003211,0,07,000,00,2,1,01,B02
201200003211,0,02,000,00,2,7,19,A01
201200003212,0,01,000,00,2,7,01,B02
201200003212,0,07,000,00,9,3,09,A01
201200003213,0,21,000,00,0,6,02,A01
201200003213,0,07,000,00,2,2,02,B02
201200003214,0,01,000,00,9,0,00,A01
201200003215,0,10,000,00,0,9,14,A01
201200003216,0,07,000,10,0,8,01,A01
201200003217,0,07,000,00,2,1,01,A01
201200003217,0,07,000,00,0,3,15,B02
201200003218,0,07,000,00,1,1,19,A01
201200003219,0,10,000,00,1,2,19,A01
201200003220,0,07,000,00,0,4,02,B02
201200003220,0,33,000,00,2,1,02,A01
201200003221,0,07,000,02,0,1,01,A01
201200003222,0,07,000,00,2,7,01,A01
201200003222,0,07,000,00,2,1,01,B02
201200003223,0,07,000,00,0,8,15,B02
201200003223,0,33,000,00,2,2,17,A01
201200003224,0,07,000,00,0,9,01,A01
201200003225,0,07,000,00,2,1,01,B02
201200003225,0,02,000,00,2,8,15,A01
201200003226,0,07,000,00,2,1,01,B02
201200003226,0,07,000,00,2,2,15,A01
201200003227,0,07,000,13,0,1,00,A01
201200003228,0,33,000,00,2,7,01,B02
201200003228,0,07,000,00,2,1,15,A01
201200003229,0,07,000,00,1,3,15,A01
201200003230,0,07,000,00,9,2,01,A01
201200003230,0,01,000,00,2,1,19,B02
201200003231,0,07,000,00,2,1,01,A01
201200003231,0,99,000,00,0,7,19,B02
201200003232,0,33,000,00,0,3,00,A01
201200003233,0,07,000,03,2,8,01,B02
201200003233,0,07,000,08,2,8,01,A01
201200003234,0,07,000,13,0,1,01,A01
201200003235,0,31,000,00,2,1,01,A01
201200003235,0,07,000,00,2,3,01,B02
201200003236,0,07,000,00,2,5,15,A01
201200003236,0,33,000,00,2,1,01,B02
201200003237,0,17,000,00,0,8,01,A01
201200003238,0,07,000,13,0,1,21,A01
201200003239,0,07,000,00,1,1,21,A01
201200003239,0,07,000,00,2,3,01,B02
201200003240,0,07,000,00,1,8,01,A01
201200003241,0,07,000,00,2,3,13,B02
201200003241,0,07,000,00,2,1,01,A01
201200003242,0,33,000,03,0,7,01,A01
201200003243,0,07,000,00,2,1,13,A01
201200003243,0,17,000,00,2,3,01,B02
201200003244,0,07,000,06,0,2,01,A01
201200003245,0,07,000,00,2,3,21,C03
201200003246,0,07,000,13,0,9,19,A01
201200003247,0,07,000,00,2,8,00,A01
201200003247,0,33,000,14,0,1,01,B02
201200003248,0,07,000,00,2,1,01,A02
201200003248,0,07,000,00,2,1,13,B01
201200003249,0,99,000,00,0,2,16,A01
201200003250,0,10,000,00,2,7,01,B02
201200003250,0,10,000,00,2,3,01,A01
201200003251,0,07,000,00,1,2,16,A01
201200003252,0,34,000,00,2,1,21,A01
201200003252,0,07,000,00,2,2,01,B02
201200003253,0,07,000,06,0,1,19,A01
201200003254,0,33,000,00,6,3,01,A01
201200003255,0,07,000,08,6,1,01,A01
201200003256,0,07,000,00,2,3,01,B02
201200003256,0,07,000,00,2,3,13,A01
201200003257,0,07,000,00,2,1,02,A01
201200003257,0,07,000,06,0,4,02,B02
201200003258,0,07,000,00,2,1,00,A01
201200003258,0,07,000,00,2,5,15,B02
201200003259,0,36,000,00,0,1,01,A01
201200003260,0,07,000,02,0,1,01,A01
201200003261,0,07,000,00,2,5,00,B02
201200003261,0,10,000,00,2,8,01,C03
201200003261,0,07,000,00,2,3,01,A01
201200003261,0,07,000,00,2,1,01,D04
201200003262,0,01,000,00,2,2,16,B02
201200003262,0,07,000,00,9,3,09,A01
201200003263,0,07,000,08,0,1,14,A01
201200003264,0,07,000,00,5,1,01,A01
201200003265,0,21,000,00,0,1,01,A01
201200003265,0,07,000,00,0,2,01,B02
201200003266,1,07,000,00,1,2,01,A01
201200003267,0,33,000,16,0,3,02,A01
201200003268,0,07,000,00,1,3,13,A01
201200003269,0,30,000,00,0,6,01,A01
201200003270,0,33,000,00,0,1,01,B02
201200003270,0,07,000,00,0,3,15,A01
201200003271,0,07,000,00,2,8,01,A01
201200003271,0,33,000,00,2,2,01,B02
201200003272,0,33,000,00,2,7,01,B02
201200003272,0,07,000,00,0,7,01,A01
201200003273,0,01,000,00,2,1,19,A01
201200003273,0,07,000,00,2,3,01,B02
201200003274,0,36,000,13,0,3,15,A01
201200003275,0,07,000,00,2,2,01,A01
201200003275,0,30,000,00,2,3,19,B02
201200003276,0,07,000,02,0,9,01,A01
201200003277,0,07,000,13,0,0,21,A01
201200003278,0,33,000,13,0,1,01,A01
201200003279,0,07,000,00,0,0,15,B02
201200003279,0,02,000,06,0,1,01,A01
201200003280,0,14,000,00,0,2,01,A01
201200003281,0,10,000,00,0,9,01,A01
201200003282,0,07,000,00,2,3,01,B02
201200003282,0,07,000,00,2,3,13,A01
201200003283,0,17,000,00,2,3,15,A01
201200003283,0,33,000,00,2,5,17,B02
201200003284,0,07,000,00,0,1,01,B02
201200003284,0,10,000,00,0,1,01,A01
201200003285,0,02,000,00,2,4,15,B02
201200003285,0,07,000,00,2,1,02,A01
201200003286,0,07,000,15,0,1,01,A01
201200003287,0,10,000,00,2,5,24,B02
201200003287,0,21,000,01,0,1,01,A01
201200003288,0,07,000,00,0,2,01,A01
201200003289,0,02,000,13,0,1,01,A01
201200003290,0,32,000,00,2,1,01,A01
201200003290,0,10,000,00,2,1,15,B02
201200003291,0,07,000,00,0,1,15,A01
201200003291,0,10,000,00,0,1,01,B02
201200003292,0,07,000,13,0,5,01,A01
201200003293,0,10,000,00,2,3,01,B02
201200003293,0,07,000,00,2,3,13,A01
201200003294,0,30,000,01,0,1,01,A01
201200003295,0,07,000,00,2,2,01,A01
201200003295,0,10,000,00,2,3,15,B02
201200003296,0,31,000,00,2,3,02,B02
201200003296,0,31,000,00,0,5,02,A01
201200003297,0,07,000,16,0,9,01,A01
201200003298,0,07,000,06,0,3,13,A01
201200003299,0,15,000,00,2,9,01,D04
201200003299,0,10,000,00,2,6,02,B02
201200003299,0,07,000,00,0,0,23,A01
201200003299,0,07,000,00,2,3,02,F06
201200003299,0,15,000,00,2,1,21,C03
201200003299,0,07,000,00,0,0,02,G07
201200003299,0,07,000,00,2,1,02,E05
201200003300,0,07,000,00,0,0,13,A01
201200003301,0,07,000,06,0,2,05,A01
201200003302,0,30,000,06,0,1,00,A01
201200003303,0,07,000,00,2,3,00,A01
201200003303,0,07,000,00,2,3,00,B02
201200003304,0,07,000,13,0,1,01,A01
201200003305,0,02,000,15,0,1,01,A01
201200003306,0,07,000,13,0,2,01,A01
201200003307,0,30,000,00,2,2,15,A01
201200003307,0,07,000,00,2,3,01,B02
201200003308,0,07,000,02,0,7,01,A01
201200003309,0,31,000,02,0,1,01,A01
201200003310,0,07,000,00,0,0,01,A01
201200003311,0,07,000,01,1,1,01,A01
201200003312,0,07,000,00,1,2,14,A01
201200003313,0,33,000,12,0,7,01,A01
201200003314,0,33,000,00,2,1,13,A01
201200003314,0,07,000,00,2,1,15,B02
201200003315,0,21,000,00,2,4,01,B02
201200003315,0,07,000,00,2,1,01,A01
201200003316,0,07,000,00,2,1,19,A01
201200003316,0,07,000,00,2,7,01,B02
201200003317,0,07,000,00,0,2,15,A01
201200003317,0,07,000,00,0,3,01,B02
201200003318,0,07,000,00,2,2,01,A01
201200003318,0,01,000,00,0,4,01,B02
201200003319,0,07,000,08,0,3,01,A01
201200003320,0,17,000,13,0,7,01,A01
201200003321,0,07,000,00,1,2,01,A01
201200003322,0,33,000,13,0,1,21,A01
201200003322,0,07,000,00,0,0,04,B02
201200003323,0,31,000,00,5,1,01,A01
201200003324,0,07,000,00,2,2,15,B02
201200003324,0,30,000,00,2,1,01,A01
201200003325,0,07,000,00,2,3,01,A01
201200003325,0,07,000,00,2,1,01,B02
201200003326,0,07,000,00,2,7,13,A01
201200003326,0,07,000,00,2,3,01,B02
201200003327,0,07,000,06,0,1,01,A01
201200003328,0,07,000,00,2,3,01,A01
201200003328,0,07,000,00,2,3,01,B02
201200003329,0,07,000,03,6,1,01,A01
201200003330,0,10,000,02,0,7,21,A01
201200003331,0,07,000,13,0,9,01,A01
201200003332,0,07,000,00,1,1,01,A01
201200003333,0,07,000,03,0,2,14,A01
201200003334,0,07,000,00,2,1,19,A01
201200003334,0,07,000,00,2,7,01,B02
201200003334,0,07,000,00,2,1,01,C03
201200003335,0,02,000,00,1,7,01,A01
201200003336,0,13,000,13,0,8,01,A01
201200003337,0,10,000,08,0,1,13,A01
201200003338,0,14,000,00,1,4,04,A01
201200003339,0,07,000,00,2,1,13,A01
201200003339,0,10,000,00,2,1,01,B02
201200003340,0,07,000,15,0,8,01,A01
201200003341,0,07,000,00,2,1,13,A01
201200003341,0,07,000,00,2,1,01,B02
201200003342,0,10,000,00,2,1,15,A01
201200003342,0,07,000,00,2,9,02,B02
201200003342,0,07,000,00,2,1,01,C03
201200003343,0,07,000,00,2,1,15,B01
201200003343,0,07,000,00,2,1,01,A01
201200003344,0,30,000,00,2,8,15,A01
201200003344,0,07,000,00,2,7,02,B02
201200003345,0,33,000,13,0,1,13,A01
201200003346,0,02,000,00,2,1,01,B02
201200003346,0,07,000,00,2,2,15,A01
201200003347,0,07,000,06,0,1,14,A01
201200003348,0,07,000,00,2,1,13,A01
201200003348,0,07,000,00,2,1,01,B02
201200003349,0,07,000,13,0,1,14,A01
201200003350,0,07,000,02,0,8,01,A01
201200003351,0,07,000,00,1,1,01,A01
201200003352,0,07,000,01,1,1,02,A01
201200003353,0,31,000,16,0,1,14,A01
201200003354,0,07,000,06,0,3,14,A01
201200003355,0,07,000,08,0,9,01,A01
201200003356,0,07,000,13,0,3,14,A01
201200003357,0,30,000,00,2,1,17,B02
201200003357,2,07,000,00,2,3,15,A01
201200003358,0,17,000,00,2,3,02,A01
201200003358,0,15,000,00,2,2,02,B02
201200003358,0,15,000,00,2,6,02,C03
201200003359,0,07,000,00,2,1,01,B02
201200003359,0,02,000,00,2,5,01,A01
201200003360,0,07,000,00,2,2,17,A01
201200003360,0,01,000,00,2,4,13,B02
201200003361,0,10,000,00,1,5,04,A01
201200003362,0,17,000,03,0,2,01,A01
201200003363,0,07,000,02,0,3,01,A01
201200003364,0,07,000,08,0,8,13,A01
201200003365,0,07,000,00,2,7,13,A01
201200003365,0,07,000,00,2,1,01,B02
201200003366,0,17,000,00,2,6,02,A01
201200003366,0,07,000,00,2,1,01,B02
201200003367,0,07,000,00,2,1,01,A01
201200003367,0,07,000,00,2,3,16,B02
201200003368,0,10,000,13,0,2,01,A01
201200003369,0,07,000,01,0,2,14,A01
201200003370,0,10,000,00,2,1,01,A01
201200003370,0,14,000,00,2,6,20,B02
201200003371,0,17,000,00,2,8,13,A01
201200003371,0,07,000,00,2,7,01,B02
201200003372,0,07,000,00,1,2,01,A01
201200003373,0,10,000,02,0,2,14,A01
201200003374,0,07,000,00,2,1,13,A01
201200003374,0,07,000,00,2,1,01,B02
201200003375,0,33,000,02,0,9,01,A01
201200003376,0,07,000,02,0,1,13,A01
201200003377,0,02,000,06,0,1,13,A01
201200003378,0,07,000,00,1,2,01,A01
201200003379,0,15,000,00,1,2,01,A01
201200003380,0,07,000,08,0,8,14,A01
201200003381,0,07,000,00,1,6,20,A01
201200003382,0,07,000,00,2,1,01,A01
201200003382,0,07,000,00,2,1,01,B02
201200003382,0,07,000,00,2,1,19,C03
201200003383,0,07,000,00,2,1,01,A01
201200003383,0,07,000,00,2,8,19,B02
201200003384,0,07,000,13,0,3,13,A01
201200003385,0,07,000,00,9,2,01,B02
201200003385,0,01,000,00,2,1,15,A01
201200003386,0,14,000,00,2,2,13,A01
201200003386,0,07,000,00,2,1,01,B02
201200003387,0,17,000,00,2,4,01,A01
201200003387,0,10,000,00,2,1,01,B02
201200003388,0,07,000,00,2,1,21,A01
201200003388,0,07,000,00,2,3,19,B02
201200003389,0,07,000,02,0,2,01,A01
201200003390,0,33,000,00,1,1,05,A01
201200003391,0,07,000,02,0,1,01,A01
201200003392,0,07,000,06,0,1,14,A01
201200003393,0,07,000,00,2,3,13,A01
201200003393,0,14,000,00,2,3,21,B02
201200003394,0,07,000,00,2,1,01,A01
201200003394,0,07,000,00,2,2,15,B02
201200003395,0,07,000,02,0,3,01,A01
201200003396,0,07,000,00,2,8,15,A01
201200003396,0,33,000,00,2,2,17,B02
201200003397,0,07,000,00,2,9,21,A01
201200003398,0,07,000,00,1,2,01,A01
201200003399,0,36,000,00,0,1,17,A01
201200003400,0,07,000,13,0,1,14,A01
201200003401,0,07,000,00,1,2,01,A01
201200003402,0,07,000,00,1,1,01,A01
201200003403,0,10,000,13,0,9,01,A01
201200003404,0,07,000,00,2,3,11,A01
201200003404,0,17,000,00,2,3,01,B02
201200003405,0,39,000,00,2,1,01,B02
201200003405,0,07,000,00,4,7,01,A01
201200003406,0,07,000,02,0,8,01,A01
201200003407,0,01,000,00,2,1,19,B02
201200003407,0,07,000,00,9,8,01,A01
201200003408,0,07,000,00,2,3,01,B02
201200003408,0,07,000,00,2,3,13,A01
201200003409,0,31,000,10,0,1,01,A01
201200003410,0,30,000,08,0,1,14,A01
201200003411,0,07,000,00,2,3,09,A01
201200003411,0,31,000,00,2,7,02,B02
201200003412,0,07,000,00,2,3,15,A01
201200003412,0,33,000,00,2,1,17,B02
201200003413,0,33,000,00,2,1,02,C03
201200003413,0,33,000,00,2,4,02,A01
201200003413,0,33,000,00,2,4,02,B02
201200003414,0,07,000,00,2,3,13,A01
201200003414,0,01,000,00,2,1,01,B02
201200003415,0,07,000,02,0,1,00,A01
201200003416,0,07,000,00,0,3,01,A01
201200003416,0,01,000,00,0,1,15,B02
201200003417,0,07,000,06,0,1,01,A01
201200003418,0,07,000,00,2,5,01,A01
201200003418,0,01,000,00,2,1,01,B02
201200003419,0,01,000,00,2,8,02,B02
201200003419,1,07,000,00,2,7,17,A01
201200003420,0,07,000,16,0,1,01,A01
201200003421,0,07,000,00,2,1,00,B02
201200003421,0,07,000,00,2,7,00,A01
201200003422,0,03,000,06,0,2,01,A01
201200003423,0,07,000,06,0,2,14,A01
201200003424,0,14,000,00,2,3,01,B02
201200003424,0,10,000,00,2,3,13,A01