Num_Acc,senc,catv,occutc,obs,obsm,choc,manv,num_veh
201200003425,0,10,000,08,0,1,01,A01
201200003426,0,07,000,00,2,1,19,B02
201200003426,0,07,000,00,2,2,19,A01
201200003427,0,01,000,00,2,7,01,A01
201200003427,0,33,000,00,9,1,01,B02
201200003428,0,07,000,13,0,1,01,A01
201200003429,0,33,000,14,0,1,01,A01
201200003430,0,07,000,00,2,1,13,A01
201200003430,0,07,000,00,2,1,01,B02
201200003431,0,07,000,00,2,1,13,A01
201200003431,0,07,000,00,2,3,05,B02
201200003432,0,33,000,03,0,1,01,A01
201200003433,0,07,000,00,1,2,01,A01
201200003433,0,99,000,00,1,2,01,B02
201200003434,0,20,000,00,2,2,02,A01
201200003434,0,01,000,00,0,4,02,B02
201200003435,0,07,000,02,0,7,01,A01
201200003436,0,07,000,08,0,1,01,A01
201200003437,0,07,000,08,0,3,13,A01
201200003438,0,07,000,00,2,3,13,A01
201200003438,0,07,000,00,2,3,01,B02
201200003439,0,07,000,00,2,2,13,A01
201200003439,0,07,000,00,2,1,01,B02
201200003440,0,07,000,08,0,1,01,A01
201200003441,0,14,000,03,0,5,14,A01
201200003442,0,07,000,00,2,4,15,B02
201200003442,0,07,000,00,2,1,01,A01
201200003443,0,07,000,00,2,1,01,A01
201200003443,0,07,000,00,2,7,01,B02
201200003444,0,33,000,00,2,7,17,A01
201200003444,0,07,000,00,2,7,17,B02
201200003444,0,07,000,12,2,8,01,C03
201200003445,0,10,000,16,0,3,00,A01
201200003446,0,30,000,00,0,1,09,B02
201200003446,0,07,000,00,0,3,09,A01
201200003447,0,15,000,00,2,1,01,B02
201200003447,0,10,000,00,2,1,15,A01
201200003448,0,10,000,00,2,2,13,B02
201200003448,0,10,000,00,2,2,13,A01
201200003449,0,33,000,00,2,1,01,B02
201200003449,0,07,000,00,2,7,19,A01
201200003450,0,38,000,00,2,3,01,A01
201200003450,0,07,000,00,2,3,15,B02
201200003451,0,07,000,08,0,8,01,A01
201200003452,0,07,000,00,2,1,01,B02
201200003452,0,07,000,00,2,8,15,A01
201200003453,0,33,000,11,0,1,14,A01
201200003454,0,07,000,00,2,1,00,B02
201200003454,0,07,000,00,2,7,01,A01
201200003455,0,07,000,03,0,3,16,A01
201200003456,0,31,000,00,2,1,13,B02
201200003456,0,07,000,00,2,3,23,A01
201200003457,0,07,000,00,2,1,01,A01
201200003457,0,07,000,00,2,3,16,B02
201200003458,0,07,000,00,2,8,01,C03
201200003458,0,07,000,00,2,3,01,A01
201200003458,0,07,000,00,2,3,13,B02
201200003459,0,30,000,00,2,6,15,B02
201200003459,0,38,000,00,2,1,17,A01
201200003460,0,07,000,00,2,1,00,B02
201200003460,0,07,000,00,2,1,05,A01
201200003461,0,07,000,00,1,2,01,A01
201200003462,0,02,000,00,2,7,17,B02
201200003462,0,07,000,00,2,1,19,A01
201200003463,0,07,000,06,1,3,15,A01
201200003464,0,03,000,00,2,2,01,A01
201200003464,0,07,000,00,2,3,01,B02
201200003465,0,07,000,01,0,3,14,A01
201200003465,0,10,000,00,2,8,24,B02
201200003466,0,02,000,00,0,8,01,A01
201200003467,0,07,000,01,0,2,01,A01
201200003468,0,07,000,00,1,7,01,A01
201200003469,0,30,000,15,0,0,15,A01
201200003470,0,07,000,06,0,1,01,A01
201200003471,0,30,000,00,2,1,01,A01
201200003471,0,07,000,00,0,5,15,B02
201200003472,0,07,000,00,2,2,02,A01
201200003472,0,01,000,00,2,4,02,B02
201200003473,0,07,000,00,2,7,15,A01
201200003473,0,30,000,00,2,1,01,B02
201200003474,0,30,000,08,0,7,17,A01
201200003475,0,07,000,00,2,2,19,A01
201200003475,0,30,000,00,2,7,01,B02
201200003476,1,07,000,00,1,1,01,A01
201200003477,0,33,000,00,2,1,13,A01
201200003477,0,07,000,00,2,3,21,B02
201200003478,0,07,000,00,2,1,01,B02
201200003478,0,07,000,00,2,1,05,A01
201200003479,0,33,000,00,2,1,01,B02
201200003479,0,07,000,00,2,3,15,A01
201200003480,0,10,000,01,0,4,02,A01
201200003480,0,07,000,01,0,1,02,B02
201200003481,0,31,000,00,2,1,00,B02
201200003481,0,02,000,00,2,4,01,A01
201200003482,0,15,000,00,2,1,01,B02
201200003482,0,07,000,00,2,8,19,A01
201200003483,0,10,000,02,0,2,13,A01
201200003484,0,07,000,00,2,1,01,A01
201200003484,0,07,000,00,2,1,01,B02
201200003485,0,07,000,13,0,3,01,A01
201200003486,0,07,000,02,0,3,13,A01
201200003487,0,30,000,00,2,1,15,A01
201200003487,0,07,000,00,0,3,01,B02
201200003488,0,07,000,14,0,1,01,D04
201200003488,0,07,000,00,2,4,02,B02
201200003488,0,07,000,00,2,1,01,C03
201200003488,0,14,000,00,2,3,02,A01
201200003489,0,07,000,00,2,3,01,B02
201200003489,0,07,000,00,2,2,01,A01
201200003490,0,07,000,06,0,8,14,A01
201200003491,0,07,000,02,0,1,01,A01
201200003492,0,33,000,00,0,0,00,A01
201200003493,0,07,000,00,2,1,05,B02
201200003493,0,07,000,00,2,1,01,A01
201200003494,0,07,000,00,0,4,02,B02
201200003494,0,33,000,01,0,2,02,A01
201200003495,0,10,000,02,0,1,14,A01
201200003496,0,07,000,00,0,8,23,B02
201200003496,0,15,000,00,2,1,14,A01
201200003497,0,07,000,00,2,2,13,A01
201200003497,0,01,000,00,2,1,19,B02
201200003498,0,10,000,00,2,3,01,B02
201200003498,0,07,000,00,2,3,13,A01
201200003499,0,07,000,00,2,1,15,A01
201200003499,0,07,000,00,2,7,01,B02
201200003500,0,30,000,14,0,1,01,A01
201200003501,0,10,000,00,2,1,01,A01
201200003501,0,07,000,00,2,1,01,B02
201200003502,0,07,000,02,0,1,01,A01
201200003503,0,07,000,00,2,2,13,A01
201200003503,0,99,000,00,2,1,01,B02
201200003504,0,07,000,02,0,1,13,A01
201200003505,0,33,000,00,0,7,00,A01
201200003506,0,10,000,13,0,3,01,A01
201200003507,0,14,000,00,1,4,04,A01
201200003508,0,14,000,00,2,2,01,B02
201200003508,0,07,000,00,2,2,19,A01
201200003509,0,07,000,02,0,1,14,A01
201200003510,0,07,000,02,0,2,01,A01
201200003511,0,07,000,00,0,0,01,A01
201200003512,0,07,000,00,2,1,01,B02
201200003512,0,02,000,00,2,8,15,A01
201200003513,0,33,000,16,0,9,01,A01
201200003514,0,07,000,00,2,3,23,A01
201200003514,0,02,000,00,2,1,01,B02
201200003515,0,33,000,00,2,1,01,A01
201200003515,0,07,000,00,2,3,16,B02
201200003516,0,02,000,00,2,1,01,A01
201200003516,0,07,000,00,2,3,15,B02
201200003517,0,07,000,00,0,0,01,A01
201200003518,0,07,000,06,0,1,00,A01
201200003519,0,07,000,00,2,7,01,A01
201200003519,0,07,000,00,2,1,01,B02
201200003520,0,07,000,06,0,2,14,A01
201200003521,0,07,000,02,0,1,01,A01
201200003522,0,07,000,00,2,2,16,A01
201200003522,0,07,000,00,0,8,00,B02
201200003523,0,20,000,00,2,3,19,B02
201200003523,0,07,000,00,1,3,01,A01
201200003524,0,07,000,00,2,1,01,B02
201200003524,0,10,000,00,2,2,15,A01
201200003525,0,10,000,00,2,1,01,B02
201200003525,0,07,000,00,2,3,19,A01
201200003526,0,30,000,00,2,1,01,B02
201200003526,0,07,000,00,2,3,13,A01
201200003527,0,32,000,00,0,4,02,A01
201200003527,0,07,000,00,2,1,02,B02
201200003528,0,07,000,06,0,2,00,A01
201200003529,0,07,000,08,0,9,01,A01
201200003530,0,07,000,00,2,3,13,A01
201200003530,0,07,000,00,2,3,01,B02
201200003531,0,33,000,00,6,1,01,A01
201200003532,0,07,000,00,2,8,19,A01
201200003532,0,15,000,00,2,3,01,B02
201200003533,0,07,000,00,2,6,01,A01
201200003533,0,30,000,00,2,1,01,B02
201200003534,0,07,000,00,2,3,13,A01
201200003534,0,30,000,00,2,1,01,B02
201200003535,0,07,000,13,0,1,14,A01
201200003536,0,07,000,06,0,1,01,A01
201200003537,0,07,000,00,0,1,14,A01
201200003538,0,07,000,00,2,3,13,A01
201200003538,0,07,000,00,2,3,01,B02
201200003539,0,07,000,00,2,1,01,A01
201200003539,0,07,000,00,2,4,23,B02
201200003540,0,07,000,02,0,2,01,A01
201200003541,0,07,000,00,9,5,01,A01
201200003541,0,01,000,00,2,8,16,B02
201200003542,0,07,000,00,2,2,15,A01
201200003542,0,02,000,00,2,1,01,B02
201200003543,0,07,000,02,0,7,00,A01
201200003544,0,07,000,00,2,1,01,B02
201200003544,0,07,000,00,2,4,23,A01
201200003545,0,07,000,00,9,1,01,A01
201200003545,0,01,000,00,0,4,01,B02
201200003545,0,01,000,00,0,4,01,C03
201200003546,0,10,000,00,0,1,01,A01
201200003547,0,33,000,00,2,1,01,B02
201200003547,0,07,000,00,0,8,15,A01
201200003548,0,14,000,00,2,2,10,A01
201200003548,0,33,000,00,2,8,01,B02
201200003549,0,07,000,02,0,3,01,A01
201200003550,0,30,000,00,0,8,01,A01
201200003551,0,30,000,00,2,4,02,B02
201200003551,0,07,000,00,2,2,02,A01
201200003552,0,07,000,00,2,2,19,A01
201200003552,0,30,000,00,2,8,01,B02
201200003553,0,07,000,00,2,1,17,A01
201200003553,0,02,000,00,0,4,15,B02
201200003554,0,07,000,00,2,1,01,A01
201200003554,0,07,000,00,2,4,01,B02
201200003555,0,31,000,08,0,1,01,A01
201200003556,0,07,000,02,0,2,01,A01
201200003557,0,17,000,00,2,1,19,A01
201200003557,0,10,000,00,2,8,01,B02
201200003558,0,33,000,00,2,8,01,B02
201200003558,0,07,000,00,2,8,05,A01
201200003559,0,07,000,00,2,1,19,B02
201200003559,0,07,000,00,2,3,01,A01
201200003560,0,10,000,00,2,2,19,B02
201200003560,0,07,000,00,2,3,01,A01
201200003561,0,07,000,06,0,2,16,A01
201200003562,0,07,000,13,0,1,01,A01
201200003563,0,07,000,00,2,1,01,A01
201200003563,0,07,000,00,2,7,01,B02
201200003564,0,14,000,00,2,6,13,A01
201200003564,0,10,000,00,2,2,17,B02
201200003565,0,07,000,00,2,3,19,A01
201200003566,0,33,000,16,0,3,01,A01
201200003567,0,07,000,13,0,1,01,A01
201200003568,0,07,000,11,0,2,00,A01
201200003569,0,10,000,00,9,2,01,A01
201200003569,0,01,000,00,2,4,01,B02
201200003570,0,10,000,00,2,3,13,A01
201200003570,0,07,000,00,2,3,01,B02
201200003571,0,07,000,00,0,6,15,B02
201200003571,0,07,000,14,0,3,01,C03
201200003571,0,07,000,00,2,3,02,A01
201200003572,0,07,000,00,0,0,01,A01
201200003572,0,07,000,00,2,0,05,B02
201200003573,0,33,000,16,2,1,14,B02
201200003573,0,07,000,00,2,3,00,A01
201200003574,0,07,000,00,2,1,19,A01
201200003574,0,07,000,00,2,1,01,B02
201200003575,0,07,000,00,2,7,01,A01
201200003575,0,10,000,00,2,1,01,B02
201200003576,0,30,000,14,0,1,01,A01
201200003577,0,07,000,02,0,1,01,A01
201200003578,0,07,000,00,1,1,01,A01
201200003579,0,07,000,00,2,1,01,B02
201200003579,0,07,000,00,2,1,13,A01
201200003579,0,07,000,00,2,1,02,C03
201200003580,0,33,000,00,0,1,01,A01
201200003581,0,07,000,00,1,3,23,A01
201200003581,0,07,000,00,2,1,02,B02
201200003582,0,07,000,00,2,1,17,A01
201200003582,0,10,000,00,2,1,01,B02
201200003583,0,07,000,08,0,0,01,A01
201200003584,0,14,000,00,2,3,23,B02
201200003584,0,07,000,00,2,1,14,A01
201200003585,0,33,000,00,2,1,01,A01
201200003585,0,07,000,00,2,3,15,B02
201200003586,0,07,000,13,0,1,00,A01
201200003587,0,33,000,00,0,7,01,A01
201200003588,0,31,000,00,0,1,01,A01
201200003589,0,30,000,01,0,1,00,A01
201200003590,0,07,000,00,2,1,05,A01
201200003590,0,07,000,00,2,1,01,B02
201200003591,0,30,000,00,0,0,01,A01
201200003592,0,07,000,00,2,0,17,B02
201200003592,0,33,000,00,2,0,17,A01
201200003593,0,10,000,00,2,1,01,A01
201200003593,0,07,000,00,0,7,00,B02
201200003594,0,07,000,00,0,3,00,A01
201200003594,0,07,000,00,0,3,13,B02
201200003595,0,07,000,00,2,1,01,A01
201200003595,0,10,000,00,2,3,01,B02
201200003596,0,07,000,08,0,7,17,A01
201200003597,0,33,000,00,2,1,02,B02
201200003597,0,07,000,00,2,1,15,A01
201200003598,0,17,000,00,2,1,01,B02
201200003598,0,07,000,00,2,5,01,A01
201200003599,0,07,000,02,0,9,00,A01
201200003600,0,07,000,00,0,4,23,B02
201200003600,0,07,000,00,2,1,01,C03
201200003600,0,07,000,00,2,1,02,A01
201200003601,0,07,000,00,2,1,19,D04
201200003601,0,33,000,03,0,7,01,C03
201200003601,0,33,000,00,2,1,01,B02
201200003601,0,07,000,00,2,7,01,A01
201200003602,0,07,000,13,0,2,01,A01
201200003603,0,02,000,00,2,1,02,B02
201200003603,0,07,000,00,2,3,02,A01
201200003604,0,33,000,00,2,1,02,A01
201200003604,0,07,000,00,2,6,15,B02
201200003605,0,30,000,00,2,7,19,B02
201200003605,0,07,000,00,2,1,01,A01
201200003606,0,07,000,00,2,8,01,B02
201200003606,0,07,000,00,2,1,19,A01
201200003607,0,07,000,06,0,7,14,A01
201200003608,0,07,000,00,2,8,19,B02
201200003608,0,02,000,00,2,1,01,A01
201200003609,0,33,000,00,2,1,01,B02
201200003609,0,07,000,00,2,7,15,A01
201200003610,0,07,000,02,0,3,01,A01
201200003611,0,07,000,00,2,3,09,A01
201200003611,0,02,000,00,2,1,01,B02
201200003612,0,07,000,00,2,1,01,A01
201200003612,0,07,000,00,2,2,01,B02
201200003613,0,07,000,00,2,5,15,B02
201200003613,0,17,000,00,2,3,01,C03
201200003613,0,17,000,00,2,3,01,A01
201200003614,0,02,000,00,2,2,15,A01
201200003614,0,07,000,00,2,1,01,B02
201200003615,0,01,000,00,2,8,19,B02
201200003615,0,07,000,00,2,1,01,A01
201200003616,0,10,000,00,2,1,01,B02
201200003616,0,07,000,00,2,1,13,A01
201200003617,0,07,000,00,2,1,01,B02
201200003617,0,07,000,00,2,3,13,A01
201200003618,0,07,000,00,2,3,13,B02
201200003618,0,30,000,00,2,1,13,A01
201200003619,0,07,000,02,0,8,21,A01
201200003620,0,02,000,00,2,1,01,B02
201200003620,0,07,000,00,2,2,15,A01
201200003621,0,30,000,12,0,0,01,A01
201200003622,0,02,000,00,0,0,01,A01
201200003623,0,07,000,00,1,1,01,A01
201200003624,0,07,000,13,0,3,13,A01
201200003625,0,07,000,00,2,1,13,A01
201200003625,0,17,000,00,2,3,01,B02
201200003626,0,07,000,06,0,1,00,A01
201200003627,0,07,000,00,2,2,15,A01
201200003627,0,33,000,00,2,1,01,B02
201200003628,0,02,000,00,2,8,19,B02
201200003628,0,07,000,00,9,2,01,A01
201200003629,0,07,000,00,2,1,01,B02
201200003629,0,07,000,08,2,5,13,A01
201200003630,0,10,000,03,0,3,01,A01
201200003631,0,07,000,00,2,3,01,B02
201200003631,0,07,000,00,2,3,01,A01
201200003632,0,07,000,00,2,3,01,A01
201200003632,0,07,000,00,2,3,13,B02
201200003633,0,07,000,00,2,3,09,B02
201200003633,0,07,000,00,2,1,01,A01
201200003634,0,07,000,00,2,3,01,A01
201200003634,0,07,000,00,2,7,01,B02
201200003635,0,07,000,00,2,3,01,B02
201200003635,0,07,000,00,2,3,13,A01
201200003636,0,07,000,00,2,7,13,A01
201200003636,0,07,000,00,2,1,01,B02
201200003637,0,10,000,13,0,3,01,A01
201200003638,0,07,000,00,0,0,15,A01
201200003638,0,30,000,09,0,3,21,B02
201200003639,0,07,000,00,0,1,01,B02
201200003639,0,07,000,00,0,8,19,A01
201200003640,0,02,000,00,2,8,19,B02
201200003640,0,07,000,00,2,2,01,A01
201200003641,0,07,000,00,2,1,19,B02
201200003641,0,07,000,00,2,7,01,A01
201200003642,0,07,000,02,0,7,01,A01
201200003643,0,21,000,00,2,0,15,B02
201200003643,0,33,000,00,2,3,13,A01
201200003644,0,07,000,10,0,1,14,A01
201200003645,0,07,000,00,1,7,01,A01
201200003646,0,07,000,00,1,5,01,A01
201200003647,0,01,000,00,2,1,01,B02
201200003647,0,07,000,00,9,2,15,A01
201200003648,0,10,000,00,2,3,01,B02
201200003648,0,02,000,00,2,1,01,A01
201200003649,0,07,000,00,2,2,02,A01
201200003649,0,07,000,00,2,3,00,B02
201200003649,0,07,000,00,2,1,00,C03
201200003649,0,07,000,00,2,4,00,D04
201200003650,0,07,000,00,2,1,13,A01
201200003650,0,07,000,00,2,1,01,B02
201200003651,0,07,000,13,0,3,13,A01
201200003652,0,10,000,00,0,1,01,A01
201200003653,0,21,000,00,0,9,01,A01
201200003654,0,07,000,00,2,8,10,B02
201200003654,0,10,000,00,2,1,01,A01
201200003655,0,07,000,00,2,3,01,B02
201200003655,0,02,000,00,2,1,01,A01
201200003656,0,30,000,12,0,1,01,A01
201200003657,0,07,000,02,0,9,01,A01
201200003658,0,21,000,00,2,1,15,B02
201200003658,0,33,000,00,2,1,17,A01
201200003659,0,15,000,00,2,3,01,A01
201200003659,0,07,000,00,2,1,13,B02
201200003660,0,07,000,08,0,5,01,A01
201200003661,0,07,000,07,0,1,01,A01
201200003662,0,33,000,00,2,8,13,A01
201200003662,0,07,000,00,2,8,15,B01
201200003663,0,07,000,08,2,8,13,A01
201200003663,0,07,000,00,2,5,01,B01
201200003663,0,07,000,00,2,8,21,C01
201200003664,0,07,000,00,1,3,01,A01
201200003665,0,17,000,00,2,3,01,B02
201200003665,0,07,000,00,2,7,01,A01
201200003666,0,33,000,00,1,1,02,A01
201200003667,0,30,000,00,2,7,16,A01
201200003667,0,07,000,00,2,3,01,B01
201200003668,0,07,000,06,0,1,19,A01
201200003669,0,07,000,00,2,1,01,B02
201200003669,0,07,000,00,2,3,13,A01
201200003670,0,10,000,00,2,1,01,B02
201200003670,0,07,000,00,2,1,17,A01
201200003671,0,07,000,10,0,1,01,A01
201200003672,0,07,000,00,2,1,21,B02
201200003672,0,07,000,00,2,8,13,A01
201200003673,0,10,000,00,9,2,02,A01
201200003673,0,01,000,00,2,4,02,B02
201200003674,0,07,000,13,0,0,00,A01
201200003675,0,10,000,02,1,2,21,A01
201200003676,0,07,000,00,2,1,05,A01
201200003676,0,17,000,00,2,1,01,B02
201200003677,0,10,000,00,2,7,01,A01
201200003677,0,07,000,00,2,3,01,B02
201200003678,0,07,000,08,0,3,01,A01
201200003679,0,33,000,00,2,1,02,A01
201200003679,0,33,000,00,0,4,23,B01
201200003680,0,33,000,02,0,1,01,A01
201200003681,0,07,000,00,2,3,13,A01
201200003681,0,07,000,00,2,3,01,B02
201200003682,0,07,000,13,0,2,01,A01
201200003683,0,33,000,00,2,1,13,A01
201200003683,0,21,000,00,2,3,01,B02
201200003684,0,07,000,06,0,2,01,A01
201200003685,0,02,000,00,2,1,13,A01
201200003685,0,10,000,00,2,3,21,B02
201200003686,0,17,000,00,2,1,01,B01
201200003686,0,30,000,00,2,1,13,A01
201200003687,0,07,000,02,0,3,01,A01
201200003688,0,10,000,13,0,3,01,A01
201200003689,0,02,000,13,0,1,01,A01
201200003690,0,07,000,00,2,4,01,C01
201200003690,0,07,000,00,2,3,13,A01
201200003690,0,37,043,00,2,3,01,B01
201200003691,0,07,000,00,2,3,15,B01
201200003691,0,07,000,00,2,1,01,A01
201200003692,0,07,000,00,1,6,04,A01
201200003693,0,07,000,00,2,1,01,A01
201200003693,0,07,000,00,2,1,15,B01
201200003694,0,07,000,00,2,8,15,A01
201200003694,0,07,000,00,2,1,01,B01
201200003695,0,07,000,00,2,3,13,A01
201200003695,0,07,000,00,2,3,01,B02
201200003695,0,07,000,00,2,1,01,C03
201200003696,0,07,000,00,2,3,13,A01
201200003696,0,07,000,00,2,3,01,B01
201200003697,0,15,000,00,0,5,01,A01
201200003697,0,99,000,00,0,3,19,B01
201200003698,0,07,000,02,0,1,01,A01
201200003699,0,07,000,00,0,7,13,A01
201200003699,0,07,000,00,2,1,01,B01
201200003700,0,07,000,03,2,1,13,A01
201200003700,0,10,000,00,2,2,01,B01
201200003701,0,31,000,00,0,1,01,B01
201200003701,0,10,000,00,0,0,15,A01
201200003702,0,07,000,13,0,1,01,A01
201200003703,0,07,000,00,2,8,13,A01
201200003703,0,07,000,00,2,1,01,B01
201200003704,0,10,000,00,2,3,15,B01
201200003704,0,07,000,00,2,8,17,A01
201200003705,0,15,000,00,2,1,15,B01
201200003705,0,07,000,00,2,3,01,A01
201200003706,0,07,000,03,2,8,01,A01
201200003706,0,07,000,00,2,1,21,B02
201200003707,0,07,000,00,2,3,13,A01
201200003707,0,07,000,00,0,3,00,B01
201200003708,0,10,000,00,2,1,13,A01
201200003708,0,07,000,00,2,1,01,B02
201200003709,0,07,000,02,0,1,13,A01
201200003710,0,07,000,00,2,1,13,A01
201200003710,0,07,000,00,2,1,01,B01
201200003711,0,17,000,08,0,9,14,A01
201200003712,0,10,000,01,1,2,01,A01
201200003712,0,07,000,00,0,8,24,B01
201200003713,0,07,000,08,0,1,01,A01
201200003714,0,07,000,02,0,1,01,A01
201200003715,0,07,000,00,2,7,13,B01
201200003715,0,14,000,00,2,1,01,A01
201200003716,0,07,000,00,0,0,01,A01
201200003717,0,10,000,00,2,3,01,B01
201200003717,0,07,000,00,2,3,01,A01
201200003718,0,30,000,00,0,7,01,A01
201200003719,0,07,000,00,2,3,15,A01
201200003719,0,30,000,00,2,7,17,B01
201200003720,0,07,000,00,2,1,23,B01
201200003720,0,32,000,00,2,0,01,A01
201200003721,0,07,000,00,2,3,02,C01
201200003721,0,10,000,00,2,8,05,B01
201200003721,0,07,000,00,2,2,05,A01
201200003722,0,07,000,16,0,1,01,A01
201200003723,0,07,000,05,0,1,01,A01
201200003724,0,07,000,16,0,9,01,A01
201200003725,0,07,000,13,0,7,01,A01
201200003726,0,07,000,00,1,1,01,A01
201200003727,0,07,000,02,0,3,01,A01
201200003728,0,07,000,02,0,8,01,A01
201200003729,0,33,000,00,6,1,01,A01
201200003730,0,07,000,06,0,1,01,A01
201200003731,0,07,000,00,2,8,01,B01
201200003731,0,07,000,00,2,3,01,C01
201200003731,0,10,000,00,2,3,01,A01
201200003732,0,07,000,00,2,3,15,A01
201200003732,0,36,000,00,2,3,01,B01
201200003733,0,07,000,15,0,1,01,A01
201200003734,0,07,000,00,2,3,01,A01
201200003734,0,07,000,00,2,3,01,B01
201200003735,0,07,000,02,0,1,14,A01
201200003736,0,31,000,00,2,2,17,A01
201200003736,0,07,000,00,2,3,15,B01
201200003737,0,07,000,00,2,1,01,B01
201200003737,0,02,000,00,2,8,19,A01
201200003738,0,30,000,00,2,7,01,B01
201200003738,0,30,000,00,2,1,13,A01
201200003739,0,07,000,13,0,1,13,A01
201200003740,0,07,000,00,2,1,13,A01
201200003740,0,07,000,00,2,1,02,B01
201200003741,0,07,000,00,2,3,01,A01
201200003741,0,07,000,00,2,3,01,B01
201200003742,0,02,000,00,2,1,01,B02
201200003742,0,36,000,00,2,8,15,A01
201200003743,0,10,000,02,0,3,01,A01
201200003744,0,36,000,13,0,2,00,A01
201200003745,0,07,000,02,0,8,01,A01
201200003746,0,33,000,00,0,1,01,A01
201200003747,0,07,000,02,0,3,01,A01
201200003748,0,02,000,00,2,1,13,A01
201200003748,0,07,000,00,2,3,01,B02
201200003749,0,07,000,00,2,8,01,A01
201200003749,0,07,000,00,2,8,16,B02
201200003750,0,07,000,06,0,1,01,A01
201200003751,0,07,000,15,0,2,01,A01
201200003752,0,02,000,00,0,1,00,A01
201200003753,0,07,000,00,2,8,01,A01
201200003753,0,14,000,00,2,2,01,B02
201200003754,0,07,000,00,2,3,05,A01
201200003754,0,07,000,00,2,3,17,B02
201200003754,0,99,000,00,2,8,01,C03
201200003755,0,33,000,00,0,0,01,A01
201200003756,0,33,000,03,0,8,13,A01
201200003757,0,07,000,00,0,1,01,A01
201200003757,0,01,000,00,0,1,01,B02
201200003758,0,07,000,00,2,1,15,A01
201200003758,0,33,000,00,2,1,01,B02
201200003759,0,30,000,03,0,1,01,A01
201200003760,0,30,000,00,2,1,13,A01
201200003760,0,10,000,00,2,1,01,B02
201200003761,0,07,000,08,0,1,01,A01
201200003762,0,07,000,06,0,2,01,A01
201200003763,0,07,000,00,1,2,01,A01
201200003764,0,07,000,10,0,1,01,A01
201200003765,0,33,000,03,0,3,01,A01
201200003766,0,07,000,00,2,1,13,A01
201200003766,0,07,000,00,2,1,01,B02
201200003767,0,14,000,02,0,2,01,A01
201200003768,0,07,000,00,2,8,15,A01
201200003768,0,10,000,00,2,1,01,B02
201200003769,0,13,000,00,2,5,15,A01
201200003769,0,07,000,00,2,2,01,B02
201200003770,0,07,000,00,2,1,05,A01
201200003770,0,07,000,00,2,1,01,B02
201200003771,0,07,000,00,2,1,01,A01
201200003771,0,07,000,00,2,1,01,B02
201200003772,0,14,000,00,2,2,19,A01
201200003772,0,07,000,00,2,8,01,B02
201200003773,0,07,000,00,1,1,01,A01
201200003774,0,07,000,02,0,8,01,A01
201200003775,0,07,000,02,0,2,01,A01
201200003776,0,07,000,00,9,2,19,B02
201200003776,0,01,000,00,2,1,01,A01
201200003777,0,33,000,00,0,1,01,A01
201200003778,0,30,000,13,0,1,01,A01
201200003779,0,07,000,00,2,3,01,B02
201200003779,0,10,000,00,2,1,13,A01
201200003780,0,30,000,02,0,1,01,A01
201200003781,0,07,000,00,2,1,15,A01
201200003781,0,30,000,00,2,1,01,B02
201200003782,0,07,000,00,2,3,17,A01
201200003782,0,30,000,00,2,1,01,B02
201200003783,1,07,000,00,9,3,13,A01
201200003783,0,01,000,13,2,3,01,B02
201200003784,0,07,000,00,1,3,01,A01
201200003785,0,10,000,00,0,0,01,A01
201200003785,0,31,000,00,0,0,01,B02
201200003786,0,10,000,00,1,4,04,A01
201200003787,1,10,000,00,2,7,01,A01
201200003787,0,01,000,00,0,8,01,B02
201200003788,0,07,000,00,2,1,00,B02
201200003788,0,07,000,00,2,1,00,A01
201200003789,0,07,000,00,2,7,01,B02
201200003789,0,33,000,06,2,5,01,A01
201200003790,0,07,000,00,2,5,15,A01
201200003790,0,02,000,00,2,1,01,B02
201200003791,0,07,000,00,2,1,15,A01
201200003791,0,33,000,00,2,1,01,B02
201200003792,0,01,000,00,2,1,19,B02
201200003792,0,07,000,00,9,1,01,A01
201200003793,0,33,000,03,0,2,01,A01
201200003794,0,33,000,00,2,1,01,B02
201200003794,0,07,000,00,2,2,15,A01
201200003795,0,01,000,00,2,8,19,B02
201200003795,0,07,000,00,9,1,01,A01
201200003796,0,30,000,00,0,4,01,A01
201200003796,0,07,000,00,0,2,01,B02
201200003797,0,07,000,00,2,3,01,B02
201200003797,0,33,000,00,2,1,17,A01
201200003798,0,10,000,02,0,7,13,A01
201200003799,0,07,000,00,2,1,01,B02
201200003799,0,07,000,00,2,8,13,A01
201200003800,0,01,000,00,2,3,01,B02
201200003800,0,07,000,00,2,7,17,A01
201200003801,0,07,000,00,2,1,01,B02
201200003801,0,02,000,00,2,0,01,A01
201200003802,0,10,000,00,0,4,15,A01
201200003802,0,30,000,00,0,1,00,B02
201200003803,0,07,000,00,2,8,01,B02
201200003803,0,07,000,00,2,1,01,C03
201200003803,0,30,000,00,2,1,13,A01
201200003804,0,33,000,00,2,1,01,A01
201200003804,0,07,000,00,2,8,19,B02
201200003805,0,33,000,00,2,1,01,A01
201200003805,0,07,000,00,2,7,19,B02
201200003806,0,10,000,08,0,2,01,A01
201200003807,0,33,000,11,0,1,01,A01
201200003808,0,10,000,00,2,7,02,A01
201200003808,0,01,000,00,2,8,02,B02
201200003809,0,07,000,00,1,3,01,A01
201200003810,0,10,000,00,1,7,01,A01
201200003811,0,07,000,00,2,7,16,B02
201200003811,0,33,000,00,2,8,01,A01