Num_Acc,senc,catv,occutc,obs,obsm,choc,manv,num_veh
201200004999,0,07,000,13,0,8,14,A01
201200005000,0,07,000,04,0,2,01,A01
201200005001,0,07,000,00,2,7,15,A01
201200005001,0,33,000,00,2,1,02,B02
201200005002,0,07,000,00,1,1,01,A01
201200005003,0,01,000,00,2,3,00,B02
201200005003,0,07,000,00,2,2,01,A01
201200005004,0,07,000,00,0,6,15,A01
201200005004,0,34,000,00,2,1,17,B02
201200005005,0,07,000,00,2,7,19,A01
201200005005,0,07,000,00,2,1,01,B02
201200005006,0,07,000,00,0,5,15,A01
201200005006,0,07,000,00,2,1,01,B02
201200005007,0,02,000,00,2,3,13,B02
201200005007,0,07,000,00,2,7,17,A01
201200005008,0,07,000,02,0,3,01,A01
201200005009,0,14,000,08,0,1,01,A01
201200005010,1,07,000,00,1,4,21,A01
201200005011,0,07,000,00,2,2,19,A01
201200005011,0,07,000,00,2,5,21,B02
201200005012,0,07,000,02,0,9,00,A01
201200005013,0,07,000,00,2,2,15,A01
201200005013,0,02,000,00,2,1,01,B02
201200005014,0,33,000,00,2,1,01,B02
201200005014,0,07,000,00,2,3,19,A01
201200005015,0,07,000,06,0,1,01,A01
201200005016,0,31,000,00,2,1,01,A01
201200005016,0,07,000,00,2,3,16,B02
201200005017,0,20,000,00,1,0,01,A01
201200005018,0,07,000,00,1,1,01,A01
201200005019,0,33,000,00,2,8,18,A01
201200005019,0,07,000,00,2,2,16,B01
201200005020,0,07,000,00,2,1,09,B01
201200005020,0,02,000,00,2,7,17,A01
201200005021,0,07,000,00,2,1,13,A01
201200005021,0,07,000,00,2,1,01,B01
201200005022,0,02,000,01,2,1,01,B01
201200005022,0,07,000,00,2,2,15,A01
201200005023,0,07,000,00,1,3,01,A01
201200005024,0,07,000,00,1,2,01,A01
201200005025,0,07,000,00,1,1,01,A01
201200005026,0,07,000,00,1,3,15,A01
201200005027,0,33,000,00,2,1,01,B01
201200005027,0,07,000,00,2,5,15,A01
201200005028,0,17,000,00,2,5,23,B01
201200005028,0,02,000,00,2,1,01,A01
201200005029,0,02,000,00,2,1,01,A01
201200005029,0,07,000,00,2,4,23,B01
201200005030,0,01,000,00,2,1,15,A01
201200005030,0,07,000,00,2,2,01,B01
201200005031,0,01,000,00,2,6,01,B01
201200005031,0,07,000,00,2,3,15,A01
201200005032,0,07,000,00,1,4,04,A01
201200005033,0,07,000,00,1,1,01,A01
201200005034,0,07,000,00,1,1,15,A01
201200005035,0,07,000,11,0,9,13,A01
201200005036,0,07,000,00,1,2,01,A01
201200005037,0,07,000,00,1,3,01,A01
201200005038,0,07,000,00,0,0,13,A01
201200005039,0,07,000,00,2,7,13,A01
201200005039,0,07,000,00,2,2,01,B02
201200005040,0,07,000,10,0,1,01,A01
201200005041,0,33,000,00,2,1,13,A01
201200005041,0,33,000,14,0,7,01,C03
201200005041,0,07,000,00,2,1,01,B02
201200005042,0,33,000,16,0,1,00,A01
201200005043,0,10,000,00,2,6,17,A01
201200005043,0,33,000,00,2,1,17,B02
201200005044,0,10,000,16,0,9,01,A01
201200005045,0,07,000,00,2,3,01,B02
201200005045,0,07,000,00,2,3,01,A01
201200005046,0,07,000,00,2,5,01,B02
201200005046,0,10,000,00,2,1,01,A01
201200005047,0,07,000,00,2,8,15,A01
201200005047,0,01,000,00,2,4,15,B02
201200005048,0,07,000,00,2,5,01,B02
201200005048,0,02,000,00,2,1,02,A01
201200005049,0,07,000,00,2,8,19,A01
201200005049,0,07,000,00,2,1,01,B02
201200005050,0,30,000,00,2,1,13,A01
201200005050,0,07,000,00,2,8,01,B02
201200005051,0,30,000,00,0,1,01,A01
201200005051,0,16,000,00,0,3,01,B02
201200005052,0,10,000,06,0,1,01,A01
201200005053,0,30,000,00,9,0,18,A01
201200005053,0,21,000,00,0,5,15,B02
201200005054,0,07,000,00,2,3,01,A01
201200005054,0,07,000,00,2,1,01,B02
201200005055,0,07,000,00,2,3,21,B02
201200005055,0,02,000,00,2,1,13,A01
201200005056,0,07,000,09,0,1,01,A01
201200005057,0,07,000,00,2,1,01,C03
201200005057,0,07,000,00,2,4,01,A01
201200005057,0,07,000,00,2,4,01,B02
201200005058,0,07,000,00,2,2,01,B02
201200005058,0,07,000,00,2,3,01,A01
201200005059,0,33,000,00,2,1,01,A01
201200005059,0,07,000,00,2,3,01,B02
201200005060,0,07,000,02,0,3,13,A01
201200005061,0,07,000,00,2,3,13,A01
201200005061,0,10,000,00,2,3,01,B02
201200005062,0,07,000,02,0,2,01,A01
201200005063,0,02,000,00,2,4,01,B02
201200005063,0,07,000,00,2,4,01,A01
201200005064,0,07,000,00,2,3,01,B02
201200005064,0,07,000,00,2,1,13,A01
201200005065,0,07,000,00,2,7,13,A01
201200005065,0,07,000,00,2,3,01,B02
201200005066,0,07,000,00,2,3,13,A01
201200005066,0,07,000,00,2,3,01,B02
201200005067,0,07,000,00,9,2,15,A01
201200005067,0,01,000,00,2,2,01,B02
201200005068,0,07,000,00,2,1,01,A01
201200005068,0,17,000,00,2,7,15,B02
201200005069,0,10,000,00,2,3,01,B02
201200005069,0,31,000,00,2,1,13,A01
201200005070,0,07,000,00,2,1,02,A01
201200005070,0,07,000,00,0,4,02,B02
201200005071,0,07,000,00,2,1,13,A01
201200005071,0,07,000,00,2,2,21,C03
201200005071,0,07,000,00,2,1,01,B02
201200005072,0,07,000,00,1,2,01,A01
201200005073,0,07,000,00,2,8,13,A01
201200005073,0,10,000,00,2,8,02,B02
201200005073,0,13,000,00,2,3,02,C03
201200005074,0,07,000,03,0,1,01,A01
201200005075,0,14,000,00,1,1,01,A01
201200005076,0,07,000,13,0,0,01,A01
201200005077,0,07,000,00,2,7,15,A01
201200005077,0,02,000,00,2,1,01,B02
201200005078,0,07,000,16,0,1,01,A01
201200005079,0,33,000,00,2,1,02,A01
201200005079,0,07,000,00,0,8,15,B02
201200005080,0,07,000,09,2,3,01,C03
201200005080,0,15,000,00,2,3,01,B02
201200005080,0,07,000,00,2,3,13,A01
201200005081,0,07,000,01,0,3,01,A01
201200005082,0,07,000,00,2,3,13,A01
201200005082,0,07,000,00,2,3,01,B02
201200005083,0,07,000,00,1,0,02,A01
201200005084,0,30,000,00,2,1,01,B01
201200005084,0,07,000,00,2,1,15,A01
201200005085,0,07,000,00,1,1,01,A01
201200005086,0,07,000,00,1,4,04,A01
201200005087,0,07,000,00,1,2,01,A01
201200005088,0,30,000,00,0,0,01,A01
201200005089,0,10,000,01,0,6,23,A01
201200005089,0,07,000,01,0,2,02,B01
201200005090,0,07,000,01,0,6,14,A01
201200005091,0,07,000,00,1,1,20,A01
201200005092,0,30,000,00,0,1,02,A01
201200005093,0,07,000,00,2,4,02,B01
201200005093,0,07,000,00,2,1,02,A01
201200005094,0,07,000,00,2,4,02,B01
201200005094,1,07,000,00,2,2,09,A01
201200005095,0,33,000,00,0,0,01,A01
201200005096,1,10,000,00,0,0,00,A01
201200005096,0,01,000,00,2,0,01,B01
201200005097,0,07,000,00,2,1,02,A01
201200005097,0,10,000,00,2,3,23,C01
201200005097,0,10,000,00,2,4,02,B01
201200005098,0,01,000,00,1,1,01,A01
201200005099,0,31,000,01,2,1,01,B01
201200005099,0,07,000,00,2,3,09,A01
201200005100,0,07,000,00,2,8,15,B01
201200005100,0,02,000,00,2,1,17,A01
201200005101,0,07,000,08,0,9,01,A01
201200005102,0,07,000,00,2,2,01,B01
201200005102,0,32,000,00,2,1,16,A01
201200005103,0,30,000,00,2,8,17,A01
201200005103,0,07,000,00,0,8,15,B01
201200005104,0,31,000,00,0,0,00,A01
201200005105,0,10,000,03,0,1,13,A01
201200005106,0,07,000,00,2,8,09,A01
201200005106,0,07,000,00,0,1,01,B01
201200005107,0,07,000,00,2,3,01,B01
201200005107,0,07,000,00,2,2,01,A01
201200005108,0,07,000,00,1,0,20,A01
201200005109,0,07,000,00,2,3,20,B01
201200005109,0,30,000,00,2,1,01,A01
201200005110,0,07,000,00,2,5,01,A01
201200005110,0,07,000,00,2,1,16,B01
201200005111,0,07,000,06,0,9,14,A01
201200005112,0,33,000,00,2,0,01,B01
201200005112,0,10,000,00,2,1,09,A01
201200005113,0,30,000,12,0,0,14,A01
201200005114,0,01,000,00,2,0,01,B01
201200005114,0,07,000,00,2,3,09,A01
201200005115,0,07,000,00,0,1,01,B01
201200005115,0,07,000,00,2,2,13,A01
201200005116,0,33,000,03,0,3,13,A01
201200005117,0,33,000,00,2,1,13,A01
201200005117,0,33,000,00,2,4,02,B01
201200005118,0,07,000,00,1,2,01,A01
201200005119,0,07,000,03,2,3,01,B01
201200005119,0,07,000,03,2,1,13,A01
201200005120,0,35,000,00,2,8,01,B01
201200005120,1,07,000,00,2,2,00,A01
201200005121,0,33,000,00,2,1,01,A01
201200005121,0,07,000,00,2,4,15,B01
201200005122,1,31,000,00,1,1,01,A01
201200005123,0,07,000,00,1,8,01,A01
201200005124,0,07,000,07,2,2,01,A01
201200005124,0,07,000,00,2,8,01,B01
201200005125,0,02,000,11,0,1,01,A01
201200005126,0,33,000,00,0,0,01,A01
201200005127,0,07,000,02,0,1,14,A01
201200005128,0,07,000,00,2,0,16,A01
201200005128,0,01,000,00,2,0,15,B01
201200005129,0,07,000,00,1,1,15,A01
201200005130,0,07,000,00,2,1,01,A01
201200005130,0,07,000,00,2,8,15,B01
201200005131,0,07,000,00,1,4,04,A01
201200005132,0,07,000,00,1,0,15,A01
201200005133,0,07,000,00,2,1,01,B01
201200005133,0,01,000,00,2,0,15,A01
201200005134,0,33,000,03,0,0,17,A01
201200005135,0,07,000,00,1,1,00,A01
201200005136,0,10,000,13,0,1,14,A01
201200005137,0,02,000,00,2,1,05,A01
201200005137,0,07,000,00,2,2,15,B01
201200005138,0,10,000,00,1,1,01,A01
201200005139,0,07,000,00,2,1,02,A01
201200005139,0,07,000,00,2,4,02,B01
201200005140,0,07,000,00,2,1,15,A01
201200005140,0,07,000,00,2,2,01,B01
201200005141,0,02,000,00,0,0,01,A01
201200005142,0,33,000,00,2,4,00,B01
201200005142,0,07,000,00,2,1,02,A01
201200005143,0,07,000,00,1,1,01,A01
201200005144,0,13,000,00,2,3,01,B01
201200005144,0,07,000,00,2,8,15,A01
201200005145,0,07,000,08,0,0,01,A01
201200005146,0,07,000,00,1,1,02,A01
201200005147,0,07,000,00,1,2,09,A01
201200005148,0,07,000,00,2,1,01,B01
201200005148,0,07,000,00,2,8,20,A01
201200005149,0,07,000,00,1,2,09,A01
201200005150,0,07,000,00,1,1,15,A01
201200005151,0,07,000,00,1,3,15,A01
201200005152,1,10,000,00,1,0,00,A01
201200005153,0,07,000,00,1,1,01,A01
201200005154,0,32,000,00,2,0,01,B01
201200005154,0,07,000,00,2,0,09,A01
201200005155,0,07,000,00,2,0,09,A01
201200005155,0,07,000,00,2,0,01,B01
201200005156,0,07,000,15,0,0,14,A01
201200005157,0,07,000,00,1,1,01,A01
201200005158,0,07,000,08,0,3,00,A01
201200005159,0,30,000,00,2,1,01,B02
201200005159,0,07,000,00,2,7,15,A01
201200005160,0,07,000,00,2,1,01,A01
201200005160,0,01,000,00,2,1,01,B02
201200005161,0,07,000,12,0,2,14,A01
201200005162,0,07,000,00,0,0,13,A01
201200005162,0,01,000,00,0,0,01,B02
201200005163,0,30,000,00,0,0,01,A01
201200005164,0,07,000,00,2,2,01,A01
201200005164,0,07,000,00,2,3,09,B02
201200005164,0,07,000,00,2,4,23,C03
201200005165,0,07,000,00,1,1,01,A01
201200005166,0,07,000,00,1,3,01,A01
201200005167,0,07,000,00,1,3,02,A01
201200005168,0,07,000,13,0,2,01,A01
201200005169,0,07,000,13,0,2,14,A01
201200005170,0,07,000,02,0,8,14,A01
201200005171,0,21,000,00,2,5,16,B02
201200005171,0,33,000,00,2,1,18,A01
201200005172,0,07,000,00,2,3,13,A01
201200005172,0,01,000,00,2,1,01,B02
201200005173,0,10,000,00,1,7,12,A01
201200005174,0,07,000,00,2,1,09,B02
201200005174,0,07,000,00,2,1,17,A01
201200005175,0,07,000,01,2,3,01,B02
201200005175,0,03,000,00,2,1,15,A01
201200005175,0,15,000,00,2,3,23,C03
201200005176,0,07,000,00,0,9,13,A01
201200005177,0,07,000,16,0,1,01,A01
201200005178,0,07,000,00,2,1,21,B02
201200005178,0,07,000,00,2,1,13,A01
201200005179,0,31,000,00,2,1,01,A01
201200005179,0,07,000,00,2,3,15,B02
201200005180,0,07,000,00,2,2,01,A01
201200005180,0,07,000,08,2,1,01,B02
201200005181,0,33,000,00,6,1,01,A01
201200005182,0,33,000,05,0,1,01,A01
201200005183,0,33,000,06,0,8,01,A01
201200005184,0,07,000,06,0,1,01,A01
201200005185,0,07,000,00,2,3,01,B02
201200005185,0,30,000,00,2,1,13,A01
201200005186,0,07,000,00,2,1,01,B02
201200005186,0,07,000,00,2,1,13,A01
201200005186,0,07,000,00,2,1,01,C03
201200005187,0,07,000,00,2,3,13,A01
201200005187,0,07,000,00,2,3,21,C03
201200005187,0,33,000,00,2,1,01,B02
201200005188,0,33,000,00,1,1,17,A01
201200005189,0,07,000,00,2,8,15,A01
201200005189,0,33,000,00,2,1,17,B02
201200005190,0,33,000,00,2,1,01,B02
201200005190,0,07,000,00,2,5,15,A01
201200005191,0,07,000,13,0,9,01,A01
201200005192,0,10,000,00,1,4,04,A01
201200005193,0,17,000,00,2,3,01,A01
201200005193,0,07,000,00,2,1,13,B02
201200005194,0,02,000,12,0,1,01,A01
201200005195,0,33,000,03,2,1,17,A01
201200005195,0,07,000,00,2,3,15,B02
201200005196,0,01,000,00,2,8,01,B02
201200005196,0,01,000,00,2,8,01,C03
201200005196,0,07,000,00,2,7,17,A01
201200005197,0,07,000,00,2,3,19,A01
201200005197,0,33,000,00,2,1,01,B02
201200005198,0,07,000,08,0,5,16,B02
201200005198,0,07,000,00,2,1,01,A01
201200005199,0,30,000,00,2,2,01,A01
201200005199,0,07,000,00,2,1,01,B02
201200005200,0,07,000,00,2,3,09,B02
201200005200,0,07,000,00,2,1,23,C03
201200005200,0,33,000,00,2,1,01,A01
201200005201,0,33,000,00,2,1,17,A01
201200005201,0,07,000,00,2,1,01,B02
201200005202,0,33,000,13,0,1,01,A01
201200005203,0,07,000,02,0,1,01,A01
201200005204,0,07,000,00,1,3,01,A01
201200005205,0,07,000,00,2,1,01,A01
201200005205,0,07,000,00,2,1,19,B02
201200005206,0,07,000,13,0,9,01,A01
201200005207,0,07,000,00,2,1,01,B01
201200005207,0,30,000,00,2,2,13,A01
201200005208,0,01,000,00,0,1,09,A01
201200005208,0,01,000,00,0,7,01,B01
201200005209,0,07,000,00,1,5,01,A01
201200005210,0,07,000,04,0,1,14,A01
201200005211,0,01,000,00,2,1,17,B01
201200005211,0,07,000,00,0,3,15,A01
201200005212,0,07,000,00,2,1,01,B01
201200005212,0,07,000,00,0,8,19,A01
201200005213,0,01,000,00,2,0,10,A01
201200005213,0,32,000,00,2,3,17,B02
201200005214,0,01,000,00,0,0,09,B01
201200005214,0,07,000,00,9,1,01,A01
201200005215,0,01,000,00,2,1,01,B01
201200005215,0,07,000,00,2,3,16,A01
201200005216,0,33,000,00,0,7,02,A01
201200005216,0,07,000,00,0,0,02,B02
201200005217,0,38,000,00,2,3,15,A01
201200005217,0,01,000,00,2,7,01,B02
201200005218,0,33,000,03,0,7,01,A01
201200005219,0,07,000,00,0,2,01,A01
201200005220,0,33,000,00,2,1,05,A01
201200005220,0,10,000,00,2,1,01,B02
201200005221,0,07,000,00,2,3,13,A01
201200005221,0,10,000,00,2,3,21,B02
201200005222,0,07,000,02,0,7,01,A01
201200005223,0,31,000,00,2,8,15,B02
201200005223,0,07,000,00,2,2,17,A01
201200005224,0,07,000,02,0,2,14,A01
201200005225,0,02,000,08,0,1,01,A01
201200005226,0,07,000,16,0,3,14,A01
201200005227,0,07,000,00,2,1,13,A01
201200005227,0,07,000,00,2,1,01,B02
201200005228,0,31,000,07,2,8,17,A01
201200005228,0,07,000,00,2,8,01,B02
201200005229,0,07,000,00,2,8,00,A01
201200005229,0,01,000,00,0,8,00,B02
201200005230,0,07,000,00,1,1,01,A01
201200005231,0,07,000,00,9,2,02,A01
201200005231,0,01,000,00,0,4,02,B02
201200005232,0,07,000,00,2,2,02,A01
201200005232,0,01,000,00,0,4,02,B02
201200005233,0,07,000,00,2,7,15,A01
201200005233,0,01,000,00,2,1,01,B02
201200005234,0,02,000,00,2,1,13,A01
201200005234,0,07,000,00,2,3,01,B02
201200005235,0,07,000,00,2,1,13,A01
201200005235,0,07,000,00,2,1,01,B02
201200005236,0,07,000,00,2,3,13,A01
201200005236,0,07,000,00,2,1,01,B02
201200005237,0,07,000,00,1,3,13,A01
201200005238,1,07,000,01,1,3,01,A01
201200005238,0,07,000,00,1,8,24,B02
201200005239,0,36,000,00,2,3,13,A01
201200005239,0,07,000,00,2,3,00,B02
201200005240,0,07,000,00,1,2,01,A01
201200005241,0,07,000,02,0,1,01,A01
201200005242,0,17,000,00,2,3,01,A01
201200005242,0,07,000,00,2,1,13,B02
201200005243,0,07,000,00,2,3,15,B02
201200005243,0,33,000,00,2,1,01,A01
201200005244,0,07,000,02,0,2,02,A01
201200005245,0,33,000,00,2,3,01,A01
201200005245,0,07,000,00,2,1,01,B02
201200005246,0,07,000,00,2,8,10,A01
201200005246,0,07,000,00,2,1,01,B02
201200005247,0,07,000,04,0,2,13,A01
201200005248,0,07,000,00,2,4,01,B02
201200005248,0,07,000,00,2,2,01,A01
201200005248,0,07,000,00,2,4,01,C03
201200005248,0,07,000,13,0,1,21,D04
201200005249,0,07,000,00,2,3,15,A01
201200005249,0,33,000,00,2,1,17,B02
201200005250,0,07,000,02,0,1,01,A01
201200005251,0,30,000,00,2,7,01,A01
201200005251,0,07,000,00,2,1,15,B02
201200005252,0,01,000,00,2,4,01,A01
201200005252,0,07,000,00,2,2,02,B02
201200005253,0,33,000,00,2,3,13,A01
201200005253,0,07,000,00,2,3,01,B02
201200005254,0,07,000,00,2,1,15,A01
201200005254,0,33,000,00,2,1,01,B02
201200005255,0,07,000,00,0,1,13,A01
201200005255,0,07,000,00,2,3,01,B02
201200005256,0,07,000,00,2,1,01,A01
201200005256,0,07,000,00,0,1,06,B02
201200005257,1,07,000,00,1,1,17,A01
201200005258,0,07,000,00,2,7,13,A01
201200005258,0,07,000,00,2,3,01,B02
201200005259,0,10,000,00,2,3,13,A01
201200005259,0,03,000,00,2,3,01,B02
201200005260,0,07,000,00,2,8,13,A01
201200005260,0,33,000,00,2,1,01,B02
201200005261,0,33,000,00,2,1,01,A01
201200005261,0,07,000,00,0,8,15,B02
201200005262,0,31,000,06,0,1,01,A01
201200005263,0,07,000,00,2,1,01,B02
201200005263,0,07,000,00,2,1,13,A01
201200005264,0,33,000,00,2,1,13,A01
201200005264,0,07,000,00,2,6,01,B02
201200005264,0,07,000,00,2,1,01,C03
201200005265,0,07,000,00,2,8,09,B02
201200005265,0,07,000,00,2,1,01,A01
201200005266,0,07,000,00,2,3,09,A01
201200005266,0,31,000,00,2,1,01,B02
201200005267,0,36,000,00,0,0,11,A01
201200005268,0,33,000,13,0,8,21,B02
201200005268,0,07,000,00,0,0,19,A01
201200005269,0,07,000,13,0,1,01,A01
201200005270,0,07,000,00,1,1,01,A01
201200005271,0,07,000,00,2,3,13,A01
201200005271,0,07,000,00,2,3,01,B02
201200005272,0,07,000,06,0,3,14,A01
201200005273,0,07,000,02,0,3,13,A01
201200005274,0,07,000,00,2,8,01,A01
201200005274,0,39,000,00,2,2,01,B02
201200005275,0,07,000,00,2,6,17,B02
201200005275,0,33,000,00,2,2,17,A01
201200005276,0,33,000,00,2,1,01,B02
201200005276,0,07,000,00,0,5,19,A01
201200005277,0,01,000,00,2,1,09,B02
201200005277,0,07,000,00,9,2,01,A01
201200005278,0,07,000,00,2,1,01,A01
201200005278,0,07,000,00,0,4,15,B02
201200005279,0,07,000,00,2,8,15,A01
201200005279,0,33,000,00,2,2,17,B02
201200005280,0,07,000,00,0,4,10,B02
201200005280,0,07,000,00,2,1,01,A01
201200005281,0,07,000,06,0,1,00,A01
201200005282,0,07,000,00,2,3,13,A01
201200005282,0,07,000,00,2,2,01,B02
201200005283,0,15,000,00,0,9,01,A01
201200005284,0,07,000,00,2,1,00,A01
201200005284,0,07,000,00,2,3,00,B02
201200005285,0,31,000,00,2,1,01,A01
201200005285,0,17,000,00,2,3,15,B02
201200005286,0,14,000,00,2,2,01,A01
201200005286,0,14,000,00,2,3,15,B02
201200005287,0,07,000,16,0,0,01,A01
201200005288,0,07,000,13,0,1,01,A01
201200005289,0,01,000,00,0,0,01,C03
201200005289,0,07,000,00,9,2,01,A01
201200005289,0,01,000,00,0,4,01,B02
201200005289,0,01,000,00,0,0,01,D04
201200005290,0,33,000,00,2,1,05,A01
201200005290,0,07,000,00,2,1,01,C03
201200005290,0,07,000,00,2,3,01,B02
201200005291,0,07,000,01,2,4,23,C03
201200005291,0,07,000,00,0,4,23,A01
201200005291,0,07,000,01,0,1,01,D04
201200005291,0,07,000,01,2,4,23,B02
201200005292,0,03,000,13,0,9,01,A01
201200005293,0,33,000,08,0,2,14,A01
201200005294,0,02,000,00,0,1,01,B02
201200005294,0,07,000,00,0,1,01,A01
201200005295,0,14,000,00,2,1,01,B02
201200005295,0,07,000,00,2,3,15,A01
201200005296,0,07,000,00,2,3,01,A01
201200005296,0,07,000,00,2,3,16,B02
201200005297,0,07,000,00,2,1,00,A01
201200005297,0,15,000,00,2,3,21,B02
201200005298,0,07,000,00,2,3,15,A01
201200005298,0,02,000,00,2,1,01,B02
201200005299,0,30,000,06,0,3,01,A01
201200005300,0,02,000,00,2,1,01,B02
201200005300,0,07,000,00,2,6,19,A01
201200005301,0,07,000,00,2,1,15,A01
201200005301,0,30,000,00,2,1,01,B02
201200005302,0,33,000,00,0,1,01,A01
201200005303,0,14,000,08,0,3,00,A01
201200005304,0,07,000,00,2,3,13,A01
201200005304,0,07,000,00,2,3,01,B02
201200005305,0,07,000,00,2,3,13,A01
201200005305,0,07,000,00,2,3,01,B02
201200005306,0,31,000,08,0,1,00,A01
201200005307,0,31,000,00,2,1,01,B02
201200005307,0,07,000,00,2,3,15,A01
201200005308,0,07,000,00,1,2,01,A01
201200005309,0,02,000,00,2,1,01,B02
201200005309,0,07,000,00,2,8,15,A01
201200005310,0,07,000,00,2,2,13,A01
201200005310,0,30,000,00,2,1,13,B02
201200005311,0,02,000,00,2,1,01,B02
201200005311,0,07,000,00,0,2,19,A01
201200005312,0,07,000,13,0,1,00,A01
201200005313,0,38,004,00,0,6,01,B02
201200005313,0,33,000,00,2,1,01,A01
201200005314,0,10,000,00,2,2,15,A01
201200005314,0,07,000,00,2,1,01,B02
201200005315,0,02,000,00,2,1,01,A01
201200005315,0,10,000,00,2,2,11,B02
201200005316,0,07,000,00,1,1,01,A01
201200005317,0,07,000,13,0,1,01,A01
201200005318,0,07,000,13,0,2,01,A01
201200005319,0,07,000,00,2,3,13,A01
201200005319,0,07,000,00,2,8,01,B02
201200005320,0,99,000,00,2,1,01,A01
201200005320,0,15,000,00,2,1,13,C03
201200005320,0,99,000,00,2,3,01,B02
201200005321,0,07,000,08,0,8,01,A01
201200005322,0,14,000,00,0,1,00,C03
201200005322,0,10,000,00,2,3,01,A01
201200005322,0,03,000,00,0,5,00,B02
201200005323,0,01,000,00,2,1,01,B02
201200005323,0,07,000,00,0,5,01,A01
201200005324,0,07,000,00,0,7,01,B02
201200005324,0,07,000,00,2,1,15,A01
201200005325,0,07,000,00,2,8,19,B02
201200005325,0,07,000,00,2,1,01,A01
201200005326,0,10,000,00,2,1,01,B02
201200005326,0,07,000,00,2,7,15,A01
201200005327,0,07,000,14,0,1,01,C03
201200005327,0,07,000,00,2,6,01,D04
201200005327,0,07,000,00,2,3,01,B02
201200005327,0,07,000,00,2,1,13,A01
201200005328,0,07,000,00,2,1,01,B02
201200005328,0,07,000,00,2,1,13,A01
201200005329,0,07,000,00,0,9,14,A01
201200005330,0,10,000,00,2,2,01,A01
201200005330,0,07,000,00,2,1,01,B02
201200005331,0,33,000,00,2,1,01,B02
201200005331,0,38,000,00,2,5,15,A01
201200005332,0,33,000,08,0,9,01,A01
201200005333,0,07,000,00,2,3,01,C03
201200005333,0,07,000,00,2,3,01,D04
201200005333,0,07,000,00,2,8,01,A01
201200005333,0,07,000,00,2,9,01,B02
201200005334,0,07,000,13,2,3,01,B02
201200005334,0,07,000,00,2,1,15,A01
201200005335,0,07,000,08,0,1,01,A01
201200005336,0,07,000,00,2,1,15,A01
201200005336,0,07,000,08,2,1,01,B02
201200005337,0,07,000,00,0,0,10,A01
201200005337,0,07,000,00,0,0,01,B02
201200005338,0,07,000,00,2,1,01,C03
201200005338,0,07,000,00,2,2,01,B02
201200005338,0,07,000,08,2,3,01,A01
201200005339,0,07,000,02,0,1,01,A01
201200005340,0,14,000,02,0,8,01,A01
201200005341,0,07,000,09,0,2,01,A01
201200005342,0,31,000,00,0,1,09,A01
201200005342,0,07,000,00,0,1,01,B02
201200005343,0,07,000,00,2,1,01,A01
201200005343,0,02,000,00,2,2,19,B02
201200005344,0,14,000,00,0,6,02,B02
201200005344,0,10,000,00,2,3,02,A01
201200005345,0,07,000,00,0,3,01,A01
201200005345,0,33,000,00,0,4,21,B02
201200005346,0,10,000,00,0,1,01,B02
201200005346,0,30,000,12,0,8,01,A01
201200005347,0,07,000,00,0,2,15,A01
201200005347,0,33,000,00,2,1,01,B02
201200005348,0,07,000,00,2,3,15,B02
201200005348,0,07,000,06,2,2,21,A01
201200005349,0,07,000,02,0,7,01,A01
201200005350,0,07,000,00,1,2,02,A01
201200005351,0,33,000,00,2,0,17,A01
201200005352,0,07,000,00,2,1,01,B02
201200005352,0,07,000,00,2,1,05,A01
201200005353,0,33,000,14,2,3,02,A01
201200005353,0,07,000,00,2,6,01,B02
201200005354,0,02,000,00,2,1,01,A01
201200005354,0,07,000,00,2,2,15,B02
201200005355,0,01,000,00,2,8,01,B02
201200005355,1,07,000,00,2,2,15,A01
201200005356,0,07,000,00,1,1,01,A01
201200005357,0,30,000,12,0,1,21,A01
201200005358,0,07,000,06,0,8,00,A01
201200005359,0,31,000,00,2,1,01,B02
201200005359,0,07,000,00,2,3,01,A01
201200005360,0,07,000,00,0,5,13,B02
201200005360,0,15,000,00,0,1,24,A01
201200005361,0,07,000,13,0,1,01,A01
201200005362,0,30,000,00,0,1,01,A01
201200005363,0,07,000,00,0,4,02,B02
201200005363,0,33,000,00,2,1,02,A01
201200005364,0,07,000,00,2,1,02,C03
201200005364,0,07,000,00,2,1,01,B02
201200005364,0,07,000,00,2,1,15,A01
201200005365,0,30,000,12,0,1,01,A01
201200005366,0,07,000,16,0,2,15,A01
201200005367,0,07,000,02,0,2,01,A01
201200005368,0,10,000,00,2,3,13,A01
201200005368,0,33,000,00,2,6,01,B02
201200005369,0,07,000,00,2,3,13,A01
201200005369,0,07,000,00,2,3,01,B02
201200005370,0,07,000,00,2,8,01,B02
201200005370,0,07,000,00,2,1,01,A01
201200005370,0,07,000,00,2,3,01,C03
201200005371,0,07,000,00,1,1,01,A01
201200005372,0,14,000,02,0,2,01,A01
201200005373,0,14,000,00,0,8,01,B02
201200005373,0,01,000,00,2,4,13,A01
201200005374,0,33,000,00,0,7,01,A01
201200005375,0,07,000,00,2,4,23,B02
201200005375,0,07,000,00,2,1,01,A01
201200005376,0,07,000,00,2,3,01,A01
201200005376,0,07,000,00,2,5,19,B02
201200005377,0,03,000,00,1,2,01,A01
201200005378,0,01,000,00,2,0,01,B02
201200005378,0,07,000,00,2,3,01,C03
201200005379,0,33,000,00,2,7,21,A01
201200005379,0,10,000,00,2,2,19,B02
201200005380,0,07,000,00,1,2,01,A01