Num_Acc,senc,catv,occutc,obs,obsm,choc,manv,num_veh
201200005381,0,07,000,13,0,7,01,A01
201200005382,0,07,000,11,0,1,00,A01
201200005383,0,07,000,08,0,9,01,A01
201200005384,0,02,000,00,2,1,16,A01
201200005384,0,07,000,00,2,7,01,B02
201200005385,0,07,000,00,2,2,15,B02
201200005385,0,30,000,00,2,1,01,A01
201200005386,0,07,000,09,0,8,00,A01
201200005387,0,30,000,00,2,7,15,A01
201200005387,0,10,000,00,2,1,01,B02
201200005387,0,07,000,00,9,7,01,C03
201200005388,0,07,000,00,2,1,01,B02
201200005388,0,15,000,00,2,2,01,A01
201200005389,0,10,000,00,9,3,09,A01
201200005389,0,01,000,00,2,3,01,B02
201200005390,0,07,000,13,0,1,00,A01
201200005391,0,07,000,00,2,3,01,A01
201200005391,0,07,000,00,2,5,01,B02
201200005392,0,07,000,00,1,1,01,A01
201200005393,0,07,000,08,0,2,01,A01
201200005394,0,07,000,00,2,6,19,A01
201200005394,0,07,000,00,2,1,01,B02
201200005395,0,07,000,00,2,1,01,A01
201200005395,0,07,000,00,2,1,00,B02
201200005396,0,30,000,12,0,7,01,A01
201200005397,0,07,000,00,2,1,01,B02
201200005397,0,10,000,00,2,1,15,A01
201200005398,0,31,000,06,0,1,00,A01
201200005399,0,07,000,00,1,2,01,A01
201200005400,0,07,000,00,2,3,01,C03
201200005400,0,07,000,00,2,4,15,A01
201200005400,0,07,000,00,2,1,01,B02
201200005401,0,33,000,00,2,1,17,B02
201200005401,0,07,000,00,2,8,15,A01
201200005402,0,30,000,00,2,8,15,A01
201200005402,0,07,000,00,2,2,01,B02
201200005403,1,07,000,00,0,1,01,A01
201200005403,0,01,000,00,0,4,00,B02
201200005404,0,07,000,02,0,9,01,A01
201200005405,0,30,000,08,0,1,01,A01
201200005406,0,99,000,02,0,8,14,A01
201200005407,0,33,000,00,0,0,11,A01
201200005407,0,07,000,00,2,6,01,B02
201200005407,0,07,000,00,2,3,01,C03
201200005408,0,14,000,00,2,6,01,A01
201200005408,0,07,000,13,2,3,13,B02
201200005409,0,07,000,00,2,3,19,A01
201200005409,0,33,000,00,2,1,01,B02
201200005410,0,07,000,00,2,3,00,B02
201200005410,0,07,000,00,2,3,16,A01
201200005411,0,07,000,02,0,1,14,A01
201200005412,0,07,000,13,0,2,14,A01
201200005413,0,10,000,00,1,2,21,A01
201200005414,0,33,000,00,0,0,00,A01
201200005415,0,07,000,00,2,3,17,A01
201200005415,0,07,000,00,2,2,16,B02
201200005416,0,32,000,00,5,0,21,A01
201200005417,0,33,000,00,2,3,01,A01
201200005417,0,13,000,00,0,8,19,B02
201200005418,0,07,000,13,0,3,01,A01
201200005419,0,07,000,02,0,1,14,A01
201200005420,0,38,000,13,0,3,13,A01
201200005421,0,07,000,06,0,1,14,A01
201200005422,0,07,000,00,1,1,01,A01
201200005423,0,07,000,00,2,1,01,B02
201200005423,0,07,000,00,2,1,13,A01
201200005424,0,30,000,00,0,1,01,A01
201200005425,0,10,000,00,2,2,01,B02
201200005425,0,10,000,00,2,3,01,A01
201200005426,0,10,000,00,2,1,13,A01
201200005426,0,07,000,00,2,1,01,B02
201200005427,0,10,000,00,2,1,01,A01
201200005427,0,07,000,00,2,4,16,B02
201200005428,0,10,000,00,0,1,23,B02
201200005428,0,31,000,00,6,1,00,A01
201200005429,0,07,000,06,0,0,01,A01
201200005430,0,01,000,00,0,7,01,A01
201200005431,0,14,000,06,0,1,01,A01
201200005432,0,07,000,00,2,1,01,A01
201200005432,0,01,000,00,2,1,13,B02
201200005433,0,30,000,00,0,0,00,A01
201200005434,0,07,000,00,9,3,09,A01
201200005434,0,01,000,00,2,1,01,B02
201200005435,0,33,000,02,0,0,19,A01
201200005436,0,33,000,00,2,1,01,B02
201200005436,0,07,000,00,2,3,01,A01
201200005437,0,07,000,00,2,3,13,A01
201200005437,0,33,000,00,2,3,01,B02
201200005438,0,33,000,00,2,1,01,B02
201200005438,0,07,000,00,2,2,19,A01
201200005439,0,10,000,00,2,3,13,A01
201200005439,0,10,000,00,2,3,01,B02
201200005440,0,07,000,00,2,1,01,B02
201200005440,0,30,000,00,2,8,09,A01
201200005441,0,15,000,00,0,1,01,B02
201200005441,0,07,000,00,0,4,05,A01
201200005442,0,07,000,08,0,1,01,A01
201200005443,0,07,000,00,2,3,02,A01
201200005443,0,21,000,00,0,4,01,B02
201200005444,0,07,000,00,1,8,01,B02
201200005444,0,14,000,00,2,1,19,A01
201200005445,0,07,000,00,2,3,01,B02
201200005445,0,01,000,00,2,1,19,A01
201200005446,0,07,000,08,0,1,01,A01
201200005447,0,02,000,00,2,1,01,A01
201200005447,0,07,000,00,2,8,23,B02
201200005448,0,07,000,00,2,7,13,A01
201200005448,0,10,000,00,2,1,01,B02
201200005449,0,07,000,08,0,1,01,A01
201200005450,0,07,000,00,2,6,15,B02
201200005450,0,33,000,00,2,1,17,A01
201200005451,0,10,000,13,0,2,01,A01
201200005452,0,07,000,08,0,1,00,A01
201200005453,0,07,000,00,2,2,01,A01
201200005453,0,07,000,00,2,3,01,B02
201200005454,0,10,000,02,0,9,14,A01
201200005455,0,07,000,00,2,3,13,A01
201200005455,0,07,000,00,2,3,01,B02
201200005455,0,07,000,00,2,3,01,C03
201200005456,0,07,000,00,2,3,01,B02
201200005456,0,07,000,14,0,0,01,D04
201200005456,0,07,000,00,2,9,01,C03
201200005456,0,07,000,00,2,3,13,A01
201200005457,0,10,000,00,1,1,01,A01
201200005458,0,33,000,00,0,7,01,A01
201200005459,0,07,000,02,0,8,01,A01
201200005460,0,33,000,03,0,7,01,A01
201200005461,0,07,000,00,2,1,01,A01
201200005461,0,07,000,00,2,8,15,B02
201200005462,0,07,000,00,1,1,01,A01
201200005463,0,07,000,00,2,1,13,A01
201200005463,0,07,000,00,2,1,01,B02
201200005464,0,07,000,16,0,1,14,A01
201200005465,0,07,000,08,0,1,16,A01
201200005466,0,07,000,02,0,3,14,A01
201200005467,0,07,000,06,0,3,13,A01
201200005468,0,07,000,02,0,9,13,A01
201200005469,0,07,000,00,2,2,16,B02
201200005469,0,02,000,00,2,6,01,A01
201200005470,0,10,000,00,2,1,01,A01
201200005470,0,30,000,00,2,1,15,B02
201200005471,0,07,000,13,0,1,14,A01
201200005472,0,07,000,00,9,1,01,B02
201200005472,0,01,000,00,2,2,01,A01
201200005473,0,07,000,11,0,1,01,B02
201200005473,0,07,000,00,0,7,15,A01
201200005474,0,30,000,00,2,1,17,A01
201200005474,0,10,000,00,2,3,15,B02
201200005475,0,33,000,00,0,5,01,A01
201200005476,0,07,000,01,0,1,12,A01
201200005477,0,07,000,00,1,6,04,A01
201200005478,0,07,000,16,0,0,01,A01
201200005479,0,10,000,00,2,1,01,B02
201200005479,0,33,000,00,2,7,13,A01
201200005480,0,07,000,02,0,2,01,A01
201200005481,0,01,000,00,2,8,01,B02
201200005481,1,07,000,00,2,8,01,Z01
201200005482,0,07,000,00,0,1,15,A01
201200005482,0,30,000,00,0,1,01,B02
201200005483,0,33,000,00,2,3,01,B02
201200005483,0,07,000,00,2,3,01,A01
201200005484,1,07,000,00,2,3,01,Z01
201200005484,0,07,000,00,2,3,01,B02
201200005485,0,33,000,02,0,1,01,A01
201200005486,0,01,000,00,4,1,01,A01
201200005486,0,39,001,00,9,8,01,B02
201200005487,0,33,000,00,2,8,01,A01
201200005487,0,07,000,00,2,7,09,B02
201200005488,0,01,000,00,2,4,01,B02
201200005488,0,14,000,00,9,3,16,A01
201200005489,0,07,000,00,2,3,13,A01
201200005489,0,07,000,00,2,3,01,B02
201200005490,0,02,000,00,2,1,01,B01
201200005490,0,07,000,00,2,8,19,A01
201200005491,0,33,000,00,2,1,01,B02
201200005491,0,07,000,00,2,5,15,A01
201200005492,0,02,000,00,2,1,02,B02
201200005492,0,07,000,00,2,8,09,A01
201200005493,0,33,000,00,2,1,01,B02
201200005493,0,07,000,00,2,3,15,A01
201200005494,0,07,000,00,2,3,01,B02
201200005494,0,02,000,00,2,3,13,A01
201200005495,0,07,000,13,0,9,14,A01
201200005496,0,33,000,06,0,2,01,A01
201200005497,0,07,000,02,0,8,14,A01
201200005498,0,33,000,06,2,3,18,A01
201200005498,0,07,000,00,2,7,16,B02
201200005499,0,07,000,00,2,3,01,B02
201200005499,0,33,000,00,2,1,13,A01
201200005500,0,07,000,00,2,3,01,A01
201200005500,0,07,000,00,2,3,01,B02
201200005501,0,13,000,00,2,2,01,B02
201200005501,0,07,000,00,2,1,13,A01
201200005502,0,30,000,00,2,1,01,B02
201200005502,0,07,000,00,2,3,13,A01
201200005503,0,33,000,00,2,3,13,A01
201200005503,0,07,000,00,2,8,01,B02
201200005503,0,07,000,00,2,1,01,C03
201200005504,0,07,000,08,2,2,02,A01
201200005504,0,07,000,00,2,0,02,B02
201200005505,0,33,000,00,2,6,01,A01
201200005505,0,30,000,00,2,1,01,B02
201200005506,0,07,000,13,0,1,01,A01
201200005507,0,33,000,00,9,1,01,A01
201200005507,0,01,000,00,2,1,01,B02
201200005507,0,01,000,00,2,1,01,C03
201200005508,0,07,000,00,2,1,13,A01
201200005508,0,33,000,00,2,1,01,B02
201200005508,0,07,000,00,2,1,01,C03
201200005508,0,07,000,00,2,3,01,D04
201200005509,0,07,000,00,2,3,01,B02
201200005509,0,07,000,00,2,3,01,A01
201200005510,0,07,000,08,0,1,00,A01
201200005511,0,07,000,00,0,2,15,A01
201200005511,0,33,000,00,2,1,01,B02
201200005512,0,31,000,09,0,1,01,A01
201200005513,0,30,000,00,2,3,01,A01
201200005513,0,07,000,00,2,6,01,B02
201200005514,0,07,000,00,2,3,17,B02
201200005514,0,32,000,00,2,1,05,A01
201200005515,0,07,000,00,2,1,01,B02
201200005515,0,07,000,00,2,1,13,A01
201200005515,0,07,000,00,2,1,01,C03
201200005516,0,07,000,00,9,1,09,A01
201200005516,0,01,000,00,2,5,01,B02
201200005517,0,31,000,08,0,1,01,A01
201200005518,0,07,000,02,0,7,02,A01
201200005519,0,07,000,00,2,1,15,A01
201200005519,0,02,000,00,2,1,01,B02
201200005520,0,07,000,00,2,1,01,B02
201200005520,0,30,000,00,2,1,15,A01
201200005521,0,10,000,00,2,1,01,B02
201200005521,0,32,000,00,2,1,01,A01
201200005522,0,10,000,00,0,2,15,A01
201200005522,0,33,000,00,0,1,01,B02
201200005523,0,07,000,04,0,1,14,A01
201200005524,0,07,000,04,0,1,01,A01
201200005525,0,10,000,13,2,3,01,B02
201200005525,0,07,000,00,2,1,13,A01
201200005526,0,07,000,00,1,2,02,A01
201200005527,0,07,000,03,2,7,13,A01
201200005527,0,14,000,00,2,1,00,B02
201200005528,0,07,000,13,0,3,01,A01
201200005529,0,36,000,00,0,9,01,A01
201200005530,0,10,000,00,2,2,01,B02
201200005530,0,01,000,00,2,1,01,A01
201200005531,0,07,000,00,2,3,15,A01
201200005531,0,33,000,00,2,3,01,B02
201200005532,0,10,000,08,0,1,01,A01
201200005533,0,14,000,00,1,3,01,A01
201200005534,0,07,000,00,2,3,13,A01
201200005534,0,14,000,00,2,3,01,B02
201200005535,0,17,000,05,0,7,16,A01
201200005536,0,02,000,00,2,1,01,A01
201200005536,0,10,000,00,2,1,01,B02
201200005537,0,02,000,16,0,9,01,A01
201200005538,0,07,000,00,0,7,15,A01
201200005538,0,01,000,00,2,1,01,B02
201200005539,0,33,000,00,2,1,17,A01
201200005539,0,07,000,00,2,3,01,B02
201200005540,0,07,000,02,0,8,01,A01
201200005541,0,07,000,00,2,1,01,B02
201200005541,0,07,000,00,2,7,01,A01
201200005542,0,07,000,00,2,3,01,A01
201200005542,0,33,000,00,2,1,00,B02
201200005543,0,31,000,06,0,3,01,A01
201200005544,0,07,000,05,0,2,01,A01
201200005545,0,07,000,00,1,5,04,A01
201200005546,0,07,000,00,2,1,01,B02
201200005546,0,10,000,00,2,1,13,A01
201200005547,0,07,000,00,2,8,19,A01
201200005547,0,07,000,00,2,1,01,B02
201200005548,0,20,000,00,2,3,01,B02
201200005548,0,07,000,00,2,3,13,A01
201200005549,0,07,000,00,0,6,10,A01
201200005549,0,36,000,00,0,1,01,B02
201200005550,0,07,000,02,0,3,00,A01
201200005551,0,07,000,00,0,9,01,A01
201200005552,0,07,000,00,2,1,13,B02
201200005552,0,07,000,00,2,3,01,A01
201200005553,0,07,000,02,0,2,01,A01
201200005554,0,07,000,00,2,3,13,A01
201200005554,0,07,000,00,2,3,01,B02
201200005555,0,07,000,05,0,9,01,A01
201200005556,0,10,000,06,0,1,16,A01
201200005557,0,07,000,00,0,3,01,B02
201200005557,0,07,000,00,0,1,01,A01
201200005558,0,33,000,00,2,1,01,A01
201200005558,0,01,000,00,2,3,05,B02
201200005559,0,03,000,00,1,2,01,A01
201200005560,0,31,000,00,0,4,01,B02
201200005560,2,07,000,08,2,2,02,A01
201200005561,0,07,000,00,2,3,01,B02
201200005561,0,07,000,00,2,1,01,C03
201200005561,0,07,000,00,2,3,05,A01
201200005562,0,07,000,01,0,1,01,A01
201200005562,0,07,000,00,2,2,00,B02
201200005563,0,10,000,00,0,0,09,A01
201200005563,0,33,000,00,0,8,01,B02
201200005564,0,07,000,00,0,9,17,A01
201200005565,0,07,000,00,0,0,00,A01
201200005566,0,33,000,00,2,1,17,B02
201200005566,0,07,000,00,0,4,13,A01
201200005567,0,15,000,00,1,3,01,A01
201200005568,0,33,000,16,0,9,13,A01
201200005569,0,10,000,00,1,2,01,A01
201200005570,0,07,000,00,2,3,13,A01
201200005570,0,07,000,00,2,8,01,B02
201200005570,0,10,000,00,2,1,01,C03
201200005571,0,07,000,00,2,1,01,B02
201200005571,0,07,000,00,2,3,13,A01
201200005572,0,07,000,00,2,1,19,A01
201200005572,0,15,000,00,2,3,21,B02
201200005573,0,07,000,13,0,3,13,A01
201200005574,0,33,000,00,2,1,17,A01
201200005574,0,07,000,00,2,8,15,B02
201200005575,0,33,000,00,2,1,01,B02
201200005575,0,07,000,00,2,2,13,A01
201200005576,0,33,000,12,0,1,02,A01
201200005577,0,07,000,00,2,1,05,A01
201200005577,0,10,000,00,2,1,16,B02
201200005578,0,07,000,00,2,1,13,A01
201200005578,0,10,000,00,2,3,01,B02
201200005579,0,07,000,00,2,1,17,A01
201200005579,0,33,000,00,2,1,01,B02
201200005580,0,07,000,00,2,3,13,A01
201200005580,0,07,000,00,2,3,01,B02
201200005581,0,10,000,00,1,4,04,A01
201200005582,0,31,000,00,2,1,01,A01
201200005582,0,07,000,00,2,8,15,B02
201200005583,0,33,000,00,2,1,01,A01
201200005583,0,07,000,00,2,8,10,B02
201200005584,0,01,000,00,1,1,17,A01
201200005584,0,01,000,00,9,0,17,B02
201200005585,0,33,000,00,2,1,02,A01
201200005585,0,07,000,00,0,4,02,B02
201200005586,0,07,000,00,2,8,15,A01
201200005586,0,30,000,00,2,7,17,C03
201200005587,0,07,000,00,2,3,17,A01
201200005587,0,07,000,00,2,3,01,B02
201200005588,0,07,000,00,9,1,01,A01
201200005588,0,01,000,00,2,6,19,B02
201200005589,0,07,000,00,2,3,15,A01
201200005589,0,33,000,00,2,1,17,B02
201200005590,0,07,000,00,2,3,15,A01
201200005590,0,01,000,00,2,1,15,B02
201200005591,0,07,000,00,0,3,19,A01
201200005591,0,01,000,00,0,7,01,B02
201200005592,0,07,000,00,2,3,13,A01
201200005592,0,01,000,00,2,1,02,B02
201200005593,0,31,000,00,2,7,17,A01
201200005593,0,10,000,00,2,3,15,B02
201200005594,0,07,000,06,0,0,01,A01
201200005595,0,02,000,12,0,1,01,A01
201200005596,0,07,000,06,0,1,01,A01
201200005597,0,01,000,00,2,1,01,B02
201200005597,0,07,000,00,9,7,15,A01
201200005598,0,30,000,00,2,1,05,A01
201200005598,0,07,000,00,2,1,01,B02
201200005599,0,07,000,00,2,3,19,A01
201200005599,0,07,000,00,2,3,01,B02
201200005600,0,07,000,00,2,1,01,B02
201200005600,0,07,000,00,2,1,13,A01
201200005601,0,07,000,00,1,2,01,A01
201200005602,0,07,000,00,0,8,10,A01
201200005602,0,07,000,00,0,1,01,B02
201200005603,0,07,000,13,0,2,00,A01
201200005604,0,07,000,00,0,8,15,A01
201200005604,0,33,000,00,0,1,02,B02
201200005605,0,07,000,00,2,1,13,A01
201200005605,0,07,000,00,2,1,01,B02
201200005606,0,07,000,00,0,7,15,A01
201200005606,0,01,000,00,2,1,01,B02
201200005607,0,07,000,00,2,1,01,A01
201200005607,0,07,000,00,2,1,13,B02
201200005608,0,07,000,00,2,8,15,A01
201200005608,0,10,000,00,2,1,21,B02
201200005609,0,07,000,00,2,3,15,A01
201200005609,0,33,000,00,2,1,17,B02
201200005610,0,07,000,00,2,1,13,A01
201200005610,0,07,000,00,2,2,01,B02
201200005611,0,07,000,00,2,3,13,A01
201200005611,0,07,000,00,2,3,01,B02
201200005612,0,07,000,13,0,2,01,A01
201200005613,0,07,000,02,0,1,13,A01
201200005614,0,07,000,00,1,3,01,A01
201200005615,0,07,000,08,2,3,01,A01
201200005615,0,07,000,06,2,3,13,B02
201200005616,0,33,000,06,0,7,01,A01
201200005617,0,33,000,00,2,3,13,A01
201200005617,0,07,000,00,2,8,01,B02
201200005618,0,07,000,00,2,8,13,A01
201200005618,0,36,000,16,2,9,01,B02
201200005619,0,07,000,00,1,3,01,A01
201200005620,0,33,000,03,0,1,01,A01
201200005621,0,07,000,00,1,2,01,A01
201200005622,0,07,000,00,1,2,01,A01
201200005623,0,33,000,00,2,1,02,A01
201200005623,0,15,000,00,0,6,09,B02
201200005624,0,07,000,00,2,3,15,A01
201200005624,0,33,000,00,2,2,17,B02
201200005625,0,30,000,09,0,1,14,A01
201200005626,0,07,000,00,1,2,01,A01
201200005627,0,07,000,00,2,3,15,A01
201200005627,0,02,000,00,2,0,01,B02
201200005628,0,31,000,14,0,2,12,A01
201200005628,0,99,000,00,0,6,00,B02
201200005629,0,33,000,00,2,3,13,A01
201200005629,0,10,000,00,2,8,01,B02
201200005630,0,33,000,00,2,1,17,A01
201200005630,0,07,000,00,2,6,00,B02
201200005631,0,07,000,00,2,2,15,A01
201200005631,0,33,000,00,2,1,01,B02
201200005632,0,01,000,00,1,1,01,A01
201200005633,0,07,000,00,1,2,01,A01
201200005634,0,07,000,00,1,1,01,A01
201200005635,0,10,000,00,0,0,09,A01
201200005635,0,31,000,13,0,9,21,B02
201200005636,0,38,000,00,1,2,16,A01
201200005637,0,07,000,02,2,9,01,B02
201200005637,0,07,000,00,2,1,17,C03
201200005637,0,07,000,00,2,7,01,A01
201200005638,0,07,000,00,2,1,13,A01
201200005638,0,15,000,00,2,3,01,B02
201200005639,0,07,000,01,2,4,15,A01
201200005639,0,33,000,00,2,1,01,B02
201200005640,0,07,000,00,2,7,13,A01
201200005640,0,07,000,00,2,1,01,B02
201200005641,0,07,000,00,2,3,15,A01
201200005641,0,07,000,00,2,3,01,B02
201200005642,0,31,000,00,2,1,01,A01
201200005642,0,07,000,00,2,3,01,B02
201200005643,0,07,000,00,2,1,01,A01
201200005643,0,30,000,00,2,1,15,B02
201200005644,0,07,000,00,2,3,01,A01
201200005644,0,07,000,00,9,3,01,B02
201200005644,0,33,000,12,2,1,06,C03
201200005645,0,10,000,00,2,8,10,A01
201200005645,0,10,000,00,2,3,01,B02
201200005646,0,03,000,00,2,3,13,A01
201200005646,0,14,000,00,2,3,01,B02
201200005647,0,07,000,00,2,3,06,A01
201200005647,0,07,000,00,2,3,01,B02
201200005648,0,07,000,12,0,7,15,A01
201200005649,0,31,000,,2,3,01,A01
201200005649,0,07,000,,,8,01,A02
201200005650,0,07,000,08,0,9,01,A01
201200005650,0,07,000,00,0,0,15,B02
201200005651,0,10,000,00,1,4,04,A01
201200005652,0,07,000,02,0,1,01,A01
201200005653,0,07,000,02,0,3,01,A01
201200005654,0,07,000,00,2,1,16,A01
201200005654,0,07,000,00,2,7,01,B02
201200005655,0,30,000,07,0,1,17,A01
201200005656,0,07,000,00,2,3,01,B02
201200005656,0,99,000,00,2,1,13,A01
201200005657,0,14,000,00,9,5,17,A01
201200005657,0,01,000,00,2,4,01,B02
201200005658,0,33,000,00,2,1,01,C03
201200005658,0,07,000,00,0,0,15,A01
201200005659,0,01,000,16,0,2,01,A01
201200005660,0,07,000,00,1,4,04,A01
201200005661,0,07,000,00,2,5,15,A01
201200005661,0,01,000,00,2,1,01,B02
201200005662,0,07,000,00,1,1,01,A01
201200005663,0,07,000,02,0,9,01,A01
201200005664,0,07,000,00,2,3,15,A01
201200005664,0,33,000,00,2,8,01,B02
201200005665,0,07,000,00,2,2,15,A01
201200005665,0,33,000,00,2,1,01,B02
201200005666,0,07,000,02,0,1,01,A01
201200005667,0,07,000,00,1,2,01,A01
201200005668,0,07,000,00,1,2,01,A01
201200005669,0,34,000,00,1,1,21,A01
201200005670,0,07,000,00,2,1,01,A01
201200005670,0,07,000,00,2,1,13,B02
201200005671,0,07,000,00,1,3,01,A01
201200005672,0,07,000,00,0,4,01,A01
201200005672,0,07,000,00,2,1,02,B02
201200005673,0,07,000,00,2,1,17,A01
201200005673,0,07,000,00,2,3,01,B02
201200005674,0,14,000,13,0,2,01,A01
201200005675,0,07,000,00,2,3,01,A01
201200005675,0,07,000,00,2,2,15,B02
201200005676,0,33,000,00,0,8,01,A01
201200005677,0,02,000,08,0,1,01,A01
201200005678,0,33,000,00,2,7,01,A01
201200005678,0,38,000,00,9,2,01,B02
201200005679,0,07,000,06,2,4,14,A01
201200005679,0,07,000,00,2,1,01,B02
201200005680,0,07,000,00,2,1,19,A01
201200005680,0,33,000,00,2,1,01,B02
201200005681,0,07,000,13,0,1,14,A01
201200005682,0,07,000,00,2,1,17,A01
201200005682,0,07,000,00,2,1,00,B02
201200005683,0,07,000,00,2,3,15,A01
201200005683,0,33,000,00,2,8,01,B02
201200005684,0,33,000,06,0,1,00,A01
201200005685,0,07,000,00,2,8,10,A01
201200005685,0,32,000,00,2,1,01,B02
201200005686,0,07,000,00,2,2,15,A01
201200005686,0,31,000,00,2,1,01,B02
201200005687,0,31,000,00,2,1,15,A01
201200005687,0,33,000,00,2,1,17,B02
201200005688,0,07,000,00,2,1,01,C03
201200005688,0,07,000,00,2,2,19,A01
201200005688,0,07,000,00,2,3,23,B02
201200005689,0,30,000,00,2,3,01,A01
201200005689,0,21,000,00,2,8,01,B02
201200005690,0,10,000,00,2,1,02,A01
201200005690,0,07,000,00,0,6,02,B02
201200005690,0,99,000,00,2,6,01,C03
201200005691,0,10,000,00,0,3,01,A01
201200005691,0,07,000,00,0,3,01,B02
201200005692,0,10,000,00,1,0,13,A01
201200005693,0,07,000,02,0,0,17,A01
201200005694,0,07,000,00,2,2,01,A01
201200005694,0,07,000,00,2,1,17,B02
201200005695,0,10,000,00,2,8,15,A01
201200005695,0,33,000,00,2,7,17,B02
201200005696,0,33,000,00,0,0,13,A01
201200005697,0,07,000,02,0,9,01,A01
201200005698,0,07,000,00,2,1,00,B02
201200005698,0,07,000,00,2,8,00,A01
201200005699,0,07,000,00,2,7,01,A01
201200005699,0,07,000,00,2,1,01,B02
201200005700,0,33,000,00,0,2,01,A01
201200005701,0,07,000,00,0,9,01,A01
201200005702,0,30,000,00,1,1,01,A01
201200005703,0,07,000,06,0,2,14,A01
201200005704,0,07,000,00,2,3,13,A01
201200005704,0,07,000,00,2,3,01,B02
201200005705,0,07,000,13,0,1,00,A01
201200005706,0,07,000,03,2,1,13,A01
201200005706,0,10,000,00,2,2,01,B02
201200005707,0,33,000,00,0,7,00,A01
201200005708,0,07,000,00,2,7,01,A01
201200005708,0,15,000,00,2,1,01,B02
201200005709,0,10,000,00,1,2,01,A01
201200005710,0,07,000,00,2,2,15,A01
201200005710,0,32,000,00,2,7,01,B02
201200005711,0,07,000,00,2,3,17,A01
201200005711,0,34,000,00,2,2,01,B02
201200005712,0,07,000,00,2,2,01,A01
201200005712,0,07,000,00,2,5,09,B02
201200005713,0,07,000,00,2,4,01,A01
201200005713,0,33,000,00,2,1,01,B02
201200005713,0,33,000,00,2,1,01,C03
201200005714,0,30,000,00,2,1,15,B02
201200005714,0,07,000,00,2,3,01,A01
201200005715,0,07,000,00,1,3,01,A01
201200005716,0,07,000,00,2,1,01,A01
201200005716,0,07,000,00,2,1,01,B02
201200005717,0,33,000,00,0,7,01,A01
201200005718,0,07,000,00,2,1,01,A01
201200005718,0,07,000,00,2,1,01,B02
201200005719,0,07,000,00,2,4,01,A01
201200005719,0,07,000,00,2,1,01,B02
201200005720,0,33,000,00,2,3,01,A01
201200005720,0,07,000,00,2,3,01,B02
201200005721,0,31,000,06,0,1,01,A01
201200005722,0,07,000,06,0,1,01,A01
201200005723,0,30,000,00,2,2,13,A01
201200005723,0,07,000,00,2,2,13,B02
201200005724,0,07,000,00,0,3,13,A01
201200005725,0,10,000,02,0,3,13,A01
201200005726,0,31,000,00,0,0,01,A01
201200005727,0,07,000,00,2,1,13,B02
201200005727,0,07,000,00,2,1,01,A01
201200005728,0,07,000,00,2,1,01,A01
201200005728,0,01,000,00,0,4,15,B02
201200005729,0,07,000,00,0,6,09,A01
201200005729,0,01,000,00,2,1,15,B02
201200005730,0,07,000,00,2,2,15,A01
201200005730,0,07,000,00,2,1,01,B02
201200005731,0,07,000,08,0,7,01,A01
201200005732,0,07,000,00,2,1,01,A01
201200005732,0,07,000,00,2,7,01,B02
201200005733,0,07,000,00,2,1,13,A01
201200005733,0,07,000,13,0,0,21,B02
201200005733,0,07,000,00,2,3,01,C03
201200005733,0,07,000,00,2,1,01,D04
201200005734,0,33,000,16,0,8,01,A01
201200005735,0,03,000,13,0,2,01,A01
201200005736,0,07,000,13,0,2,01,A01
201200005737,0,07,000,00,2,7,13,A01
201200005737,0,10,000,00,2,3,21,B02
201200005738,0,07,000,00,2,2,01,A01
201200005738,0,07,000,00,2,3,01,B02
201200005739,0,07,000,00,2,1,17,A01
201200005739,0,07,000,00,0,4,15,B02
201200005740,0,02,000,00,0,8,01,A01
201200005740,0,07,000,14,0,3,21,B02
201200005741,0,07,000,00,2,3,16,A01
201200005741,0,07,000,00,2,8,23,B02
201200005742,0,07,000,00,1,3,01,A01
201200005743,0,01,000,00,5,1,01,A01
201200005744,0,30,000,00,2,1,13,A01
201200005744,0,07,000,00,2,3,01,B02
201200005745,0,07,000,02,0,8,01,A01
201200005746,0,33,000,00,2,1,17,A01
201200005746,0,07,000,00,2,1,15,B02
201200005747,0,07,000,00,2,3,20,A01
201200005747,0,33,000,00,2,1,01,B02
201200005748,0,33,000,00,2,1,01,A01
201200005748,0,20,000,00,2,7,15,B02
201200005749,0,33,000,00,2,0,13,A01
201200005750,0,07,000,00,1,2,01,A01
201200005750,0,01,000,00,2,6,01,B02
201200005751,0,07,000,13,0,3,01,A01
201200005752,0,07,000,00,2,1,01,A01
201200005752,0,07,000,00,2,3,01,B02
201200005753,0,07,000,00,2,1,13,A01
201200005753,0,17,000,00,2,1,01,B02
201200005754,0,33,000,00,2,1,17,A01
201200005754,0,07,000,00,2,3,15,B02
201200005755,0,07,000,00,2,7,01,B02
201200005755,0,07,000,00,2,1,13,A01
201200005756,0,07,000,00,2,2,01,A01
201200005756,0,01,000,00,2,8,15,B02
201200005757,0,36,000,00,2,3,01,B02
201200005757,0,07,000,00,2,3,01,A01
201200005758,0,07,000,00,2,1,13,A01
201200005758,0,07,000,00,2,3,01,B02
201200005758,0,07,000,00,2,1,21,C03
201200005759,0,07,000,00,5,1,01,A01
201200005760,0,07,000,13,0,1,01,A01
201200005761,0,07,000,01,0,2,01,A01
201200005761,0,20,000,00,2,2,24,B02
201200005762,0,30,000,01,0,1,00,A01
201200005763,0,07,000,00,2,1,01,B02
201200005763,0,07,000,00,2,7,01,A01
201200005764,0,07,000,00,2,1,01,A01
201200005764,0,07,000,00,2,7,19,B02