Num_Acc,senc,catv,occutc,obs,obsm,choc,manv,num_veh
201200007734,0,02,000,00,2,1,01,A01
201200007734,0,07,000,00,2,3,01,B02
201200007735,0,33,000,00,2,1,01,B02
201200007735,0,07,000,00,2,1,15,A01
201200007736,0,31,000,15,0,1,01,A01
201200007737,1,07,000,00,0,0,00,A01
201200007738,0,07,000,02,0,1,01,A01
201200007739,0,10,000,00,2,1,01,A01
201200007739,0,17,000,00,2,2,01,B02
201200007740,0,07,000,00,2,8,01,B02
201200007740,0,07,000,00,2,3,13,A01
201200007741,0,07,000,15,0,9,19,A01
201200007742,0,07,000,13,0,2,01,A01
201200007743,0,07,000,13,0,1,01,A01
201200007744,0,01,000,00,2,8,01,A01
201200007744,0,02,000,00,2,7,01,B02
201200007745,0,17,000,00,2,6,01,B02
201200007745,0,07,000,00,2,3,13,A01
201200007746,0,15,000,00,2,1,01,B02
201200007746,0,07,000,00,2,7,15,A01
201200007747,0,30,000,12,0,1,01,A01
201200007748,0,31,000,11,0,1,01,A01
201200007749,0,07,000,00,1,2,01,A01
201200007750,0,07,000,00,2,1,01,B02
201200007750,0,36,000,00,2,1,13,A01
201200007751,0,07,000,08,0,3,13,A01
201200007752,0,17,000,00,2,1,21,B02
201200007752,0,07,000,00,2,1,13,A01
201200007753,0,07,000,06,0,1,01,A01
201200007754,0,07,000,00,2,3,13,A01
201200007754,0,07,000,00,2,3,01,B02
201200007755,0,33,000,03,0,3,01,A01
201200007756,0,10,000,01,0,2,01,A01
201200007757,0,07,000,00,2,3,13,A01
201200007757,0,07,000,00,2,3,21,B02
201200007758,0,33,000,04,0,3,01,A01
201200007759,0,01,000,16,0,1,01,A01
201200007759,0,02,000,00,0,0,02,B02
201200007760,0,01,000,00,0,3,01,C03
201200007760,0,01,000,00,2,3,17,A01
201200007760,0,10,000,00,9,8,01,B02
201200007761,0,33,000,01,2,1,01,A01
201200007761,0,30,000,00,0,4,10,C03
201200007762,0,07,000,08,0,7,01,A01
201200007763,0,20,000,13,0,8,14,A01
201200007764,0,07,000,00,2,1,01,B02
201200007764,0,33,000,00,2,1,13,A01
201200007765,0,33,000,00,0,8,01,A01
201200007766,0,30,000,09,0,2,01,A01
201200007767,0,07,000,00,0,1,14,A01
201200007768,0,30,000,00,2,2,19,A01
201200007768,0,07,000,00,2,1,02,C03
201200007768,0,07,000,00,2,3,02,B02
201200007769,0,07,000,02,0,1,01,A01
201200007770,0,07,000,09,0,2,01,A01
201200007771,0,33,000,00,0,1,01,A01
201200007772,0,07,000,02,0,1,13,A01
201200007773,0,15,000,00,2,1,01,B02
201200007773,0,07,000,00,0,1,13,A01
201200007774,0,10,000,08,0,3,00,A01
201200007775,0,07,000,00,1,2,01,A01
201200007776,0,07,000,08,0,1,01,A01
201200007777,0,07,000,00,2,3,01,B02
201200007777,0,07,000,00,2,2,16,A01
201200007778,0,07,000,00,2,1,01,B02
201200007778,0,07,000,00,2,7,13,A01
201200007779,0,07,000,16,0,1,01,A01
201200007780,0,07,000,00,1,1,01,A01
201200007781,0,14,000,00,2,8,15,B02
201200007781,0,33,000,00,2,1,17,A01
201200007782,0,07,000,00,2,7,13,A01
201200007782,0,07,000,00,2,1,01,B02
201200007783,0,07,000,00,2,2,15,A01
201200007783,0,32,000,00,2,1,01,B02
201200007784,0,07,000,00,2,3,01,A01
201200007784,0,10,000,00,2,3,01,B02
201200007785,0,33,000,00,2,2,17,A01
201200007785,0,15,000,00,2,3,15,B02
201200007786,0,33,000,08,0,7,01,A01
201200007787,0,07,000,00,2,1,01,B02
201200007787,0,07,000,00,2,1,13,A01
201200007788,0,07,000,00,1,2,01,A01
201200007789,0,07,000,00,2,2,21,B02
201200007789,0,07,000,00,2,2,13,A01
201200007790,0,07,000,13,0,3,13,A01
201200007791,0,07,000,00,2,7,01,B02
201200007791,0,33,000,00,2,1,01,A01
201200007792,0,38,018,00,0,6,19,A01
201200007792,0,07,000,00,2,1,01,B02
201200007793,0,02,000,12,0,1,01,A01
201200007794,1,07,000,00,1,2,01,A01
201200007795,0,07,000,00,0,9,01,A01
201200007796,0,02,000,00,2,1,01,A01
201200007796,0,01,000,00,0,4,01,B02
201200007797,0,07,000,13,0,1,13,A01
201200007798,0,07,000,00,2,2,15,A01
201200007798,0,07,000,00,2,1,01,B02
201200007799,0,07,000,00,0,1,01,B02
201200007799,0,07,000,00,0,7,01,A01
201200007800,0,30,000,00,0,0,01,A01
201200007801,0,07,000,00,0,2,11,A01
201200007801,0,30,000,00,2,1,01,B02
201200007802,0,31,000,00,0,1,01,A01
201200007803,0,37,020,00,1,2,01,A01
201200007804,0,07,000,00,9,1,01,A01
201200007804,0,01,000,00,2,8,15,B02
201200007805,0,07,000,00,1,1,00,A01
201200007806,0,07,000,03,0,9,01,A01
201200007807,0,07,000,02,0,8,19,A01
201200007808,0,07,000,16,0,2,01,A01
201200007809,0,14,000,13,0,1,01,A01
201200007810,0,07,000,13,0,1,00,A01
201200007811,0,07,000,02,0,9,01,A01
201200007812,0,07,000,00,0,1,13,A01
201200007813,0,33,000,13,0,2,01,A01
201200007814,0,07,000,00,2,2,01,A01
201200007814,0,01,000,00,2,2,01,B02
201200007815,0,07,000,00,2,1,13,A01
201200007815,0,07,000,03,2,1,21,B02
201200007816,0,10,000,00,0,7,01,A01
201200007817,0,99,000,02,0,1,17,A01
201200007818,0,36,000,06,0,1,00,A01
201200007819,0,07,000,07,0,2,14,A01
201200007820,0,02,000,00,0,7,01,A01
201200007821,0,07,000,00,2,1,01,B02
201200007821,0,07,000,00,9,1,01,E05
201200007821,0,15,000,00,2,3,01,C03
201200007821,0,07,000,00,2,1,05,A01
201200007821,0,15,000,00,2,3,01,D04
201200007822,0,07,000,04,0,3,13,A01
201200007823,0,07,000,00,2,1,01,C03
201200007823,0,07,000,04,0,1,13,A01
201200007823,0,07,000,00,2,4,01,B02
201200007824,0,14,000,04,0,2,01,A01
201200007825,0,07,000,04,0,3,13,A01
201200007826,0,07,000,00,0,0,01,A01
201200007826,0,33,000,00,9,1,01,B02
201200007827,0,17,000,04,0,1,06,A01
201200007828,0,07,000,00,2,5,12,A01
201200007828,0,10,000,00,2,3,03,B02
201200007829,0,15,000,00,2,4,01,C03
201200007829,0,07,000,00,9,1,01,D04
201200007829,0,07,000,00,2,1,01,A01
201200007829,0,17,000,00,2,4,01,B02
201200007830,0,07,000,00,2,1,13,A01
201200007830,0,07,000,00,2,7,01,C03
201200007830,0,07,000,00,2,4,01,B02
201200007831,0,33,000,00,2,1,02,A01
201200007831,0,07,000,00,2,4,02,B02
201200007832,0,17,000,00,2,0,02,B02
201200007832,0,07,000,04,2,1,13,A01
201200007833,0,07,000,04,0,1,01,A01
201200007834,0,07,000,04,0,3,21,A01
201200007835,0,07,000,04,0,2,09,A01
201200007836,0,17,000,00,2,6,01,A01
201200007836,0,07,000,00,2,2,03,B02
201200007837,0,07,000,03,0,1,02,C03
201200007837,0,17,000,00,0,4,01,D04
201200007837,0,07,000,03,0,1,17,A01
201200007837,0,07,000,00,2,1,02,E05
201200007837,0,07,000,14,0,2,02,F06
201200007837,0,07,000,14,0,4,02,H08
201200007837,0,07,000,03,0,1,02,G07
201200007837,0,07,000,01,0,2,01,B02
201200007838,0,14,000,00,0,0,00,A01
201200007839,0,07,000,00,2,1,14,A01
201200007839,0,07,000,00,2,4,01,B02
201200007840,0,07,000,13,0,1,01,A01
201200007841,0,07,000,08,0,1,00,A01
201200007842,0,07,000,00,2,3,06,A01
201200007842,0,07,000,00,2,3,01,B02
201200007843,0,99,000,00,2,1,13,A01
201200007843,0,07,000,00,0,1,01,B02
201200007844,0,07,000,00,1,8,01,A01
201200007845,0,07,000,13,0,2,01,A01
201200007846,0,30,000,00,2,1,01,B02
201200007846,0,07,000,00,2,2,15,A01
201200007847,0,07,000,00,2,3,13,A01
201200007847,0,07,000,00,2,3,01,B02
201200007848,0,33,000,16,0,9,15,A01
201200007849,0,07,000,04,0,1,01,A01
201200007850,0,07,000,00,2,3,15,A01
201200007850,0,33,000,00,2,8,01,B02
201200007851,0,07,000,00,0,4,15,C03
201200007851,0,07,000,00,2,4,02,B02
201200007851,0,07,000,00,2,1,02,A01
201200007852,0,33,000,00,2,1,01,B02
201200007852,0,07,000,00,0,7,15,A01
201200007853,0,07,000,05,0,9,15,A01
201200007854,0,07,000,00,2,3,09,A01
201200007854,0,07,000,00,2,2,01,B02
201200007855,0,07,000,04,0,3,01,A01
201200007856,0,07,000,00,2,1,02,A01
201200007856,0,07,000,00,0,4,02,B02
201200007857,0,07,000,03,0,2,01,A01
201200007858,0,07,000,00,1,2,01,A01
201200007859,0,07,000,00,2,1,02,A01
201200007859,0,07,000,00,2,4,02,B02
201200007860,0,07,000,00,2,4,02,B02
201200007860,0,10,000,00,2,1,02,A01
201200007861,0,07,000,00,2,3,01,B02
201200007861,0,07,000,00,2,3,01,A01
201200007861,0,07,000,00,2,1,01,C03
201200007862,0,10,000,00,2,2,05,A01
201200007862,0,10,000,00,2,2,01,B02
201200007863,0,10,000,00,2,2,01,A01
201200007863,0,07,000,00,0,4,00,B02
201200007864,0,07,000,12,0,1,01,A01
201200007865,0,07,000,00,2,1,13,A01
201200007865,0,07,000,15,2,1,01,B02
201200007866,0,07,000,02,0,1,13,A01
201200007867,0,07,000,00,2,1,01,C03
201200007867,0,07,000,00,2,5,13,A01
201200007867,0,10,000,00,2,8,01,B02
201200007868,0,33,000,00,2,1,01,A01
201200007868,0,07,000,00,2,3,09,B02
201200007869,0,07,000,00,2,3,01,A01
201200007869,0,07,000,00,2,1,01,B02
201200007870,0,07,000,00,1,1,01,A01
201200007871,0,07,000,00,2,5,02,A01
201200007871,0,33,000,00,2,3,02,B02
201200007872,0,07,000,00,2,1,09,B02
201200007872,0,20,000,00,2,1,05,A01
201200007873,0,07,000,00,2,3,01,A01
201200007873,0,33,000,00,2,1,01,B02
201200007874,0,07,000,00,2,3,09,A01
201200007874,0,02,000,00,2,1,02,B02
201200007875,0,07,000,16,0,9,01,A01
201200007876,0,01,000,00,2,8,01,B02
201200007876,1,07,000,00,9,5,14,Z01
201200007877,0,07,000,01,0,2,00,A01
201200007877,0,07,000,00,2,6,00,B02
201200007878,0,01,000,01,0,1,01,A01
201200007879,0,07,000,00,2,2,01,A01
201200007879,0,02,000,00,2,1,19,B02
201200007880,0,07,000,13,0,1,01,A01
201200007881,0,07,000,11,2,1,01,B02
201200007881,0,07,000,00,2,8,15,A01
201200007882,0,07,000,13,0,9,01,A01
201200007883,0,07,000,00,0,9,01,A01
201200007884,0,07,000,00,0,9,01,A01
201200007885,0,07,000,06,0,1,01,A01
201200007886,0,37,000,15,0,1,01,A01
201200007887,0,02,000,00,2,8,19,B02
201200007887,0,07,000,00,2,2,19,A01
201200007888,0,07,000,13,0,1,13,A01
201200007889,0,07,000,00,2,7,01,A01
201200007889,0,07,000,00,2,1,01,B02
201200007890,0,10,000,00,2,1,01,B02
201200007890,0,07,000,00,2,1,06,A01
201200007891,0,33,000,00,2,1,01,B02
201200007891,0,07,000,00,2,2,13,A01
201200007892,0,07,000,08,0,9,01,A01
201200007893,0,07,000,09,0,2,01,A01
201200007894,0,07,000,00,0,6,01,B02
201200007894,0,30,000,00,2,1,01,A01
201200007895,0,07,000,00,2,1,01,B02
201200007895,0,07,000,00,2,8,15,A01
201200007896,0,01,000,00,0,1,01,A01
201200007897,0,07,000,08,2,3,19,A01
201200007897,0,03,000,00,2,3,01,B02
201200007898,0,07,000,02,0,7,01,A01
201200007899,0,07,000,13,0,2,13,A01
201200007900,0,07,000,07,2,3,01,A01
201200007900,0,07,000,00,2,3,01,B02
201200007901,0,99,000,00,2,1,01,B02
201200007901,0,07,000,00,2,3,23,A01
201200007902,0,07,000,03,0,1,01,A01
201200007903,0,07,000,00,1,3,01,A01
201200007904,0,07,000,13,0,1,16,A01
201200007905,0,07,000,00,2,1,01,A01
201200007905,0,07,000,13,2,7,00,B02
201200007906,0,01,000,00,0,0,14,B02
201200007906,0,34,000,01,0,2,21,A01
201200007907,0,10,000,00,0,7,15,A01
201200007908,0,33,000,00,2,1,17,A01
201200007908,0,10,000,00,2,4,15,B02
201200007909,0,07,000,09,1,1,06,A01
201200007910,0,07,000,13,0,5,01,A01
201200007911,0,07,000,00,1,2,01,A01
201200007912,0,02,000,00,0,0,15,A01
201200007912,0,10,000,00,0,0,00,B02
201200007913,0,07,000,13,1,2,01,A01
201200007914,0,07,000,00,0,9,01,A01
201200007915,0,07,000,00,2,8,19,A01
201200007915,0,07,000,00,2,1,01,B02
201200007916,0,07,000,00,2,1,02,A01
201200007916,0,07,000,00,0,4,02,B02
201200007917,0,33,000,00,2,2,17,B02
201200007917,0,07,000,00,2,2,05,A01
201200007918,0,33,000,00,2,3,17,A01
201200007918,0,07,000,00,2,3,01,B02
201200007919,0,07,000,00,0,1,13,A01
201200007919,0,10,000,00,0,1,01,B02
201200007920,0,14,000,00,2,1,01,B02
201200007920,0,07,000,03,2,4,14,A01
201200007921,0,10,000,13,0,1,02,A01
201200007922,0,02,000,00,2,1,01,B02
201200007922,0,10,000,00,2,7,15,A01
201200007923,0,07,000,00,2,3,13,A01
201200007923,0,07,000,00,2,3,01,B02
201200007924,0,07,000,00,0,9,01,A01
201200007925,0,30,000,00,0,8,23,A01
201200007926,0,07,000,00,2,2,09,A01
201200007926,0,02,000,00,2,4,02,B02
201200007927,0,07,000,00,1,3,01,A01
201200007928,0,07,000,00,2,4,02,A01
201200007928,0,07,000,00,2,2,21,B02
201200007929,0,33,000,00,2,1,01,A01
201200007929,0,14,000,00,2,5,15,B02
201200007930,0,07,000,02,0,3,01,A01
201200007931,0,07,000,02,0,2,14,A01
201200007932,0,07,000,02,0,1,13,A01
201200007933,0,07,000,00,2,3,15,A01
201200007933,0,33,000,00,2,2,17,B02
201200007934,0,33,000,00,2,1,05,A01
201200007934,0,07,000,00,2,3,01,B02
201200007935,0,10,000,00,2,1,01,A01
201200007935,0,07,000,00,2,8,09,B02
201200007936,0,07,000,00,2,4,01,C03
201200007936,0,07,000,00,2,1,17,A01
201200007936,0,07,000,00,2,0,01,B02
201200007937,0,07,000,16,0,8,13,A01
201200007938,0,07,000,00,2,3,02,A01
201200007938,0,30,000,00,2,6,15,B02
201200007939,0,07,000,00,2,3,13,A01
201200007939,0,33,000,00,2,3,01,B02
201200007940,0,07,000,13,0,1,01,A01
201200007941,0,07,000,13,0,1,13,A01
201200007942,0,07,000,00,9,2,01,A01
201200007942,0,01,000,00,2,4,01,B02
201200007942,0,01,000,00,2,4,01,C03
201200007943,0,07,000,01,0,1,02,A01
201200007943,0,07,000,00,0,4,23,D04
201200007943,0,07,000,00,0,0,23,E05
201200007943,0,07,000,00,0,4,23,C03
201200007943,0,07,000,00,0,4,23,B02
201200007944,0,07,000,13,0,2,14,A01
201200007945,0,01,000,00,2,1,01,B02
201200007945,0,07,000,00,2,2,15,A01
201200007946,0,31,000,00,6,0,21,A01
201200007947,0,07,000,00,2,7,15,A01
201200007947,0,33,000,00,1,1,01,B02
201200007948,0,07,000,00,2,3,01,B02
201200007948,0,33,000,00,2,1,13,A01
201200007949,0,07,000,00,2,1,01,B02
201200007949,0,07,000,00,2,1,13,A01
201200007950,0,07,000,00,2,1,13,A01
201200007950,0,01,000,00,2,1,01,B02
201200007951,0,07,000,00,2,1,17,A01
201200007951,0,07,000,00,2,3,01,B02
201200007952,0,07,000,00,2,1,13,A01
201200007952,0,07,000,00,2,3,01,B02
201200007953,0,07,000,00,0,8,01,B02
201200007953,0,34,000,00,2,8,13,A01
201200007954,0,07,000,00,0,4,20,A01
201200007955,0,07,000,00,0,1,01,B02
201200007955,0,07,000,00,0,1,01,A01
201200007956,0,07,000,00,2,7,16,A01
201200007956,0,33,000,00,2,3,21,B02
201200007957,0,07,000,02,0,9,01,A01
201200007958,0,33,000,00,2,1,01,A01
201200007958,0,33,000,00,2,1,01,B02
201200007959,1,07,000,00,1,3,01,A01
201200007960,0,32,000,00,2,1,01,A01
201200007960,0,01,000,00,2,1,01,B02
201200007961,0,07,000,00,2,6,00,B02
201200007961,0,02,000,01,0,2,01,A01
201200007962,0,07,000,00,2,1,15,A01
201200007962,0,30,000,00,2,1,01,B02
201200007963,0,02,000,00,2,1,01,A01
201200007963,0,07,000,00,2,1,15,B02
201200007964,0,30,000,00,2,7,17,A01
201200007964,0,07,000,00,2,8,15,B02
201200007965,0,07,000,00,1,1,01,A01
201200007966,0,07,000,00,0,3,00,B02
201200007966,0,33,000,00,2,1,13,A01
201200007967,0,07,000,00,2,2,13,A01
201200007967,0,07,000,00,2,1,01,B02
201200007968,0,33,000,00,2,1,17,A01
201200007968,0,07,000,00,0,6,15,B02
201200007969,0,33,000,00,2,7,01,B02
201200007969,0,07,000,00,2,2,19,A01
201200007970,0,07,000,00,0,3,15,A01
201200007970,0,31,000,00,2,1,01,B02
201200007971,0,07,000,00,2,3,13,A01
201200007971,0,10,000,00,2,3,01,D04
201200007971,0,07,000,00,2,1,01,C03
201200007971,0,10,000,00,2,3,01,B02
201200007972,0,33,000,00,2,1,01,B02
201200007972,0,07,000,00,2,2,15,A01
201200007973,0,14,000,00,2,8,01,B02
201200007973,0,30,000,00,2,3,13,A01
201200007974,0,07,000,00,2,1,13,A01
201200007974,0,07,000,00,2,3,01,B02
201200007975,0,07,000,00,2,1,01,B02
201200007975,0,31,000,00,2,1,01,A01
201200007976,0,07,000,00,0,3,15,A01
201200007976,0,33,000,00,2,1,01,B02
201200007977,0,07,000,08,0,9,01,A01
201200007978,0,07,000,06,0,3,01,A01
201200007979,0,07,000,00,2,1,01,B02
201200007979,0,07,000,00,2,6,21,C03
201200007979,0,07,000,03,2,4,05,A01
201200007980,0,07,000,10,0,2,14,A01
201200007981,0,07,000,00,2,1,01,B02
201200007981,0,10,000,00,2,1,01,A01
201200007982,0,07,000,00,2,3,15,A01
201200007982,0,33,000,00,2,7,17,B02
201200007983,0,07,000,00,2,3,15,A01
201200007983,0,34,000,00,2,2,02,B02
201200007984,0,07,000,00,0,1,02,A01
201200007984,0,07,000,00,0,4,15,B02
201200007985,0,02,000,00,2,1,17,A01
201200007985,0,07,000,00,0,6,23,B02
201200007986,0,07,000,00,2,1,05,A01
201200007986,0,10,000,00,2,1,01,B02
201200007986,0,07,000,00,2,2,21,C03
201200007987,0,33,000,12,0,2,01,A01
201200007988,0,07,000,00,2,1,01,A01
201200007988,0,01,000,00,2,1,01,B02
201200007989,0,07,000,15,0,9,01,A01
201200007990,0,07,000,00,0,5,09,A01
201200007990,0,33,000,00,2,1,01,B02
201200007991,0,14,000,13,0,3,14,A01
201200007992,0,31,000,12,2,8,01,A01
201200007992,0,07,000,00,2,5,15,B02
201200007993,0,10,000,13,0,2,01,A01
201200007994,0,33,000,12,0,6,01,A01
201200007994,0,07,000,00,2,3,01,B02
201200007995,0,07,000,00,1,8,01,A01
201200007996,0,07,000,00,2,3,19,A01
201200007996,0,30,000,00,2,2,01,B02
201200007997,0,07,000,14,0,1,01,A01
201200007997,0,07,000,00,2,4,23,B02
201200007998,0,31,000,00,2,4,01,B02
201200007998,0,07,000,00,2,3,09,A01
201200007999,0,14,000,00,2,3,01,B02
201200007999,0,07,000,00,2,3,13,A01
201200008000,0,07,000,02,0,1,01,A01
201200008001,0,07,000,00,2,4,15,B02
201200008001,0,07,000,00,2,1,02,A01
201200008002,0,07,000,02,0,1,17,A01
201200008003,0,07,000,10,0,2,01,A01
201200008004,0,07,000,00,2,1,13,B02
201200008004,0,07,000,00,2,1,01,A01
201200008005,0,07,000,00,1,1,01,A01
201200008006,0,07,000,00,2,1,17,A01
201200008006,0,07,000,00,2,1,01,B02
201200008007,0,07,000,00,2,7,01,B02
201200008007,0,07,000,00,2,2,01,A01
201200008008,0,07,000,02,0,1,01,A01
201200008009,0,21,000,00,6,0,21,A01
201200008010,0,07,000,02,0,1,01,A01
201200008011,0,07,000,00,2,3,01,A01
201200008011,0,02,000,00,2,1,01,B02
201200008012,1,07,000,00,1,0,01,Z01
201200008013,0,30,000,08,0,1,01,A01
201200008014,0,30,000,00,2,7,01,A01
201200008014,0,07,000,00,2,1,15,B02
201200008015,0,07,000,00,2,8,13,A01
201200008015,0,33,000,00,2,1,01,B02
201200008016,0,07,000,02,0,8,21,A01
201200008017,0,34,000,00,2,1,01,A01
201200008017,0,10,000,00,2,8,09,B02
201200008018,0,07,000,06,0,1,06,A01
201200008019,0,07,000,02,0,2,14,A01
201200008020,0,07,000,00,2,7,01,A01
201200008020,0,07,000,00,2,1,19,B02
201200008021,0,07,000,02,0,1,13,A01
201200008022,0,07,000,00,2,7,17,A01
201200008022,0,07,000,00,0,8,01,B02
201200008023,0,33,000,10,0,8,01,A01
201200008024,0,07,000,00,2,1,13,A01
201200008024,0,07,000,00,2,1,02,B02
201200008025,0,07,000,03,0,1,13,A01
201200008026,0,33,000,03,0,0,00,A01
201200008027,0,07,000,00,0,8,11,A01
201200008027,0,33,000,00,2,2,17,B02
201200008028,0,07,000,00,2,3,21,B02
201200008028,2,07,000,00,2,2,05,A01
201200008028,0,07,000,00,2,5,13,C04
201200008029,0,07,000,08,0,1,02,A01
201200008030,0,07,000,00,2,3,21,A01
201200008030,0,07,000,00,2,3,17,B02
201200008031,0,07,000,13,9,2,01,A01
201200008032,0,01,000,03,0,1,01,A01
201200008033,0,07,000,16,0,9,13,A01
201200008034,0,07,000,02,0,2,01,A01
201200008035,0,07,000,02,0,1,00,A01
201200008036,0,07,000,00,1,2,01,A01
201200008037,0,07,000,00,0,0,01,A01
201200008038,0,31,000,13,0,1,01,A01
201200008039,0,33,000,16,0,0,21,A01
201200008040,0,07,000,00,2,1,01,A01
201200008040,0,07,000,00,2,3,01,B02
201200008041,0,33,000,04,0,7,01,A01
201200008042,0,33,000,00,0,0,01,A01
201200008043,0,33,000,00,0,0,01,A01
201200008044,0,33,000,00,2,8,21,A01
201200008044,0,07,000,00,0,4,15,B02
201200008045,0,01,000,00,2,2,13,A01
201200008045,0,07,000,00,9,1,01,B02
201200008046,0,33,000,00,0,2,17,A01
201200008046,0,07,000,00,0,6,01,B02
201200008047,0,33,000,00,0,0,01,A01
201200008048,0,07,000,16,0,0,01,A01
201200008049,0,33,000,00,0,9,00,A01
201200008050,0,33,000,00,2,8,17,A01
201200008050,0,07,000,00,2,3,01,B02
201200008050,0,07,000,00,0,0,01,C03
201200008051,0,07,000,00,1,2,01,A01
201200008052,0,33,000,00,2,1,13,A01
201200008052,0,07,000,00,2,2,21,B02
201200008053,0,07,000,00,1,1,01,A01
201200008054,0,33,000,00,2,1,13,A01
201200008054,0,17,000,00,2,8,01,B02
201200008055,0,07,000,05,0,1,14,A01
201200008056,0,07,000,00,2,1,17,A01
201200008056,0,07,000,00,2,1,01,B02
201200008057,0,15,000,04,2,3,13,A01
201200008057,0,15,000,00,2,3,01,B02
201200008058,0,07,000,13,0,1,01,A01
201200008059,0,10,000,00,2,8,19,A01
201200008059,0,33,000,00,2,1,01,B02
201200008060,0,02,000,00,0,1,01,B02
201200008060,0,31,000,00,0,1,13,A01
201200008061,0,33,000,03,0,1,01,A01
201200008062,0,07,000,00,2,1,17,A01
201200008062,0,07,000,00,2,1,01,B02
201200008063,0,31,000,13,0,2,15,A01
201200008064,0,33,000,00,2,3,13,A01
201200008064,0,07,000,00,2,3,01,C03
201200008065,0,33,000,00,2,1,,A01
201200008065,0,33,000,00,2,1,00,B02
201200008066,0,33,000,04,0,1,01,A01
201200008067,0,33,000,13,0,0,00,A01
201200008068,0,33,000,03,0,1,01,A01
201200008069,0,33,000,00,0,2,01,A01
201200008070,0,07,000,02,0,1,13,A01
201200008071,0,07,000,16,0,9,01,A01
201200008072,0,07,000,00,0,1,01,A01
201200008073,0,33,000,00,2,1,05,A01
201200008073,0,07,000,00,2,3,01,B02
201200008074,0,07,000,00,1,1,01,A01
201200008075,0,14,000,00,2,1,02,A01
201200008075,0,14,000,00,2,4,23,B02
201200008076,0,14,000,03,0,8,01,A01
201200008077,0,10,000,00,0,2,01,A01
201200008078,0,07,000,00,2,8,15,A01
201200008078,0,33,000,00,2,1,17,B02
201200008079,0,07,000,13,0,3,01,A01
201200008080,0,07,000,13,0,1,14,A01
201200008081,0,33,000,00,2,1,18,A01
201200008081,0,07,000,00,2,5,16,B02
201200008082,0,07,000,02,0,5,01,A01
201200008083,0,07,000,00,2,1,01,B02
201200008083,0,07,000,00,2,3,19,A01
201200008084,0,07,000,00,0,0,01,A01
201200008085,0,07,000,06,0,1,14,A01
201200008086,0,33,000,00,2,1,13,A01
201200008086,0,07,000,00,0,6,15,B02
201200008087,0,07,000,00,2,7,01,A01
201200008087,0,38,001,00,2,1,01,B02
201200008088,0,07,000,02,0,8,13,A01
201200008089,0,33,000,10,0,9,01,A01
201200008090,0,33,000,00,2,7,17,A01
201200008090,0,10,000,00,2,3,15,B02
201200008091,0,30,000,02,0,0,01,A01
201200008092,0,07,000,13,0,9,17,A01
201200008093,0,10,000,00,2,1,01,A01
201200008093,0,07,000,00,2,4,01,B02
201200008094,0,07,000,00,2,3,09,A01
201200008094,0,33,000,00,2,2,01,B02
201200008095,0,07,000,00,2,3,00,A01
201200008095,0,33,000,00,2,1,00,B02
201200008096,0,30,000,00,6,7,01,A01
201200008097,0,07,000,16,0,3,01,A01
201200008098,0,30,000,00,0,1,01,A01
201200008098,0,07,000,00,0,1,01,B02
201200008099,0,07,000,00,1,6,20,A01
201200008100,0,14,000,00,2,3,01,B02
201200008100,0,07,000,00,2,3,13,A01
201200008101,0,07,000,02,0,2,14,A01
201200008102,0,10,000,13,0,2,01,A01
201200008103,0,07,000,02,0,9,13,A01
201200008104,0,30,000,00,,1,01,B02
201200008104,0,33,000,00,2,2,13,A01
201200008105,0,07,000,,2,3,13,A01
201200008105,0,10,000,00,,3,01,B02
201200008106,0,07,000,16,,,01,A01
201200008107,0,07,000,00,0,3,01,B02
201200008107,0,01,000,00,2,8,13,A01
201200008108,0,07,000,13,,9,01,A01
201200008109,0,02,000,00,,1,01,B02
201200008109,0,07,000,03,2,1,13,A01
201200008110,0,07,000,00,,3,01,B02
201200008110,0,07,000,00,2,3,13,A01
201200008111,0,10,000,00,,3,01,B02
201200008111,0,07,000,00,2,3,13,A01
201200008112,0,07,000,00,,3,01,A01
201200008112,0,30,000,00,2,1,15,B02
201200008113,0,07,000,00,2,1,17,A01
201200008113,0,07,000,00,2,1,01,B02
201200008113,0,17,000,00,,8,01,C03
201200008114,0,07,000,13,0,2,01,A01
201200008115,0,07,000,13,0,1,01,A01
201200008116,0,33,000,03,0,2,14,A01
201200008117,0,33,000,00,2,3,13,A01
201200008117,0,07,000,00,,3,01,B02
201200008118,0,07,000,03,,1,13,A01
201200008119,0,07,000,00,,2,15,A01
201200008119,0,33,000,00,2,1,13,B02
201200008120,0,07,000,00,2,1,13,A01
201200008120,0,17,000,00,2,8,01,B02
201200008121,0,10,000,00,,3,01,B02
201200008121,0,10,000,00,,1,01,C03
201200008121,0,15,000,00,2,3,01,A01
201200008122,0,33,000,00,5,1,01,A01
201200008123,0,07,000,00,1,2,01,A01
201200008124,0,07,000,07,0,2,01,A01
201200008125,0,07,000,13,5,1,01,A01
201200008126,0,07,000,13,0,9,01,A01
201200008127,0,07,000,00,,1,01,B02
201200008127,0,07,000,00,2,7,13,A01
201200008128,0,07,000,13,0,1,01,A01
201200008129,0,01,000,00,2,7,15,B02
201200008129,0,07,000,00,,3,01,A01
201200008130,0,07,000,00,2,3,13,A01
201200008130,0,07,000,00,,3,01,B02
201200008131,0,07,000,00,2,1,01,B01
201200008131,0,07,000,00,2,3,19,A02
201200008132,0,07,000,01,0,1,01,A01
201200008133,0,07,000,13,0,9,13,A01