Num_Acc,senc,catv,occutc,obs,obsm,choc,manv,num_veh
201200008528,0,14,000,00,2,8,19,B02
201200008529,0,30,000,00,2,3,13,A01
201200008529,0,07,000,00,2,3,01,B02
201200008530,0,99,000,00,2,2,13,A01
201200008530,0,02,000,00,2,1,00,B02
201200008531,0,10,000,00,2,3,13,A01
201200008531,0,07,000,00,2,3,01,B02
201200008532,0,30,000,00,2,1,01,A01
201200008532,0,07,000,00,0,6,16,B02
201200008533,0,07,000,00,2,1,15,A01
201200008533,0,32,000,00,2,1,01,B02
201200008534,0,07,000,00,2,1,15,A01
201200008534,0,02,000,00,2,1,01,B02
201200008535,0,07,000,00,2,3,01,B02
201200008535,0,07,000,00,2,1,01,C03
201200008535,0,07,000,00,2,1,13,A01
201200008536,0,07,000,00,1,3,01,A01
201200008537,0,07,000,00,9,1,01,C03
201200008537,0,07,000,00,2,1,13,A01
201200008537,0,07,000,00,2,3,01,B02
201200008538,0,33,000,13,0,1,14,A01
201200008539,0,07,000,02,0,9,01,A01
201200008540,0,07,000,00,1,2,01,A01
201200008541,0,07,000,00,2,8,15,B02
201200008541,0,33,000,00,2,8,17,A01
201200008542,0,10,000,00,1,2,01,A01
201200008543,0,10,000,00,0,0,01,A01
201200008544,0,07,000,00,2,1,00,A01
201200008544,0,07,000,00,2,1,00,B02
201200008545,0,14,000,00,2,8,20,B02
201200008545,0,07,000,00,2,2,01,A01
201200008546,0,07,000,03,2,1,21,B02
201200008546,0,07,000,00,2,1,13,A01
201200008547,0,07,000,00,2,3,16,C03
201200008547,0,07,000,00,2,2,01,A01
201200008547,0,33,000,00,2,1,02,B02
201200008548,0,33,000,00,2,1,05,A01
201200008548,0,07,000,00,2,3,01,B02
201200008549,0,07,000,00,2,1,13,A01
201200008549,0,20,000,00,2,1,01,B02
201200008550,1,07,000,00,2,0,00,A01
201200008550,0,30,000,00,2,1,16,B02
201200008551,0,07,000,13,0,3,01,A01
201200008552,0,30,000,00,2,1,02,A01
201200008552,0,07,000,00,2,4,02,B02
201200008553,0,02,000,00,2,1,01,B02
201200008553,0,10,000,00,2,3,15,A01
201200008554,0,07,000,00,2,6,15,B02
201200008554,0,07,000,00,2,2,02,A01
201200008555,0,33,000,00,2,2,01,A01
201200008556,0,07,000,00,2,3,01,B02
201200008556,0,33,000,00,2,3,17,A01
201200008557,0,02,000,00,1,1,02,A01
201200008558,0,07,000,00,9,5,01,A01
201200008559,0,07,000,00,2,9,13,A01
201200008559,0,07,000,00,2,8,01,B02
201200008560,0,07,000,08,0,3,01,A01
201200008561,0,07,000,00,2,7,15,A01
201200008561,0,33,000,00,2,1,01,B02
201200008562,0,10,000,00,1,2,01,A01
201200008563,0,10,000,00,0,6,23,B02
201200008563,0,30,000,01,0,1,02,A01
201200008564,0,07,000,14,0,1,01,A01
201200008565,0,01,000,00,2,1,19,A01
201200008565,0,07,000,00,2,3,01,B02
201200008566,0,07,000,00,0,3,01,A01
201200008567,0,01,000,05,0,0,01,A01
201200008568,0,31,000,00,6,1,21,A01
201200008569,0,33,000,00,0,0,01,A01
201200008570,0,07,000,00,2,3,01,B02
201200008570,0,01,000,00,2,1,01,C03
201200008570,0,07,000,13,2,1,01,A01
201200008571,0,07,000,02,0,8,01,A01
201200008572,0,07,000,00,0,9,01,A01
201200008573,0,10,000,00,2,1,01,A01
201200008573,0,30,000,00,2,4,01,B02
201200008574,0,07,000,00,2,1,01,B02
201200008574,0,10,000,00,2,1,05,A01
201200008575,0,33,000,02,0,1,13,A01
201200008576,0,33,000,00,2,7,01,B02
201200008576,0,07,000,00,2,1,01,A01
201200008577,0,10,000,16,0,1,15,A01
201200008578,0,10,000,15,0,2,01,A01
201200008579,0,07,000,00,1,3,01,A01
201200008580,0,07,000,16,0,1,01,A01
201200008581,0,02,000,06,0,1,01,A01
201200008582,0,07,000,00,2,1,05,A01
201200008582,0,33,000,00,2,1,01,B02
201200008583,0,07,000,00,0,6,00,C03
201200008583,0,07,000,00,0,3,00,A01
201200008583,0,07,000,00,0,1,00,B02
201200008584,0,07,000,00,2,3,15,A01
201200008584,0,33,000,00,2,1,17,B02
201200008585,0,10,000,00,2,2,01,C03
201200008585,0,07,000,00,2,3,01,A01
201200008585,0,07,000,00,2,3,01,B02
201200008586,0,07,000,00,2,7,15,A01
201200008586,0,33,000,00,2,1,17,B02
201200008587,0,07,000,02,0,7,00,A01
201200008588,0,07,000,00,1,3,01,A01
201200008589,0,02,000,00,2,7,01,A01
201200008589,0,07,000,00,2,1,01,B02
201200008590,0,07,000,00,2,8,19,A01
201200008590,0,33,000,00,2,9,01,B02
201200008591,0,14,000,00,1,7,01,A01
201200008592,0,10,000,13,0,3,01,A01
201200008593,0,30,000,00,2,1,01,A01
201200008593,0,07,000,00,2,8,21,B02
201200008594,0,07,000,00,2,7,13,A01
201200008594,0,07,000,00,2,1,01,B02
201200008595,0,32,000,00,2,2,01,A01
201200008595,0,07,000,00,2,3,16,B02
201200008596,0,07,000,00,0,1,00,A01
201200008597,0,07,000,00,0,0,01,A01
201200008598,0,07,000,00,2,1,14,A01
201200008598,0,07,000,00,2,3,01,B02
201200008599,0,07,000,00,2,2,01,B02
201200008599,0,07,000,00,2,3,15,A01
201200008600,0,07,000,00,2,3,01,B02
201200008600,0,33,000,00,2,3,01,A01
201200008601,0,33,000,00,2,1,17,B02
201200008601,0,21,000,00,0,8,15,A01
201200008602,0,07,000,00,0,5,02,B02
201200008602,0,07,000,00,0,2,02,A01
201200008603,0,33,000,00,0,1,05,A01
201200008603,0,07,000,00,2,3,05,B02
201200008604,0,07,000,04,0,7,01,A01
201200008605,0,07,000,00,2,8,15,A01
201200008605,0,07,000,00,2,2,17,B02
201200008606,0,07,000,00,2,1,01,C03
201200008606,0,07,000,00,2,2,01,A01
201200008606,0,07,000,00,2,4,01,B02
201200008607,0,07,000,08,0,3,13,A01
201200008608,0,14,000,00,2,8,01,B02
201200008608,0,30,000,00,2,9,19,A01
201200008609,0,07,000,00,2,2,05,A01
201200008609,0,15,000,00,2,0,13,C03
201200008610,0,02,000,00,2,1,01,B02
201200008610,0,07,000,00,2,3,11,A01
201200008611,0,07,000,02,0,6,01,A01
201200008612,0,30,000,00,2,1,01,A01
201200008612,0,07,000,00,2,8,01,B02
201200008613,0,33,000,00,0,7,01,A01
201200008614,0,07,000,13,0,2,01,A01
201200008615,0,07,000,04,0,2,01,A01
201200008616,0,32,000,00,0,1,01,B02
201200008616,0,07,000,00,0,3,13,A01
201200008617,0,01,000,00,2,1,17,A01
201200008617,0,10,000,00,0,8,11,B02
201200008618,0,33,000,00,0,0,21,A01
201200008618,0,07,000,00,0,5,19,B02
201200008619,0,01,000,00,2,7,05,B02
201200008619,0,10,000,00,0,7,01,A01
201200008620,0,07,000,06,0,1,00,A01
201200008621,0,07,000,00,2,2,01,A01
201200008621,0,33,000,00,2,1,13,B02
201200008622,0,07,000,00,2,1,00,B02
201200008622,0,07,000,00,2,1,01,A01
201200008623,0,07,000,00,2,1,01,A01
201200008623,0,07,000,00,2,7,19,B02
201200008624,0,07,000,00,0,2,01,A01
201200008625,0,07,000,00,2,7,19,A01
201200008625,0,07,000,00,2,1,01,B02
201200008626,0,10,000,00,0,1,01,A01
201200008627,0,10,000,00,2,1,05,A01
201200008627,0,07,000,00,2,1,01,B02
201200008628,0,10,000,00,0,5,01,A01
201200008629,0,07,000,00,2,1,01,B02
201200008629,0,07,000,00,2,1,01,A01
201200008630,0,07,000,00,1,3,01,A01
201200008631,0,07,000,03,0,9,13,A01
201200008632,0,07,000,00,2,1,01,A01
201200008632,0,02,000,00,0,3,01,B02
201200008633,0,07,000,00,2,1,13,A01
201200008633,0,33,000,00,0,1,00,B02
201200008634,0,07,000,00,2,8,01,B02
201200008634,0,30,000,00,2,1,19,A01
201200008635,0,07,000,00,2,3,01,B02
201200008635,0,07,000,00,2,3,13,A01
201200008636,0,07,000,00,2,2,15,A01
201200008636,0,33,000,00,0,2,01,B02
201200008637,0,07,000,00,2,1,01,B02
201200008637,0,07,000,00,2,1,13,A01
201200008638,0,31,000,00,0,8,15,A01
201200008639,0,33,000,10,0,1,01,A01
201200008640,0,07,000,00,2,2,15,A01
201200008640,0,02,000,00,2,1,01,B02
201200008641,0,33,000,00,2,1,01,A01
201200008641,0,10,000,00,2,7,15,B02
201200008642,0,39,000,00,2,1,01,B02
201200008642,0,02,000,00,4,8,01,A01
201200008643,0,31,000,02,0,1,01,A01
201200008644,0,07,000,02,0,3,01,A01
201200008645,0,10,000,00,2,3,02,C03
201200008645,0,33,000,00,2,1,02,A01
201200008645,0,07,000,00,2,3,09,B02
201200008646,0,07,000,02,0,3,01,A01
201200008647,0,07,000,00,2,3,19,A01
201200008647,0,33,000,00,2,1,01,B02
201200008648,0,33,000,15,2,1,01,B02
201200008648,0,10,000,00,2,2,09,A01
201200008649,0,07,000,00,2,3,23,B02
201200008649,0,32,000,00,2,1,01,A01
201200008650,0,31,000,16,0,1,01,A01
201200008651,0,07,000,00,0,7,19,A01
201200008651,0,31,000,00,2,1,01,B02
201200008652,0,03,000,00,2,2,19,A01
201200008652,0,31,000,00,2,7,01,B02
201200008653,0,10,000,00,0,3,04,A01
201200008653,0,33,000,00,0,1,02,B02
201200008654,0,07,000,00,2,1,01,A01
201200008654,0,07,000,00,2,1,00,B02
201200008655,0,33,000,00,2,1,01,A01
201200008655,0,07,000,00,2,8,19,B02
201200008656,0,07,000,00,2,3,01,C03
201200008656,0,07,000,00,2,3,01,B02
201200008656,0,07,000,00,2,3,13,A01
201200008657,0,31,000,00,0,9,02,A01
201200008658,0,07,000,00,2,3,01,B02
201200008658,0,07,000,00,2,3,01,A01
201200008659,0,10,000,02,0,1,01,A01
201200008660,0,33,000,00,2,2,03,A01
201200008660,0,07,000,00,2,8,15,B02
201200008661,0,15,000,00,2,3,01,B02
201200008661,0,33,000,00,2,1,13,A01
201200008662,0,31,000,06,0,1,00,A01
201200008663,0,30,000,00,2,1,15,A01
201200008663,0,07,000,00,2,2,01,B02
201200008664,0,07,000,02,0,1,14,A01
201200008665,0,07,000,00,2,2,19,A01
201200008665,0,31,000,00,2,1,01,B02
201200008666,0,07,000,00,2,3,19,A01
201200008666,0,33,000,00,2,1,01,B02
201200008667,0,07,000,00,1,1,10,A01
201200008668,0,31,000,00,2,7,13,A01
201200008668,0,10,000,00,2,3,15,B02
201200008669,0,01,000,00,2,4,00,C03
201200008669,0,01,000,00,2,4,00,B02
201200008669,0,07,000,00,2,1,00,A01
201200008670,0,07,000,01,0,3,00,B02
201200008670,0,01,000,01,0,1,02,A01
201200008671,0,01,000,00,0,1,00,B02
201200008671,0,07,000,00,0,4,01,A01
201200008672,0,07,000,00,1,1,01,A01
201200008673,0,10,000,03,0,2,14,A01
201200008674,0,07,000,02,0,1,01,A01
201200008675,0,07,000,02,0,2,01,A01
201200008676,0,01,000,00,2,7,19,B02
201200008676,0,07,000,00,2,1,01,A01
201200008677,0,07,000,00,2,2,15,A01
201200008677,0,30,000,00,2,1,01,B02
201200008678,0,31,000,08,0,8,00,A01
201200008679,0,10,000,00,1,2,13,A01
201200008680,0,10,000,01,0,1,01,B02
201200008680,0,14,000,00,0,1,23,A01
201200008681,0,07,000,00,2,7,15,A01
201200008681,0,30,000,00,2,1,01,B02
201200008682,0,34,000,00,0,5,23,A01
201200008682,1,07,000,00,0,3,09,B02
201200008683,0,07,000,00,9,1,01,B02
201200008683,0,30,000,00,2,8,01,A01
201200008684,0,07,000,02,0,7,01,A01
201200008685,0,14,000,00,2,3,01,B02
201200008686,0,33,000,10,0,9,01,A01
201200008687,0,07,000,02,0,1,13,A01
201200008688,0,07,000,00,2,3,13,A01
201200008688,0,07,000,00,2,3,00,B02
201200008689,0,31,000,00,0,9,17,B02
201200008689,0,07,000,00,0,3,15,A01
201200008690,0,07,000,02,0,1,01,A01
201200008691,0,07,000,04,1,8,24,A01
201200008691,0,07,000,01,0,2,01,B02
201200008692,0,07,000,04,2,3,01,A01
201200008692,0,07,000,04,2,3,15,B02
201200008693,0,07,000,13,0,1,01,A01
201200008694,0,07,000,02,0,2,01,A01
201200008695,0,07,000,00,1,1,01,A01
201200008696,0,07,000,02,0,2,01,A01
201200008697,0,07,000,00,0,3,00,B02
201200008697,0,31,000,00,0,2,02,A01
201200008698,0,32,000,00,2,1,01,B02
201200008698,0,07,000,00,2,2,15,A01
201200008699,0,07,000,00,2,3,01,A01
201200008699,0,07,000,00,2,3,01,B02
201200008700,0,07,000,00,2,2,15,A01
201200008700,0,33,000,00,2,1,01,B02
201200008701,0,07,000,00,2,8,15,B02
201200008701,0,32,000,00,2,1,17,A01
201200008702,0,07,000,00,0,4,15,B02
201200008702,0,31,000,00,2,1,01,A01
201200008703,0,07,000,00,2,1,01,A01
201200008703,0,07,000,00,2,1,01,B02
201200008704,0,14,000,00,2,2,01,A01
201200008704,0,10,000,00,2,6,01,B02
201200008705,0,33,000,00,2,2,17,A01
201200008705,0,07,000,00,0,6,09,B02
201200008706,0,07,000,13,0,1,01,A01
201200008707,0,33,000,00,2,1,01,A01
201200008707,0,10,000,00,2,8,15,B02
201200008708,0,07,000,00,2,7,15,B02
201200008708,0,33,000,00,2,1,01,A01
201200008709,0,02,000,00,2,7,01,B02
201200008709,0,07,000,00,2,3,09,A01
201200008710,0,33,000,00,2,7,01,A01
201200008710,0,07,000,00,2,3,19,B02
201200008711,0,33,000,00,2,1,11,A01
201200008711,0,07,000,00,2,8,15,B02
201200008712,0,37,000,00,2,3,01,B02
201200008712,0,07,000,00,2,1,01,A01
201200008713,0,33,000,08,0,1,01,A01
201200008714,0,07,000,05,0,2,16,A01
201200008715,0,07,000,06,0,8,01,A01
201200008716,0,31,000,12,0,7,00,A01
201200008717,0,07,000,00,2,2,15,A01
201200008717,0,33,000,00,2,1,01,B02
201200008718,0,31,000,00,0,0,01,A01
201200008719,0,33,000,02,0,8,01,A01
201200008720,0,02,000,00,2,1,01,B02
201200008720,0,07,000,00,0,5,15,A01
201200008721,0,07,000,02,0,1,01,A01
201200008722,0,02,000,07,0,2,01,A01
201200008723,0,07,000,00,2,1,01,B02
201200008723,0,07,000,00,2,1,13,A01
201200008724,0,07,000,11,0,3,15,A01
201200008724,0,02,000,11,0,1,02,B02
201200008725,0,33,000,00,0,0,17,A01
201200008726,0,07,000,00,2,1,13,A01
201200008726,0,07,000,00,2,3,00,B02
201200008727,0,07,000,10,0,2,01,A01
201200008728,0,33,000,00,0,1,01,B02
201200008728,0,07,000,00,0,3,15,A01
201200008729,0,33,000,00,2,2,17,A01
201200008729,0,10,000,00,2,3,15,B02
201200008730,0,07,000,13,0,1,01,A01
201200008731,0,07,000,02,0,2,00,A01
201200008732,0,02,000,00,2,1,01,B02
201200008732,0,10,000,00,2,8,20,A01
201200008733,0,07,000,13,0,1,01,A01
201200008734,0,36,000,04,0,3,01,A01
201200008735,0,07,000,00,2,7,01,A01
201200008735,0,07,000,00,2,3,01,B02
201200008736,0,10,000,00,2,3,01,A01
201200008736,0,15,000,00,2,3,01,B02
201200008737,0,07,000,00,0,9,01,A01
201200008738,0,01,000,00,2,4,01,B02
201200008738,0,07,000,00,9,3,01,A01
201200008739,0,07,000,10,0,1,01,A01
201200008740,0,07,000,00,2,1,13,A01
201200008740,0,07,000,00,2,1,21,B02
201200008741,0,07,000,06,0,1,01,A01
201200008742,0,07,000,01,0,5,23,A01
201200008742,0,01,000,00,0,7,01,B02
201200008743,0,10,000,00,2,5,15,A01
201200008743,0,33,000,00,2,2,01,B02
201200008744,0,07,000,00,2,1,01,A01
201200008744,0,07,000,00,2,1,05,B02
201200008745,0,07,000,02,0,8,21,A01
201200008746,0,07,000,00,1,7,17,A01
201200008747,0,14,000,07,0,2,14,A01
201200008748,0,07,000,13,0,1,01,A01
201200008749,0,34,000,02,0,3,01,A01
201200008750,0,30,000,00,0,1,01,A01
201200008751,0,02,000,00,2,1,02,A01
201200008751,0,07,000,00,2,6,02,B02
201200008752,0,14,000,00,1,2,20,A01
201200008753,0,17,000,00,1,1,09,A01
201200008754,0,07,000,06,0,3,13,A01
201200008755,0,07,000,02,0,5,17,A01
201200008756,0,07,000,06,0,1,13,A01
201200008757,0,33,000,00,0,8,01,A01
201200008758,0,07,000,13,0,1,01,A01
201200008759,0,01,000,00,2,3,01,B02
201200008759,0,10,000,00,2,2,15,A01
201200008760,0,07,000,00,2,3,13,A01
201200008760,0,17,000,00,0,3,01,B02
201200008761,0,33,000,13,0,7,02,A01
201200008762,0,99,000,00,2,8,02,B02
201200008762,0,14,000,00,2,7,01,A01
201200008763,0,07,000,00,1,2,01,A01
201200008764,0,07,000,00,1,4,04,A01
201200008765,0,01,000,00,2,8,01,B02
201200008765,1,07,000,00,9,7,17,A01
201200008766,0,10,000,00,1,1,01,A01
201200008767,0,07,000,00,0,0,14,A01
201200008768,0,07,000,00,2,3,01,B02
201200008768,0,07,000,00,2,3,13,A01
201200008769,0,02,000,00,0,3,15,B02
201200008769,0,07,000,00,0,7,17,A01
201200008770,0,07,000,00,9,2,02,A01
201200008770,0,01,000,00,2,4,01,B02
201200008771,0,07,000,02,0,3,01,A01
201200008772,0,01,000,00,0,5,01,A01
201200008773,0,07,000,06,0,1,01,A01
201200008774,0,01,000,00,2,8,19,B02
201200008774,0,33,000,00,2,1,17,A01
201200008775,0,10,000,00,1,2,02,A01
201200008776,0,07,000,00,2,8,01,A01
201200008776,0,07,000,00,2,1,01,B02
201200008777,0,01,000,00,0,4,15,A01
201200008777,0,07,000,00,2,1,09,B02
201200008778,0,07,000,00,0,0,01,A01
201200008779,0,07,000,00,1,2,14,A01
201200008780,0,30,000,00,2,1,18,B02
201200008780,0,07,000,00,2,2,19,A01
201200008781,0,07,000,00,2,8,10,A01
201200008781,0,31,000,00,2,1,02,B02
201200008782,0,01,000,00,2,1,01,B02
201200008782,0,07,000,00,2,2,16,A01
201200008783,0,07,000,00,0,7,15,A01
201200008783,0,02,000,00,0,1,01,B02
201200008784,0,07,000,00,9,3,09,A01
201200008784,0,01,000,00,2,1,01,B02
201200008785,0,30,000,00,2,1,01,A01
201200008785,0,30,000,00,2,4,17,B02
201200008786,0,07,000,02,0,3,01,A01
201200008787,0,07,000,00,2,1,01,B02
201200008787,0,13,000,00,2,4,01,A01
201200008788,0,07,000,06,0,1,01,A01
201200008789,0,21,000,00,2,6,15,A01
201200008789,0,13,000,00,2,1,17,B02
201200008790,0,30,000,11,0,1,13,A01
201200008791,0,07,000,06,0,1,01,A01
201200008792,0,33,000,00,0,9,01,A01
201200008793,0,33,000,00,1,3,01,A01
201200008794,0,31,000,00,2,1,13,A01
201200008794,0,07,000,00,2,3,01,B02
201200008795,0,07,000,00,0,0,14,A01
201200008796,0,33,000,01,0,3,21,A01
201200008797,0,33,000,00,2,1,02,A01
201200008797,0,07,000,00,2,0,02,B02
201200008798,0,07,000,00,2,1,01,C03
201200008798,0,07,000,00,2,4,23,A01
201200008798,0,07,000,00,2,1,01,B02
201200008799,0,02,000,00,2,1,01,B02
201200008799,0,10,000,00,0,5,15,A01
201200008800,0,30,000,00,5,0,21,A01
201200008801,0,10,000,00,2,1,01,B02
201200008801,0,33,000,00,2,1,17,A01
201200008802,0,07,000,00,1,2,01,A01
201200008803,0,07,000,00,2,1,01,B02
201200008803,2,07,000,00,2,1,13,A01
201200008804,0,01,000,00,2,3,02,B02
201200008804,0,07,000,00,9,2,17,A01
201200008805,0,34,000,00,2,3,09,A01
201200008805,0,07,000,00,2,2,01,B02
201200008806,0,07,000,07,0,0,06,A01
201200008807,0,07,000,00,2,2,01,A01
201200008807,0,07,000,00,2,3,16,B02
201200008808,0,33,000,00,2,2,00,B02
201200008808,0,07,000,00,2,3,15,A01
201200008809,0,07,000,00,1,1,01,A01
201200008810,0,01,000,00,2,1,01,B02
201200008810,0,07,000,00,2,3,11,A01
201200008811,0,07,000,13,0,2,01,A01
201200008812,0,07,000,00,2,0,01,B02
201200008812,0,07,000,00,2,0,01,C03
201200008812,0,07,000,00,2,3,01,A01
201200008813,0,07,000,00,2,2,15,A01
201200008813,0,33,000,00,2,3,02,B02
201200008814,0,30,000,00,2,1,01,B02
201200008814,0,07,000,00,2,3,20,A01
201200008815,0,07,000,00,2,1,13,A01
201200008815,0,07,000,00,2,1,01,B02
201200008816,0,07,000,00,2,1,02,A01
201200008816,0,07,000,00,2,4,02,B02
201200008817,0,01,000,00,2,2,01,A01
201200008817,0,07,000,00,2,2,16,B02
201200008818,0,33,000,00,2,1,01,A01
201200008818,0,30,000,00,2,4,11,B02
201200008819,0,07,000,00,2,3,21,A01
201200008819,0,01,000,00,2,1,01,B02
201200008820,0,10,000,02,0,8,01,A01
201200008820,0,07,000,00,2,3,21,B02
201200008820,0,07,000,00,2,8,01,C03
201200008821,0,14,000,00,0,0,01,A01
201200008822,0,33,000,00,0,0,01,A01
201200008823,0,07,000,13,0,1,01,A01
201200008824,0,07,000,13,0,3,01,A01
201200008825,0,01,000,00,2,1,01,A01
201200008825,0,07,000,00,2,3,01,B02
201200008826,0,07,000,00,2,3,14,C03
201200008826,0,14,000,00,2,3,01,D04
201200008826,0,07,000,00,2,1,13,A01
201200008826,0,07,000,00,0,0,01,B02
201200008827,0,07,000,00,2,1,13,A01
201200008827,0,07,000,00,2,1,01,B02
201200008828,0,02,000,00,2,4,02,B02
201200008828,0,10,000,00,2,2,02,A01
201200008829,0,07,000,00,2,5,15,A01
201200008829,0,07,000,00,2,1,01,B02
201200008830,0,07,000,00,1,1,21,A01
201200008831,0,07,000,00,2,2,01,C02
201200008831,0,07,000,00,2,3,01,B02
201200008831,0,07,000,00,2,1,13,A01
201200008832,0,07,000,00,2,3,01,B02
201200008832,0,07,000,00,2,7,01,A01
201200008833,0,33,000,16,0,1,01,A01
201200008834,0,07,000,15,0,3,01,A01
201200008835,0,07,000,13,0,9,01,A01
201200008836,0,01,000,00,0,8,09,A01
201200008836,0,07,000,00,0,2,01,B02
201200008837,0,07,000,00,0,1,01,A01
201200008838,0,33,000,13,0,1,21,A01
201200008839,0,30,000,00,0,7,01,A01
201200008840,0,07,000,08,2,3,19,A01
201200008840,0,07,000,00,2,1,01,B02
201200008841,0,07,000,00,2,2,02,A01
201200008841,0,01,000,00,2,4,02,B02
201200008842,0,10,000,00,2,3,16,B02
201200008842,0,10,000,00,2,3,13,A01
201200008843,0,07,000,02,0,1,01,A01
201200008844,0,13,000,00,2,1,13,A01
201200008844,0,15,000,00,2,1,01,B02
201200008845,0,07,000,00,2,7,01,A01
201200008845,0,07,000,00,2,1,01,B02
201200008846,0,07,000,01,0,1,01,A01
201200008846,0,14,000,00,2,4,23,B02
201200008847,0,07,000,00,2,7,17,B02
201200008847,0,33,000,00,2,3,00,A01
201200008848,0,07,000,02,0,1,01,A01
201200008849,0,07,000,00,2,5,15,A01
201200008849,0,07,000,00,2,2,01,B02
201200008850,0,07,000,00,2,7,19,A01
201200008850,0,33,000,00,2,1,01,B02
201200008851,0,07,000,02,0,1,13,A01
201200008852,0,07,000,00,1,1,01,A01
201200008853,0,07,000,08,0,9,01,A01
201200008854,0,07,000,00,2,1,01,A01
201200008854,0,07,000,00,2,1,01,B02
201200008855,0,07,000,02,0,2,01,A01
201200008856,0,14,000,00,0,7,01,A01
201200008857,0,33,000,00,2,8,01,B02
201200008857,0,07,000,00,2,2,01,A01
201200008858,0,07,000,00,0,5,19,A01
201200008858,0,07,000,00,2,1,01,B02
201200008859,0,07,000,00,2,3,13,A01
201200008859,0,07,000,00,2,3,01,B02
201200008860,0,10,000,00,1,2,01,A01
201200008861,0,07,000,00,2,7,17,B02
201200008861,0,07,000,00,2,8,17,A01
201200008862,0,02,000,16,0,1,01,A01
201200008863,0,07,000,00,2,8,19,A01
201200008863,0,07,000,00,2,2,01,B02
201200008864,0,07,000,00,2,1,00,B02
201200008864,0,07,000,00,2,1,13,A01
201200008865,0,07,000,13,0,1,01,A01
201200008866,0,07,000,00,2,3,01,B02
201200008866,0,07,000,00,2,2,13,A01
201200008867,0,07,000,00,0,9,00,A01
201200008868,0,07,000,00,2,2,01,B01
201200008868,0,01,000,00,2,8,19,A02
201200008869,0,07,000,00,2,3,01,B01
201200008869,0,02,000,00,2,6,19,A02
201200008870,0,07,000,00,0,8,13,A01
201200008871,0,07,000,10,0,2,01,A01
201200008872,0,33,000,01,0,1,00,A01
201200008873,0,14,000,00,2,3,01,B02
201200008873,0,07,000,00,2,8,11,A01
201200008874,0,07,000,02,0,1,01,A01
201200008875,0,07,000,00,0,9,17,A01
201200008876,0,07,000,00,2,7,17,B02
201200008876,0,07,000,00,2,3,15,A01
201200008877,0,07,000,02,0,7,01,A01
201200008878,0,33,000,00,2,7,01,A01
201200008878,0,07,000,00,2,1,19,B02
201200008879,0,07,000,00,2,3,02,A01
201200008879,0,30,000,00,0,4,02,B02
201200008879,0,07,000,00,9,2,02,C03
201200008880,0,10,000,16,0,1,00,A01
201200008881,0,07,000,00,0,1,13,B02
201200008881,0,07,000,00,0,6,11,A01
201200008882,0,07,000,00,1,2,01,A01
201200008883,0,07,000,00,9,1,01,C03
201200008883,0,07,000,00,2,1,13,A01
201200008883,0,15,000,00,2,3,01,B02
201200008884,0,07,000,00,2,1,11,A01
201200008884,0,07,000,00,2,1,01,B02
201200008885,0,07,000,00,2,1,01,C03
201200008885,0,07,000,00,2,3,15,A01
201200008885,0,33,000,00,2,5,01,B02
201200008886,0,33,000,16,0,8,01,A01
201200008887,0,07,000,00,9,8,13,A01
201200008887,0,01,000,00,2,1,01,B02
201200008888,0,07,000,00,2,2,01,A01
201200008888,0,01,000,00,2,4,15,B02
201200008889,0,07,000,00,2,5,01,B02
201200008889,0,30,000,00,2,1,02,A01
201200008890,0,07,000,00,2,3,19,B02
201200008890,0,33,000,00,2,1,01,A01
201200008891,0,07,000,13,0,3,01,A01
201200008892,0,07,000,00,2,2,13,A01
201200008892,0,07,000,00,2,2,13,B02
201200008893,0,07,000,13,0,1,01,A01
201200008894,0,10,000,00,0,1,13,A01
201200008894,0,10,000,00,0,1,21,B02
201200008895,0,02,000,00,2,1,13,B02
201200008895,0,07,000,00,2,2,21,A01
201200008896,0,10,000,00,2,0,01,A01
201200008896,0,38,000,00,2,1,01,D04
201200008896,0,07,000,00,2,1,13,B02
201200008896,0,07,000,00,2,1,01,C03
201200008897,0,07,000,00,2,1,09,A01
201200008897,0,07,000,00,2,2,01,B02
201200008898,0,33,000,00,0,7,01,A01
201200008899,0,33,000,00,6,0,01,A01
201200008900,0,10,000,00,2,2,09,A01
201200008900,0,33,000,05,2,1,21,B02
201200008901,0,07,000,00,2,1,01,B02
201200008901,0,07,000,00,2,3,01,A01
201200008902,0,33,000,00,2,1,01,B02
201200008902,0,30,000,00,2,4,16,A01
201200008903,0,07,000,00,2,3,13,A01
201200008903,0,07,000,00,2,1,01,B02
201200008904,0,07,000,01,0,2,00,A01
201200008905,0,02,000,00,2,0,00,A01
201200008905,0,07,000,00,2,3,00,B02
201200008906,0,30,000,00,0,3,15,B02
201200008906,0,33,000,00,0,1,17,A01
201200008907,0,07,000,00,2,3,19,A01
201200008907,0,33,000,00,2,1,01,B02
201200008908,0,07,000,00,2,1,13,A01
201200008908,0,07,000,00,2,1,01,B02
201200008908,0,07,000,00,2,3,01,C03
201200008909,0,07,000,00,2,1,01,B02
201200008909,0,07,000,00,2,1,13,A01
201200008910,0,07,000,06,0,1,14,A01
201200008911,0,07,000,09,0,2,01,A01
201200008912,0,07,000,00,2,8,15,A01
201200008912,0,07,000,00,2,1,01,B02
201200008913,0,17,000,00,2,3,01,B02
201200008913,0,07,000,00,2,2,13,A01
201200008914,0,07,000,00,0,3,13,A01
201200008914,0,07,000,00,0,3,01,B02