Num_Acc,senc,catv,occutc,obs,obsm,choc,manv,num_veh
201200008914,0,07,000,00,2,3,01,C03
201200008915,0,07,000,00,1,2,01,A01
201200008916,0,07,000,13,0,2,14,A01
201200008917,0,07,000,00,0,8,19,A01
201200008918,0,07,000,02,0,8,13,A01
201200008919,0,07,000,00,2,2,01,B02
201200008919,0,10,000,00,2,2,13,A01
201200008920,0,02,000,00,2,3,01,B02
201200008920,0,07,000,00,0,3,05,A01
201200008921,0,30,000,00,2,1,01,B02
201200008921,0,01,000,00,2,4,01,A01
201200008922,0,07,000,02,0,1,01,A01
201200008923,0,01,000,00,2,1,01,B02
201200008923,0,07,000,00,9,3,09,A01
201200008924,0,07,000,00,1,1,01,A01
201200008925,0,33,000,00,2,5,17,B02
201200008925,0,07,000,00,2,6,15,A01
201200008926,0,07,000,00,2,3,10,A01
201200008926,0,33,000,00,2,7,17,B02
201200008927,0,10,000,13,0,2,02,A01
201200008928,0,33,000,00,0,8,16,A01
201200008929,0,07,000,02,0,7,14,A01
201200008930,0,07,000,00,2,1,01,A01
201200008930,0,07,000,00,2,1,05,C03
201200008930,0,07,000,00,2,8,02,B02
201200008931,0,33,000,02,0,1,01,A01
201200008932,0,10,000,00,2,2,01,A01
201200008932,0,01,000,00,2,8,19,B02
201200008933,0,07,000,00,9,1,01,A01
201200008933,0,01,000,00,2,8,19,B02
201200008934,0,07,000,00,0,9,01,A01
201200008935,0,31,000,00,2,8,15,B02
201200008935,0,07,000,00,2,1,17,A01
201200008936,0,07,000,10,0,1,01,A01
201200008937,0,07,000,00,9,1,15,A01
201200008937,0,01,000,00,2,8,02,B02
201200008938,2,07,000,02,0,1,01,A01
201200008939,0,10,000,15,0,2,01,A01
201200008940,0,02,000,00,0,2,19,A01
201200008940,0,10,000,00,0,3,21,B02
201200008941,0,07,000,02,0,1,01,A01
201200008942,0,07,000,00,1,3,01,A01
201200008943,0,07,000,03,0,1,14,A01
201200008944,0,07,000,00,1,1,01,A01
201200008945,0,33,000,02,0,8,02,A01
201200008946,0,33,000,00,2,1,02,A01
201200008946,0,07,000,00,2,5,02,B02
201200008947,0,01,000,00,2,7,01,B02
201200008947,0,07,000,00,2,3,09,A01
201200008948,0,33,000,00,2,1,17,A01
201200008948,0,07,000,00,2,8,15,B02
201200008949,0,10,000,00,2,2,10,A01
201200008949,0,33,000,00,2,1,01,B02
201200008950,0,07,000,00,2,4,01,C03
201200008950,0,10,000,00,2,1,01,A01
201200008950,0,07,000,00,2,4,01,B02
201200008951,0,07,000,00,2,3,15,A01
201200008951,0,02,000,00,2,1,01,B02
201200008952,0,07,000,06,0,2,01,A01
201200008953,0,01,000,00,9,8,01,B02
201200008953,0,10,000,00,2,2,17,A01
201200008954,0,07,000,00,2,1,13,A01
201200008954,0,07,000,00,2,3,01,B02
201200008955,0,07,000,00,2,3,19,A01
201200008955,0,36,000,00,2,6,19,B02
201200008956,0,07,000,00,2,3,05,A01
201200008956,0,07,000,00,2,3,01,C03
201200008956,0,07,000,00,2,3,01,B02
201200008957,0,01,000,00,2,1,19,B02
201200008957,0,01,000,00,2,2,01,A01
201200008958,0,07,000,00,2,3,01,B02
201200008958,0,07,000,00,2,3,17,A01
201200008958,0,07,000,00,2,1,01,D04
201200008958,0,07,000,00,2,3,01,C03
201200008959,0,07,000,02,0,3,01,A01
201200008960,0,31,000,00,2,2,05,B02
201200008960,0,07,000,00,2,2,16,A01
201200008961,0,02,000,00,0,4,01,B02
201200008961,0,10,000,00,2,1,02,A01
201200008962,0,07,000,06,0,2,13,A01
201200008963,0,34,000,00,2,5,17,A01
201200008963,0,07,000,00,2,6,15,B02
201200008964,0,07,000,14,0,1,01,A01
201200008965,0,07,000,00,2,3,05,A01
201200008965,0,07,000,00,2,3,01,B02
201200008965,0,07,000,00,2,3,01,C03
201200008965,0,07,000,00,2,3,01,D04
201200008965,0,07,000,14,0,3,01,E05
201200008966,0,07,000,00,2,7,17,A01
201200008966,0,01,000,12,2,8,01,B02
201200008967,0,07,000,00,0,7,01,A01
201200008968,0,10,000,00,0,1,02,A01
201200008968,0,20,000,00,0,6,00,B02
201200008969,0,34,000,00,2,0,01,A01
201200008969,2,07,000,00,2,2,15,B02
201200008970,0,14,000,00,2,1,01,B02
201200008970,0,31,000,00,2,1,01,A01
201200008971,0,07,000,00,2,8,01,B02
201200008971,0,07,000,00,2,8,13,A01
201200008972,0,07,000,00,2,3,01,B02
201200008972,0,07,000,00,2,3,13,A01
201200008973,0,07,000,00,9,8,01,A01
201200008973,0,33,000,00,2,1,17,C03
201200008973,0,07,000,00,9,6,01,B02
201200008974,0,07,000,13,0,3,13,A01
201200008975,0,07,000,02,0,3,01,A01
201200008976,0,07,000,13,0,1,14,A01
201200008977,2,07,000,00,0,4,02,B02
201200008977,0,33,000,00,2,1,02,A01
201200008978,0,07,000,00,0,6,15,B02
201200008978,0,07,000,00,2,1,01,A01
201200008979,0,07,000,06,0,2,14,A01
201200008980,0,07,000,15,0,7,01,A01
201200008981,0,07,000,03,0,1,01,A01
201200008982,0,31,000,00,2,1,02,A01
201200008982,0,07,000,00,2,4,02,B02
201200008983,0,07,000,03,2,3,13,A01
201200008983,0,14,000,03,2,3,01,B02
201200008983,0,07,000,00,2,1,02,C03
201200008984,0,07,000,00,2,3,01,A01
201200008984,0,07,000,00,2,3,01,C03
201200008984,0,07,000,00,2,1,13,B02
201200008985,0,07,000,00,2,2,15,A01
201200008985,0,33,000,00,2,1,01,B02
201200008986,0,07,000,00,2,2,01,B02
201200008986,0,07,000,00,2,3,15,A01
201200008987,0,07,000,03,2,3,01,B02
201200008987,0,07,000,00,2,3,11,A01
201200008988,0,07,000,08,0,2,01,A01
201200008989,0,07,000,00,2,3,01,A01
201200008989,0,33,000,00,2,7,12,B02
201200008990,0,32,000,00,2,1,01,B02
201200008990,0,10,000,00,2,7,00,A01
201200008991,0,07,000,03,0,1,17,A01
201200008992,0,07,000,00,2,2,15,A01
201200008992,0,07,000,00,2,1,01,B02
201200008992,0,07,000,00,2,8,23,C03
201200008993,0,07,000,00,2,3,01,B02
201200008993,0,07,000,00,2,2,01,A01
201200008994,0,10,000,00,2,8,01,C03
201200008994,0,33,000,00,2,1,13,A01
201200008994,0,07,000,02,2,1,01,B02
201200008995,0,07,000,00,2,3,01,B02
201200008995,0,07,000,00,2,3,01,A01
201200008996,0,07,000,07,0,2,01,A01
201200008997,0,30,000,00,5,1,00,A01
201200008998,0,07,000,00,1,2,01,A01
201200008999,0,31,000,00,2,1,01,B02
201200008999,0,14,000,00,0,5,06,A01
201200009000,0,07,000,00,2,3,13,A01
201200009000,0,33,000,00,2,1,01,B02
201200009001,0,07,000,00,2,3,13,A01
201200009001,0,07,000,00,2,3,01,B02
201200009002,0,07,000,00,2,6,19,B02
201200009002,0,33,000,00,2,1,17,A01
201200009003,0,07,000,04,0,0,00,A01
201200009004,0,07,000,00,2,3,17,A01
201200009004,0,07,000,00,2,8,01,B02
201200009005,0,07,000,00,2,2,00,B02
201200009005,0,33,000,00,2,7,05,A01
201200009006,0,07,000,00,2,1,02,A01
201200009006,0,01,000,00,2,4,02,B02
201200009007,0,10,000,06,0,1,01,A01
201200009008,0,30,000,00,2,1,01,A01
201200009008,0,07,000,00,2,1,15,B02
201200009009,0,07,000,03,0,2,02,A01
201200009010,0,07,000,00,2,2,02,A01
201200009010,0,01,000,00,2,4,02,B02
201200009011,0,07,000,13,0,9,01,A01
201200009012,0,07,000,06,0,1,01,A01
201200009013,0,07,000,00,2,6,15,A01
201200009013,0,07,000,00,2,2,19,B02
201200009014,0,33,000,00,2,1,17,A01
201200009014,0,07,000,00,2,6,01,B02
201200009015,0,07,000,00,2,3,01,A01
201200009015,0,33,000,00,2,3,01,B02
201200009016,0,07,000,00,2,3,15,B02
201200009016,0,34,000,00,2,1,01,A01
201200009017,0,07,000,00,2,5,15,A01
201200009017,0,07,000,00,9,1,01,C03
201200009017,0,33,000,00,2,1,01,B02
201200009018,0,07,000,00,2,7,19,A01
201200009018,0,32,000,00,2,1,01,B02
201200009019,0,07,000,00,2,1,01,B02
201200009019,0,10,000,00,2,1,05,A01
201200009020,0,07,000,00,2,4,02,B02
201200009020,0,07,000,00,2,1,02,A01
201200009021,0,07,000,04,6,0,01,A01
201200009021,0,33,000,00,2,1,01,B02
201200009022,0,31,000,00,1,3,01,A01
201200009023,0,07,000,00,2,1,19,B02
201200009023,0,07,000,00,2,8,01,A01
201200009024,0,07,000,13,0,1,01,A01
201200009025,0,07,000,02,0,0,11,A01
201200009026,0,07,000,00,2,1,01,A01
201200009026,0,07,000,00,0,4,15,B02
201200009027,0,01,000,00,2,1,01,B02
201200009027,0,14,000,00,2,4,04,A01
201200009028,0,33,000,10,0,7,01,A01
201200009029,0,07,000,00,2,1,01,B02
201200009029,0,07,000,00,2,1,21,A01
201200009030,0,33,000,00,0,8,01,A01
201200009031,0,07,000,00,2,5,21,B02
201200009031,0,10,000,00,2,2,17,A01
201200009032,0,07,000,00,0,8,09,A01
201200009032,0,07,000,00,2,1,01,B02
201200009033,0,33,000,06,2,3,01,A01
201200009033,0,17,000,00,2,3,01,B02
201200009034,0,07,000,00,0,7,19,B02
201200009034,0,07,000,00,0,1,01,A01
201200009035,0,07,000,00,2,4,01,C03
201200009035,0,07,000,00,2,1,01,B02
201200009035,0,07,000,00,2,1,01,A01
201200009036,0,07,000,00,1,7,01,A01
201200009037,0,07,000,13,0,9,02,A01
201200009038,0,33,000,00,0,1,00,A01
201200009039,0,33,000,00,0,8,15,A01
201200009040,0,07,000,00,2,1,13,A01
201200009040,0,07,000,00,2,3,01,B02
201200009040,0,07,000,00,2,1,01,C03
201200009041,0,10,000,00,2,7,13,B02
201200009041,0,01,000,00,2,1,15,A01
201200009042,0,07,000,00,2,3,01,B02
201200009042,0,01,000,00,2,1,05,A01
201200009043,0,33,000,08,0,1,00,A01
201200009044,0,07,000,00,2,7,13,A01
201200009044,0,07,000,00,2,8,01,C03
201200009044,0,07,000,08,0,1,17,B02
201200009045,0,01,000,00,2,0,02,B02
201200009045,0,07,000,00,9,2,01,A01
201200009046,0,02,000,00,2,1,01,B02
201200009046,0,07,000,00,2,8,19,A01
201200009047,0,10,000,00,1,3,01,A01
201200009048,0,07,000,00,2,1,01,B02
201200009048,0,07,000,00,2,2,15,A01
201200009049,0,07,000,00,1,2,01,A01
201200009050,0,07,000,02,0,2,14,A01
201200009051,0,10,000,06,0,1,01,A01
201200009052,0,38,000,00,2,6,01,B02
201200009052,0,31,000,00,2,9,01,A01
201200009053,0,07,000,00,2,3,01,B02
201200009053,0,07,000,00,2,3,05,A01
201200009054,0,07,000,00,2,2,15,A01
201200009054,0,07,000,00,2,8,01,C03
201200009054,0,33,000,00,2,2,01,B02
201200009055,0,07,000,02,0,2,01,A01
201200009056,0,10,000,00,2,1,01,A01
201200009056,0,02,000,00,0,7,01,B02
201200009057,0,33,000,00,6,1,19,A01
201200009058,0,07,000,02,0,1,00,A01
201200009059,0,07,000,00,0,8,15,A01
201200009059,0,02,000,00,2,7,17,B02
201200009060,0,10,000,02,0,1,01,A01
201200009061,0,10,000,09,0,6,20,A01
201200009062,0,07,000,13,0,1,13,A01
201200009063,0,07,000,02,0,2,14,A01
201200009064,0,07,000,02,0,3,01,A01
201200009065,0,07,000,00,2,3,05,A01
201200009065,0,07,000,00,2,3,01,B02
201200009066,0,36,000,13,0,1,01,A01
201200009067,0,07,000,00,2,2,15,A01
201200009067,0,07,000,00,2,3,01,C03
201200009067,0,33,000,00,2,1,01,B02
201200009068,0,07,000,06,0,3,22,A01
201200009069,0,07,000,06,0,1,01,A01
201200009070,0,33,000,00,2,1,01,B02
201200009070,0,07,000,00,2,8,19,A01
201200009071,0,07,000,00,2,7,15,B02
201200009071,0,33,000,00,2,1,01,A01
201200009072,0,07,000,00,2,1,01,C03
201200009072,0,07,000,00,2,9,01,B02
201200009072,0,07,000,00,2,3,05,A01
201200009073,0,07,000,00,4,6,23,A01
201200009073,0,07,000,00,2,4,23,B02
201200009073,0,07,000,00,2,4,23,C03
201200009073,0,39,000,00,2,3,01,D04
201200009074,0,07,000,02,0,3,01,A01
201200009075,0,07,000,02,0,9,01,A01
201200009076,0,10,000,13,0,2,02,A01
201200009077,0,10,000,00,2,1,01,A01
201200009077,0,17,000,00,2,1,01,B02
201200009078,2,07,000,06,2,6,13,B02
201200009078,0,07,000,00,2,1,01,A01
201200009079,0,07,000,07,0,9,13,A01
201200009080,0,07,000,01,0,1,13,A01
201200009081,0,07,000,00,1,2,01,A01
201200009082,0,33,000,00,2,7,17,B02
201200009082,0,10,000,00,2,6,17,A01
201200009083,0,14,000,00,2,2,01,A01
201200009083,0,10,000,00,2,1,01,B02
201200009084,0,07,000,02,0,1,01,A01
201200009085,0,31,000,00,2,1,16,A01
201200009085,0,10,000,00,2,3,01,B02
201200009086,0,07,000,00,2,8,19,A01
201200009086,0,07,000,00,2,1,01,B02
201200009087,0,21,000,00,2,6,02,B02
201200009087,0,15,000,00,2,2,02,A01
201200009088,0,07,000,16,0,1,14,A01
201200009089,0,14,000,00,2,3,01,B02
201200009089,0,33,000,00,2,1,17,A01
201200009090,0,30,000,13,0,7,01,A01
201200009091,0,10,000,13,0,1,01,A01
201200009092,0,14,000,00,2,2,01,A01
201200009092,0,01,000,00,2,6,01,B02
201200009093,0,33,000,00,2,1,01,B02
201200009093,0,07,000,00,2,2,15,A01
201200009094,0,33,000,00,2,3,17,B02
201200009094,0,07,000,00,0,6,15,A01
201200009095,0,07,000,00,2,7,19,A01
201200009095,0,07,000,00,2,1,01,B02
201200009096,0,33,000,00,6,1,19,A01
201200009097,0,07,000,13,0,1,01,A01
201200009098,0,07,000,00,2,7,13,A01
201200009098,0,07,000,00,2,1,01,B02
201200009099,0,07,000,00,2,1,05,A01
201200009099,0,07,000,00,2,1,01,B02
201200009100,0,10,000,00,1,3,15,A01
201200009101,0,33,000,00,2,1,02,A01
201200009101,0,10,000,00,2,6,01,B02
201200009102,0,07,000,00,2,3,13,B02
201200009102,0,07,000,00,2,3,01,A01
201200009103,0,07,000,00,2,1,01,B02
201200009103,0,07,000,00,2,7,19,A01
201200009104,0,07,000,00,2,2,01,A01
201200009104,0,07,000,00,2,1,01,B02
201200009105,0,30,000,00,2,3,15,B02
201200009105,0,07,000,00,2,2,01,A01
201200009106,0,34,000,13,0,8,05,A01
201200009107,0,07,000,00,2,1,01,C03
201200009107,0,07,000,00,2,6,15,B02
201200009107,0,07,000,00,2,2,17,A01
201200009108,0,07,000,00,2,3,01,A01
201200009108,0,01,000,00,2,1,01,B02
201200009109,0,07,000,00,2,3,15,B02
201200009109,0,07,000,00,2,3,21,A01
201200009110,0,07,000,00,1,1,01,A01
201200009111,0,33,000,04,0,7,01,A01
201200009112,0,07,000,00,2,3,15,A01
201200009112,0,07,000,00,2,1,01,B02
201200009113,0,07,000,06,0,1,01,A01
201200009114,0,33,000,02,0,7,01,A01
201200009115,0,34,000,00,0,9,01,A01
201200009116,0,01,000,00,2,1,01,B02
201200009116,0,07,000,00,2,1,13,A01
201200009117,0,07,000,00,0,9,13,A01
201200009118,0,30,000,00,2,1,01,A01
201200009118,0,30,000,00,2,4,15,B02
201200009119,0,07,000,00,2,1,11,B02
201200009119,0,07,000,00,2,6,01,A01
201200009120,0,33,000,12,0,7,01,A01
201200009121,0,07,000,00,0,8,01,B02
201200009121,0,10,000,00,2,8,13,A01
201200009122,0,07,000,13,0,2,01,A01
201200009123,0,07,000,00,2,1,17,B02
201200009123,0,10,000,00,2,1,01,A01
201200009124,0,07,000,00,2,1,01,B02
201200009124,0,07,000,00,2,1,16,A01
201200009125,0,01,000,00,2,3,01,B02
201200009125,1,07,000,00,9,2,17,A01
201200009126,0,31,000,13,0,1,14,A01
201200009127,0,07,000,00,2,8,01,C03
201200009127,0,21,000,00,0,0,16,B02
201200009128,0,07,000,16,0,1,00,A01
201200009129,0,07,000,06,0,3,01,A01
201200009130,0,07,000,00,2,1,01,B02
201200009130,0,33,000,00,2,1,17,A01
201200009131,0,07,000,00,2,3,15,B02
201200009131,0,33,000,00,2,2,21,A01
201200009132,0,07,000,00,2,1,13,A01
201200009132,0,07,000,00,2,1,01,B02
201200009133,0,14,000,00,2,1,01,C03
201200009133,0,07,000,00,0,1,05,A01
201200009133,0,14,000,00,0,1,01,B02
201200009134,0,33,000,00,0,7,01,A01
201200009135,0,99,000,00,2,1,01,B02
201200009135,0,07,000,00,9,1,13,A01
201200009136,0,33,000,00,1,1,01,A01
201200009137,0,07,000,00,1,1,01,A01
201200009138,0,07,000,00,2,1,13,A01
201200009138,0,07,000,00,2,1,01,B02
201200009139,0,07,000,00,2,1,01,A01
201200009139,0,07,000,00,2,1,13,B02
201200009140,0,10,000,00,2,1,01,B02
201200009140,0,33,000,00,2,1,17,A01
201200009141,0,07,000,13,0,2,14,A01
201200009142,0,07,000,00,2,8,09,A01
201200009142,0,33,000,00,2,1,01,B02
201200009143,0,07,000,00,2,3,01,B02
201200009143,0,07,000,00,2,3,13,A01
201200009144,0,31,000,00,5,1,01,A01
201200009145,0,07,000,02,0,8,00,A01
201200009146,0,07,000,00,2,3,13,A01
201200009146,0,10,000,00,2,3,01,B02
201200009147,0,07,000,06,0,1,17,A01
201200009148,0,17,000,13,0,2,01,A01
201200009149,0,07,000,02,0,9,01,A01
201200009150,0,07,000,00,2,2,01,B02
201200009150,0,07,000,00,2,2,17,A01
201200009151,0,07,000,00,2,7,01,A01
201200009151,0,07,000,00,2,1,01,B02
201200009152,0,07,000,16,0,1,01,A01
201200009153,0,17,000,00,0,7,21,A01
201200009153,0,07,000,00,0,3,21,B02
201200009154,0,07,000,00,2,3,01,A01
201200009154,0,33,000,00,2,7,13,B02
201200009155,0,07,000,00,2,2,13,B02
201200009155,0,10,000,00,2,3,01,A01
201200009156,0,33,000,03,0,8,01,A01
201200009157,0,33,000,00,0,7,01,A01
201200009158,0,33,000,00,0,8,01,A01
201200009159,0,07,000,13,0,9,14,A01
201200009160,0,07,000,00,2,3,13,A01
201200009160,0,33,000,00,2,3,13,B02
201200009161,0,33,000,13,0,8,01,A01
201200009162,0,10,000,00,2,3,01,B02
201200009162,0,33,000,00,2,1,13,A01
201200009163,0,07,000,13,0,3,01,A01
201200009164,0,01,000,00,2,1,01,C03
201200009164,0,07,000,00,2,3,01,A01
201200009164,0,01,000,00,2,1,01,B02
201200009165,0,07,000,02,0,0,13,A01
201200009166,0,07,000,00,1,3,01,A01
201200009167,0,10,000,00,1,4,04,A01
201200009168,0,07,000,06,0,3,01,A01
201200009169,0,07,000,00,2,1,01,B02
201200009169,0,07,000,00,2,1,15,A01
201200009170,0,07,000,00,1,7,01,A01
201200009171,0,07,000,00,2,6,02,B02
201200009171,0,33,000,00,2,2,17,A01
201200009172,0,07,000,00,0,1,01,A01
201200009173,0,02,000,00,2,1,01,B02
201200009173,0,07,000,00,2,3,05,A01
201200009174,0,14,000,00,2,2,15,A01
201200009174,0,30,000,00,2,1,17,B02
201200009175,0,07,000,00,1,6,01,A01
201200009176,0,02,000,00,2,7,17,A01
201200009176,0,07,000,00,2,8,15,B02
201200009177,0,07,000,06,0,2,01,A01
201200009178,0,33,000,00,2,1,17,A01
201200009178,0,07,000,00,2,6,15,B02
201200009179,0,07,000,02,0,7,01,A01
201200009180,0,07,000,00,2,1,01,B02
201200009180,0,07,000,00,2,1,13,A01
201200009181,0,10,000,06,0,2,01,A01
201200009182,0,07,000,03,0,2,14,A01
201200009183,0,33,000,04,0,7,01,A01
201200009184,0,07,000,00,0,8,15,A01
201200009184,0,07,000,00,2,1,01,B02
201200009185,0,07,000,00,4,3,19,A01
201200009185,0,39,004,00,2,1,01,B02
201200009186,0,07,000,00,1,3,01,A01
201200009187,0,10,000,00,2,1,05,A01
201200009187,0,10,000,00,2,1,17,B02
201200009188,0,01,000,00,2,8,14,B02
201200009188,0,37,001,00,2,5,01,A01
201200009189,0,07,000,00,0,6,02,C03
201200009189,0,07,000,00,0,1,02,A01
201200009189,0,07,000,00,0,6,02,B02
201200009190,0,33,000,00,0,0,01,A01
201200009191,0,07,000,00,2,3,13,A01
201200009191,0,07,000,00,2,3,01,B02
201200009192,0,34,000,00,2,1,01,A01
201200009192,0,07,000,00,2,7,15,B02
201200009193,0,07,000,00,2,6,10,A01
201200009193,0,33,000,00,2,1,02,B02
201200009194,0,07,000,00,1,3,01,A01
201200009195,0,33,000,00,2,1,01,B02
201200009195,0,07,000,00,2,2,21,A01
201200009196,0,01,000,00,2,7,01,B02
201200009196,0,07,000,00,2,3,09,A01
201200009197,0,10,000,00,1,4,04,A01
201200009198,0,07,000,02,0,2,00,A01
201200009199,0,07,000,00,1,2,21,A01
201200009200,0,10,000,00,9,3,16,B02
201200009200,0,31,000,00,2,1,01,A01
201200009201,0,07,000,00,2,8,19,B02
201200009201,0,07,000,00,2,1,01,A01
201200009202,0,07,000,00,2,1,01,A01
201200009202,0,10,000,00,2,3,15,B02
201200009203,0,07,000,01,0,3,13,A01
201200009203,0,07,000,00,2,3,24,B02
201200009204,0,33,000,00,0,1,01,A01
201200009205,0,33,000,08,0,1,01,A01
201200009206,0,33,000,00,0,8,01,A01
201200009207,0,07,000,00,2,3,13,A01
201200009207,0,10,000,00,2,3,01,B02
201200009208,0,07,000,00,2,1,01,B02
201200009208,0,07,000,00,2,2,13,A01
201200009208,0,07,000,00,2,6,01,C03
201200009209,0,33,000,13,0,0,00,A01
201200009210,0,07,000,00,9,1,01,C03
201200009210,0,07,000,00,9,1,01,D04
201200009210,0,33,000,00,2,9,21,B02
201200009210,0,07,000,00,2,5,15,A01
201200009211,0,07,000,01,0,2,02,A01
201200009211,0,07,000,08,2,1,23,B02
201200009212,0,07,000,00,2,2,24,B02
201200009212,0,07,000,01,0,2,01,A01
201200009213,0,07,000,00,2,1,13,A01
201200009213,0,07,000,00,2,1,01,B02
201200009214,0,32,000,07,0,1,01,A01
201200009215,0,07,000,00,2,7,15,A01
201200009215,0,33,000,00,2,1,01,B02
201200009216,0,07,000,00,9,1,01,A01
201200009216,0,01,000,00,2,1,15,B02
201200009217,0,07,000,00,1,3,16,A01
201200009218,0,07,000,00,2,3,01,B02
201200009218,0,07,000,00,2,3,13,A01
201200009219,0,07,000,00,2,1,01,A01
201200009219,0,07,000,00,2,1,01,B02
201200009220,0,32,000,10,0,0,01,A01
201200009221,0,07,000,02,0,1,01,A01
201200009222,0,14,000,00,2,3,01,B02
201200009222,0,07,000,00,2,1,13,A01
201200009222,0,07,000,00,2,6,01,C03
201200009223,0,07,000,00,2,2,15,A01
201200009223,0,02,000,00,2,1,01,B02
201200009224,0,07,000,00,2,2,19,A01
201200009224,0,02,000,00,2,1,01,B02
201200009225,0,33,000,00,6,1,01,A01
201200009226,0,07,000,02,0,2,01,A01
201200009227,0,07,000,00,1,5,04,A01
201200009228,0,33,000,00,2,8,17,A01
201200009228,0,10,000,00,0,3,01,B02
201200009229,0,07,000,00,2,3,01,B02
201200009229,0,07,000,00,2,1,17,A01
201200009230,0,07,000,00,2,8,01,B02
201200009230,0,17,000,00,2,8,01,A01
201200009231,0,07,000,00,2,8,15,B02
201200009231,0,07,000,00,2,1,01,A01
201200009232,0,33,000,03,0,7,16,A01
201200009233,0,31,000,00,2,1,01,A01
201200009233,0,07,000,00,2,7,13,B02
201200009234,0,07,000,00,2,2,05,A01
201200009234,0,07,000,00,2,3,01,B02
201200009235,0,07,000,00,0,0,00,C03
201200009235,0,07,000,00,2,1,02,B02
201200009235,0,07,000,00,0,4,01,A01
201200009236,0,34,000,00,2,4,02,C03
201200009236,0,07,000,00,2,1,01,A01
201200009236,0,07,000,00,2,8,01,B02
201200009237,0,33,000,00,0,0,17,A01
201200009237,0,07,000,00,0,0,13,B02
201200009238,0,33,000,00,2,3,01,B02
201200009238,0,07,000,00,2,3,15,A01
201200009239,0,07,000,04,0,2,01,A01
201200009240,0,30,000,00,2,2,01,B02
201200009240,0,07,000,00,2,1,23,A01
201200009241,0,33,000,00,2,3,01,A01
201200009241,0,07,000,00,2,2,16,B02
201200009242,0,07,000,00,2,3,01,A01
201200009242,0,07,000,00,2,3,01,B02
201200009243,0,07,000,00,2,7,01,A01
201200009243,0,07,000,00,2,1,01,B02
201200009244,0,07,000,00,2,5,16,A01
201200009244,0,33,000,00,2,1,01,B02
201200009245,0,33,000,00,2,1,01,A01
201200009245,0,33,000,00,2,4,01,B02
201200009246,0,07,000,00,2,7,00,A01
201200009246,0,07,000,00,2,3,01,B02
201200009247,0,07,000,00,2,1,01,A01
201200009247,0,07,000,00,2,7,13,B02
201200009248,0,10,000,00,2,1,01,B02
201200009248,0,07,000,00,2,1,01,A01
201200009249,0,07,000,00,2,8,15,B02
201200009249,0,34,000,00,2,7,17,A01
201200009250,0,07,000,00,2,3,09,A01
201200009250,0,07,000,01,2,5,01,B02
201200009251,0,07,000,00,2,2,15,B02
201200009251,0,07,000,00,2,1,01,A01
201200009252,0,02,000,00,2,8,01,B02
201200009253,0,07,000,00,5,1,01,A01
201200009254,0,31,000,00,5,1,01,A01
201200009255,0,07,000,00,2,3,16,A01
201200009255,0,07,000,00,2,2,01,B02
201200009256,0,31,000,00,2,1,01,A01
201200009256,0,07,000,00,2,2,15,B02
201200009257,0,07,000,08,0,8,01,A01
201200009258,0,07,000,00,2,2,15,A01
201200009258,0,34,000,00,2,1,01,B02
201200009259,0,07,000,02,0,3,13,A01
201200009260,0,07,000,00,2,5,15,A01
201200009260,0,32,000,00,2,1,01,B02
201200009261,0,07,000,00,2,3,13,A01
201200009261,0,07,000,00,2,3,01,B02
201200009262,0,07,000,00,2,8,19,A01
201200009262,0,07,000,00,2,3,01,B02
201200009263,0,02,000,06,0,3,16,A01
201200009264,0,10,000,13,0,2,14,A01
201200009265,0,07,000,00,2,3,17,A01
201200009265,0,07,000,00,2,3,01,B02
201200009266,0,10,000,00,2,3,15,A01
201200009266,0,33,000,00,2,1,06,B02
201200009267,0,07,000,13,0,3,01,A01
201200009268,0,33,000,00,2,8,13,A01
201200009268,0,07,000,00,2,7,01,B02
201200009269,0,17,000,03,0,2,01,A01
201200009270,0,07,000,00,2,1,02,A01
201200009270,0,07,000,00,2,4,02,B02
201200009270,0,07,000,00,2,1,01,C03
201200009271,0,30,000,00,2,5,02,A01
201200009271,0,30,000,00,2,3,02,B02
201200009272,0,30,000,00,2,1,01,A01
201200009272,0,07,000,00,2,1,15,B02
201200009273,0,10,000,00,2,3,15,A01
201200009273,0,31,000,00,2,1,01,B02
201200009274,0,01,000,00,2,3,01,B02
201200009274,0,07,000,00,2,8,13,A01
201200009274,0,01,000,00,2,3,01,C03
201200009275,0,07,000,00,2,1,05,A01
201200009275,0,10,000,00,2,1,01,B02
201200009276,0,07,000,00,0,2,19,B02
201200009276,0,31,000,00,0,3,01,A01
201200009277,0,07,000,00,2,1,13,A01
201200009277,0,33,000,00,2,1,01,B02
201200009278,0,34,000,00,2,1,03,B02
201200009278,0,07,000,00,2,2,09,A01
201200009279,0,33,000,00,2,2,17,A01
201200009279,0,07,000,00,0,8,15,B02
201200009280,0,10,000,00,1,3,01,A01
201200009281,0,33,000,00,2,3,02,B02
201200009281,0,07,000,00,2,6,02,A01
201200009282,0,10,000,00,0,3,13,A01
201200009282,0,07,000,00,0,3,01,B02
201200009283,0,07,000,00,0,3,01,B02
201200009283,0,30,000,00,2,2,02,A01
201200009284,0,10,000,00,2,1,01,B02
201200009284,0,07,000,00,2,7,13,A01
201200009285,0,33,000,00,2,1,14,A01
201200009285,0,07,000,00,0,5,01,B02
201200009286,0,07,000,00,2,5,15,A01
201200009286,0,33,000,00,2,1,01,B02
201200009287,0,07,000,00,2,3,13,A01
201200009287,0,07,000,00,2,3,01,B02