Num_Acc,senc,catv,occutc,obs,obsm,choc,manv,num_veh
201200009664,0,07,000,00,2,3,15,B02
201200009664,0,07,000,00,2,2,01,A01
201200009665,0,07,000,00,2,3,13,A01
201200009665,0,07,000,00,2,3,01,B02
201200009665,0,07,000,00,2,1,01,C03
201200009666,0,07,000,06,0,2,00,A01
201200009667,0,07,000,00,1,1,01,A01
201200009668,0,10,000,00,2,3,23,B02
201200009668,0,07,000,00,2,1,14,A01
201200009669,0,07,000,00,2,1,13,A01
201200009669,0,07,000,00,2,3,01,B02
201200009670,0,07,000,00,2,1,13,A01
201200009670,0,07,000,00,2,3,01,B02
201200009671,0,07,000,13,0,9,01,A01
201200009672,0,07,000,02,0,0,13,A01
201200009673,0,07,000,02,0,3,01,A01
201200009674,0,36,000,00,0,0,10,A01
201200009675,0,07,000,00,2,1,01,A01
201200009675,0,07,000,00,0,7,19,B02
201200009676,0,33,000,00,2,0,01,A01
201200009676,0,33,000,00,2,5,02,B02
201200009676,0,07,000,00,0,0,02,C01
201200009677,0,07,000,00,2,1,02,A01
201200009677,0,10,000,00,2,4,02,B02
201200009678,0,07,000,00,2,1,01,A01
201200009678,0,07,000,00,2,4,01,B02
201200009679,0,07,000,05,0,2,00,A01
201200009680,0,33,000,00,0,1,02,A01
201200009680,0,07,000,00,0,8,02,B02
201200009680,0,07,000,00,0,4,02,C03
201200009681,0,07,000,00,0,2,01,A01
201200009681,0,01,000,00,0,3,19,B02
201200009682,0,07,000,00,2,3,13,A01
201200009682,0,10,000,00,2,3,01,B02
201200009682,0,07,000,14,0,1,01,C03
201200009683,0,07,000,00,2,1,13,A01
201200009683,0,07,000,00,2,1,01,B02
201200009684,0,07,000,00,0,3,01,A01
201200009684,0,10,000,00,0,2,19,B02
201200009685,0,10,000,13,0,2,14,A01
201200009686,0,07,000,06,0,1,15,A01
201200009687,0,07,000,00,2,7,17,A01
201200009687,0,15,000,00,2,3,01,B02
201200009688,0,07,000,02,2,9,17,A01
201200009688,0,07,000,00,2,3,01,B02
201200009688,0,07,000,00,2,1,01,C03
201200009689,0,07,000,00,2,7,17,A01
201200009689,0,07,000,00,2,8,02,B02
201200009690,0,33,000,05,0,0,01,A01
201200009691,0,33,000,00,0,8,02,A01
201200009692,0,31,000,00,2,1,02,A01
201200009692,0,07,000,00,2,4,02,B02
201200009692,0,07,000,03,0,8,18,C03
201200009693,0,07,000,00,2,1,17,A01
201200009693,0,07,000,00,2,1,00,B02
201200009694,0,07,000,00,2,2,21,B02
201200009694,0,07,000,00,0,8,19,A01
201200009695,0,10,000,13,2,1,05,A01
201200009695,0,07,000,00,0,1,01,B02
201200009696,0,33,000,00,0,0,00,A01
201200009697,0,07,000,00,2,2,19,B02
201200009697,0,33,000,00,2,1,01,A01
201200009698,0,33,000,00,2,1,01,A01
201200009698,0,07,000,00,2,8,19,B02
201200009699,0,07,000,00,2,2,10,A01
201200009699,0,31,000,00,2,1,01,B02
201200009700,0,07,000,00,2,2,05,A01
201200009700,0,15,000,00,2,2,21,B02
201200009701,0,07,000,00,2,3,05,A01
201200009701,0,07,000,00,2,3,05,B02
201200009701,0,07,000,00,2,6,24,C03
201200009702,0,31,000,00,0,0,01,A01
201200009703,0,07,000,00,0,0,15,A01
201200009704,0,15,000,00,0,8,01,B02
201200009705,0,10,000,00,0,2,01,A01
201200009706,0,33,000,00,0,8,01,A01
201200009707,0,07,000,08,2,8,01,B02
201200009707,0,07,000,00,2,1,01,A01
201200009708,0,07,000,00,2,1,17,A01
201200009708,0,37,001,00,2,3,01,B02
201200009708,0,07,000,13,2,3,15,C03
201200009709,0,07,000,00,1,1,19,A01
201200009710,0,07,000,02,0,3,01,A01
201200009711,0,07,000,00,2,1,01,A01
201200009711,0,07,000,00,2,1,01,B02
201200009711,0,10,000,00,2,5,23,C03
201200009711,0,07,000,00,2,1,23,D04
201200009711,0,07,000,14,0,8,01,E05
201200009711,0,07,000,14,0,7,01,F06
201200009712,0,07,000,00,0,8,01,A01
201200009712,0,07,000,00,2,1,01,B02
201200009713,0,33,000,00,2,8,05,A01
201200009713,0,10,000,00,2,8,01,B02
201200009714,0,07,000,00,0,8,15,A01
201200009714,0,07,000,00,2,1,17,B02
201200009715,0,33,000,00,2,1,09,A01
201200009715,0,10,000,00,9,2,01,B02
201200009716,0,03,000,00,2,1,01,A01
201200009716,0,07,000,03,2,3,13,B02
201200009716,0,07,000,03,2,5,17,C03
201200009717,0,10,000,00,2,2,14,A01
201200009717,0,15,000,00,2,1,01,B02
201200009718,0,07,000,00,2,3,13,A01
201200009718,0,07,000,13,2,3,01,B02
201200009719,0,07,000,00,2,1,13,A01
201200009719,0,07,000,00,2,3,01,B02
201200009720,0,07,000,00,2,4,02,A01
201200009720,0,02,000,00,2,1,02,B02
201200009721,0,07,000,00,2,2,15,A01
201200009721,0,30,000,00,2,1,01,B02
201200009722,0,07,000,00,2,3,15,A01
201200009722,0,02,000,00,2,2,01,B02
201200009723,0,07,000,00,2,8,13,A01
201200009723,0,14,000,00,2,3,00,B02
201200009724,0,14,000,04,0,1,01,A01
201200009725,0,07,000,00,2,1,01,A01
201200009725,0,07,000,00,2,3,13,B02
201200009726,0,07,000,00,1,2,01,A01
201200009727,0,07,000,00,2,1,01,A01
201200009727,0,07,000,00,2,8,19,B02
201200009728,0,07,000,00,1,2,01,A01
201200009729,0,07,000,00,2,3,15,A01
201200009729,0,07,000,00,2,3,01,B02
201200009730,0,30,000,00,2,1,01,A01
201200009730,0,30,000,00,2,1,01,B02
201200009731,0,10,000,00,0,6,04,A01
201200009731,0,33,000,00,2,1,23,B02
201200009732,0,07,000,00,2,2,17,A01
201200009732,0,10,000,00,2,6,01,B02
201200009732,0,17,000,00,2,1,01,C03
201200009733,0,07,000,00,2,7,00,A01
201200009733,0,07,000,00,2,1,01,B02
201200009733,0,07,000,00,2,1,00,C03
201200009734,0,10,000,00,2,5,01,A01
201200009734,0,33,000,00,2,9,17,B02
201200009734,0,07,000,00,2,1,01,C03
201200009735,0,07,000,02,0,4,13,A01
201200009736,0,07,000,00,0,9,00,A01
201200009737,0,07,000,00,2,8,23,B02
201200009737,0,07,000,00,2,1,01,C03
201200009737,0,07,000,00,2,7,19,A01
201200009738,0,07,000,00,2,2,09,A01
201200009738,0,10,000,00,2,1,01,B02
201200009738,0,07,000,00,2,1,23,C03
201200009739,0,33,000,00,2,1,17,A01
201200009739,0,07,000,00,2,6,15,B02
201200009740,0,30,000,12,0,1,00,A01
201200009741,0,07,000,00,2,1,17,A01
201200009741,0,07,000,00,2,1,01,B02
201200009741,0,15,000,00,2,1,01,C03
201200009742,0,10,000,00,2,3,05,A01
201200009742,0,15,000,00,2,3,01,B02
201200009743,0,07,000,00,2,8,15,A01
201200009743,0,30,000,00,2,1,17,B02
201200009744,0,07,000,02,0,1,01,A01
201200009745,0,07,000,00,2,3,13,A01
201200009745,0,15,000,00,2,3,01,B02
201200009746,0,15,000,00,2,1,02,A01
201200009746,0,17,000,00,2,4,01,B02
201200009747,0,07,000,00,2,1,13,A01
201200009747,0,15,000,00,2,9,01,C03
201200009748,0,10,000,06,0,1,14,A01
201200009749,0,15,000,00,2,1,01,A01
201200009749,0,10,000,00,2,7,19,B02
201200009750,0,33,000,02,0,7,01,A01
201200009751,0,07,000,02,0,3,13,A01
201200009752,0,07,000,06,0,1,01,A01
201200009753,0,10,000,00,0,0,16,A01
201200009753,0,33,000,00,2,7,01,C03
201200009753,0,10,000,00,0,0,01,D04
201200009754,0,07,000,00,2,1,01,A01
201200009754,0,07,000,00,2,1,13,B02
201200009755,0,07,000,02,0,7,01,A01
201200009756,0,33,000,00,2,1,01,B02
201200009756,0,07,000,00,2,2,01,A01
201200009757,0,07,000,00,2,3,01,C03
201200009757,0,07,000,00,2,1,17,A01
201200009757,0,07,000,00,2,1,01,B02
201200009758,0,07,000,16,0,9,01,A01
201200009759,0,01,000,00,2,7,01,B02
201200009759,0,07,000,00,2,1,16,A01
201200009760,0,07,000,13,0,3,13,A01
201200009761,0,07,000,00,2,7,17,A01
201200009761,0,01,000,00,0,8,01,B02
201200009762,0,31,000,13,0,2,01,A01
201200009763,0,07,000,00,2,1,13,A01
201200009763,0,07,000,00,2,1,01,B02
201200009764,0,10,000,00,2,1,21,B02
201200009764,0,33,000,00,2,1,13,A01
201200009765,0,15,000,00,2,3,01,A01
201200009765,0,07,000,00,2,1,01,B02
201200009765,0,07,000,00,2,3,13,C03
201200009766,0,31,000,00,2,1,13,A01
201200009766,0,07,000,00,2,2,01,B02
201200009767,0,02,000,00,0,2,01,A01
201200009768,0,07,000,08,0,9,01,A01
201200009769,0,31,000,08,0,3,01,A01
201200009770,0,07,000,02,0,9,01,A01
201200009771,0,07,000,00,2,2,13,A01
201200009771,0,07,000,00,2,2,01,B02
201200009772,0,07,000,13,0,1,14,A01
201200009773,0,07,000,02,0,1,01,A01
201200009774,0,07,000,00,2,1,01,B02
201200009774,0,01,000,00,0,6,16,A01
201200009775,0,07,000,02,0,3,17,A01
201200009776,0,07,000,00,2,3,01,B02
201200009776,0,07,000,00,2,3,13,A01
201200009777,0,37,001,08,0,3,13,A01
201200009778,0,07,000,00,1,1,01,A01
201200009779,0,07,000,00,2,8,01,A01
201200009779,0,33,000,00,2,8,01,B02
201200009780,0,07,000,00,1,2,01,A01
201200009781,0,07,000,00,2,2,15,A01
201200009781,0,01,000,00,2,1,01,B02
201200009782,0,07,000,00,1,7,01,A01
201200009783,0,07,000,02,2,3,01,A01
201200009783,0,07,000,13,2,3,01,B02
201200009784,0,07,000,00,2,2,15,A01
201200009784,0,01,000,00,2,1,01,B02
201200009785,0,07,000,16,0,9,01,A01
201200009786,0,07,000,00,2,1,01,B02
201200009786,0,07,000,00,2,7,13,A01
201200009787,0,07,000,00,2,3,01,A01
201200009787,0,07,000,00,2,8,15,B02
201200009788,0,07,000,00,0,9,01,A01
201200009789,0,07,000,00,1,2,01,A01
201200009790,0,33,000,15,0,1,01,A01
201200009791,0,07,000,13,0,9,01,A01
201200009792,0,07,000,00,1,3,15,A01
201200009793,0,07,000,00,1,3,01,A01
201200009794,0,30,000,14,0,8,01,A01
201200009795,0,10,000,00,1,1,01,A01
201200009796,0,32,000,12,0,3,01,A01
201200009797,0,07,000,00,2,8,15,A01
201200009797,0,33,000,00,2,1,01,B02
201200009798,0,07,000,00,1,2,01,A01
201200009799,0,07,000,13,0,2,14,A01
201200009800,0,07,000,00,2,1,01,B02
201200009800,0,07,000,00,2,1,13,A01
201200009801,0,07,000,00,2,1,01,A01
201200009801,0,01,000,00,0,7,19,B02
201200009802,0,07,000,00,1,3,01,A01
201200009803,0,33,000,00,2,1,01,B02
201200009803,0,07,000,00,2,3,01,A01
201200009804,0,30,000,00,2,3,13,A01
201200009804,0,01,000,00,2,1,01,B02
201200009805,0,07,000,00,2,1,13,A01
201200009805,0,07,000,00,2,1,01,B02
201200009806,0,07,000,13,0,2,14,A01
201200009807,0,30,000,00,2,1,01,A01
201200009807,0,10,000,00,2,3,01,B02
201200009808,0,17,000,00,2,1,01,A01
201200009808,0,07,000,00,2,8,15,B02
201200009809,0,07,000,13,0,3,01,A01
201200009810,0,07,000,02,0,7,01,A01
201200009811,0,33,000,14,0,1,01,A01
201200009812,0,07,000,13,0,9,01,A01
201200009813,0,07,000,00,2,1,01,A01
201200009813,0,07,000,06,2,7,01,B02
201200009814,0,07,000,00,2,3,15,B02
201200009814,0,30,000,00,2,1,17,A01
201200009815,0,02,000,00,2,1,17,A01
201200009815,0,07,000,00,2,2,01,B02
201200009816,0,14,000,00,2,1,01,B02
201200009816,0,07,000,00,0,7,01,A01
201200009817,0,07,000,00,2,1,01,B02
201200009817,0,07,000,00,2,1,15,A01
201200009818,0,13,000,00,0,5,01,B02
201200009818,0,33,000,00,2,1,02,A01
201200009819,0,07,000,06,0,7,01,A01
201200009820,0,07,000,16,0,9,01,A01
201200009821,0,07,000,06,0,7,01,A01
201200009822,0,07,000,08,0,1,01,A01
201200009823,0,07,000,08,0,2,14,A01
201200009824,0,35,000,08,0,7,01,A01
201200009825,0,07,000,00,2,1,01,A01
201200009825,0,30,000,00,2,3,01,B02
201200009826,0,07,000,00,2,1,01,B02
201200009826,0,07,000,00,2,7,13,A01
201200009827,0,07,000,00,2,1,01,C03
201200009827,0,07,000,00,2,7,13,A01
201200009827,0,07,000,00,2,6,21,B02
201200009828,0,10,000,07,0,9,01,A01
201200009829,0,07,000,00,2,7,13,A01
201200009829,0,07,000,00,2,1,01,B02
201200009830,0,07,000,09,0,1,01,A01
201200009831,0,07,000,06,0,1,01,A01
201200009832,0,33,000,08,0,1,01,A01
201200009833,0,07,000,00,2,3,17,A01
201200009833,0,14,000,00,2,3,01,B02
201200009834,0,07,000,16,0,9,01,A01
201200009835,0,07,000,08,0,3,01,A01
201200009836,0,07,000,00,1,1,01,A01
201200009837,0,07,000,00,2,3,01,B02
201200009837,0,07,000,12,2,2,13,A01
201200009838,0,99,000,16,0,9,13,A01
201200009839,0,36,000,16,0,7,01,A01
201200009840,0,07,000,00,2,1,01,B02
201200009840,0,07,000,03,2,8,19,A01
201200009841,0,07,000,00,2,2,17,A01
201200009841,0,31,000,00,2,8,15,B02
201200009842,0,30,000,00,2,1,13,B02
201200009842,0,07,000,00,2,3,01,A01
201200009843,0,07,000,00,2,7,15,A01
201200009843,0,02,000,00,2,1,01,B02
201200009844,0,07,000,08,0,9,17,A01
201200009845,0,07,000,00,2,1,19,A01
201200009845,0,33,000,00,0,7,01,B02
201200009846,0,15,000,00,2,3,01,B02
201200009846,0,07,000,00,2,8,19,A01
201200009847,0,33,000,00,0,0,01,A01
201200009848,0,07,000,00,2,7,01,B02
201200009848,0,30,000,00,2,1,09,A01
201200009849,0,07,000,00,0,9,01,A01
201200009850,0,33,000,00,9,1,01,A01
201200009851,0,07,000,06,0,1,01,A01
201200009852,0,07,000,00,2,8,15,B02
201200009852,0,33,000,00,2,2,17,A01
201200009853,0,07,000,02,0,8,13,A01
201200009854,0,10,000,00,2,3,02,A01
201200009854,0,07,000,13,2,1,01,C03
201200009854,0,07,000,13,2,5,13,B02
201200009855,0,07,000,00,1,1,01,A01
201200009856,0,10,000,00,0,9,01,A01
201200009857,0,07,000,13,0,3,01,A01
201200009858,0,07,000,00,2,2,01,A01
201200009858,0,07,000,00,2,3,15,B02
201200009859,0,07,000,13,0,2,01,A01
201200009860,0,14,000,00,2,1,01,A01
201200009860,0,07,000,00,2,1,13,B02
201200009861,0,07,000,00,2,1,13,B02
201200009861,0,15,000,00,2,3,01,A01
201200009862,0,07,000,00,2,3,01,B02
201200009862,0,07,000,00,2,1,01,A01
201200009863,0,07,000,00,2,3,13,A01
201200009863,0,10,000,00,2,3,01,B02
201200009864,0,17,000,00,2,1,13,A01
201200009864,0,17,000,00,2,3,01,B02
201200009865,0,02,000,12,0,1,01,A01
201200009866,0,07,000,00,1,8,01,A01
201200009867,0,33,000,13,0,1,01,A01
201200009868,0,30,000,00,0,7,14,A01
201200009869,0,10,000,02,0,2,14,A01
201200009870,0,07,000,00,6,3,13,A01
201200009871,0,07,000,00,2,5,01,B02
201200009871,0,07,000,00,2,1,02,A01
201200009872,0,10,000,00,2,3,01,B02
201200009872,0,02,000,00,2,1,19,A01
201200009873,0,10,000,00,2,5,01,A01
201200009873,0,31,000,00,2,1,02,B02
201200009874,0,07,000,00,2,3,13,A01
201200009874,0,07,000,00,2,3,01,B02
201200009875,0,07,000,08,0,3,13,A01
201200009876,0,10,000,13,0,9,01,A01
201200009877,0,07,000,15,0,1,01,A01
201200009878,0,13,000,13,0,2,01,A01
201200009879,0,07,000,00,2,7,01,A01
201200009879,0,07,000,08,2,1,01,B02
201200009880,0,07,000,02,0,1,01,A01
201200009881,0,07,000,06,0,1,01,A01
201200009882,0,07,000,14,0,1,02,A01
201200009882,0,21,000,00,0,4,23,B02
201200009883,0,07,000,00,0,1,01,B02
201200009883,0,07,000,00,0,2,19,A01
201200009884,0,07,000,00,2,3,06,A01
201200009884,0,07,000,00,0,1,01,B02
201200009885,0,07,000,00,2,1,01,A01
201200009885,0,07,000,00,2,7,19,B02
201200009886,0,21,000,00,0,6,01,B02
201200009886,0,07,000,00,2,2,13,A01
201200009887,0,07,000,00,2,2,15,A01
201200009887,0,07,000,00,2,3,01,B02
201200009888,0,07,000,00,0,1,01,B02
201200009888,0,07,000,05,0,7,17,A01
201200009889,0,07,000,00,9,1,01,B02
201200009889,0,01,000,00,2,1,19,A01
201200009890,0,07,000,00,2,3,13,A01
201200009890,0,07,000,00,2,3,01,B02
201200009890,0,07,000,00,9,1,01,C03
201200009891,0,07,000,02,0,8,02,A01
201200009892,0,07,000,00,2,3,09,A01
201200009892,0,13,000,00,2,3,05,C03
201200009892,0,07,000,00,2,2,01,B02
201200009893,0,07,000,00,4,3,01,A01
201200009893,0,39,000,00,4,2,01,C03
201200009893,0,07,000,00,4,5,01,B02
201200009894,0,07,000,00,2,1,01,A01
201200009894,0,07,000,00,2,1,11,B02
201200009895,0,07,000,00,2,1,19,B02
201200009895,0,07,000,00,2,7,01,A01
201200009896,0,10,000,00,2,2,19,A01
201200009896,0,07,000,00,2,2,01,B02
201200009897,0,07,000,16,0,9,01,A01
201200009898,0,30,000,00,0,0,01,A01
201200009899,0,07,000,00,0,7,01,B02
201200009899,0,10,000,00,2,1,01,A01
201200009900,0,31,000,00,2,1,01,B02
201200009900,0,07,000,00,0,7,19,A01
201200009901,1,10,000,00,1,3,01,A01
201200009902,0,07,000,00,2,1,01,B02
201200009902,0,07,000,00,2,2,01,A01
201200009903,0,14,000,00,2,1,01,B02
201200009903,0,07,000,00,2,1,01,A01
201200009904,0,07,000,00,2,1,01,A01
201200009904,0,01,000,00,2,8,15,B02
201200009905,0,07,000,00,2,3,13,A01
201200009905,0,17,000,00,2,8,01,B02
201200009906,0,30,000,00,2,8,19,A01
201200009906,0,34,000,00,2,1,01,B02
201200009907,0,07,000,16,6,9,21,A01
201200009908,0,07,000,00,0,3,15,A01
201200009908,0,33,000,00,2,1,21,B02
201200009909,0,30,000,13,0,3,01,A01
201200009910,0,33,000,13,0,7,00,A01
201200009911,0,07,000,00,0,0,01,A01
201200009912,0,07,000,00,2,9,02,B02
201200009912,0,07,000,00,2,1,02,C03
201200009912,0,07,000,00,2,4,02,A01
201200009913,0,07,000,00,2,1,01,B02
201200009913,0,07,000,00,2,3,19,A01
201200009914,0,07,000,06,0,3,01,A01
201200009915,0,07,000,02,6,3,01,A01
201200009916,0,07,000,02,0,7,01,A01
201200009917,0,07,000,00,1,7,01,A01
201200009918,0,31,000,00,0,7,01,A01
201200009919,0,02,000,00,2,1,01,A01
201200009919,0,10,000,01,2,3,01,B02
201200009920,0,15,000,00,1,1,01,A01
201200009921,0,07,000,06,0,7,01,A01
201200009922,0,31,000,15,0,1,01,A01
201200009923,0,07,000,00,2,1,01,B02
201200009923,0,07,000,00,2,3,19,A01
201200009924,0,07,000,16,0,9,00,A01
201200009925,0,07,000,02,0,8,01,A01
201200009926,0,07,000,00,1,2,01,A01
201200009927,0,07,000,00,0,2,00,B02
201200009927,0,07,000,00,0,1,13,A01
201200009928,0,33,000,00,2,1,01,A01
201200009928,0,07,000,00,2,6,19,B02
201200009929,0,07,000,00,0,9,13,A01
201200009930,0,10,000,02,0,1,13,A01
201200009931,0,15,000,00,0,0,14,A01
201200009932,0,07,000,00,2,3,13,A01
201200009932,0,15,000,00,2,3,01,B02
201200009933,0,30,000,00,0,7,01,A01
201200009934,0,07,000,00,2,1,13,A01
201200009934,0,07,000,00,2,1,01,B02
201200009935,0,01,000,00,0,4,13,B02
201200009935,0,10,000,00,2,2,17,A01
201200009936,0,07,000,00,2,8,19,B02
201200009936,0,07,000,00,2,1,01,A01
201200009937,0,07,000,08,0,1,13,A01
201200009938,0,07,000,00,0,9,01,A01
201200009939,0,15,000,08,0,0,14,A01
201200009940,0,07,000,00,0,3,13,A01
201200009940,0,17,000,00,0,3,01,B02
201200009941,0,07,000,00,2,3,01,B02
201200009941,0,07,000,00,2,1,13,A01
201200009942,0,01,000,00,2,3,01,B02
201200009942,0,38,000,00,2,2,16,A01
201200009943,0,07,000,00,2,1,01,B02
201200009943,0,07,000,00,2,2,01,A01
201200009944,0,07,000,00,2,1,15,A01
201200009944,0,02,000,00,2,1,01,B02
201200009945,0,15,000,00,2,2,01,A01
201200009945,0,07,000,00,2,2,01,B02
201200009946,0,14,000,00,2,3,15,A01
201200009946,0,07,000,06,2,6,01,B02
201200009947,0,07,000,00,2,3,01,A01
201200009947,0,07,000,00,2,3,00,B02
201200009948,0,07,000,00,1,2,01,A01
201200009949,0,07,000,00,1,3,01,A01
201200009950,0,07,000,00,2,3,13,A01
201200009950,0,07,000,00,2,3,01,B02
201200009951,0,07,000,00,1,1,01,A01
201200009952,0,38,000,08,1,7,20,A01
201200009953,0,07,000,00,2,2,01,B02
201200009953,0,30,000,00,2,8,19,A01
201200009954,0,30,000,08,0,1,01,A01
201200009955,0,07,000,00,0,1,01,A01
201200009956,0,07,000,00,0,0,01,A01
201200009957,0,30,000,00,2,1,01,A01
201200009957,0,07,000,00,2,7,19,B02
201200009958,0,07,000,13,0,1,01,A01
201200009959,0,07,000,00,2,1,00,A01
201200009959,0,31,000,00,2,1,13,B02
201200009960,0,10,000,06,0,2,00,A01
201200009961,0,07,000,00,2,6,01,B02
201200009961,0,07,000,00,2,4,01,C03
201200009961,0,07,000,00,2,1,01,A01
201200009962,0,07,000,00,2,1,15,A01
201200009962,0,01,000,00,0,8,17,B02
201200009963,0,07,000,00,0,3,00,B02
201200009963,0,07,000,00,0,1,13,A01
201200009964,0,33,000,16,0,7,01,A01
201200009965,0,07,000,00,2,1,00,B02
201200009965,0,30,000,00,2,1,00,A01
201200009966,0,07,000,00,2,7,01,B02
201200009966,0,35,000,00,2,1,01,A01
201200009967,0,33,000,06,0,2,01,A01
201200009968,0,07,000,00,2,3,01,B02
201200009968,0,07,000,00,2,1,15,A01
201200009969,0,07,000,00,2,8,01,B02
201200009969,0,10,000,00,2,2,01,A01
201200009970,0,07,000,02,0,8,14,A01
201200009971,0,15,000,00,2,2,21,A01
201200009971,0,07,000,00,2,4,23,B02
201200009972,0,07,000,00,2,1,01,A01
201200009972,0,07,000,00,2,3,01,B02
201200009973,0,07,000,06,0,3,01,A01
201200009974,0,14,000,00,1,6,01,B02
201200009974,0,07,000,00,2,2,02,A01
201200009975,0,07,000,00,2,3,01,A01
201200009975,0,03,000,00,2,2,19,B02
201200009976,0,07,000,00,2,3,15,A01
201200009976,0,33,000,00,2,1,01,B02
201200009977,0,07,000,00,9,3,15,A01
201200009977,0,01,000,00,2,1,01,B02
201200009978,0,07,000,06,0,1,01,A01
201200009979,0,01,000,00,2,1,01,A01
201200009979,0,07,000,00,9,6,01,B02
201200009980,0,15,000,00,2,1,01,B02
201200009980,0,07,000,00,0,3,01,A01
201200009981,0,02,000,00,2,1,02,A01
201200009981,0,07,000,00,2,3,15,B02
201200009982,0,10,000,00,2,1,01,B02
201200009982,0,07,000,00,2,8,19,A01
201200009983,0,33,000,00,2,8,21,A01
201200009984,0,07,000,00,1,1,01,A01
201200009985,0,07,000,02,0,1,01,A01
201200009986,0,07,000,02,0,8,00,A01
201200009987,0,07,000,00,2,6,15,C03
201200009987,0,07,000,00,2,1,17,A01
201200009987,0,07,000,00,2,3,01,B02
201200009988,0,07,000,00,1,2,01,A01
201200009989,0,07,000,06,0,8,01,B02
201200009989,0,07,000,06,0,1,01,A01
201200009990,0,07,000,00,2,1,00,B02
201200009990,0,07,000,00,2,5,01,A01
201200009991,0,14,000,00,2,7,15,B02
201200009991,0,14,000,00,2,3,01,A01
201200009992,0,33,000,00,0,0,01,A01
201200009993,0,30,000,00,2,1,02,A01
201200009993,0,07,000,00,2,3,02,B02
201200009994,0,07,000,00,2,3,00,B02
201200009994,0,32,000,00,2,1,05,A01
201200009995,0,07,000,00,2,0,01,C03
201200009995,0,07,000,00,2,1,14,A01
201200009995,0,07,000,00,2,1,01,B02
201200009996,0,07,000,15,0,1,00,A01
201200009997,0,31,000,00,1,1,01,A01
201200009998,0,07,000,06,0,3,00,A01
201200009999,0,33,000,00,2,7,17,A01
201200009999,0,17,000,00,2,8,15,B02
201200010000,0,07,000,00,2,1,01,B02
201200010000,0,07,000,00,2,1,01,A01
201200010001,0,07,000,00,2,8,19,A01
201200010001,0,07,000,00,2,1,01,B02
201200010002,0,07,000,00,2,1,10,A01
201200010002,0,10,000,00,2,1,01,B02
201200010003,0,07,000,00,2,5,15,A01
201200010003,0,30,000,00,2,1,01,B02
201200010004,0,07,000,00,2,2,15,A01
201200010004,0,02,000,00,2,1,01,B02
201200010005,0,10,000,00,0,2,19,A01
201200010005,0,07,000,00,0,1,01,B02
201200010006,0,07,000,13,0,1,17,A01
201200010007,0,07,000,00,2,1,13,A01
201200010007,0,07,000,00,2,1,01,B02
201200010008,0,10,000,00,2,3,00,B02
201200010008,0,07,000,00,2,3,01,A01
201200010009,0,33,000,00,2,2,01,B02
201200010009,0,30,000,00,2,1,15,A01
201200010010,0,33,000,00,0,9,01,A01
201200010011,0,10,000,00,2,5,01,B02
201200010011,0,33,000,00,2,1,19,A01
201200010012,0,02,000,00,2,3,01,A01
201200010012,0,07,000,00,2,3,01,B02
201200010013,0,07,000,00,2,3,13,A01
201200010013,0,07,000,00,2,3,01,B02
201200010014,0,33,000,02,0,2,01,A01
201200010015,0,33,000,12,0,1,14,A01
201200010016,0,07,000,00,2,3,13,A01
201200010016,0,07,000,00,2,3,01,B02
201200010017,0,10,000,02,0,3,13,A01
201200010018,0,07,000,00,1,1,16,A01
201200010019,0,07,000,08,0,2,01,A01
201200010020,0,07,000,13,0,2,01,A01
201200010021,0,07,000,02,0,8,01,A01
201200010022,0,07,000,08,0,7,01,A01
201200010023,0,07,000,13,0,9,01,A01
201200010024,0,07,000,00,6,2,01,B02
201200010024,0,07,000,00,6,3,01,A01
201200010025,0,07,000,13,0,1,13,A01
201200010026,0,07,000,00,2,2,19,A01
201200010026,0,07,000,00,2,3,01,B02
201200010027,0,07,000,00,1,3,01,A01
201200010028,0,07,000,06,0,1,13,A01
201200010029,0,07,000,00,2,8,15,A01
201200010029,0,02,000,00,2,9,17,B02
201200010030,0,07,000,00,2,6,15,A01
201200010030,0,33,000,00,2,1,13,B02
201200010031,0,07,000,13,0,1,01,A01
201200010032,0,07,000,00,2,7,19,A01
201200010032,0,07,000,00,2,1,01,B02
201200010033,0,33,000,06,0,1,01,A01
201200010034,0,01,000,00,2,4,23,B02
201200010034,0,10,000,00,2,5,16,A01
201200010035,0,07,000,00,2,2,17,A01
201200010035,0,01,000,00,2,6,02,B02
201200010036,0,07,000,00,2,7,19,B02
201200010036,0,07,000,00,2,1,01,A01
201200010037,0,07,000,02,0,8,17,A01
201200010038,0,10,000,00,2,1,13,A01
201200010038,0,07,000,00,2,3,01,B02
201200010039,0,07,000,08,0,8,01,A01
201200010040,0,07,000,13,2,3,13,A01
201200010040,0,07,000,00,2,2,01,B02
201200010041,0,15,000,00,2,2,17,B02
201200010041,0,10,000,00,2,6,13,A01
201200010042,0,07,000,13,0,3,01,A01
201200010043,0,15,000,00,2,4,23,C03
201200010043,0,17,000,00,2,1,01,A01
201200010043,0,10,000,00,2,4,23,B02
201200010044,0,07,000,02,0,1,01,A01
201200010045,0,31,000,00,1,1,01,A01
201200010046,0,33,000,16,0,2,01,A01
201200010047,0,07,000,00,1,6,04,A01
201200010048,0,31,000,14,0,6,01,A01
201200010049,0,13,000,13,2,3,15,B02
201200010049,0,10,000,00,2,8,17,A01
201200010050,0,01,000,00,2,1,18,A01
201200010050,0,01,000,00,2,1,14,B02