Num_Acc,senc,catv,occutc,obs,obsm,choc,manv,num_veh
201200010051,0,07,000,13,0,2,13,A01
201200010052,0,33,000,00,6,1,01,A01
201200010053,0,07,000,06,0,3,01,A01
201200010054,0,14,000,00,2,8,02,B02
201200010054,0,32,000,00,2,1,02,A01
201200010055,0,07,000,13,0,9,01,A01
201200010056,0,07,000,13,0,1,01,A01
201200010057,0,07,000,02,0,3,01,A01
201200010058,0,07,000,00,2,1,01,B02
201200010058,0,07,000,00,2,3,01,C03
201200010058,0,07,000,00,2,3,13,A01
201200010059,0,17,000,00,2,2,01,B02
201200010059,0,07,000,00,2,2,13,A01
201200010060,0,07,000,13,0,1,01,A01
201200010061,0,33,000,16,0,7,01,A01
201200010062,0,07,000,13,0,2,14,A01
201200010063,0,07,000,13,0,1,01,A01
201200010064,0,36,000,02,0,1,01,A01
201200010065,0,07,000,13,0,1,14,A01
201200010066,0,07,000,08,0,1,01,A01
201200010067,0,10,000,13,0,8,13,A01
201200010068,0,03,000,00,2,2,19,A01
201200010068,0,30,000,00,2,1,21,B02
201200010069,0,31,000,00,2,2,17,A01
201200010069,0,02,000,00,0,6,15,B02
201200010070,0,07,000,00,2,3,01,B02
201200010070,0,03,000,00,2,3,01,A01
201200010071,0,10,000,00,1,4,04,A01
201200010072,0,07,000,00,2,3,11,A01
201200010072,0,07,000,00,2,3,01,B02
201200010073,0,02,000,00,2,1,01,A01
201200010073,0,07,000,00,2,1,01,B02
201200010074,0,33,000,00,2,2,17,A01
201200010074,0,10,000,00,2,3,15,B02
201200010075,0,07,000,02,0,7,01,A01
201200010076,0,07,000,13,0,9,01,A01
201200010077,0,07,000,06,0,2,01,A01
201200010078,0,10,000,00,6,1,01,A01
201200010079,0,07,000,00,2,3,13,A01
201200010079,0,07,000,00,2,3,00,B02
201200010080,0,07,000,16,0,1,01,A01
201200010081,0,07,000,00,1,2,01,A01
201200010082,0,32,000,16,0,8,14,A01
201200010083,0,30,000,00,0,4,01,A01
201200010084,0,07,000,08,0,1,13,A01
201200010085,0,33,000,08,0,1,01,A01
201200010086,0,07,000,00,2,7,15,A01
201200010086,0,33,000,00,2,1,01,B02
201200010087,0,07,000,00,2,3,01,A01
201200010087,0,07,000,00,2,3,01,B02
201200010088,0,07,000,13,0,9,14,A01
201200010089,0,10,000,00,2,7,13,A01
201200010089,0,10,000,00,2,3,01,B02
201200010090,0,33,000,00,2,1,01,B02
201200010090,0,07,000,00,2,5,15,A01
201200010090,0,07,000,00,2,3,23,C03
201200010091,0,07,000,00,2,3,15,B02
201200010091,0,30,000,00,2,1,01,A01
201200010092,0,07,000,02,0,1,13,A01
201200010093,0,33,000,00,2,1,01,B02
201200010093,0,07,000,00,2,3,15,A01
201200010094,0,07,000,01,1,3,01,A01
201200010095,0,33,000,00,2,3,01,B02
201200010095,0,07,000,00,2,7,01,A01
201200010096,0,07,000,00,2,7,17,A01
201200010096,0,07,000,00,2,8,01,B02
201200010097,0,10,000,00,0,1,01,A01
201200010098,0,07,000,00,1,3,01,A01
201200010099,0,07,000,00,2,3,01,A01
201200010099,0,07,000,00,2,2,19,B02
201200010100,0,07,000,13,0,2,01,A01
201200010101,0,07,000,01,0,2,01,A01
201200010102,0,33,000,00,0,1,01,A01
201200010103,0,33,000,00,2,3,01,A01
201200010103,0,07,000,00,2,8,15,B02
201200010104,0,07,000,02,0,1,01,A01
201200010105,0,07,000,00,9,5,16,A01
201200010105,0,01,000,00,2,1,01,B02
201200010106,0,33,000,00,2,1,17,A01
201200010106,0,07,000,00,2,8,15,B02
201200010107,0,07,000,00,2,8,19,A01
201200010107,0,10,000,00,2,1,01,B02
201200010108,0,02,000,00,2,1,13,B02
201200010108,0,07,000,00,2,3,01,A01
201200010109,0,07,000,00,0,0,15,C03
201200010109,0,07,000,00,2,4,23,B02
201200010109,0,33,000,00,2,1,01,A01
201200010110,0,07,000,13,0,1,01,A01
201200010110,0,07,000,00,0,0,01,B02
201200010111,0,01,000,00,2,4,01,B02
201200010111,0,10,000,00,2,2,01,A01
201200010112,0,32,000,00,2,1,01,B02
201200010112,0,07,000,00,2,3,19,A01
201200010113,0,31,000,00,2,1,01,A01
201200010113,0,07,000,00,2,3,15,B02
201200010114,0,33,000,00,0,8,00,A01
201200010114,0,07,000,00,0,3,17,B02
201200010115,0,07,000,00,2,8,19,A01
201200010115,0,07,000,00,2,1,01,B02
201200010116,0,07,000,06,0,1,01,A01
201200010117,0,07,000,07,2,6,01,B02
201200010117,0,10,000,00,2,1,19,A01
201200010118,0,07,000,06,0,1,01,A01
201200010119,0,07,000,00,2,1,13,A01
201200010119,0,20,000,00,2,3,01,B02
201200010120,0,15,000,00,2,6,01,A01
201200010120,0,07,000,00,2,3,01,B02
201200010121,0,07,000,00,1,2,01,A01
201200010122,0,07,000,13,0,1,01,A01
201200010123,0,07,000,02,2,3,01,B02
201200010123,0,07,000,00,2,3,06,A01
201200010124,0,07,000,00,1,3,01,A01
201200010125,0,10,000,00,1,6,04,A01
201200010126,0,07,000,00,2,1,01,B02
201200010126,0,07,000,00,2,3,13,A01
201200010127,0,33,000,00,2,1,01,B02
201200010127,0,07,000,00,2,3,19,A01
201200010128,0,33,000,06,0,2,21,A01
201200010129,0,07,000,02,0,1,13,A01
201200010130,0,03,000,00,2,1,01,B02
201200010130,0,07,000,00,2,1,01,C03
201200010130,0,07,000,00,2,2,13,A01
201200010131,0,07,000,08,0,2,13,A01
201200010132,0,30,000,00,2,3,19,A01
201200010132,0,07,000,00,2,1,01,B02
201200010133,0,07,000,00,2,3,01,B02
201200010133,0,07,000,00,2,3,13,A01
201200010134,0,33,000,08,0,8,01,A01
201200010135,0,02,000,00,0,1,01,A01
201200010136,0,13,000,02,0,2,01,A01
201200010137,0,07,000,00,4,8,01,A01
201200010137,0,39,025,00,2,1,00,B02
201200010138,0,07,000,00,2,8,19,A01
201200010138,0,33,000,00,2,1,01,B02
201200010139,0,07,000,00,0,7,01,B02
201200010139,0,07,000,00,2,1,01,A01
201200010140,0,07,000,15,2,1,01,B02
201200010140,0,07,000,15,2,2,19,A01
201200010141,0,07,000,06,2,3,13,A01
201200010141,0,07,000,00,2,3,01,B02
201200010142,0,07,000,00,1,3,15,A01
201200010143,0,33,000,00,2,8,01,B02
201200010143,0,07,000,00,2,3,16,A01
201200010144,0,07,000,02,0,0,00,A01
201200010145,0,07,000,00,2,1,01,B02
201200010145,0,10,000,00,2,1,19,A01
201200010146,0,10,000,00,0,0,01,A01
201200010146,0,01,000,00,9,0,00,B02
201200010147,0,07,000,00,1,2,21,A01
201200010148,0,07,000,00,2,1,01,B02
201200010148,0,07,000,00,2,3,10,A01
201200010149,0,07,000,00,0,4,01,A01
201200010149,0,02,000,00,2,1,01,B02
201200010150,1,07,000,00,1,1,01,A01
201200010151,0,20,000,00,2,3,01,A01
201200010151,0,07,000,00,2,1,01,B02
201200010152,0,33,000,00,2,1,01,A01
201200010152,0,10,000,00,2,3,15,B02
201200010153,0,10,000,16,0,3,01,A01
201200010154,0,10,000,00,2,3,01,A01
201200010154,0,10,000,00,2,1,05,B02
201200010155,0,33,000,00,0,7,01,B02
201200010155,0,07,000,00,0,2,15,A01
201200010156,0,07,000,00,0,2,19,B02
201200010156,0,02,000,00,2,1,01,A01
201200010157,0,07,000,06,2,5,00,B02
201200010157,0,07,000,00,2,1,01,A01
201200010158,0,07,000,08,0,1,00,A01
201200010159,0,07,000,13,0,1,01,A01
201200010160,0,10,000,00,2,1,01,B02
201200010160,0,07,000,00,2,4,15,A01
201200010160,0,07,000,00,2,1,01,C03
201200010161,0,07,000,03,0,7,01,A01
201200010162,0,07,000,13,0,9,01,A01
201200010163,0,07,000,06,0,1,01,A01
201200010164,0,07,000,00,2,2,15,A01
201200010164,0,02,000,00,2,8,01,B02
201200010165,0,10,000,00,2,3,01,B02
201200010165,0,07,000,00,2,2,01,A01
201200010166,0,07,000,00,2,1,15,A01
201200010166,0,07,000,00,2,1,15,B02
201200010167,0,10,000,00,1,1,01,A01
201200010168,0,07,000,00,1,3,01,A01
201200010169,0,02,000,00,2,1,15,A01
201200010169,0,38,001,00,2,3,01,B02
201200010170,0,07,000,00,2,3,15,A01
201200010170,0,33,000,00,2,1,01,B02
201200010171,0,14,000,00,1,1,14,A01
201200010172,0,07,000,00,2,1,01,A01
201200010172,0,07,000,00,2,1,01,B02
201200010173,0,07,000,13,0,7,01,A01
201200010174,0,02,000,00,2,2,01,B02
201200010174,0,07,000,00,2,3,16,A01
201200010175,0,07,000,15,0,5,01,A01
201200010176,0,07,000,00,2,2,01,A01
201200010176,0,01,000,00,2,3,15,B02
201200010177,0,21,000,00,1,3,01,A01
201200010178,0,30,000,04,0,1,17,A01
201200010179,0,07,000,01,0,3,13,A01
201200010179,0,07,000,00,2,3,24,B02
201200010180,0,07,000,00,2,4,15,A01
201200010180,0,07,000,00,2,1,01,B02
201200010181,0,07,000,07,0,1,21,A01
201200010182,0,07,000,00,2,3,13,A01
201200010182,0,07,000,00,2,3,21,B02
201200010183,0,02,000,00,0,8,01,A01
201200010184,0,30,000,16,0,0,01,A01
201200010185,0,07,000,08,0,8,01,A01
201200010186,0,07,000,06,0,1,13,A01
201200010187,0,07,000,00,0,8,19,A01
201200010187,0,07,000,00,0,1,01,B02
201200010188,0,33,000,00,0,1,01,A01
201200010189,0,07,000,00,2,3,01,C03
201200010189,0,07,000,00,2,3,13,A01
201200010189,0,17,000,00,2,8,01,B02
201200010190,0,33,000,13,0,1,13,A01
201200010191,0,07,000,00,2,1,17,A01
201200010191,0,07,000,00,2,8,15,B02
201200010192,0,17,000,06,2,1,13,A01
201200010192,0,01,000,06,2,1,01,C03
201200010192,0,07,000,06,2,2,01,B02
201200010193,0,07,000,08,0,1,01,A01
201200010194,0,07,000,00,2,1,23,C03
201200010194,0,33,000,00,2,1,01,B02
201200010194,0,07,000,00,2,1,15,A01
201200010195,0,02,000,00,1,1,01,A01
201200010196,0,07,000,00,1,3,01,A01
201200010197,0,07,000,08,0,1,01,A01
201200010198,0,01,000,00,2,1,13,A01
201200010198,0,07,000,00,2,2,01,B02
201200010199,0,02,000,00,2,2,01,A01
201200010199,0,07,000,00,2,2,01,B02
201200010200,0,07,000,00,9,2,01,A01
201200010200,0,01,000,00,0,4,01,B02
201200010201,0,07,000,02,0,1,14,A01
201200010202,0,07,000,00,2,3,13,A01
201200010202,0,07,000,00,2,3,01,B02
201200010203,0,30,000,08,0,1,01,A01
201200010204,0,07,000,00,2,3,13,A01
201200010204,0,07,000,00,2,3,01,B02
201200010205,0,07,000,06,0,1,19,A01
201200010206,0,07,000,08,0,9,01,A01
201200010207,0,07,000,06,0,1,01,A01
201200010208,0,07,000,14,0,1,01,A01
201200010209,0,07,000,00,2,1,05,A01
201200010209,0,07,000,00,2,1,01,B02
201200010210,0,07,000,02,0,3,13,A01
201200010211,0,07,000,13,0,2,21,A01
201200010212,0,14,000,00,2,2,01,C03
201200010212,0,10,000,00,2,1,13,A01
201200010212,0,10,000,00,2,1,01,B02
201200010213,0,33,000,13,0,7,01,A01
201200010214,0,07,000,13,0,1,01,A01
201200010215,0,07,000,00,2,1,01,B02
201200010215,0,07,000,00,2,1,13,A01
201200010216,0,31,000,13,0,3,13,A01
201200010217,0,07,000,00,2,8,01,B02
201200010217,0,07,000,00,2,1,19,A01
201200010218,0,38,040,13,0,7,14,A01
201200010219,0,07,000,00,2,1,19,A01
201200010219,0,07,000,00,2,3,01,B02
201200010220,0,17,000,00,2,1,01,B02
201200010220,0,07,000,00,2,7,19,A01
201200010221,0,33,000,13,0,1,01,A01
201200010222,0,07,000,00,2,8,01,B02
201200010222,0,07,000,00,2,6,13,A01
201200010223,0,07,000,04,0,3,01,A01
201200010224,0,30,000,00,5,1,01,A01
201200010225,0,07,000,08,0,8,01,A01
201200010226,0,33,000,00,9,7,01,A01
201200010227,0,33,000,06,0,1,01,A01
201200010228,0,07,000,13,0,1,01,A01
201200010229,0,07,000,00,2,3,13,A01
201200010229,0,07,000,00,2,6,01,B02
201200010230,0,07,000,02,0,6,01,A01
201200010231,0,07,000,00,0,4,15,A01
201200010231,0,07,000,00,2,1,01,B02
201200010232,0,07,000,02,0,3,13,A01
201200010233,0,02,000,00,2,1,00,A01
201200010233,0,07,000,00,2,3,17,B02
201200010234,0,30,000,00,2,2,17,A01
201200010234,0,07,000,00,2,3,15,B02
201200010235,1,07,000,00,0,0,00,A01
201200010236,0,07,000,00,2,8,19,A01
201200010236,0,10,000,00,2,2,01,B02
201200010237,0,07,000,02,0,1,13,A01
201200010238,0,07,000,02,0,3,13,A01
201200010239,0,07,000,00,0,1,01,A01
201200010240,0,07,000,13,0,1,14,A01
201200010241,0,07,000,00,0,3,13,A01
201200010241,0,07,000,00,0,3,01,B02
201200010242,0,10,000,00,1,2,14,A01
201200010243,0,31,000,00,0,2,13,A01
201200010243,0,07,000,00,2,3,21,B02
201200010244,0,07,000,06,0,8,01,A01
201200010245,0,07,000,13,0,3,01,A01
201200010246,0,15,000,00,1,1,16,A01
201200010247,0,10,000,00,2,1,01,A01
201200010247,0,10,000,00,2,1,01,B02
201200010248,0,33,000,00,2,1,02,A01
201200010248,0,07,000,00,0,0,02,B02
201200010249,0,07,000,00,0,0,16,A01
201200010249,0,01,000,00,0,0,18,B02
201200010250,0,07,000,13,0,1,01,A01
201200010251,0,07,000,00,1,3,01,A01
201200010252,0,07,000,00,2,1,01,B02
201200010252,0,07,000,00,2,1,01,A01
201200010253,0,10,000,00,2,7,01,A01
201200010253,0,10,000,00,2,1,01,B02
201200010254,0,07,000,13,0,3,01,A01
201200010255,0,07,000,00,2,4,02,B02
201200010255,0,32,000,00,2,1,02,A01
201200010256,0,07,000,00,2,1,01,A01
201200010256,0,02,000,00,2,4,01,B02
201200010257,0,14,000,00,2,2,02,A01
201200010257,0,14,000,00,0,6,01,B02
201200010258,0,31,000,00,2,7,15,A01
201200010258,0,30,000,00,2,1,01,B02
201200010259,0,07,000,00,2,8,15,B02
201200010259,0,07,000,00,2,2,01,A01
201200010260,0,30,000,01,0,1,01,A01
201200010261,0,07,000,16,0,1,15,A01
201200010262,0,07,000,00,0,3,09,B02
201200010262,0,30,000,00,0,5,01,A01
201200010263,0,07,000,00,2,0,01,D01
201200010263,0,07,000,00,2,2,01,B01
201200010263,0,07,000,00,2,0,01,C01
201200010263,0,07,000,00,2,2,13,A01
201200010264,0,07,000,02,0,1,01,A01
201200010265,0,10,000,00,2,2,15,A01
201200010265,0,31,000,00,2,7,13,B02
201200010266,0,33,000,12,0,1,01,A01
201200010267,0,07,000,00,2,3,05,C03
201200010267,0,07,000,00,2,1,01,A01
201200010267,0,07,000,00,2,3,05,B02
201200010267,0,07,000,00,2,3,05,D04
201200010268,0,07,000,00,2,3,01,B02
201200010268,0,07,000,00,2,3,01,A01
201200010269,1,07,000,00,2,0,00,Z01
201200010269,0,07,000,00,9,2,00,B01
201200010269,0,07,000,00,2,3,01,A01
201200010270,1,10,000,00,0,0,00,Z01
201200010271,0,07,000,00,1,2,01,A01
201200010272,0,34,000,00,2,1,17,A01
201200010272,0,07,000,00,2,6,13,B01
201200010273,1,07,000,00,2,8,16,Z01
201200010273,0,30,000,00,2,7,01,A01
201200010273,0,07,000,00,2,4,15,B01
201200010274,0,32,000,00,2,8,01,A01
201200010274,1,30,000,00,0,0,00,Z01
201200010275,0,07,000,00,2,3,05,A01
201200010275,0,30,000,00,2,6,01,B01
201200010276,0,02,000,00,2,1,18,B01
201200010276,0,02,000,00,0,4,13,A01
201200010277,0,07,000,00,2,2,01,A01
201200010277,0,02,000,00,2,1,01,B01
201200010278,0,02,000,00,2,1,01,B01
201200010278,0,07,000,00,2,8,11,A01
201200010279,0,07,000,00,0,2,15,A01
201200010279,0,30,000,00,2,1,01,B01
201200010280,0,07,000,00,2,8,01,B01
201200010280,0,30,000,00,2,1,01,A01
201200010281,0,07,000,00,2,2,02,A01
201200010281,0,07,000,00,2,3,23,B01
201200010282,0,07,000,03,0,1,02,A01
201200010283,0,07,000,00,2,2,09,A01
201200010283,0,31,000,00,2,7,01,B01
201200010284,0,07,000,00,2,1,00,A01
201200010284,0,31,000,00,2,8,00,B01
201200010285,0,07,000,00,9,2,15,A01
201200010285,0,01,000,00,2,1,01,B01
201200010286,0,07,000,00,1,1,16,A01
201200010287,0,07,000,15,0,1,01,A01
201200010288,0,31,000,00,2,1,01,A01
201200010288,0,07,000,00,2,0,15,B01
201200010289,0,07,000,00,9,1,02,A01
201200010290,0,33,000,00,0,0,00,A01
201200010290,0,10,000,00,2,2,15,B01
201200010291,0,34,000,00,2,1,17,B01
201200010291,0,07,000,00,0,8,10,A01
201200010292,0,02,000,00,2,1,01,A01
201200010292,0,10,000,00,2,2,16,B01
201200010293,0,07,000,06,0,1,13,A01
201200010294,0,07,000,00,1,5,04,A01
201200010295,0,07,000,00,2,4,02,D01
201200010295,0,07,000,00,2,1,02,A01
201200010295,0,07,000,00,2,2,09,B01
201200010295,0,07,000,00,2,4,02,C01
201200010296,0,33,000,00,2,1,17,A01
201200010296,0,07,000,00,2,1,01,C01
201200010296,0,36,000,00,2,6,13,B01
201200010297,0,02,000,00,2,1,01,B01
201200010297,0,07,000,00,2,2,15,A01
201200010298,0,07,000,00,2,8,15,A01
201200010298,0,07,000,00,2,1,01,B01
201200010299,0,30,000,00,2,1,00,A01
201200010299,0,32,000,00,2,1,00,B01
201200010300,0,32,000,01,0,3,01,A01
201200010301,0,32,000,00,2,1,01,B01
201200010301,0,07,000,00,2,5,10,A01
201200010301,0,07,000,00,2,3,01,C01
201200010302,1,34,000,00,1,0,00,Z01
201200010303,0,30,000,00,0,1,00,A01
201200010304,0,33,000,00,0,6,01,B01
201200010304,0,07,000,00,2,3,15,A01
201200010305,0,07,000,00,1,4,23,B01
201200010305,0,07,000,00,2,1,01,A01
201200010306,0,07,000,00,2,1,02,A01
201200010306,0,07,000,00,1,4,02,B01
201200010307,0,07,000,08,1,1,00,A01
201200010308,0,07,000,00,2,3,13,A01
201200010308,0,32,000,00,2,7,17,B01
201200010309,0,07,000,06,0,1,02,A01
201200010310,0,07,000,00,2,1,02,A01
201200010310,0,07,000,00,0,4,02,B01
201200010311,0,07,000,00,1,3,01,A01
201200010312,0,37,000,00,1,3,01,A01
201200010313,0,07,000,00,2,1,15,A01
201200010313,0,32,000,00,2,7,17,B01
201200010314,0,07,000,00,2,7,01,B01
201200010314,0,33,000,00,2,7,05,A01
201200010315,0,07,000,00,2,1,01,A01
201200010315,0,07,000,00,0,4,01,B01
201200010316,0,33,000,00,2,5,17,B01
201200010316,0,07,000,00,2,3,06,A01
201200010317,0,07,000,00,1,1,01,A01
201200010318,0,07,000,00,1,3,01,B01
201200010319,2,07,000,00,2,1,09,A01
201200010319,0,10,000,00,2,7,01,B01
201200010320,1,07,000,00,2,3,13,Z01
201200010320,0,07,000,07,2,1,01,B01
201200010321,0,33,000,00,2,4,23,B01
201200010321,0,15,000,00,2,2,01,A01
201200010322,0,33,000,00,2,1,01,B01
201200010322,0,07,000,00,2,2,15,A01
201200010323,0,07,000,00,2,2,09,B01
201200010323,0,33,000,00,2,1,01,A01
201200010324,0,30,000,00,1,1,01,A01
201200010325,0,07,000,00,0,6,15,B01
201200010325,0,34,000,00,2,1,02,A01
201200010326,0,07,000,00,0,8,15,A01
201200010326,0,33,000,00,2,1,01,B01
201200010327,0,07,000,06,0,1,01,A01
201200010328,0,02,000,00,2,1,02,A01
201200010328,0,07,000,00,0,4,02,B01
201200010329,0,07,000,00,0,2,11,A01
201200010329,0,01,000,00,0,1,01,B01
201200010330,0,07,000,00,0,2,00,B01
201200010330,0,01,000,00,0,1,15,A01
201200010331,0,32,000,00,2,1,01,B01
201200010331,0,07,000,00,2,2,15,A01
201200010332,0,07,000,00,1,1,00,A01
201200010333,0,07,000,00,0,3,15,B01
201200010333,0,32,000,00,0,1,02,A01
201200010334,0,07,000,01,0,2,14,A01
201200010334,0,10,000,00,2,6,24,B01
201200010335,0,07,000,00,1,1,16,A01
201200010336,0,33,000,00,0,2,14,A01
201200010336,0,32,000,00,0,6,02,B01
201200010337,0,02,000,06,0,1,01,A01
201200010338,0,07,000,00,0,2,02,A01
201200010339,0,07,000,00,1,2,01,A01
201200010340,0,32,000,00,2,1,02,A01
201200010340,0,07,000,00,2,4,02,B01
201200010341,0,30,000,00,2,1,17,B01
201200010341,0,07,000,00,0,8,17,A01
201200010342,0,34,000,00,0,0,00,B01
201200010342,0,10,000,00,0,0,00,A01
201200010343,0,32,000,00,2,1,01,A01
201200010343,0,07,000,00,2,7,11,B01
201200010344,0,30,000,00,2,1,00,B01
201200010344,0,10,000,00,2,1,00,A01
201200010345,0,31,000,01,0,1,01,A01
201200010346,0,07,000,00,2,1,05,A01
201200010346,0,07,000,08,2,1,01,B01
201200010347,0,01,000,00,0,0,00,A01
201200010347,1,07,000,00,0,0,00,Z01
201200010348,0,07,000,00,0,7,01,B01
201200010348,0,02,000,00,2,1,01,A01
201200010349,0,30,000,00,2,0,00,A01
201200010349,0,07,000,00,2,0,00,B01
201200010350,0,30,000,00,2,1,00,A01
201200010350,0,10,000,00,2,2,00,B01
201200010351,0,07,000,00,1,3,00,A01
201200010352,0,07,000,00,1,2,09,A01
201200010353,0,07,000,00,1,2,09,A01
201200010354,0,14,000,01,1,2,01,A01
201200010355,0,07,000,00,1,1,01,A01
201200010356,0,07,000,00,0,0,00,A01
201200010356,0,30,000,00,0,0,00,B01
201200010357,0,07,000,00,2,3,10,A01
201200010357,0,33,000,00,2,1,17,B01
201200010358,0,32,000,00,2,1,01,A01
201200010358,0,07,000,00,2,3,09,B01
201200010359,0,33,000,00,2,1,01,B01
201200010359,0,07,000,00,2,7,15,A01
201200010360,0,07,000,00,2,8,15,B01
201200010360,0,31,000,00,2,2,02,A01
201200010361,0,02,000,00,2,1,01,A01
201200010361,0,07,000,00,2,3,20,B01
201200010362,0,07,000,00,0,2,01,A01
201200010363,0,14,000,06,0,8,16,A01
201200010364,1,07,000,00,1,1,01,Z01
201200010365,0,07,000,02,0,1,06,A01
201200010366,0,07,000,01,0,1,01,A01
201200010367,0,07,000,00,0,1,01,A01
201200010368,0,10,000,00,1,5,04,A01
201200010369,0,07,000,00,1,8,15,A01
201200010370,0,02,000,01,0,1,05,A01
201200010371,0,07,000,00,1,1,01,A01
201200010372,0,34,000,00,2,2,01,B01
201200010372,0,07,000,00,2,1,19,A01
201200010373,0,10,000,00,0,6,01,B01
201200010373,0,02,000,00,0,1,01,A01
201200010374,0,07,000,01,0,0,00,A01
201200010375,0,02,000,00,2,1,01,A01
201200010375,0,07,000,00,2,8,01,B01
201200010376,0,10,000,00,2,1,01,B01
201200010376,0,07,000,15,2,7,01,A01
201200010377,0,07,000,00,2,3,01,B01
201200010377,0,33,000,00,2,2,14,A01
201200010378,0,07,000,00,2,3,11,A01
201200010378,0,30,000,00,2,7,13,B01
201200010379,1,07,000,00,1,0,01,Z01
201200010380,0,07,000,00,1,2,01,A01
201200010381,0,07,000,16,0,0,01,A01
201200010382,0,07,000,00,2,1,05,A01
201200010382,0,07,000,00,2,1,01,B01
201200010383,0,07,000,00,2,4,02,B01
201200010383,0,07,000,00,2,1,02,A01
201200010384,0,07,000,00,1,1,15,A01
201200010385,0,07,000,00,2,1,12,A01
201200010386,0,30,000,00,2,1,01,B01
201200010386,0,10,000,00,2,7,15,A01
201200010387,0,37,001,00,2,3,15,A01
201200010387,0,30,000,00,2,1,01,B01
201200010388,0,10,000,00,2,1,02,A01
201200010388,0,33,000,00,2,4,02,B01
201200010389,0,07,000,00,2,3,01,A01
201200010389,0,30,000,00,2,4,01,B01
201200010390,1,07,000,00,1,0,01,Z01
201200010391,0,33,000,01,2,1,01,A01
201200010391,1,07,000,00,2,4,12,Z01
201200010392,0,31,000,00,1,3,01,A01
201200010393,0,10,000,00,1,1,01,A01
201200010394,0,07,000,00,2,4,23,B01
201200010394,0,07,000,00,2,4,23,C01
201200010394,0,07,000,00,2,1,02,A01
201200010395,0,07,000,00,0,0,05,A01
201200010395,0,32,000,00,0,0,01,B01
201200010396,0,13,000,00,2,7,09,A01
201200010397,0,07,000,00,2,4,23,B01
201200010397,0,07,000,00,2,1,02,A01
201200010398,0,07,000,00,2,1,02,A01
201200010398,0,07,000,00,2,4,23,B01
201200010399,0,33,000,00,1,7,01,A01
201200010400,0,07,000,00,2,3,15,A01
201200010400,0,33,000,00,2,7,13,B01
201200010401,0,30,000,00,2,1,01,B01
201200010401,0,07,000,00,2,2,15,A01
201200010402,0,07,000,00,2,2,22,B01
201200010402,0,30,000,00,2,1,14,A01
201200010403,0,07,000,00,1,1,16,A01
201200010403,0,07,000,00,2,1,02,B01
201200010404,0,07,000,00,2,1,02,A01
201200010404,0,31,000,00,2,4,02,B01
201200010405,0,07,000,00,2,1,09,A01
201200010405,0,32,000,00,2,7,01,B01
201200010406,0,33,000,00,1,1,13,A01
201200010407,0,32,000,00,2,1,01,B01
201200010407,0,07,000,00,2,2,15,A01
201200010408,0,03,000,00,2,5,09,A01
201200010408,0,33,000,00,2,1,01,B01
201200010409,0,33,000,00,2,1,02,A01
201200010409,0,07,000,00,2,6,02,B01
201200010410,0,10,000,00,1,1,01,A01
201200010411,1,10,000,00,1,0,00,Z01
201200010412,0,07,000,00,2,8,13,A01
201200010412,0,30,000,00,2,7,01,B01
201200010413,0,07,000,00,2,4,02,B01
201200010413,0,07,000,00,2,1,02,A01
201200010414,0,07,000,00,2,1,02,A01
201200010414,0,07,000,00,2,4,02,B01
201200010414,0,07,000,00,2,4,02,C01
201200010415,0,31,000,00,2,1,01,B01
201200010415,0,07,000,00,2,1,15,A01
201200010416,0,07,000,00,2,2,15,A01
201200010416,0,02,000,00,2,1,01,B01
201200010417,0,30,000,00,2,1,18,B01
201200010417,0,07,000,00,2,2,16,A01
201200010418,0,10,000,00,2,1,15,A01
201200010418,0,31,000,00,2,8,01,B01
201200010419,0,07,000,00,2,1,15,A01
201200010419,0,10,000,00,2,1,01,B01
201200010420,0,30,000,00,2,6,13,B01
201200010420,0,07,000,00,2,3,15,A01
201200010421,0,32,000,00,2,8,01,B01
201200010421,0,07,000,00,2,1,15,A01
201200010422,0,02,000,00,1,0,01,A01
201200010423,0,07,000,00,2,2,15,A01
201200010423,0,07,000,00,2,1,01,C01
201200010423,0,33,000,00,2,8,01,B01
201200010424,1,07,000,00,2,0,00,Z01
201200010424,0,31,000,00,2,4,23,A01
201200010425,0,07,000,00,2,7,15,A01
201200010425,0,32,000,00,2,1,01,B01
201200010426,0,07,000,00,2,1,02,C01
201200010426,0,07,000,00,2,3,15,A01
201200010426,0,33,000,00,2,1,01,B01
201200010427,0,32,000,00,2,0,01,B01
201200010427,0,07,000,00,2,4,09,A01
201200010428,0,07,000,00,2,4,02,C01
201200010428,0,10,000,00,2,1,02,A01
201200010428,0,07,000,00,2,4,02,B01
201200010429,0,32,000,00,2,0,01,A01
201200010429,0,07,000,00,2,1,01,B01
201200010430,0,07,000,00,2,8,15,A01
201200010430,0,33,000,00,2,1,13,B01
201200010431,0,07,000,00,2,3,01,B01
201200010431,0,07,000,00,2,2,09,A01
201200010432,0,07,000,00,2,0,02,A01
201200010432,0,33,000,00,2,4,02,B01
201200010433,0,33,000,00,2,5,23,B01
201200010433,0,10,000,00,2,3,02,A01
201200010434,0,07,000,00,2,5,15,A01
201200010434,0,30,000,00,2,1,01,B01
201200010435,0,07,000,00,2,3,15,A01
201200010435,0,33,000,00,2,7,01,B01
201200010436,0,33,000,00,2,1,01,B01
201200010436,0,07,000,00,2,2,15,A01
201200010437,0,07,000,00,2,4,02,B01
201200010437,0,07,000,00,2,1,02,A01
201200010437,0,07,000,00,2,4,02,C01
201200010438,0,30,000,00,2,7,23,B01