Num_Acc,senc,catv,occutc,obs,obsm,choc,manv,num_veh
201200010809,0,10,000,00,1,7,01,A01
201200010810,0,07,000,06,0,0,00,A01
201200010811,0,07,000,00,1,1,01,A01
201200010812,0,10,000,00,2,3,15,A01
201200010812,0,33,000,00,2,1,01,B01
201200010813,0,02,000,00,2,1,01,A01
201200010813,0,07,000,00,2,4,01,B01
201200010814,0,07,000,00,2,1,01,A01
201200010814,0,07,000,00,2,4,23,B01
201200010815,0,33,000,00,0,0,00,A01
201200010816,0,33,000,01,2,1,17,A01
201200010816,0,07,000,00,2,8,15,B01
201200010817,0,30,000,00,0,0,00,A01
201200010818,0,07,000,06,0,1,00,A01
201200010819,0,30,000,00,0,0,00,A01
201200010820,0,10,000,13,0,2,14,A01
201200010821,0,02,000,00,2,1,00,A01
201200010821,0,07,000,00,2,2,01,B01
201200010822,0,38,010,00,2,3,00,B01
201200010822,0,07,000,00,2,8,00,A01
201200010823,0,33,000,00,0,0,00,A01
201200010824,0,07,000,00,2,3,01,B01
201200010824,0,33,000,00,2,1,13,A01
201200010825,0,07,000,06,0,0,00,A01
201200010826,0,07,000,00,2,1,09,B01
201200010826,0,33,000,00,2,1,17,A01
201200010827,0,07,000,00,2,0,00,A01
201200010827,0,32,000,00,2,0,00,B01
201200010828,0,30,000,00,1,0,00,A01
201200010829,0,07,000,00,1,2,01,A01
201200010830,0,07,000,00,0,0,00,A01
201200010831,0,32,000,00,2,8,17,A01
201200010831,0,33,000,00,2,8,01,B01
201200010832,0,33,000,00,2,1,17,A01
201200010832,0,07,000,00,2,8,15,B01
201200010833,0,30,000,00,2,0,00,A01
201200010833,0,07,000,00,2,0,00,B01
201200010834,0,07,000,00,2,1,02,A01
201200010834,0,30,000,00,0,4,02,B01
201200010835,0,32,000,00,1,0,00,A01
201200010836,0,33,000,00,0,0,00,A01
201200010837,0,07,000,00,1,1,01,A01
201200010838,0,33,000,00,0,1,02,B01
201200010838,0,07,000,00,0,0,00,A01
201200010839,0,30,000,00,0,1,00,A01
201200010839,0,07,000,00,0,3,01,B01
201200010840,0,30,000,00,2,2,00,B01
201200010840,0,07,000,00,2,1,15,A01
201200010841,0,33,000,00,0,1,01,A01
201200010841,0,07,000,00,2,4,01,B01
201200010842,0,07,000,00,0,1,01,A01
201200010842,0,07,000,00,0,7,15,B01
201200010843,0,07,000,00,2,1,02,A01
201200010843,0,07,000,00,0,4,02,B01
201200010844,0,07,000,00,1,8,00,A01
201200010845,0,30,000,00,2,1,05,A01
201200010845,0,07,000,00,2,1,01,B01
201200010846,0,30,000,00,0,0,00,A01
201200010847,0,02,000,00,2,1,05,A01
201200010847,0,07,000,00,2,3,01,B01
201200010848,0,30,000,08,0,2,14,A01
201200010849,0,07,000,00,2,3,09,A01
201200010849,0,32,000,00,2,1,01,B01
201200010850,0,36,000,00,2,3,06,A01
201200010850,0,07,000,00,2,3,01,B01
201200010851,0,07,000,00,0,5,09,A01
201200010851,0,32,000,00,2,1,01,B01
201200010852,0,01,000,00,0,0,00,A01
201200010853,0,30,000,00,2,1,01,B01
201200010853,0,07,000,00,2,3,01,A01
201200010854,0,07,000,00,2,1,09,A01
201200010854,0,30,000,00,2,7,01,B01
201200010855,0,07,000,00,1,0,00,A01
201200010856,0,33,000,00,0,0,01,A01
201200010857,0,33,000,00,2,1,01,A01
201200010857,0,07,000,00,0,1,15,B01
201200010858,0,07,000,00,0,3,01,A01
201200010859,0,07,000,00,2,0,00,B01
201200010859,0,30,000,00,2,0,00,A01
201200010860,0,32,000,00,0,1,01,B01
201200010860,0,07,000,00,0,6,15,A01
201200010861,0,33,000,00,2,0,01,A01
201200010861,0,10,000,00,0,4,00,B01
201200010862,0,07,000,00,2,3,01,B01
201200010862,0,07,000,00,2,3,01,A01
201200010863,0,07,000,00,0,3,01,B01
201200010863,0,07,000,00,0,8,15,A01
201200010864,0,30,000,00,2,0,01,B01
201200010864,0,07,000,00,2,3,09,A01
201200010865,0,07,000,00,0,0,01,B01
201200010865,0,01,000,00,0,1,01,A01
201200010866,0,30,000,00,0,0,01,A01
201200010867,0,10,000,00,0,2,01,B01
201200010867,0,02,000,00,0,1,13,A01
201200010868,0,30,000,00,0,7,00,B01
201200010868,1,10,000,00,0,1,00,A01
201200010869,0,10,000,00,0,4,04,A01
201200010869,0,07,000,00,0,7,01,B01
201200010870,0,07,000,00,0,3,15,A01
201200010870,0,32,000,00,0,1,01,B01
201200010871,0,07,000,00,0,1,01,A01
201200010871,0,32,000,00,0,4,23,B01
201200010871,0,07,000,00,0,4,23,C01
201200010872,0,07,000,00,0,1,01,A01
201200010873,0,07,000,00,0,1,01,A01
201200010873,0,07,000,00,0,4,01,B01
201200010874,0,33,000,00,0,0,10,A01
201200010875,0,07,000,00,0,2,01,A01
201200010875,0,07,000,00,0,6,01,B01
201200010876,0,07,000,16,0,0,00,A01
201200010877,1,07,000,00,0,6,13,B01
201200010877,0,30,000,00,0,1,17,A01
201200010878,0,07,000,00,0,2,01,A01
201200010878,0,07,000,00,0,3,16,B01
201200010879,0,30,000,00,1,2,17,A01
201200010880,0,07,000,00,0,3,13,A01
201200010880,0,07,000,00,0,3,01,B01
201200010881,0,07,000,00,0,0,00,A01
201200010882,0,07,000,00,0,3,13,A01
201200010882,0,07,000,00,0,3,01,B01
201200010883,0,32,000,00,0,0,00,A01
201200010884,0,30,000,00,0,7,17,B01
201200010884,0,14,000,00,0,3,01,A01
201200010885,0,07,000,08,0,1,13,A01
201200010886,0,30,000,00,2,3,13,A01
201200010886,0,07,000,00,2,8,01,B01
201200010887,0,31,000,00,0,0,01,A01
201200010887,0,07,000,00,0,0,23,B01
201200010888,0,33,000,00,0,1,01,A01
201200010888,0,07,000,00,0,4,15,B01
201200010889,0,33,000,00,1,1,17,A01
201200010890,0,30,000,00,0,1,01,A01
201200010890,0,17,000,00,0,4,01,B01
201200010891,0,07,000,00,0,1,01,B01
201200010891,0,07,000,00,2,1,13,A01
201200010892,0,07,000,00,0,4,02,C01
201200010892,0,07,000,00,2,1,02,A01
201200010892,0,07,000,00,2,4,02,B01
201200010893,0,34,000,00,0,0,00,A01
201200010894,0,33,000,00,2,1,02,A01
201200010894,0,07,000,00,0,4,23,B01
201200010895,0,30,000,00,0,0,00,A01
201200010896,0,07,000,00,2,8,15,B01
201200010896,0,33,000,00,2,0,17,A01
201200010897,0,30,000,00,0,0,00,A01
201200010898,0,07,000,00,2,3,01,B01
201200010898,0,07,000,00,2,3,13,A01
201200010899,0,32,000,00,0,0,00,A01
201200010900,0,30,000,00,0,0,00,A01
201200010901,0,38,001,00,2,1,01,B01
201200010901,0,30,000,00,2,0,13,A01
201200010902,0,07,000,00,0,1,01,B01
201200010902,0,30,000,00,0,7,01,A01
201200010903,0,07,000,00,0,6,16,B01
201200010903,0,30,000,00,2,1,17,A01
201200010904,0,30,000,08,9,0,01,A01
201200010905,0,07,000,00,2,1,01,B01
201200010905,0,07,000,00,2,3,13,A01
201200010906,0,07,000,00,0,1,01,A01
201200010907,0,07,000,00,2,0,00,A01
201200010907,0,30,000,00,2,0,00,B01
201200010908,0,07,000,00,0,1,01,A01
201200010908,0,07,000,00,0,4,01,B01
201200010909,0,07,000,00,2,3,13,A01
201200010909,0,17,000,00,2,3,01,B01
201200010910,0,07,000,00,0,0,00,A01
201200010910,0,07,000,00,0,0,00,B01
201200010911,0,30,000,00,2,1,02,A01
201200010911,0,07,000,00,0,4,02,B01
201200010912,0,07,000,00,0,1,15,A01
201200010912,0,01,000,00,0,8,01,B01
201200010913,0,07,000,00,0,3,09,A01
201200010913,0,30,000,00,0,1,01,B01
201200010914,0,30,000,00,0,0,01,A01
201200010915,0,37,001,00,0,8,00,B01
201200010915,0,02,000,00,2,0,00,A01
201200010916,0,10,000,00,0,1,01,B01
201200010916,0,30,000,00,0,7,15,A01
201200010917,0,07,000,00,0,3,02,A01
201200010917,0,07,000,00,0,5,02,B01
201200010918,0,07,000,00,0,1,01,A01
201200010919,0,07,000,00,0,4,02,B01
201200010919,0,30,000,00,2,1,02,A01
201200010920,0,10,000,00,2,3,15,A01
201200010920,0,02,000,00,2,1,01,B01
201200010921,0,07,000,16,0,1,01,A01
201200010921,0,07,000,00,0,3,01,B01
201200010922,0,02,000,00,0,0,00,A01
201200010923,0,30,000,00,2,1,01,B01
201200010923,0,07,000,00,2,2,15,A01
201200010924,0,07,000,00,2,1,01,A01
201200010924,0,07,000,00,2,8,09,B01
201200010925,0,02,000,12,0,0,00,A01
201200010926,0,07,000,00,1,1,01,A01
201200010927,1,30,000,00,1,0,00,Z01
201200010928,0,07,000,00,2,1,02,A01
201200010928,0,07,000,00,2,4,02,B01
201200010928,0,07,000,00,0,4,02,C01
201200010929,0,30,000,00,2,0,01,A01
201200010929,0,07,000,00,0,0,01,B01
201200010930,0,07,000,00,2,7,20,A01
201200010930,0,32,000,00,2,0,01,B01
201200010931,0,07,000,00,0,0,01,A01
201200010932,0,34,000,00,2,0,13,A01
201200010932,0,07,000,00,2,3,01,B01
201200010933,0,30,000,00,0,0,00,A01
201200010934,0,07,000,00,2,3,15,A01
201200010934,0,30,000,00,2,1,01,B01
201200010935,0,07,000,00,0,4,23,B01
201200010935,0,02,000,00,0,1,01,A01
201200010936,0,07,000,00,0,1,01,B01
201200010936,0,07,000,00,0,7,05,A01
201200010937,0,01,000,00,2,1,15,A01
201200010937,0,07,000,00,2,3,01,B01
201200010938,0,32,000,00,0,0,00,A01
201200010939,0,07,000,00,0,4,23,A01
201200010939,0,07,000,00,2,1,02,C01
201200010939,0,07,000,00,2,1,02,B01
201200010940,0,07,000,06,0,7,14,A01
201200010941,0,07,000,12,2,2,13,A01
201200010941,0,07,000,00,2,3,01,B01
201200010941,0,07,000,00,2,0,01,C01
201200010942,0,07,000,00,0,1,00,A01
201200010943,0,30,000,00,0,0,00,A01
201200010944,0,07,000,01,0,0,00,A01
201200010945,0,07,000,00,2,4,02,C01
201200010945,0,07,000,00,2,1,01,A01
201200010945,0,07,000,00,0,4,02,D01
201200010945,0,07,000,00,2,4,02,B01
201200010946,0,10,000,00,1,7,01,A01
201200010947,0,07,000,00,1,1,01,A01
201200010948,0,32,000,00,2,7,17,A01
201200010948,0,07,000,00,2,1,15,B01
201200010949,0,07,000,06,0,0,00,A01
201200010950,0,07,000,13,0,2,14,A01
201200010951,0,07,000,00,2,3,09,A01
201200010951,0,07,000,00,2,1,01,B01
201200010952,0,07,000,00,0,1,01,A01
201200010953,0,30,000,00,0,0,00,A01
201200010954,0,07,000,00,0,1,01,A01
201200010955,0,07,000,03,2,3,01,B01
201200010955,0,32,000,00,2,2,17,A01
201200010956,0,07,000,00,0,3,05,A01
201200010956,0,07,000,00,0,2,16,B01
201200010957,0,07,000,00,0,7,15,A01
201200010957,0,07,000,00,0,1,01,B01
201200010958,0,02,000,00,0,0,00,A01
201200010959,0,07,000,00,0,6,15,B01
201200010959,0,31,000,00,0,1,17,A01
201200010960,0,07,000,00,0,3,01,B01
201200010960,0,30,000,00,9,3,13,A01
201200010961,2,07,000,00,1,1,01,A01
201200010962,0,07,000,06,0,1,14,A01
201200010963,0,30,000,00,0,0,00,A01
201200010964,0,30,000,12,0,2,14,A01
201200010965,0,07,000,08,0,1,13,A01
201200010966,0,07,000,00,0,3,23,B01
201200010966,0,32,000,00,1,1,13,A01
201200010967,0,32,000,00,0,0,01,A01
201200010968,0,33,000,01,1,1,01,A01
201200010969,0,30,000,08,0,1,01,A01
201200010970,0,34,000,00,2,1,13,A01
201200010970,0,07,000,00,2,1,01,B01
201200010971,0,07,000,00,1,1,01,A01
201200010972,0,07,000,00,0,0,04,A01
201200010973,0,07,000,00,1,2,01,A01
201200010974,0,07,000,00,2,3,01,B01
201200010974,0,02,000,00,2,1,13,A01
201200010975,0,33,000,00,2,1,01,B01
201200010975,0,07,000,00,2,8,15,A01
201200010976,0,34,000,00,2,2,17,B01
201200010976,0,07,000,00,0,8,15,A01
201200010977,0,32,000,00,2,1,00,B01
201200010977,0,07,000,00,0,7,15,A01
201200010978,1,30,000,00,2,1,01,B01
201200010978,0,02,000,00,2,7,15,A01
201200010979,0,03,000,14,1,4,04,A01
201200010980,0,34,000,00,2,1,01,B01
201200010980,0,07,000,00,2,8,06,A01
201200010981,0,37,001,00,1,4,04,A01
201200010982,0,07,000,00,2,6,20,A01
201200010982,0,30,000,00,2,1,01,B01
201200010983,0,32,000,00,1,1,01,A01
201200010984,0,07,000,00,1,8,01,A01
201200010985,0,07,000,00,2,6,13,A01
201200010985,0,07,000,00,2,3,01,B01
201200010986,0,07,000,00,2,7,17,A01
201200010986,0,01,000,00,2,3,01,B01
201200010987,0,33,000,00,0,1,01,B01
201200010987,0,30,000,00,0,0,19,A01
201200010988,0,10,000,00,1,8,15,A01
201200010989,0,30,000,00,2,1,01,B01
201200010989,0,03,000,00,2,1,13,A01
201200010990,0,30,000,01,2,2,17,A01
201200010990,0,07,000,00,0,8,15,B01
201200010991,0,30,000,00,2,1,01,B01
201200010991,0,07,000,00,2,1,15,A01
201200010992,0,07,000,00,2,7,12,A01
201200010992,0,32,000,00,2,8,01,B01
201200010993,0,07,000,00,0,7,01,A01
201200010993,0,33,000,14,2,1,01,B01
201200010994,0,31,000,00,1,1,01,A01
201200010995,0,34,000,06,0,1,02,A01
201200010996,0,07,000,01,1,2,01,A01
201200010997,0,07,000,00,2,4,01,B01
201200010997,1,07,000,00,0,0,01,Z01
201200010997,0,07,000,00,2,1,02,A01
201200010998,0,07,000,00,2,3,13,A01
201200010998,0,14,000,00,2,3,01,B01
201200010999,0,07,000,00,1,6,04,A01
201200011000,1,07,000,00,1,2,01,A01
201200011001,0,02,000,00,0,7,01,A01
201200011002,0,07,000,00,1,1,16,A01
201200011003,0,33,000,00,2,1,21,A01
201200011003,0,07,000,00,0,8,01,B01
201200011004,0,32,000,00,2,3,01,B01
201200011004,0,07,000,00,2,2,15,A01
201200011005,0,38,049,00,2,8,16,A01
201200011005,0,33,000,00,2,8,01,B01
201200011006,0,07,000,00,2,4,24,B01
201200011006,0,10,000,01,0,1,02,A01
201200011007,0,30,000,00,0,8,01,A01
201200011008,0,10,000,00,0,3,01,B01
201200011008,0,33,000,00,2,1,13,A01
201200011009,0,32,000,15,0,1,01,A01
201200011010,0,33,000,00,2,8,17,A01
201200011010,0,07,000,00,0,8,01,B01
201200011010,0,07,000,00,0,8,02,C01
201200011011,0,07,000,00,0,5,09,A01
201200011011,0,31,000,00,2,1,01,B01
201200011012,0,32,000,00,2,1,01,B01
201200011012,0,07,000,00,2,2,15,A01
201200011013,0,34,000,00,0,8,01,B01
201200011013,0,07,000,00,2,2,15,A01
201200011014,0,31,000,00,1,1,00,A01
201200011015,0,07,000,00,2,3,15,A01
201200011015,0,02,000,00,0,1,01,B01
201200011016,0,02,000,00,2,1,01,A01
201200011016,0,07,000,00,2,1,15,B01
201200011017,0,33,000,01,2,1,01,B01
201200011017,0,07,000,00,2,2,15,A01
201200011018,0,07,000,01,2,1,13,A01
201200011018,0,07,000,00,0,2,01,B01
201200011019,0,33,000,00,0,1,21,A01
201200011019,0,17,000,00,0,2,19,B01
201200011020,0,07,000,00,2,1,02,A01
201200011020,0,07,000,00,0,4,02,C01
201200011020,0,07,000,00,2,1,02,B01
201200011021,0,34,000,01,0,1,14,A01
201200011022,0,07,000,00,2,3,01,C01
201200011022,0,07,000,00,0,0,05,A01
201200011022,0,02,000,00,2,1,00,B01
201200011023,0,07,000,00,0,8,15,A01
201200011023,0,30,000,00,2,7,01,B01
201200011024,0,07,000,06,0,1,13,A01
201200011025,0,07,000,00,0,1,01,A01
201200011025,0,30,000,00,2,2,01,B01
201200011026,1,07,000,00,1,1,01,Z01
201200011027,0,02,000,00,1,1,01,A01
201200011028,0,07,000,00,2,3,13,A01
201200011028,0,07,000,00,0,8,01,B01
201200011029,0,07,000,00,1,7,01,A01
201200011030,0,07,000,00,2,8,22,A01
201200011030,0,01,000,01,0,1,01,B01
201200011031,0,33,000,00,0,1,01,B01
201200011031,0,10,000,00,0,3,13,A01
201200011032,0,07,000,00,1,1,01,A01
201200011033,0,32,000,01,0,2,01,A01
201200011034,0,02,000,14,2,1,13,A01
201200011034,0,07,000,00,0,3,01,B01
201200011034,0,07,000,00,0,1,01,C01
201200011035,0,07,000,00,1,2,01,A01
201200011036,0,07,000,00,1,3,01,A01
201200011037,0,07,000,00,1,1,01,A01
201200011038,0,07,000,00,1,2,21,A01
201200011039,0,33,000,13,0,8,01,A01
201200011040,0,01,000,00,0,0,00,A01
201200011041,0,07,000,00,1,1,01,A01
201200011042,0,07,000,00,1,8,01,A01
201200011043,0,07,000,00,2,3,01,B01
201200011043,0,32,000,00,0,1,13,A01
201200011044,0,34,000,00,2,1,01,A01
201200011044,0,07,000,00,0,4,01,B01
201200011045,0,07,000,00,2,1,02,A01
201200011045,0,33,000,00,0,4,23,B01
201200011046,0,07,000,00,2,1,13,B01
201200011046,0,02,000,00,0,8,01,A01
201200011047,1,07,000,00,2,0,02,Z01
201200011047,0,02,000,07,0,1,01,A01
201200011048,0,07,000,00,1,1,01,A01
201200011049,0,30,000,01,0,1,13,A01
201200011049,0,30,000,00,2,1,01,B01
201200011050,0,07,000,00,0,3,15,A01
201200011050,0,30,000,01,2,8,01,B01
201200011051,0,30,000,00,1,1,01,A01
201200011052,0,30,000,00,1,1,01,A01
201200011053,0,07,000,00,0,3,01,B01
201200011053,0,32,000,00,2,3,15,A01
201200011054,0,30,000,00,2,4,02,B01
201200011054,0,07,000,00,2,1,02,A01
201200011055,0,34,000,00,2,1,01,B01
201200011055,0,07,000,00,2,8,09,A01
201200011056,0,34,000,00,2,4,01,B01
201200011056,0,10,000,00,2,1,02,A01
201200011057,0,07,000,00,0,8,15,A01
201200011057,0,33,000,00,2,1,01,B01
201200011058,0,07,000,02,0,9,02,A01
201200011059,0,07,000,00,0,6,10,A01
201200011059,0,31,000,00,2,2,02,B01
201200011060,0,34,000,00,2,7,01,B01
201200011060,0,07,000,00,2,1,19,A01
201200011061,0,30,000,06,0,1,02,A01
201200011062,0,02,000,00,2,1,01,B01
201200011062,0,07,000,00,2,3,09,A01
201200011063,0,34,000,01,2,1,17,A01
201200011063,0,07,000,00,0,8,01,B01
201200011063,0,07,000,00,0,8,23,C01
201200011064,0,07,000,00,1,5,00,A01
201200011065,0,07,000,00,2,3,20,A01
201200011065,0,30,000,00,2,8,01,B01
201200011066,0,07,000,00,2,1,02,A01
201200011066,0,07,000,00,2,4,01,C01
201200011066,0,07,000,00,2,1,02,B01
201200011067,0,07,000,13,0,0,00,A01
201200011068,0,07,000,00,1,1,01,A01
201200011069,0,31,000,00,2,1,01,B01
201200011069,0,10,000,00,2,3,09,A01
201200011070,0,30,000,00,2,2,01,A01
201200011070,0,07,000,00,2,6,16,B01
201200011071,0,07,000,00,2,1,01,A01
201200011071,0,07,000,00,2,4,02,B01
201200011072,0,07,000,00,2,7,01,B01
201200011072,0,10,000,00,2,7,14,A01
201200011073,0,07,000,00,2,3,01,A01
201200011073,0,07,000,00,2,2,01,B01
201200011074,0,01,000,00,1,1,01,A01
201200011075,0,07,000,00,2,2,09,A01
201200011075,0,31,000,00,2,1,01,B01
201200011076,0,32,000,00,2,0,00,A01
201200011076,0,07,000,00,2,3,15,B01
201200011077,1,02,000,00,1,1,01,Z01
201200011078,0,07,000,00,2,4,02,B01
201200011078,0,07,000,00,2,4,02,C01
201200011078,0,07,000,00,2,1,02,A01
201200011079,0,07,000,00,2,3,15,A01
201200011079,0,31,000,00,2,1,01,B01
201200011080,0,02,000,00,1,0,01,A01
201200011081,0,15,000,00,1,1,00,A01
201200011082,0,07,000,00,2,6,01,B01
201200011082,0,02,000,00,2,5,01,A01
201200011083,0,07,000,00,2,4,01,C01
201200011083,0,07,000,00,2,1,01,A01
201200011083,0,07,000,00,2,1,01,B01
201200011084,0,07,000,00,1,2,01,A01
201200011085,0,07,000,00,2,2,01,A01
201200011086,0,07,000,02,2,3,11,A01
201200011086,0,07,000,00,2,6,01,B01
201200011087,0,30,000,00,1,1,01,A01
201200011088,0,32,000,00,1,1,01,A01
201200011089,0,33,000,00,1,1,01,A01
201200011090,0,02,000,00,2,1,01,B01
201200011090,0,07,000,00,2,1,15,A01
201200011091,0,07,000,00,2,4,01,C01
201200011091,0,07,000,00,2,9,01,B01
201200011091,0,07,000,00,2,1,01,A01
201200011092,0,10,000,00,2,7,16,A01
201200011092,0,37,005,00,2,3,01,B01
201200011093,0,33,000,00,2,1,01,B01
201200011093,0,07,000,00,2,1,15,A01
201200011094,0,31,000,00,2,5,01,B01
201200011094,0,07,000,00,2,1,01,A01
201200011095,0,07,000,00,2,1,01,B01
201200011095,0,02,000,00,2,7,01,A01
201200011096,0,02,000,00,2,0,00,A01
201200011096,0,07,000,00,2,3,01,B01
201200011097,0,02,000,00,2,1,01,B01
201200011097,0,10,000,00,2,1,15,A01
201200011098,0,07,000,01,1,1,20,A01
201200011099,0,33,000,00,2,1,01,A01
201200011099,0,07,000,00,2,3,01,B01
201200011100,0,07,000,00,2,3,15,A01
201200011100,0,30,000,00,2,7,01,B01
201200011101,0,33,000,00,2,1,01,B01
201200011101,0,07,000,00,2,3,01,A01
201200011102,0,33,000,00,2,1,01,B01
201200011102,0,07,000,00,2,0,09,A01
201200011103,0,07,000,00,2,2,01,A01
201200011103,0,30,000,00,2,9,01,B01
201200011104,0,07,000,00,1,1,16,A01
201200011105,0,07,000,00,2,4,02,B01
201200011105,0,07,000,00,2,4,02,C01
201200011105,0,07,000,00,2,1,02,A01
201200011105,0,07,000,00,2,4,02,D01
201200011106,0,07,000,00,2,0,15,A01
201200011107,0,33,000,00,2,1,01,A01
201200011107,0,07,000,00,2,4,09,B01
201200011108,0,10,000,00,2,1,01,B01
201200011108,0,07,000,00,2,3,01,A01
201200011109,0,07,000,00,4,8,01,A01
201200011109,0,40,000,00,2,1,01,B01
201200011110,0,07,000,00,2,7,01,B01
201200011110,0,02,000,00,2,2,16,A01
201200011111,0,33,000,00,2,1,01,B01
201200011111,0,10,000,00,2,7,15,A01
201200011112,0,31,000,00,2,1,01,B01
201200011112,0,07,000,00,2,5,15,A01
201200011113,0,02,000,00,1,1,01,A01
201200011114,0,07,000,00,2,4,01,C01
201200011114,0,07,000,00,2,1,01,A01
201200011114,0,07,000,00,2,4,01,B01
201200011115,0,31,000,00,2,0,13,A01
201200011115,0,33,000,00,2,0,01,B01
201200011116,0,10,000,06,0,1,01,A01
201200011117,0,33,000,00,2,4,01,B01
201200011117,0,02,000,00,2,9,01,A01
201200011118,0,07,000,00,2,2,12,A01
201200011118,0,07,000,00,2,8,01,B01
201200011119,0,07,000,00,2,6,09,A01
201200011119,0,31,000,00,2,3,01,B01
201200011120,0,07,000,00,1,1,15,A01
201200011121,0,07,000,03,0,1,21,A01
201200011122,1,07,000,00,0,0,00,Z01
201200011123,0,07,000,00,2,3,15,A01
201200011123,0,31,000,00,2,1,01,B01
201200011124,0,32,000,04,0,1,01,A01
201200011125,0,07,000,00,1,1,01,A01
201200011126,0,07,000,00,2,3,15,A01
201200011126,0,31,000,00,2,1,01,B01
201200011127,0,07,000,00,1,1,01,A01
201200011128,0,07,000,00,2,3,15,A01
201200011129,0,37,020,00,1,7,01,A01
201200011130,0,07,000,00,2,3,01,A01
201200011130,0,31,000,00,2,2,01,B01
201200011131,0,07,000,00,2,1,01,A01
201200011131,0,30,000,00,2,1,01,B01
201200011132,0,30,000,00,2,3,00,A01
201200011132,0,07,000,00,0,8,15,B01
201200011133,0,07,000,00,2,1,01,B01
201200011133,0,07,000,00,2,2,01,A01
201200011134,0,31,000,,,3,01,B01
201200011135,0,30,000,00,2,1,01,A01
201200011135,0,10,000,00,2,5,15,B01
201200011136,0,07,000,00,2,1,01,A01
201200011136,0,33,000,00,2,7,01,B01
201200011137,0,07,000,00,2,2,00,A01
201200011137,0,31,000,00,2,4,00,B01
201200011138,0,07,000,00,2,1,05,A01
201200011138,0,07,000,00,2,1,01,B01
201200011139,0,07,000,00,4,7,01,A01
201200011139,0,40,000,00,2,1,01,B01
201200011140,0,02,000,00,2,1,01,A01
201200011140,0,07,000,00,2,2,01,B01
201200011141,0,10,000,00,2,1,01,A01
201200011141,0,07,000,00,2,3,01,B01
201200011142,0,07,000,00,2,1,00,A01
201200011142,0,07,000,00,2,4,01,B01
201200011143,0,30,000,00,2,1,01,A01
201200011143,0,07,000,00,2,3,09,B01
201200011144,0,07,000,00,1,1,01,A01
201200011145,0,37,001,00,2,0,23,B01
201200011145,0,31,000,00,2,8,18,A01
201200011146,0,32,000,00,2,3,00,A01
201200011146,0,07,000,00,2,5,01,B01
201200011147,0,33,000,14,0,1,21,A01
201200011147,0,07,000,00,2,1,21,C01
201200011147,0,07,000,00,2,4,02,D01
201200011147,0,07,000,14,2,1,21,B01
201200011148,0,31,000,00,2,1,01,B01
201200011148,0,07,000,00,2,2,01,A01
201200011149,0,07,000,00,1,1,01,A01
201200011150,0,31,000,00,2,9,01,A01
201200011150,0,07,000,00,2,4,01,B01
201200011150,0,07,000,00,2,3,01,C01
201200011151,0,31,000,00,2,1,01,B01
201200011151,0,07,000,00,2,6,15,A01
201200011152,0,07,000,00,2,4,01,B01
201200011152,0,07,000,00,2,1,01,A01
201200011152,0,07,000,00,2,4,01,C01
201200011153,1,07,000,00,1,0,00,A01
201200011154,0,30,000,00,2,1,13,A01
201200011154,0,07,000,00,2,1,01,B01
201200011155,0,07,000,00,2,1,01,A01
201200011155,0,33,000,00,2,3,01,B01
201200011156,0,07,000,00,2,3,01,A01
201200011156,0,32,000,00,2,2,01,B01
201200011157,0,01,000,00,1,1,01,A01
201200011158,0,07,000,00,2,1,13,A01
201200011158,0,10,000,00,2,3,01,B01
201200011159,0,34,000,00,2,1,17,A01
201200011159,0,07,000,00,2,3,01,B01
201200011160,0,33,000,00,2,1,01,A01
201200011160,0,07,000,00,2,0,15,B01
201200011161,0,30,000,00,2,5,01,A01
201200011161,0,32,000,00,2,1,01,B01
201200011162,0,07,000,00,1,4,04,A01
201200011163,0,07,000,00,2,8,15,B01
201200011163,2,33,000,09,2,2,17,A01
201200011164,0,32,000,00,2,1,01,A01
201200011164,0,07,000,00,0,4,09,B01
201200011165,0,07,000,00,2,1,02,A01
201200011165,0,07,000,00,2,4,02,B01
201200011166,0,07,000,00,2,2,09,A01
201200011166,0,33,000,01,2,2,01,B01
201200011166,0,07,000,00,2,4,23,C01
201200011167,0,02,000,00,0,9,01,B01
201200011167,0,07,000,00,0,0,09,A01
201200011168,0,31,000,00,2,1,01,B01
201200011168,0,10,000,00,2,5,16,A01
201200011169,0,30,000,00,2,1,02,A01
201200011169,0,10,000,00,2,4,02,B01
201200011170,0,07,000,00,1,1,01,A01
201200011171,0,07,000,00,2,7,15,A01
201200011171,0,31,000,00,2,1,01,B01
201200011172,0,07,000,00,2,1,01,A01
201200011172,0,10,000,00,2,2,01,B01
201200011173,0,07,000,00,2,1,01,A01
201200011173,0,02,000,00,2,1,01,B01
201200011174,0,30,000,00,2,9,01,A01
201200011174,0,33,000,00,2,7,01,B01
201200011175,0,07,000,00,2,1,01,A01
201200011175,0,07,000,00,2,4,00,B01
201200011176,0,07,000,00,2,3,15,A01
201200011176,0,34,000,08,2,2,01,B01
201200011177,0,31,000,00,2,8,09,B01
201200011177,0,07,000,00,2,1,09,A01
201200011178,0,07,000,00,1,1,01,A01
201200011179,0,07,000,00,1,2,01,A01
201200011180,0,07,000,00,2,1,01,B01
201200011180,0,02,000,00,2,1,00,A01
201200011181,0,07,000,00,2,6,01,B01
201200011181,0,07,000,00,2,3,15,A01
201200011182,0,07,000,14,0,1,01,A01
201200011182,0,10,000,00,2,4,23,B01