Num_Acc,senc,catv,occutc,obs,obsm,choc,manv,num_veh
201200011183,0,07,000,00,2,2,15,A01
201200011183,0,33,000,00,2,3,01,B01
201200011184,0,10,000,00,2,8,01,B01
201200011184,0,37,001,00,2,3,13,A01
201200011185,0,07,000,00,2,1,01,A01
201200011185,0,33,000,00,2,8,01,B01
201200011186,0,07,000,00,1,1,01,A01
201200011187,0,07,000,00,1,2,01,A01
201200011188,0,33,000,00,2,1,01,B01
201200011188,0,07,000,00,2,2,15,A01
201200011189,0,07,000,00,2,3,01,A01
201200011189,0,33,000,01,2,1,01,B01
201200011190,0,07,000,00,1,1,01,A01
201200011191,0,30,000,00,2,1,02,A01
201200011191,0,10,000,00,2,4,02,B01
201200011192,0,07,000,00,1,3,00,A01
201200011193,0,07,000,00,0,0,11,A01
201200011193,0,33,000,00,0,0,01,B01
201200011194,0,10,000,00,2,2,01,A01
201200011195,0,32,000,00,2,1,01,A01
201200011195,0,07,000,00,2,3,15,B01
201200011196,0,07,000,00,2,1,01,Z01
201200011196,0,07,000,00,2,4,01,A01
201200011197,0,32,000,00,2,5,21,A01
201200011197,0,07,000,00,2,3,01,B01
201200011198,0,32,000,00,2,1,01,A01
201200011198,0,07,000,00,2,2,16,B01
201200011199,0,07,000,00,2,1,01,A01
201200011199,0,32,000,00,2,1,01,B01
201200011200,0,10,000,00,1,1,09,A01
201200011201,0,07,000,00,2,2,15,A01
201200011201,0,30,000,00,2,1,01,B01
201200011202,0,32,000,00,2,1,15,B01
201200011202,0,07,000,00,2,3,01,A01
201200011203,0,07,000,00,2,2,01,B01
201200011203,0,30,000,00,2,1,01,A01
201200011204,0,07,000,00,2,2,01,A01
201200011204,0,31,000,00,2,1,01,B01
201200011205,0,07,000,00,2,1,16,A01
201200011206,0,33,000,00,2,1,02,A01
201200011206,0,07,000,00,2,6,20,B01
201200011207,0,07,000,00,2,3,01,B01
201200011207,0,07,000,00,2,3,13,A01
201200011208,0,07,000,00,0,4,01,B01
201200011208,0,32,000,00,2,1,02,A01
201200011209,0,07,000,00,2,1,01,A01
201200011209,0,07,000,00,2,4,23,B01
201200011210,0,07,000,00,1,3,01,A01
201200011211,0,07,000,00,2,4,01,B01
201200011211,0,30,000,00,2,1,01,A01
201200011212,0,07,000,00,2,3,01,B01
201200011212,0,33,000,00,2,1,00,A01
201200011213,0,07,000,00,2,2,01,A01
201200011213,0,02,000,00,2,1,01,B01
201200011214,0,07,000,00,1,1,01,A01
201200011215,0,10,000,00,2,8,01,C01
201200011215,0,10,000,00,2,2,00,A01
201200011215,0,02,000,00,2,9,01,B01
201200011216,0,31,000,00,2,5,01,A01
201200011216,0,07,000,00,2,0,12,B01
201200011217,0,07,000,00,2,4,01,B01
201200011217,0,38,001,00,2,1,02,A01
201200011218,0,10,000,00,2,3,01,B01
201200011218,0,33,000,00,2,1,01,A01
201200011219,0,10,000,00,2,1,01,A01
201200011219,0,07,000,00,2,9,23,B01
201200011219,0,07,000,00,2,9,23,C01
201200011219,0,07,000,00,2,4,23,D01
201200011220,0,07,000,00,2,3,01,B01
201200011220,0,02,000,00,2,1,01,A01
201200011221,0,01,000,00,2,1,00,B01
201200011221,0,07,000,00,2,1,01,A01
201200011222,0,07,000,00,2,2,01,A01
201200011222,0,32,000,00,2,1,01,B01
201200011223,0,07,000,00,2,2,01,B01
201200011223,0,02,000,00,2,1,01,A01
201200011224,0,33,000,00,2,1,07,A01
201200011224,0,07,000,00,2,5,16,B01
201200011225,0,40,000,00,1,2,00,A01
201200011226,0,07,000,00,2,1,01,A01
201200011226,0,07,000,00,2,4,02,B01
201200011227,0,07,000,00,2,1,01,A01
201200011228,0,07,000,00,2,2,15,A01
201200011228,0,30,000,00,2,1,01,B01
201200011229,0,07,000,00,2,2,01,A01
201200011230,1,07,000,00,2,0,00,A01
201200011230,0,34,000,00,2,0,01,B01
201200011231,0,07,000,00,1,1,01,A01
201200011232,0,30,000,00,2,1,17,A01
201200011232,0,07,000,00,2,6,02,B01
201200011233,0,07,000,00,1,1,01,A01
201200011234,0,32,000,00,1,1,00,A01
201200011235,0,10,000,00,2,1,02,A01
201200011235,0,07,000,00,2,4,02,B01
201200011235,0,07,000,00,2,4,02,C01
201200011236,0,07,000,00,2,6,01,C01
201200011236,0,07,000,00,2,1,12,A01
201200011236,0,07,000,00,2,4,01,B01
201200011237,0,10,000,00,1,1,00,A01
201200011238,0,31,000,00,2,1,01,A01
201200011238,0,07,000,00,2,6,02,B01
201200011239,0,07,000,00,2,3,13,A01
201200011239,0,30,000,00,2,7,01,B01
201200011240,0,07,000,00,2,4,02,B01
201200011240,0,07,000,00,2,4,02,C01
201200011240,0,07,000,00,2,4,21,A01
201200011240,0,07,000,00,2,1,02,D01
201200011241,0,33,000,00,2,1,01,A01
201200011241,0,10,000,00,2,5,15,B01
201200011242,0,40,000,00,1,1,01,A01
201200011243,0,07,000,00,2,4,02,B01
201200011243,0,31,000,00,2,1,02,A01
201200011244,0,07,000,00,2,2,01,B01
201200011244,0,07,000,00,2,3,09,A01
201200011245,0,02,000,00,2,1,01,A01
201200011245,0,02,000,00,2,5,23,B01
201200011246,0,07,000,00,2,9,24,B01
201200011246,0,07,000,00,2,1,20,A01
201200011247,0,07,000,00,2,1,02,A01
201200011247,0,07,000,00,2,4,02,B01
201200011248,0,07,000,00,2,5,24,B01
201200011248,0,07,000,09,0,1,06,A01
201200011249,0,07,000,00,2,2,01,A01
201200011249,0,07,000,00,0,6,23,B01
201200011250,0,10,000,00,1,1,16,A01
201200011251,0,02,000,00,2,1,01,A01
201200011251,0,07,000,00,2,3,15,B01
201200011252,0,07,000,00,2,1,15,A01
201200011252,0,31,000,00,2,7,01,B01
201200011253,0,14,000,00,2,1,02,A01
201200011253,0,07,000,00,2,4,01,B01
201200011254,0,07,000,00,2,6,11,A01
201200011254,0,33,000,00,2,2,01,B01
201200011255,0,07,000,00,1,1,16,A01
201200011256,0,10,000,00,2,2,01,A01
201200011256,0,31,000,00,2,1,01,B01
201200011257,0,07,000,00,2,1,01,A01
201200011257,0,07,000,00,2,4,01,C01
201200011257,0,07,000,00,2,9,01,B01
201200011258,0,10,000,01,0,3,01,A01
201200011259,0,33,000,00,2,4,23,B01
201200011259,0,07,000,14,0,1,01,A01
201200011260,0,07,000,00,2,2,01,A01
201200011261,0,13,000,00,2,0,00,A01
201200011261,0,02,000,00,2,3,00,B01
201200011262,0,07,000,00,2,3,15,A01
201200011262,0,01,000,00,2,7,01,B01
201200011263,0,07,000,00,2,2,00,A01
201200011264,0,32,000,00,0,1,01,B01
201200011264,0,07,000,00,2,2,15,A01
201200011265,0,31,000,00,2,8,01,B01
201200011265,0,10,000,00,2,0,17,A01
201200011266,0,02,000,00,2,1,13,A01
201200011266,0,10,000,00,2,1,01,B01
201200011267,0,07,000,00,2,0,00,A01
201200011267,0,32,000,00,2,0,01,B01
201200011268,0,07,000,00,2,7,15,A01
201200011268,0,07,000,00,2,1,01,B01
201200011269,0,07,000,00,2,8,01,A01
201200011269,0,33,000,00,2,7,01,B01
201200011270,0,07,000,06,0,0,14,A01
201200011271,0,07,000,00,2,6,01,B01
201200011271,0,02,000,00,2,1,01,A01
201200011272,0,02,000,00,2,9,01,B01
201200011272,0,07,000,00,2,1,15,A01
201200011273,0,10,000,00,2,7,16,A01
201200011274,1,07,000,00,0,0,00,Z01
201200011274,0,07,000,12,2,1,15,A01
201200011275,0,07,000,00,2,2,00,B01
201200011275,0,07,000,00,2,8,16,A01
201200011276,0,07,000,00,2,6,23,B01
201200011276,0,31,000,14,0,1,03,A01
201200011277,0,40,000,00,1,3,01,A01
201200011278,0,02,000,08,0,2,15,A01
201200011279,0,07,000,00,2,1,01,B01
201200011279,0,07,000,00,2,7,01,A01
201200011280,0,07,000,00,2,1,01,A01
201200011280,0,07,000,00,2,4,01,B01
201200011281,0,07,000,00,2,1,15,A01
201200011281,0,30,000,00,2,1,01,B01
201200011282,0,10,000,00,2,2,15,A01
201200011282,0,33,000,00,2,1,01,B01
201200011283,0,07,000,00,2,4,01,B01
201200011283,0,07,000,00,2,1,02,A01
201200011284,0,07,000,00,2,2,01,A01
201200011284,0,02,000,00,2,4,02,B01
201200011285,0,07,000,00,2,5,01,A01
201200011285,0,34,000,00,2,1,01,B01
201200011286,0,07,000,00,2,1,01,A01
201200011286,0,07,000,00,2,4,02,B01
201200011287,0,07,000,00,2,6,11,A01
201200011287,0,33,000,00,2,1,01,B01
201200011288,0,07,000,00,1,2,01,A01
201200011289,0,07,000,00,1,2,15,A01
201200011290,0,07,000,07,0,1,13,A01
201200011291,0,01,000,00,1,1,01,A01
201200011292,0,07,000,01,1,3,21,A01
201200011293,0,07,000,00,2,2,15,A01
201200011293,0,37,001,00,2,6,23,B01
201200011294,0,07,000,00,2,4,20,B01
201200011294,0,07,000,14,0,1,01,A01
201200011295,0,07,000,00,2,8,15,A01
201200011295,0,33,000,08,2,1,17,B01
201200011296,0,07,000,00,2,4,01,C01
201200011296,0,07,000,00,2,1,01,A01
201200011296,0,07,000,00,2,4,01,B01
201200011297,0,07,000,00,1,2,01,A01
201200011298,1,07,000,00,0,0,00,Z01
201200011299,0,02,000,00,0,0,01,A01
201200011300,0,07,000,00,2,3,01,B01
201200011300,0,07,000,00,2,2,15,A01
201200011301,0,03,000,00,2,2,15,A01
201200011301,0,07,000,00,2,3,01,B01
201200011302,0,07,000,00,2,8,15,B01
201200011302,0,33,000,00,2,7,01,A01
201200011303,0,07,000,00,2,8,15,A01
201200011303,0,37,002,00,2,1,01,B01
201200011304,0,07,000,00,2,1,01,A01
201200011304,0,07,000,00,2,7,01,B01
201200011305,0,10,000,00,2,0,04,A01
201200011305,0,02,000,00,0,8,09,B01
201200011306,0,07,000,00,2,7,16,A01
201200011306,0,31,000,00,2,3,01,B01
201200011307,0,10,000,00,2,2,15,A01
201200011307,0,01,000,00,2,1,01,B01
201200011308,0,07,000,00,2,3,15,B01
201200011308,0,07,000,00,2,1,01,A01
201200011309,0,14,000,00,2,6,04,A01
201200011309,0,37,001,00,2,5,01,B01
201200011310,0,07,000,00,1,1,01,A01
201200011311,0,07,000,00,2,3,11,A01
201200011311,0,33,000,00,2,2,01,B01
201200011312,0,30,000,00,1,1,01,A01
201200011313,0,02,000,00,2,0,01,B01
201200011313,0,07,000,00,2,1,15,A01
201200011314,0,02,000,00,2,3,07,A01
201200011314,0,07,000,00,2,5,16,B01
201200011315,0,02,000,00,2,1,01,Z01
201200011315,0,07,000,00,2,2,01,B01
201200011316,0,30,000,00,2,4,01,A01
201200011316,0,37,001,00,2,4,23,B01
201200011317,0,01,000,00,2,1,01,Z01
201200011317,0,01,000,00,2,4,01,B01
201200011318,0,37,002,00,2,8,01,C01
201200011318,0,07,000,00,2,4,15,B01
201200011318,0,07,000,08,2,1,02,A01
201200011319,0,31,000,00,1,1,01,A01
201200011320,0,07,000,00,1,4,04,A01
201200011321,0,30,000,00,2,2,17,A01
201200011321,0,07,000,00,2,1,09,B01
201200011322,0,07,000,01,2,8,01,B01
201200011322,0,07,000,01,2,9,13,A01
201200011323,0,33,000,00,2,2,01,B01
201200011323,0,31,000,00,2,3,19,A01
201200011324,0,02,000,00,2,1,01,A01
201200011324,0,07,000,00,2,7,01,B01
201200011325,0,07,000,00,2,2,15,A01
201200011325,0,32,000,00,2,1,01,B01
201200011326,0,07,000,00,2,1,01,B01
201200011326,0,10,000,00,2,2,01,A01
201200011327,0,07,000,00,2,2,15,A01
201200011327,0,31,000,00,2,3,01,B01
201200011328,0,01,000,00,1,0,01,A01
201200011329,0,02,000,00,2,1,01,A01
201200011330,0,07,000,00,2,8,20,B01
201200011330,0,30,000,00,2,1,01,A01
201200011331,0,32,000,00,2,1,01,B01
201200011331,0,07,000,00,2,8,09,A01
201200011332,0,07,000,00,2,3,15,A01
201200011332,0,31,000,00,2,9,01,B01
201200011333,0,32,000,00,2,1,01,B01
201200011333,0,07,000,00,2,7,15,A01
201200011334,0,07,000,00,2,1,01,A01
201200011335,0,07,000,00,2,1,15,B01
201200011335,0,31,000,00,2,1,00,A01
201200011336,0,31,000,00,2,7,01,B01
201200011336,2,02,000,00,2,1,16,Z01
201200011337,0,07,000,00,2,6,01,B01
201200011337,0,07,000,01,2,9,00,A01
201200011338,0,07,000,00,1,1,01,A01
201200011339,0,07,000,00,1,1,01,A01
201200011340,0,07,000,00,1,7,01,A01
201200011341,0,07,000,00,2,8,01,C01
201200011341,0,13,000,00,2,2,14,A01
201200011341,0,07,000,00,2,9,01,B01
201200011342,0,07,000,00,2,1,01,A01
201200011342,0,33,000,00,2,4,02,B01
201200011343,0,02,000,00,2,0,00,B01
201200011343,0,07,000,00,2,3,15,A01
201200011344,0,32,000,00,2,1,01,A01
201200011344,0,07,000,00,2,4,01,B01
201200011345,0,32,000,00,1,1,01,A01
201200011346,0,07,000,00,2,3,17,A01
201200011346,0,31,000,00,2,1,00,B01
201200011347,0,07,000,00,2,4,01,C01
201200011347,0,07,000,00,2,1,02,A01
201200011347,0,07,000,00,2,9,02,B01
201200011348,0,07,000,02,0,1,13,A01
201200011349,0,10,000,00,1,4,04,A01
201200011350,0,07,000,00,2,1,01,A01
201200011350,0,07,000,00,2,4,01,B01
201200011351,0,32,000,00,2,3,09,B01
201200011351,0,07,000,00,2,3,01,A01
201200011352,0,01,000,00,2,0,01,A01
201200011352,0,07,000,00,2,1,01,B01
201200011353,0,07,000,00,0,7,01,A01
201200011353,0,02,000,00,2,8,13,B01
201200011354,0,07,000,00,2,4,02,B01
201200011354,0,07,000,00,2,1,01,A01
201200011354,0,07,000,00,2,4,02,C01
201200011354,0,07,000,00,2,1,01,D01
201200011355,0,07,000,00,2,3,15,B01
201200011355,0,31,000,00,2,2,01,A01
201200011356,0,07,000,01,2,9,13,A01
201200011356,0,07,000,00,2,3,01,B01
201200011357,0,07,000,00,1,4,04,A01
201200011358,0,07,000,00,2,7,01,A01
201200011358,0,02,000,00,2,0,11,B01
201200011359,0,07,000,00,2,4,02,B01
201200011359,0,31,000,00,2,1,02,A01
201200011360,0,07,000,00,2,1,01,A01
201200011360,0,31,000,00,0,4,01,C01
201200011360,0,07,000,00,2,4,01,B01
201200011361,0,07,000,00,2,4,01,B01
201200011361,0,07,000,00,2,1,01,A01
201200011362,0,30,000,00,1,1,01,A01
201200011363,0,07,000,00,2,4,04,A01
201200011364,0,07,000,00,1,1,01,A01
201200011365,0,33,000,14,0,0,00,A01
201200011366,0,30,000,00,2,1,01,C01
201200011366,0,07,000,00,2,5,01,B01
201200011366,0,07,000,00,2,1,01,A01
201200011367,0,07,000,00,1,1,01,A01
201200011368,0,32,000,00,1,1,01,A01
201200011369,0,30,000,00,2,1,01,A01
201200011369,0,07,000,00,2,4,01,B01
201200011370,0,10,000,00,1,4,04,A01
201200011371,0,07,000,00,2,3,09,A01
201200011371,0,31,000,00,2,1,01,B01
201200011372,0,33,000,00,2,0,00,A01
201200011372,0,07,000,00,2,8,00,B01
201200011373,0,33,000,00,2,1,01,B01
201200011373,0,07,000,00,2,5,10,A01
201200011374,0,02,000,00,2,1,01,A01
201200011375,0,02,000,12,0,3,13,A01
201200011376,0,38,023,00,2,8,01,B01
201200011376,0,37,030,08,2,3,01,C01
201200011376,0,07,000,00,2,7,17,A01
201200011377,0,33,000,00,1,1,01,A01
201200011378,0,31,000,00,2,1,01,B01
201200011378,0,10,000,00,2,5,01,A01
201200011379,0,10,000,00,2,1,01,A01
201200011379,0,32,000,00,2,3,01,B01
201200011380,0,07,000,00,2,1,01,A01
201200011380,0,33,000,00,2,4,01,B01
201200011381,0,07,000,00,1,5,20,A01
201200011382,0,07,000,00,1,2,01,A01
201200011383,0,37,001,00,2,1,02,A01
201200011383,0,07,000,00,2,4,02,B01
201200011384,0,07,000,00,2,5,15,A01
201200011384,0,31,000,00,2,1,01,B01
201200011385,0,10,000,00,1,1,15,A01
201200011386,0,07,000,00,2,1,01,B01
201200011386,0,07,000,00,2,1,01,A01
201200011387,0,10,000,00,1,1,01,A01
201200011388,0,10,000,09,2,4,01,B01
201200011388,0,07,000,00,2,1,01,A01
201200011389,0,32,000,00,2,8,01,B01
201200011389,0,32,000,00,2,1,05,A01
201200011390,0,01,000,00,2,1,01,A01
201200011390,0,07,000,00,2,1,01,B01
201200011391,0,07,000,00,2,8,10,A01
201200011391,0,37,018,00,2,1,07,B01
201200011392,0,07,000,00,2,4,02,C01
201200011392,0,07,000,00,2,1,01,A01
201200011392,0,07,000,14,2,4,02,B01
201200011393,0,02,000,00,2,1,01,A01
201200011393,0,07,000,00,2,3,23,B01
201200011394,0,07,000,00,2,0,15,A01
201200011394,0,02,000,00,2,0,01,B01
201200011395,0,07,000,00,2,3,01,B01
201200011395,0,07,000,00,2,2,01,A01
201200011396,0,07,000,00,2,1,15,A01
201200011396,0,02,000,00,2,1,01,B01
201200011397,0,07,000,00,1,1,15,A01
201200011398,0,30,000,00,2,2,15,A01
201200011398,0,07,000,00,2,8,01,B01
201200011399,0,07,000,00,2,8,15,B01
201200011399,2,33,000,00,2,1,01,A01
201200011400,0,37,000,00,2,2,01,B01
201200011400,0,07,000,00,2,8,15,A01
201200011401,0,34,000,00,2,1,01,A01
201200011401,0,31,000,00,2,1,01,B01
201200011402,0,30,000,00,2,1,17,A01
201200011402,0,07,000,00,2,3,10,B01
201200011403,0,07,000,00,1,2,01,A01
201200011404,0,07,000,00,2,4,01,B01
201200011404,0,07,000,00,2,1,02,A01
201200011405,0,07,000,00,1,2,09,A01
201200011406,0,07,000,00,2,4,23,B01
201200011406,0,07,000,14,0,1,01,A01
201200011407,0,34,000,00,2,3,00,B01
201200011407,0,10,000,00,2,1,00,A01
201200011408,0,31,000,00,2,1,01,B01
201200011408,0,07,000,00,2,1,15,A01
201200011409,0,07,000,00,2,3,15,B01
201200011409,0,02,000,00,2,1,01,A01
201200011410,0,07,000,01,2,3,13,A01
201200011410,0,10,000,00,2,3,01,B01
201200011411,0,07,000,00,2,8,01,B01
201200011411,0,07,000,00,2,1,15,A01
201200011412,0,07,000,00,2,5,16,A01
201200011412,0,32,000,00,2,1,01,B01
201200011413,0,07,000,00,2,9,14,A01
201200011414,0,07,000,00,2,0,15,A01
201200011414,0,33,000,00,2,9,01,B01
201200011415,0,07,000,00,2,3,05,A01
201200011415,0,07,000,00,2,3,13,B01
201200011416,0,07,000,00,1,1,01,A01
201200011417,0,02,000,00,2,1,01,A01
201200011417,0,01,000,00,2,1,01,B01
201200011418,0,31,000,00,2,3,01,B01
201200011418,0,07,000,00,2,5,12,A01
201200011419,0,07,000,00,0,0,00,A01
201200011419,0,32,000,00,0,8,01,B01
201200011420,0,07,000,00,1,4,04,A01
201200011421,0,10,000,00,2,3,15,A01
201200011421,0,33,000,00,2,1,01,B01
201200011422,0,07,000,00,1,1,01,A01
201200011423,0,30,000,00,2,8,00,A01
201200011423,0,07,000,00,2,2,00,B01
201200011424,0,33,000,00,2,9,01,B01
201200011424,0,02,000,00,2,2,09,A01
201200011425,0,07,000,00,2,8,01,B01
201200011425,0,07,000,00,2,1,01,A01
201200011426,0,07,000,00,2,3,15,B01
201200011426,0,31,000,00,2,7,01,A01
201200011427,0,07,000,00,2,2,01,B01
201200011427,0,02,000,00,2,9,15,A01
201200011428,0,07,000,08,0,0,01,A01
201200011429,0,33,000,00,2,3,01,B01
201200011429,0,07,000,00,2,2,12,A01
201200011430,0,31,000,00,1,5,21,A01
201200011431,0,07,000,00,2,4,01,B01
201200011431,0,31,000,00,2,1,01,A01
201200011432,0,07,000,01,0,2,01,A01
201200011433,0,07,000,00,2,1,01,B01
201200011433,0,07,000,00,2,2,01,A01
201200011434,0,32,000,00,1,1,16,A01
201200011435,0,07,000,00,1,4,00,A01
201200011436,0,31,000,00,2,2,17,A01
201200011436,0,07,000,00,2,3,15,B01
201200011437,0,07,000,00,2,5,15,A01
201200011437,0,33,000,00,2,1,01,B01
201200011438,0,07,000,00,2,4,04,A01
201200011438,0,31,000,00,2,1,01,B01
201200011439,0,10,000,00,2,1,02,A01
201200011439,0,10,000,00,2,4,02,B01
201200011440,0,07,000,00,2,4,01,B01
201200011440,0,35,000,00,2,1,01,A01
201200011441,0,33,000,00,1,3,01,A01
201200011442,0,07,000,00,2,1,01,B01
201200011442,0,02,000,00,2,1,01,A01
201200011443,0,07,000,00,2,3,02,B01
201200011443,0,33,000,00,2,1,02,C01
201200011443,0,07,000,00,2,4,01,A01
201200011444,0,31,000,00,2,1,01,B01
201200011444,0,07,000,00,2,2,15,A01
201200011445,0,07,000,00,2,2,15,A01
201200011445,0,32,000,00,2,1,01,B01
201200011446,0,14,000,00,2,8,01,B01
201200011446,0,01,000,00,2,0,01,A01
201200011447,0,07,000,00,2,7,23,C01
201200011447,2,07,000,08,2,2,14,A01
201200011447,0,33,000,00,2,5,23,B01
201200011448,0,33,000,00,2,2,01,B01
201200011448,0,30,000,00,2,1,05,A01
201200011449,0,07,000,00,2,6,02,B01
201200011449,0,31,000,00,2,1,01,A01
201200011450,0,07,000,00,0,0,16,A01
201200011450,0,02,000,00,0,7,01,B01
201200011451,0,14,000,00,2,8,01,B01
201200011451,0,07,000,00,2,0,01,C01
201200011451,0,07,000,00,2,0,16,A01
201200011452,0,07,000,00,2,3,15,A01
201200011452,0,02,000,00,0,2,01,B01
201200011453,0,07,000,14,0,2,01,A01
201200011453,0,32,000,00,2,4,23,B01
201200011453,0,07,000,00,2,6,23,C01
201200011454,0,07,000,00,2,3,15,A01
201200011454,0,31,000,00,2,2,17,B01
201200011455,0,07,000,00,2,4,01,B01
201200011455,0,07,000,00,2,1,01,A01
201200011456,0,07,000,00,1,3,15,A01
201200011457,0,31,000,00,2,0,16,B01
201200011457,0,01,000,00,2,0,05,A01
201200011458,0,07,000,00,2,7,01,B01
201200011458,0,07,000,00,2,3,15,A01
201200011459,0,07,000,00,2,5,09,A01
201200011459,0,33,000,00,2,1,01,B01
201200011460,0,02,000,00,2,1,02,A01
201200011460,0,07,000,00,2,4,23,B01
201200011461,0,07,000,00,2,3,01,A01
201200011461,0,33,000,00,2,1,01,B01
201200011462,0,07,000,00,1,5,20,A01
201200011463,0,07,000,00,2,6,01,B01
201200011463,0,07,000,00,2,2,14,A01
201200011464,0,07,000,00,2,1,15,A01
201200011464,0,02,000,00,2,3,01,B01
201200011465,0,07,000,00,2,7,01,B01
201200011465,0,33,000,00,2,9,01,A01
201200011466,1,07,000,00,2,1,02,A01
201200011466,0,07,000,00,2,4,23,B01
201200011467,0,07,000,00,2,0,15,C01
201200011467,0,07,000,00,2,6,01,B01
201200011467,0,30,000,12,2,9,01,A01
201200011468,0,07,000,00,1,1,01,A01
201200011469,0,07,000,00,1,1,15,A01
201200011470,0,07,000,00,1,1,01,A01
201200011471,0,37,001,00,2,3,01,B01
201200011471,0,02,000,00,2,0,07,A01
201200011472,0,07,000,08,0,8,01,A01
201200011473,0,07,000,00,2,1,01,B01
201200011473,0,07,000,07,2,7,01,A01
201200011474,0,07,000,00,2,2,01,A01
201200011474,0,07,000,00,2,1,01,B01
201200011475,0,02,000,01,2,1,21,A01
201200011475,0,07,000,00,2,1,01,B01
201200011475,0,07,000,00,2,5,23,C01
201200011476,0,02,000,00,0,9,01,A01
201200011477,0,02,000,00,1,1,01,A01
201200011478,0,07,000,00,2,3,10,A01
201200011478,0,33,000,00,2,1,17,B01
201200011479,0,07,000,00,2,1,00,A01
201200011479,0,33,000,00,2,4,02,B01
201200011480,0,33,000,00,2,3,00,A01
201200011480,0,07,000,00,2,3,01,B01
201200011481,0,33,000,00,2,9,01,B01
201200011481,0,07,000,00,2,1,09,A01
201200011482,0,07,000,00,2,8,09,A01
201200011482,0,34,000,00,2,7,17,B01
201200011483,0,07,000,00,1,1,01,A01
201200011484,0,10,000,00,2,1,01,A01
201200011484,0,07,000,00,2,4,02,B01
201200011485,0,07,000,00,2,8,01,B01
201200011485,0,02,000,00,2,1,09,A01
201200011486,0,15,000,00,2,2,01,A01
201200011486,0,07,000,00,2,6,01,B01
201200011487,0,07,000,00,2,1,01,A01
201200011488,0,33,000,00,0,4,00,B01
201200011488,0,31,000,00,2,1,00,A01
201200011489,0,07,000,01,1,1,20,A01
201200011490,0,07,000,00,2,4,04,A01
201200011491,0,07,000,00,2,1,01,A01
201200011492,0,07,000,00,2,1,01,A01
201200011492,0,32,000,00,2,1,01,B01
201200011493,0,07,000,01,0,2,01,A01
201200011493,0,07,000,00,2,6,24,B01
201200011494,0,07,000,00,2,1,01,A01
201200011494,0,31,000,00,2,4,01,B01
201200011495,0,07,000,05,1,1,01,A01
201200011496,0,10,000,00,2,5,01,B01
201200011496,0,31,000,00,2,1,01,A01
201200011497,0,13,000,15,0,1,13,A01
201200011498,0,33,000,00,2,1,07,A01
201200011498,0,07,000,00,2,7,16,B01
201200011499,0,07,000,00,2,4,24,B01
201200011499,0,02,000,01,0,1,01,A01
201200011500,0,07,000,00,1,1,01,A01
201200011501,0,31,000,00,1,2,01,A01
201200011502,0,07,000,00,2,8,13,A01
201200011502,0,33,000,00,2,1,21,B01
201200011503,0,30,000,00,2,1,09,A01
201200011503,0,02,000,00,2,8,01,C01
201200011503,0,32,000,00,2,1,01,B01
201200011504,0,07,000,00,1,3,15,A01
201200011505,0,07,000,00,2,4,02,B01
201200011505,0,32,000,00,2,1,01,A01
201200011506,0,07,000,00,2,7,00,B01
201200011506,0,32,000,00,2,8,00,A01
201200011507,0,33,000,00,2,1,01,A01
201200011507,0,07,000,00,2,6,01,B01
201200011508,0,07,000,00,2,1,01,B01
201200011508,0,07,000,00,2,7,01,A01
201200011509,0,07,000,00,1,4,04,A01
201200011510,0,31,000,00,2,0,01,A01
201200011510,0,07,000,00,2,5,15,B01
201200011511,0,32,000,00,2,8,01,A01
201200011511,0,07,000,00,2,7,01,B01
201200011512,0,07,000,00,1,1,16,A01
201200011513,0,07,000,00,2,2,15,A01
201200011513,0,02,000,00,2,1,01,B01
201200011514,0,07,000,00,2,3,05,A01
201200011514,0,31,000,00,2,8,01,B01
201200011515,0,01,000,00,2,3,01,B01
201200011515,0,10,000,00,9,2,01,A01
201200011516,0,31,000,00,2,2,01,B01
201200011516,0,07,000,00,2,8,15,A01
201200011517,0,37,026,00,2,3,08,B01
201200011517,0,10,000,00,2,2,15,A01
201200011518,0,33,000,00,2,2,01,A01
201200011518,0,07,000,00,2,3,15,B01
201200011519,0,07,000,00,2,6,01,B01
201200011519,0,02,000,00,2,1,01,A01
201200011520,0,07,000,00,2,1,13,A01
201200011520,0,33,000,00,2,1,01,B01
201200011521,0,07,000,03,0,1,16,A01
201200011522,0,07,000,00,1,2,01,A01
201200011523,0,07,000,06,0,1,01,A01
201200011524,0,07,000,00,1,1,01,A01
201200011525,2,07,000,00,2,3,01,A01
201200011525,0,07,000,00,2,8,01,B01
201200011526,0,07,000,00,2,7,12,A01
201200011526,0,02,000,00,2,8,01,B01
201200011527,0,07,000,00,2,7,01,A01
201200011527,0,07,000,00,2,1,01,B01
201200011528,0,07,000,00,2,4,23,B01
201200011528,0,07,000,14,0,1,01,A01
201200011529,0,07,000,00,1,0,00,A01
201200011530,0,07,000,00,2,1,01,A01
201200011531,0,33,000,00,2,1,01,B01
201200011531,0,07,000,00,2,3,01,A01
201200011532,0,31,000,00,2,8,11,A01
201200011532,0,07,000,00,2,7,01,B01
201200011533,0,31,000,14,0,1,13,A01
201200011533,0,07,000,00,2,3,23,B01
201200011534,0,07,000,00,2,7,01,B01
201200011534,0,07,000,00,2,1,01,A01
201200011535,0,02,000,00,2,1,09,A01
201200011535,0,07,000,00,2,3,01,C01
201200011535,0,07,000,00,2,5,01,B01
201200011536,0,07,000,00,2,1,01,A01
201200011536,0,07,000,00,2,4,02,B01
201200011537,0,07,000,00,2,2,15,B01