Num_Acc,senc,catv,occutc,obs,obsm,choc,manv,num_veh
201200011537,1,07,000,00,2,1,05,A01
201200011538,0,07,000,00,2,7,14,A01
201200011538,0,02,000,00,2,0,01,B01
201200011539,0,07,000,00,2,3,15,A01
201200011539,0,31,000,00,2,2,17,B01
201200011540,0,07,000,00,1,0,15,A01
201200011541,0,07,000,00,0,6,15,A01
201200011541,0,31,000,00,2,9,01,B01
201200011542,0,07,000,00,2,1,01,A01
201200011542,0,07,000,00,2,8,01,B01
201200011543,0,02,000,00,2,1,01,B01
201200011543,0,10,000,00,2,4,04,A01
201200011544,0,07,000,00,1,1,15,A01
201200011545,0,07,000,00,2,1,01,A01
201200011546,0,10,000,00,2,1,01,A01
201200011547,0,07,000,00,2,2,01,B01
201200011547,0,01,000,00,2,4,09,A01
201200011548,0,07,000,00,2,1,15,A01
201200011548,0,33,000,00,2,7,01,B01
201200011549,0,02,000,01,0,1,14,A01
201200011550,0,07,000,00,2,2,14,A01
201200011551,0,07,000,00,2,7,01,B01
201200011551,0,07,000,00,2,1,01,A01
201200011552,0,07,000,00,2,6,02,B01
201200011552,0,33,000,00,2,2,01,A01
201200011553,0,07,000,00,2,7,01,A01
201200011554,0,07,000,00,2,3,01,A01
201200011555,0,07,000,00,2,7,09,B01
201200011555,0,02,000,00,2,9,09,A01
201200011556,0,07,000,00,0,0,01,A01
201200011556,0,33,000,01,2,1,01,B01
201200011557,0,33,000,00,2,4,01,B01
201200011557,0,07,000,00,2,2,01,A01
201200011558,0,07,000,00,2,3,15,A01
201200011558,0,31,000,00,2,1,17,B01
201200011559,0,32,000,00,2,7,01,B01
201200011559,0,07,000,00,2,3,09,A01
201200011560,0,32,000,00,2,1,01,A01
201200011560,0,07,000,00,2,3,15,B01
201200011561,0,07,000,00,1,4,20,A01
201200011562,0,07,000,00,2,7,09,A01
201200011562,0,31,000,00,2,3,01,B01
201200011563,0,31,000,00,0,0,01,A01
201200011564,0,07,000,00,2,1,01,A01
201200011564,0,31,000,00,2,7,01,B01
201200011565,0,10,000,00,1,1,15,A01
201200011566,0,07,000,00,2,4,02,B01
201200011566,0,07,000,00,2,1,02,A01
201200011566,0,07,000,00,2,4,23,C01
201200011567,0,31,000,00,2,3,01,B01
201200011567,0,07,000,00,2,1,15,A01
201200011568,0,07,000,00,1,1,01,A01
201200011569,0,07,000,00,2,5,09,A01
201200011569,0,31,000,00,2,8,01,B01
201200011570,0,07,000,00,2,2,01,B01
201200011570,0,13,000,00,2,6,01,A01
201200011571,0,33,000,00,2,8,01,B01
201200011571,0,07,000,00,2,1,01,A01
201200011572,0,33,000,00,2,7,15,A01
201200011572,0,07,000,00,2,3,01,B01
201200011573,0,02,000,00,2,1,01,A01
201200011573,0,07,000,00,2,1,01,B01
201200011574,0,07,000,00,2,3,23,B01
201200011574,0,07,000,01,2,1,15,A01
201200011575,0,07,000,00,2,6,01,B01
201200011575,0,33,000,00,2,1,02,A01
201200011576,0,07,000,00,2,2,01,A01
201200011576,0,31,000,00,2,1,01,B01
201200011577,0,30,000,00,2,0,13,A01
201200011577,0,32,000,00,2,0,01,B01
201200011578,0,30,000,00,2,1,01,A01
201200011578,0,07,000,00,2,7,15,B01
201200011579,0,07,000,00,2,1,15,A01
201200011580,0,02,000,00,2,1,01,B01
201200011580,0,07,000,00,2,1,15,A01
201200011581,0,34,000,00,2,3,01,B01
201200011581,0,07,000,00,2,2,16,A01
201200011582,0,07,000,00,2,2,01,A01
201200011582,0,37,020,00,2,3,01,B01
201200011583,0,07,000,00,1,0,01,A01
201200011584,0,30,000,00,2,1,01,A01
201200011584,0,33,000,00,2,1,01,B01
201200011585,0,07,000,00,2,0,15,A01
201200011585,0,30,000,00,2,0,01,B01
201200011586,0,07,000,00,2,3,01,A01
201200011586,0,07,000,00,2,3,01,B01
201200011587,0,07,000,00,1,4,04,A01
201200011588,0,33,000,00,2,4,02,A01
201200011588,0,32,000,00,2,1,02,B01
201200011589,0,02,000,00,2,0,01,B01
201200011589,0,07,000,00,2,7,10,A01
201200011590,0,07,000,01,1,1,15,A01
201200011591,0,07,000,00,2,1,10,A01
201200011591,0,33,000,00,2,1,01,B01
201200011592,0,07,000,00,2,3,01,B01
201200011592,0,07,000,00,2,1,01,A01
201200011593,0,07,000,00,2,1,01,A01
201200011593,0,02,000,00,2,4,01,B01
201200011594,0,32,000,00,2,3,01,A01
201200011595,0,02,000,00,2,1,02,A01
201200011595,0,07,000,00,2,4,02,B01
201200011596,0,07,000,00,2,4,02,C01
201200011596,0,07,000,00,2,1,02,A01
201200011596,0,07,000,00,2,4,02,B01
201200011597,0,07,000,00,2,4,02,B01
201200011597,0,07,000,00,2,1,02,A01
201200011598,0,07,000,00,2,1,01,A01
201200011598,0,07,000,00,2,4,01,B01
201200011599,0,02,000,00,2,3,09,A01
201200011599,0,07,000,00,2,3,01,B01
201200011599,0,07,000,00,2,1,01,C01
201200011600,0,02,000,00,2,1,02,A01
201200011600,0,07,000,00,2,4,01,B01
201200011601,0,02,000,00,2,8,01,B01
201200011601,0,07,000,00,2,3,01,A01
201200011602,0,34,000,08,0,0,00,A01
201200011603,0,10,000,00,1,3,01,A01
201200011604,0,07,000,00,2,1,15,B01
201200011604,0,32,000,00,2,3,01,A01
201200011605,0,07,000,00,2,2,12,A01
201200011605,0,02,000,00,2,8,01,B01
201200011606,0,07,000,00,2,2,16,A01
201200011606,0,31,000,01,2,0,01,B01
201200011607,0,07,000,00,2,3,15,A01
201200011607,0,30,000,00,2,1,01,B01
201200011608,0,31,000,00,2,1,05,A01
201200011608,0,99,000,00,2,8,01,B01
201200011609,0,07,000,00,1,1,01,A01
201200011610,0,10,000,00,1,1,15,A01
201200011611,0,31,000,00,1,1,01,A01
201200011612,0,07,000,00,1,1,01,A01
201200011613,0,30,000,00,0,3,01,A01
201200011614,0,10,000,00,2,8,15,B01
201200011614,0,32,000,00,2,2,17,A01
201200011615,0,02,000,00,2,3,01,A01
201200011615,0,07,000,00,2,7,01,B01
201200011615,1,99,000,00,2,0,00,Z01
201200011616,0,07,000,00,2,2,01,A01
201200011616,0,07,000,00,2,1,01,B01
201200011617,0,07,000,00,2,6,01,B01
201200011617,0,33,000,00,2,1,01,A01
201200011618,0,07,000,00,2,3,15,A01
201200011618,0,33,000,00,2,1,01,B01
201200011619,0,07,000,00,2,3,00,A01
201200011619,0,32,000,00,2,1,00,B01
201200011620,0,30,000,00,2,4,02,B01
201200011620,0,10,000,00,2,1,02,A01
201200011621,0,07,000,00,2,2,09,A01
201200011621,0,30,000,00,2,0,01,B01
201200011622,0,07,000,00,2,4,01,B01
201200011622,0,33,000,00,2,1,01,A01
201200011623,0,07,000,00,2,1,13,A01
201200011623,0,07,000,00,2,3,01,B01
201200011624,0,31,000,00,2,1,01,A01
201200011624,0,07,000,00,2,2,09,B01
201200011625,0,30,000,00,2,8,00,A01
201200011625,0,07,000,00,2,2,01,B01
201200011626,0,33,000,00,2,1,02,A01
201200011626,0,07,000,00,2,4,23,B01
201200011627,0,30,000,00,2,8,09,A01
201200011627,0,07,000,00,2,3,01,B01
201200011628,0,30,000,00,2,1,01,A01
201200011628,0,07,000,00,2,6,01,B01
201200011629,0,07,000,00,2,5,14,A01
201200011629,0,30,000,00,2,7,01,B01
201200011630,0,30,000,00,0,1,00,A01
201200011631,0,32,000,00,2,9,01,A01
201200011632,0,07,000,00,2,8,15,B01
201200011632,0,33,000,00,2,1,01,A01
201200011633,0,32,000,00,2,1,01,A01
201200011633,0,07,000,00,2,3,15,B01
201200011634,0,07,000,00,2,1,01,A01
201200011635,0,07,000,00,2,2,01,A01
201200011635,0,31,000,00,2,1,01,B01
201200011636,0,07,000,00,2,3,13,A01
201200011636,0,10,000,00,2,3,01,B01
201200011637,1,07,000,00,2,0,15,A01
201200011637,0,33,000,00,2,9,01,B01
201200011638,0,07,000,00,2,1,01,A01
201200011638,0,30,000,00,2,0,00,B01
201200011639,0,10,000,00,2,3,15,B01
201200011639,0,34,000,00,2,7,02,A01
201200011640,0,07,000,00,2,1,00,A01
201200011640,0,07,000,00,2,2,00,B01
201200011641,0,07,000,00,2,3,15,B01
201200011641,0,30,000,00,2,1,01,A01
201200011642,0,33,000,00,2,8,00,A01
201200011642,0,07,000,00,2,3,01,B01
201200011643,0,10,000,00,2,1,01,A01
201200011643,0,07,000,00,2,4,02,B01
201200011644,0,07,000,00,2,2,01,A01
201200011644,0,07,000,00,2,1,01,B01
201200011645,0,07,000,00,0,1,01,A01
201200011645,0,07,000,00,2,1,01,B01
201200011646,0,07,000,00,1,3,15,A01
201200011647,0,07,000,00,2,2,01,A01
201200011647,0,07,000,06,2,6,09,B01
201200011648,0,30,000,00,2,3,01,A01
201200011648,0,07,000,00,2,2,14,B01
201200011649,1,07,000,00,2,0,01,Z01
201200011649,0,07,000,01,2,2,14,B01
201200011649,0,07,000,00,2,3,01,A01
201200011650,0,37,001,00,1,8,01,A01
201200011651,0,07,000,00,2,4,23,B01
201200011651,0,07,000,00,2,1,02,A01
201200011652,0,07,000,00,2,4,02,C01
201200011652,0,07,000,14,2,4,02,B01
201200011652,0,07,000,14,0,1,01,A01
201200011653,0,31,000,00,2,3,01,B01
201200011653,0,07,000,00,2,1,15,A01
201200011654,0,07,000,00,2,1,01,A01
201200011654,0,07,000,00,2,9,01,B01
201200011654,0,07,000,00,2,4,01,C01
201200011655,0,07,000,00,2,2,10,A01
201200011655,0,33,000,00,2,1,01,B01
201200011656,0,10,000,00,2,1,15,A01
201200011656,0,02,000,00,2,1,08,B01
201200011657,0,07,000,00,1,1,01,A01
201200011658,0,10,000,00,2,4,02,B01
201200011658,0,30,000,00,2,1,02,A01
201200011659,0,33,000,00,2,9,09,A01
201200011659,0,07,000,00,2,1,01,B01
201200011660,0,07,000,00,2,2,15,A01
201200011660,0,32,000,00,2,1,01,B01
201200011661,0,07,000,00,2,5,01,B01
201200011661,0,02,000,00,2,6,00,A01
201200011662,0,07,000,00,2,1,01,A01
201200011662,0,07,000,00,2,1,01,B01
201200011663,0,30,000,00,2,1,02,A01
201200011663,0,07,000,00,2,4,02,B01
201200011664,0,07,000,00,2,5,01,A01
201200011664,0,30,000,00,2,1,01,B01
201200011665,0,07,000,00,2,0,00,B01
201200011665,0,30,000,00,0,9,01,A01
201200011666,0,07,000,00,2,1,01,A01
201200011666,0,07,000,00,2,4,01,B01
201200011667,0,07,000,00,2,2,12,A01
201200011667,0,33,000,00,2,1,01,B01
201200011668,0,07,000,00,2,3,02,A01
201200011668,0,07,000,00,2,4,01,B01
201200011669,0,07,000,01,0,1,13,A01
201200011670,0,07,000,00,2,0,10,A01
201200011670,0,32,000,00,2,2,01,B01
201200011671,0,07,000,14,0,1,01,A01
201200011671,0,07,000,00,2,4,02,B01
201200011672,0,07,000,00,2,0,09,A01
201200011672,0,31,000,00,2,5,01,B01
201200011673,0,37,001,00,1,2,16,A01
201200011674,0,07,000,00,2,6,00,B01
201200011674,0,33,000,00,2,2,00,A01
201200011675,0,30,000,00,2,1,01,B01
201200011675,0,07,000,00,2,4,04,A01
201200011676,0,32,000,00,2,5,01,B01
201200011676,0,02,000,00,2,3,11,A01
201200011677,0,07,000,00,2,8,09,A01
201200011677,0,02,000,00,2,9,01,B01
201200011678,0,07,000,00,2,1,01,C01
201200011678,0,02,000,00,2,2,01,A01
201200011678,0,07,000,00,2,6,11,B01
201200011679,0,07,000,00,2,4,01,B01
201200011679,0,07,000,00,2,1,01,A01
201200011680,0,07,000,00,1,4,01,A01
201200011681,0,07,000,00,2,3,09,A01
201200011681,0,32,000,00,2,1,17,B01
201200011682,0,07,000,06,0,1,01,A01
201200011683,0,07,000,00,2,3,01,B01
201200011683,0,07,000,01,2,2,16,A01
201200011684,0,07,000,00,2,3,15,A01
201200011684,0,02,000,00,2,7,17,B01
201200011685,0,02,000,00,2,1,01,B01
201200011685,0,07,000,00,2,2,01,A01
201200011686,0,10,000,00,1,1,15,A01
201200011687,0,10,000,01,1,1,04,A01
201200011688,0,33,000,00,2,1,01,A01
201200011688,0,07,000,00,2,4,01,B01
201200011689,0,07,000,00,2,8,01,B01
201200011689,0,07,000,00,2,3,00,A01
201200011690,0,07,000,00,1,4,04,A01
201200011691,0,02,000,00,2,2,17,A01
201200011691,0,07,000,00,2,8,01,B01
201200011692,1,07,000,00,2,0,00,Z01
201200011692,0,32,000,00,2,1,01,A01
201200011693,0,30,000,00,2,1,01,B01
201200011693,0,07,000,00,2,2,16,A01
201200011694,0,07,000,00,2,1,07,A01
201200011694,0,07,000,00,2,7,01,B01
201200011695,0,02,000,00,2,1,01,B01
201200011695,0,07,000,00,2,2,16,A01
201200011696,0,07,000,00,2,5,11,A01
201200011696,0,02,000,00,2,7,01,B01
201200011697,0,07,000,00,1,2,01,A01
201200011698,0,07,000,00,1,3,01,A01
201200011699,0,07,000,00,2,3,00,A01
201200011699,0,07,000,01,2,5,20,B01
201200011700,0,32,000,00,2,1,01,A01
201200011700,0,07,000,00,2,1,01,B01
201200011701,0,30,000,00,1,1,01,A01
201200011702,0,01,000,00,2,5,19,B01
201200011702,0,31,000,00,2,1,01,A01
201200011703,0,07,000,01,1,1,00,A01
201200011704,0,07,000,00,1,1,01,A01
201200011705,0,07,000,00,2,5,13,A01
201200011705,0,31,000,00,2,2,01,B01
201200011706,0,02,000,00,2,1,17,B01
201200011706,0,07,000,00,2,3,09,A01
201200011707,0,07,000,00,1,4,20,A01
201200011708,0,07,000,00,0,3,01,B01
201200011708,0,32,000,00,2,3,17,A01
201200011709,0,07,000,03,2,5,23,B01
201200011709,0,10,000,00,2,1,01,A01
201200011710,0,10,000,00,2,1,01,B01
201200011710,0,02,000,00,2,1,01,A01
201200011711,0,38,002,00,1,1,01,A01
201200011712,0,10,000,00,1,1,01,A01
201200011713,0,07,000,00,2,2,16,A01
201200011713,0,10,000,00,2,3,01,B01
201200011714,0,37,004,00,2,3,01,A01
201200011714,0,07,000,00,2,3,05,B01
201200011715,0,07,000,00,2,0,01,B01
201200011715,0,07,000,00,2,1,01,A01
201200011716,0,02,000,00,2,1,01,A01
201200011716,0,07,000,00,2,8,15,B01
201200011717,0,07,000,00,2,3,15,A01
201200011717,0,37,026,00,2,2,07,B01
201200011718,0,07,000,00,2,1,01,A01
201200011718,0,07,000,00,2,4,01,B01
201200011719,0,07,000,00,2,1,01,A01
201200011719,0,02,000,00,2,1,00,B01
201200011720,0,02,000,00,2,4,01,B01
201200011720,0,07,000,00,2,1,01,C01
201200011720,0,07,000,00,2,1,02,A01
201200011721,0,31,000,00,2,4,02,B01
201200011721,0,14,000,14,0,2,01,A01
201200011722,0,07,000,00,2,3,09,A01
201200011722,0,30,000,00,2,1,01,B01
201200011723,0,07,000,00,2,1,02,A01
201200011723,0,10,000,00,2,4,01,B01
201200011724,0,07,000,00,2,1,01,B01
201200011724,0,02,000,00,2,8,19,A01
201200011725,2,31,000,00,2,1,05,A01
201200011725,0,02,000,00,2,1,01,B01
201200011726,1,31,000,00,1,1,01,A01
201200011727,0,07,000,00,1,4,04,A01
201200011728,0,07,000,00,2,4,01,C01
201200011728,0,07,000,00,2,1,02,A01
201200011728,0,07,000,00,2,4,02,B01
201200011729,0,33,000,00,2,1,01,A01
201200011729,0,07,000,00,2,8,11,B01
201200011730,0,33,000,00,2,4,01,B01
201200011730,0,07,000,00,2,1,01,A01
201200011731,0,07,000,00,2,1,02,A01
201200011731,0,07,000,00,2,4,01,B01
201200011732,0,02,000,00,2,8,07,A01
201200011732,0,07,000,00,2,2,16,B01
201200011733,0,07,000,00,1,1,01,A01
201200011734,0,14,000,00,2,2,01,B01
201200011734,0,07,000,00,2,3,01,A01
201200011735,0,07,000,00,1,3,15,A01
201200011736,0,02,000,00,2,4,23,B01
201200011736,0,10,000,00,2,1,02,A01
201200011737,0,07,000,00,2,1,01,B01
201200011737,0,07,000,00,2,1,05,A01
201200011738,0,30,000,00,2,1,01,B01
201200011738,0,07,000,00,2,2,15,A01
201200011739,0,02,000,00,2,8,01,B01
201200011739,0,07,000,00,2,3,15,A01
201200011740,0,07,000,00,2,8,15,A01
201200011740,0,37,002,00,2,2,01,B01
201200011741,0,07,000,00,2,3,02,A01
201200011741,0,07,000,00,2,7,16,B01
201200011742,0,07,000,00,2,4,01,A01
201200011742,0,07,000,00,2,1,01,E01
201200011742,0,07,000,00,2,4,01,B01
201200011742,0,07,000,00,2,4,01,C01
201200011742,0,07,000,00,2,1,01,D01
201200011743,0,07,000,00,2,1,01,A01
201200011743,0,10,000,01,2,2,01,B01
201200011744,0,30,000,00,2,6,09,B01
201200011744,0,30,000,00,2,7,01,A01
201200011745,0,31,000,00,0,0,01,A01
201200011746,0,01,000,00,2,8,01,C01
201200011746,0,07,000,00,2,2,01,A01
201200011746,0,07,000,00,2,1,02,B01
201200011747,0,03,000,00,2,1,02,A01
201200011747,0,07,000,00,2,4,02,B01
201200011748,0,33,000,00,0,7,01,A01
201200011749,0,07,000,00,2,4,01,B01
201200011749,0,10,000,00,2,1,01,A01
201200011750,0,32,000,00,2,2,17,B01
201200011750,0,32,000,00,2,1,21,C01
201200011750,0,07,000,00,2,6,15,A01
201200011751,0,02,000,00,2,1,01,B01
201200011751,0,07,000,00,2,1,15,A01
201200011752,1,14,000,00,2,1,01,A01
201200011752,0,07,000,00,2,2,01,B01
201200011753,0,31,000,00,2,1,01,B01
201200011753,0,07,000,00,2,1,15,A01
201200011754,0,30,000,00,1,1,01,A01
201200011755,0,07,000,00,1,0,01,A01
201200011756,0,30,000,00,2,3,01,A01
201200011756,0,10,000,00,2,7,09,B01
201200011757,0,02,000,00,2,1,01,A01
201200011757,0,07,000,00,2,4,20,B01
201200011758,0,14,000,00,2,4,01,C01
201200011758,0,07,000,00,2,4,01,B01
201200011758,0,07,000,00,2,1,01,A01
201200011759,0,10,000,00,1,4,04,A01
201200011760,0,07,000,00,2,1,02,A01
201200011760,0,07,000,00,2,4,01,C01
201200011760,0,07,000,00,2,4,02,B01
201200011761,0,07,000,00,2,4,02,B01
201200011761,0,30,000,00,2,1,02,A01
201200011762,0,07,000,00,2,8,01,A01
201200011762,0,02,000,00,2,1,01,B01
201200011763,0,10,000,00,2,1,15,A01
201200011763,0,33,000,00,2,1,01,B01
201200011764,0,07,000,00,1,2,01,A01
201200011765,0,07,000,00,2,4,01,B01
201200011765,0,15,000,00,2,1,01,A01
201200011766,0,07,000,00,2,8,11,A01
201200011766,0,30,000,01,2,1,01,B01
201200011767,0,07,000,00,1,2,01,A01
201200011768,0,07,000,09,2,1,00,A01
201200011768,0,07,000,00,2,6,00,B01
201200011769,0,07,000,00,2,1,15,A01
201200011769,0,33,000,00,2,7,17,B01
201200011770,0,30,000,00,2,2,01,A01
201200011770,0,07,000,00,2,3,15,B01
201200011771,0,07,000,00,2,5,01,B01
201200011771,0,30,000,00,2,1,01,A01
201200011772,0,07,000,00,1,3,15,A01
201200011773,0,07,000,00,2,1,15,A01
201200011773,0,31,000,00,2,1,01,B01
201200011774,0,07,000,00,1,3,01,A01
201200011775,0,07,000,00,2,3,01,B01
201200011775,0,07,000,00,2,1,01,A01
201200011776,0,07,000,00,2,2,15,A01
201200011776,0,01,000,00,2,1,01,B01
201200011777,0,07,000,00,2,1,02,A01
201200011777,0,10,000,00,2,4,01,B01
201200011778,0,02,000,00,2,4,15,B01
201200011778,0,10,000,00,2,8,15,A01
201200011779,0,07,000,00,2,1,01,A01
201200011779,0,07,000,00,2,4,01,B01
201200011780,0,31,000,00,2,4,01,B01
201200011780,0,07,000,00,2,3,01,A01
201200011781,0,07,000,00,2,7,01,C01
201200011781,0,07,000,00,2,8,23,A01
201200011781,0,02,000,00,2,9,01,B01
201200011782,0,31,000,00,2,7,00,A01
201200011782,0,07,000,00,2,7,01,B01
201200011783,2,31,000,00,2,1,01,B01
201200011783,1,07,000,00,2,1,15,Z01
201200011784,0,31,000,00,2,4,15,B01
201200011784,0,07,000,00,2,1,02,A01
201200011785,0,07,000,00,2,3,15,A01
201200011785,0,02,000,00,2,1,01,B01
201200011786,0,31,000,00,1,1,01,A01
201200011787,0,07,000,00,2,4,01,B01
201200011787,0,07,000,01,2,1,01,A01
201200011788,0,31,000,00,1,1,17,A01
201200011789,0,07,000,00,1,1,01,A01
201200011790,0,30,000,00,1,1,01,A01
201200011791,0,07,000,00,2,4,01,C01
201200011791,0,07,000,00,2,9,01,B01
201200011791,0,07,000,00,2,1,01,A01
201200011792,0,01,000,00,2,1,00,A01
201200011792,0,33,000,00,2,1,00,B01
201200011793,0,07,000,00,2,3,01,A01
201200011793,0,10,000,00,2,6,15,B01
201200011794,0,02,000,00,2,0,00,A01
201200011794,0,02,000,00,2,4,07,B01
201200011795,0,01,000,00,2,1,01,B01
201200011795,0,10,000,00,2,7,16,A01
201200011796,0,10,000,00,1,1,01,A01
201200011797,0,07,000,00,2,1,01,A01
201200011797,0,02,000,00,2,2,01,B01
201200011798,0,33,000,14,0,1,03,A01
201200011798,0,07,000,00,2,5,23,B01
201200011798,0,07,000,00,2,6,23,C01
201200011799,0,07,000,00,1,4,04,A01
201200011800,0,02,000,00,2,1,01,A01
201200011800,0,07,000,00,2,1,01,B01
201200011801,0,31,000,00,1,1,01,A01
201200011802,0,07,000,00,1,3,15,A01
201200011803,0,07,000,00,2,4,23,B01
201200011803,0,07,000,00,2,1,01,A01
201200011804,0,07,000,00,2,3,09,A01
201200011804,0,02,000,00,2,1,01,B01
201200011805,0,07,000,00,2,8,01,B01
201200011805,0,07,000,00,2,1,01,A01
201200011806,0,07,000,00,1,2,15,A01
201200011807,0,07,000,14,0,1,00,A01
201200011808,0,07,000,00,2,1,15,A01
201200011808,0,01,000,00,2,1,01,B01
201200011809,0,33,000,00,2,4,23,B01
201200011809,0,07,000,00,2,1,02,A01
201200011809,0,07,000,00,2,1,01,C01
201200011810,0,02,000,00,1,1,01,A01
201200011811,0,02,000,00,2,1,02,A01
201200011811,0,07,000,00,2,4,23,B01
201200011812,0,31,000,00,1,1,01,A01
201200011813,0,10,000,00,2,1,02,A01
201200011813,0,07,000,00,2,4,23,B01
201200011814,1,02,000,00,1,1,01,A01
201200011815,0,07,000,00,2,2,16,A01
201200011815,0,01,000,00,2,1,01,B01
201200011816,0,31,000,00,2,1,17,A01
201200011816,0,10,000,00,2,8,15,B01
201200011817,0,07,000,08,2,1,01,B01
201200011817,0,07,000,00,2,3,06,A01
201200011818,0,07,000,00,2,1,13,A01
201200011818,0,07,000,00,2,1,01,B01
201200011819,0,33,000,00,2,4,23,B01
201200011819,0,07,000,00,2,2,01,A01
201200011820,0,30,000,00,2,7,13,A01
201200011820,0,37,001,00,2,1,01,B01
201200011821,0,10,000,08,0,1,01,A01
201200011822,0,07,000,03,0,0,01,A01
201200011823,0,07,000,00,2,2,16,A01
201200011823,0,33,000,00,2,3,00,B01
201200011824,0,10,000,00,2,2,15,A01
201200011824,0,33,000,00,2,1,01,B01
201200011825,0,02,000,00,2,1,01,A01
201200011825,0,10,000,00,2,4,01,B01
201200011826,0,07,000,00,2,2,09,B01
201200011826,0,02,000,00,2,1,01,C01
201200011826,0,32,000,00,2,1,01,A01
201200011827,0,07,000,01,1,2,11,A01
201200011828,0,10,000,00,2,4,23,B01
201200011828,0,34,000,14,0,1,01,A01
201200011829,0,10,000,00,2,3,09,A01
201200011829,0,33,000,00,2,7,01,B01
201200011830,0,07,000,00,2,2,12,A01
201200011830,0,33,000,00,2,3,01,B01
201200011831,0,31,000,00,2,4,01,B01
201200011831,0,07,000,00,2,1,01,A01
201200011832,0,07,000,00,2,1,01,A01
201200011832,0,07,000,00,2,6,00,B01
201200011833,0,07,000,08,0,7,14,A01
201200011834,0,30,000,00,2,1,01,A01
201200011834,0,32,000,00,2,7,01,B01
201200011835,0,07,000,00,2,4,02,B01
201200011835,0,07,000,00,2,1,01,A01
201200011836,0,30,000,00,2,1,01,B01
201200011836,0,07,000,00,2,8,06,A01
201200011837,0,33,000,00,1,1,01,A01
201200011838,0,07,000,00,2,5,15,B01
201200011838,0,02,000,00,2,1,01,A01
201200011839,0,07,000,00,2,1,01,B01
201200011839,0,07,000,00,2,8,01,A01
201200011840,0,07,000,00,2,3,09,B01
201200011840,0,33,000,00,2,1,01,A01
201200011841,0,10,000,01,1,1,01,A01
201200011842,0,02,000,00,2,3,00,A01
201200011842,0,37,001,00,2,5,01,B01
201200011843,0,07,000,00,2,7,00,B01
201200011843,0,30,000,06,2,2,00,A01
201200011844,0,07,000,00,2,2,15,A01
201200011844,0,01,000,00,2,5,15,B01
201200011845,0,07,000,00,2,1,02,B01
201200011845,0,10,000,00,2,1,02,A01
201200011845,0,07,000,00,2,4,02,C01
201200011846,0,07,000,00,2,6,10,B01
201200011846,0,31,000,00,2,1,02,A01
201200011847,0,07,000,00,2,2,15,B01
201200011847,0,01,000,00,2,8,08,A01
201200011848,0,07,000,00,2,3,02,C01
201200011848,0,07,000,00,2,4,02,B01
201200011848,0,10,000,00,2,1,02,A01
201200011849,0,07,000,00,2,2,14,A01
201200011849,0,32,000,00,2,6,01,B01
201200011850,0,02,000,00,1,1,05,A01
201200011851,0,07,000,00,2,0,00,B01
201200011851,0,33,000,00,2,1,01,A01
201200011852,0,07,000,00,2,2,01,A01
201200011853,0,07,000,00,2,1,15,A01
201200011853,0,02,000,00,2,2,01,B01
201200011854,0,07,000,00,2,8,01,B01
201200011854,0,07,000,00,2,1,00,A01
201200011855,0,10,000,00,2,1,01,B01
201200011855,0,30,000,00,2,1,19,A01
201200011856,0,07,000,00,2,1,01,A01
201200011856,0,07,000,00,2,4,01,B01
201200011857,0,07,000,00,2,1,01,A01
201200011857,0,07,000,00,2,4,23,B01
201200011858,0,07,000,00,1,1,15,A01
201200011859,0,07,000,00,2,1,01,C01
201200011859,0,07,000,00,2,4,01,A01
201200011859,0,07,000,00,2,3,01,D01
201200011859,0,07,000,00,2,4,02,B01
201200011860,0,10,000,00,1,4,04,A01
201200011861,0,30,000,00,2,1,02,A01
201200011861,0,07,000,00,2,4,02,B01
201200011862,0,30,000,00,2,1,13,A01
201200011862,0,07,000,00,2,1,01,B01
201200011863,0,07,000,00,2,1,02,A01
201200011863,0,07,000,00,2,6,01,B01
201200011864,0,07,000,00,2,1,01,A01
201200011864,0,07,000,00,2,1,01,B01
201200011865,0,02,000,00,2,9,01,A01
201200011865,0,07,000,00,2,1,01,B01
201200011866,0,07,000,01,2,8,01,B01
201200011866,0,07,000,00,2,1,01,A01
201200011867,0,07,000,00,1,2,00,A01
201200011868,0,07,000,00,2,2,15,A01
201200011868,0,02,000,00,2,1,01,B01
201200011869,0,33,000,00,2,7,17,B01
201200011869,0,07,000,00,2,6,15,A01
201200011870,0,07,000,00,2,3,01,C01
201200011870,0,07,000,00,2,5,15,A01
201200011870,0,33,000,00,2,1,01,B01
201200011871,0,10,000,00,2,0,15,B01
201200011871,0,30,000,00,2,2,01,A01
201200011872,0,02,000,00,2,1,01,B01
201200011872,0,07,000,00,2,7,01,A01
201200011873,0,07,000,00,2,3,19,A01
201200011873,0,31,000,01,2,1,17,B01
201200011874,0,30,000,00,2,1,01,A01
201200011874,0,07,000,00,2,2,15,B01
201200011875,0,07,000,00,2,1,01,A01
201200011875,0,31,000,00,2,4,02,B01
201200011876,0,31,000,00,2,1,02,A01
201200011876,0,10,000,00,2,6,01,B01
201200011877,0,07,000,00,2,4,01,A01
201200011877,0,30,000,00,2,3,01,B01
201200011878,0,31,000,00,2,8,01,B01
201200011878,0,07,000,00,2,1,15,A01
201200011879,0,07,000,00,1,1,01,A01
201200011880,0,07,000,00,1,2,01,A01
201200011881,0,07,000,00,2,1,01,A01
201200011882,0,07,000,00,1,1,01,A01
201200011883,0,07,000,00,2,6,13,A01