Num_Acc,senc,catv,occutc,obs,obsm,choc,manv,num_veh
201200011883,0,33,000,00,2,1,01,B01
201200011884,0,07,000,00,2,1,01,A01
201200011884,0,07,000,03,2,8,05,B01
201200011885,0,07,000,00,2,3,01,A01
201200011886,0,10,000,00,2,1,02,A01
201200011886,0,10,000,00,2,4,01,C01
201200011886,0,07,000,00,2,4,02,B01
201200011887,0,02,000,00,2,1,01,B01
201200011887,0,07,000,00,2,1,20,A01
201200011888,0,07,000,00,2,1,01,B01
201200011888,0,02,000,00,2,6,01,A01
201200011889,0,07,000,00,2,5,01,A01
201200011889,0,07,000,00,2,2,01,B01
201200011890,0,38,001,00,2,4,24,C01
201200011890,0,07,000,00,2,3,15,A01
201200011890,0,30,000,00,2,1,01,B01
201200011891,0,10,000,00,1,1,16,A01
201200011892,0,07,000,00,2,2,20,A01
201200011892,0,02,000,00,2,1,17,B01
201200011893,0,10,000,00,2,1,15,A01
201200011894,0,07,000,00,2,1,01,B01
201200011894,0,07,000,00,2,7,15,A01
201200011895,0,02,000,00,2,3,14,A01
201200011895,0,07,000,00,2,2,14,B01
201200011896,0,07,000,00,2,8,15,A01
201200011896,0,33,000,00,2,1,17,B01
201200011897,0,31,000,00,1,1,00,A01
201200011898,0,02,000,00,1,0,01,A01
201200011899,0,30,000,00,1,1,01,A01
201200011900,0,07,000,00,2,1,01,A01
201200011901,0,07,000,00,2,1,00,B01
201200011901,0,07,000,00,2,3,00,A01
201200011902,0,32,000,04,0,9,00,A01
201200011903,0,10,000,00,2,1,15,B01
201200011903,0,07,000,00,2,5,01,A01
201200011904,0,07,000,00,2,3,00,B01
201200011904,0,07,000,00,2,3,00,A01
201200011905,0,07,000,04,2,6,01,B01
201200011905,0,07,000,00,2,2,21,A01
201200011906,0,32,000,00,2,1,01,A01
201200011906,0,07,000,00,2,1,23,C01
201200011906,0,07,000,00,2,1,01,B01
201200011907,0,02,000,00,2,1,00,A01
201200011907,0,10,000,00,2,6,15,B01
201200011908,0,37,018,14,0,1,01,A01
201200011908,0,07,000,14,2,4,02,B01
201200011908,0,07,000,00,2,4,02,C01
201200011909,0,07,000,00,2,2,01,A01
201200011909,0,34,000,00,2,5,01,B01
201200011910,0,10,000,00,2,1,10,A01
201200011910,0,33,000,00,2,1,01,B01
201200011911,0,07,000,00,1,1,01,A01
201200011912,0,07,000,00,0,0,00,B01
201200011912,0,31,000,00,2,8,00,A01
201200011913,0,01,000,00,1,1,01,A01
201200011914,0,33,000,00,2,2,01,B01
201200011914,0,33,000,00,2,3,09,A01
201200011915,0,07,000,00,2,3,01,B01
201200011915,0,14,000,00,2,1,15,A01
201200011916,0,07,000,00,2,2,15,A01
201200011916,0,07,000,00,2,1,15,B01
201200011917,0,07,000,00,2,1,01,B01
201200011917,0,07,000,00,2,2,01,A01
201200011918,0,31,000,00,2,1,17,B01
201200011918,0,07,000,00,2,6,15,A01
201200011919,0,07,000,00,2,8,00,A01
201200011919,0,01,000,00,2,1,01,B01
201200011920,0,07,000,00,2,2,15,A01
201200011920,0,30,000,00,2,1,13,B01
201200011921,0,33,000,00,2,2,01,B01
201200011921,0,07,000,00,2,1,00,A01
201200011922,0,07,000,00,1,1,15,A01
201200011923,0,07,000,00,2,3,01,A01
201200011924,0,07,000,03,0,1,21,A01
201200011925,0,07,000,00,2,7,15,B01
201200011925,1,10,000,00,2,1,01,Z01
201200011925,0,07,000,00,2,4,01,A01
201200011926,0,32,000,01,0,1,14,A01
201200011927,0,07,000,00,2,7,13,A01
201200011927,0,33,000,00,2,1,01,B01
201200011928,0,07,000,00,1,1,01,A01
201200011929,0,07,000,00,2,8,15,B01
201200011929,0,02,000,00,2,2,17,A01
201200011930,0,07,000,00,1,1,01,A01
201200011931,0,07,000,00,2,1,01,A01
201200011932,0,33,000,00,1,1,21,A01
201200011933,0,07,000,00,2,6,01,B01
201200011933,0,07,000,00,2,1,01,A01
201200011934,0,07,000,00,1,2,15,A01
201200011935,0,07,000,00,1,7,01,A01
201200011936,2,07,000,00,2,1,15,A01
201200011936,0,31,000,01,2,8,01,B01
201200011937,0,33,000,00,2,8,01,B01
201200011937,0,07,000,00,2,1,15,A01
201200011938,0,30,000,00,2,1,01,A01
201200011938,0,15,000,00,2,7,09,B01
201200011939,0,07,000,00,2,1,15,A01
201200011939,0,31,000,00,2,1,01,B01
201200011940,0,07,000,00,2,6,13,A01
201200011940,0,33,000,00,2,2,01,B01
201200011941,0,07,000,00,2,1,01,B01
201200011941,0,02,000,00,2,1,01,A01
201200011942,0,07,000,00,2,3,15,B01
201200011942,0,02,000,00,2,1,01,A01
201200011943,0,07,000,00,2,6,19,A01
201200011943,0,33,000,00,2,3,01,B01
201200011944,0,10,000,00,2,2,01,A01
201200011944,0,07,000,00,2,6,23,B02
201200011945,0,07,000,00,2,1,16,A01
201200011945,0,02,000,00,2,1,05,B02
201200011946,0,33,000,00,2,7,17,B02
201200011946,0,07,000,00,2,6,11,A01
201200011947,0,10,000,00,2,7,15,A01
201200011947,0,31,000,00,2,1,01,B02
201200011948,0,07,000,00,2,1,01,B02
201200011948,0,10,000,00,2,3,13,A01
201200011949,0,07,000,00,2,1,01,B02
201200011949,0,07,000,00,2,1,13,A01
201200011950,0,33,000,16,0,1,01,A01
201200011951,0,30,000,06,0,1,01,A01
201200011952,0,02,000,00,2,1,01,B02
201200011952,0,07,000,00,2,2,15,A01
201200011953,0,07,000,00,1,2,01,A01
201200011954,0,07,000,00,2,3,01,B02
201200011954,0,07,000,00,2,7,09,A01
201200011955,0,07,000,01,0,3,05,A01
201200011955,0,10,000,00,2,3,24,B02
201200011956,0,07,000,00,2,1,01,A01
201200011956,0,07,000,00,2,1,13,B02
201200011957,0,07,000,00,2,1,01,B02
201200011957,0,07,000,00,2,1,13,A01
201200011958,0,07,000,00,0,5,01,B02
201200011958,0,07,000,00,2,1,02,A01
201200011959,0,10,000,00,2,1,01,C03
201200011959,0,07,000,00,0,7,01,B02
201200011959,0,07,000,00,2,3,17,A01
201200011960,1,17,000,00,2,3,01,A01
201200011960,0,07,000,00,2,3,01,B02
201200011961,0,07,000,14,0,8,01,A01
201200011962,0,07,000,02,0,7,00,A01
201200011963,0,07,000,00,1,1,01,A01
201200011964,0,33,000,15,0,1,01,A01
201200011965,0,07,000,13,0,1,02,C03
201200011965,0,07,000,00,2,1,01,B02
201200011965,0,07,000,00,2,1,01,A01
201200011966,0,07,000,16,0,9,01,A01
201200011967,0,01,000,00,0,0,09,A01
201200011967,0,07,000,00,2,1,02,B02
201200011968,0,07,000,00,0,1,05,A01
201200011968,0,07,000,00,2,1,01,C03
201200011968,0,07,000,00,2,3,01,B02
201200011969,0,33,000,00,2,1,01,A01
201200011969,0,03,000,00,2,1,15,B02
201200011969,0,02,000,00,2,0,01,C03
201200011970,0,07,000,02,0,3,01,A01
201200011971,0,30,000,01,0,1,01,A01
201200011972,0,20,000,02,0,1,14,A01
201200011973,0,07,000,00,1,1,01,A01
201200011974,0,37,001,00,1,7,01,A01
201200011975,0,07,000,00,2,6,15,A01
201200011975,0,30,000,00,2,1,00,B01
201200011976,0,07,000,00,1,4,04,A01
201200011977,1,07,000,00,0,3,01,X01
201200011977,0,33,000,00,2,1,01,A01
201200011977,0,10,000,00,0,6,01,B01
201200011978,0,30,000,13,0,7,01,A01
201200011979,0,17,000,00,9,6,01,C01
201200011979,0,32,000,00,2,7,17,A01
201200011979,0,07,000,00,2,3,01,B01
201200011980,0,07,000,00,1,3,01,A01
201200011981,0,01,000,00,2,1,01,A01
201200011981,0,01,000,00,2,6,01,B01
201200011982,0,33,000,00,2,1,02,A01
201200011982,0,10,000,00,0,6,23,B01
201200011983,0,10,000,00,1,1,01,A01
201200011984,0,07,000,00,0,3,09,A01
201200011984,0,01,000,00,0,5,01,B01
201200011985,0,02,000,00,2,1,13,A01
201200011985,0,07,000,00,0,2,01,B01
201200011986,0,07,000,00,1,4,04,A01
201200011987,0,07,000,00,2,3,01,B01
201200011987,0,07,000,00,2,3,15,A01
201200011988,0,07,000,00,2,1,01,A01
201200011988,0,01,000,00,2,5,01,B01
201200011989,0,07,000,15,0,3,01,A01
201200011990,0,07,000,00,2,3,01,B01
201200011990,0,33,000,00,2,1,13,A01
201200011991,0,31,000,00,2,6,13,A01
201200011991,0,01,000,00,2,3,01,B01
201200011992,0,07,000,00,1,1,01,A01
201200011993,0,07,000,00,2,5,15,A01
201200011993,0,33,000,00,2,1,01,B01
201200011994,0,32,000,00,2,1,05,A01
201200011994,0,07,000,00,2,3,15,B01
201200011995,0,01,000,00,2,8,01,B01
201200011995,0,07,000,00,2,7,01,A01
201200011996,0,07,000,15,2,7,01,B01
201200011996,0,07,000,00,2,7,01,A01
201200011997,0,10,000,00,2,3,09,A01
201200011997,0,02,000,00,2,7,01,B01
201200011998,0,07,000,00,2,5,15,A01
201200011998,0,01,000,00,2,1,01,B01
201200011999,0,07,000,13,0,1,01,A01
201200012000,0,10,000,00,1,4,04,A01
201200012001,0,07,000,14,2,9,06,A01
201200012001,0,07,000,00,2,8,01,B01
201200012001,0,07,000,00,2,1,01,C01
201200012002,0,07,000,00,1,2,01,A01
201200012003,0,07,000,00,0,1,01,B02
201200012003,0,07,000,00,0,2,01,C03
201200012003,0,07,000,00,0,1,13,A01
201200012004,0,07,000,16,0,2,00,B02
201200012004,0,07,000,16,0,0,13,A01
201200012004,0,07,000,00,2,3,01,C03
201200012005,0,07,000,00,2,1,01,B02
201200012005,0,07,000,00,2,1,13,A01
201200012006,0,07,000,00,1,2,00,A01
201200012007,0,33,000,15,0,1,01,A01
201200012008,0,33,000,00,0,7,01,A01
201200012009,0,33,000,00,2,2,01,B02
201200012009,0,07,000,00,2,3,15,A01
201200012010,0,34,000,00,2,1,01,B02
201200012010,0,07,000,00,2,3,09,A01
201200012011,0,07,000,00,2,3,01,C03
201200012011,0,07,000,00,2,3,13,A01
201200012011,0,07,000,00,2,3,01,B02
201200012012,0,07,000,00,1,5,04,A01
201200012013,0,07,000,06,0,2,01,A01
201200012014,0,07,000,00,2,1,15,A01
201200012014,0,07,000,00,2,3,01,B01
201200012015,0,07,000,00,2,1,11,A01
201200012015,0,07,000,00,2,3,01,B01
201200012016,0,07,000,00,2,1,01,A01
201200012016,0,07,000,00,2,1,01,B01
201200012017,0,07,000,00,9,3,11,A01
201200012017,0,01,000,01,2,1,01,C01
201200012017,0,07,000,00,9,3,23,B01
201200012018,0,07,000,00,2,2,11,A01
201200012018,0,01,000,00,2,1,01,B01
201200012019,0,02,000,01,0,1,02,A01
201200012020,0,07,000,00,2,7,11,A01
201200012020,0,07,000,00,2,2,01,B01
201200012021,0,07,000,00,2,1,13,A01
201200012021,0,07,000,00,2,1,00,B01
201200012022,0,07,000,00,2,1,13,A01
201200012022,0,07,000,00,2,1,01,B01
201200012023,0,07,000,00,0,3,15,B01
201200012023,0,31,000,00,0,1,17,A01
201200012024,0,07,000,15,1,1,01,A01
201200012025,0,33,000,00,2,1,02,B01
201200012025,0,10,000,00,2,2,15,A01
201200012026,0,07,000,00,2,3,17,A01
201200012026,0,02,000,00,2,3,15,B01
201200012027,0,10,000,00,0,2,00,A01
201200012028,0,30,000,00,2,2,02,B01
201200012028,0,07,000,00,2,1,15,A01
201200012029,0,02,000,11,2,1,01,A01
201200012029,0,07,000,00,2,3,01,B01
201200012030,0,07,000,00,1,2,01,A01
201200012031,0,07,000,00,2,1,01,B01
201200012031,0,07,000,03,2,8,15,A01
201200012032,0,33,000,00,0,0,18,A01
201200012033,0,07,000,00,0,6,01,A01
201200012033,0,01,000,00,2,1,01,B01
201200012034,0,07,000,00,1,1,00,A01
201200012035,0,07,000,00,2,1,01,C03
201200012035,0,07,000,00,0,6,01,B02
201200012035,0,33,000,00,2,1,13,A01
201200012036,0,07,000,00,2,1,01,A01
201200012036,0,07,000,00,2,8,15,B02
201200012037,0,07,000,00,1,2,20,A01
201200012038,0,07,000,00,2,3,05,A01
201200012038,0,07,000,00,2,3,01,B02
201200012039,0,30,000,00,2,1,15,A01
201200012039,0,07,000,00,2,1,01,B02
201200012040,0,07,000,00,2,1,01,B02
201200012040,0,07,000,00,2,1,13,A01
201200012041,0,07,000,00,2,6,01,B02
201200012041,0,02,000,00,2,1,01,A01
201200012042,0,07,000,00,2,1,01,B02
201200012042,0,07,000,00,2,1,13,A01
201200012042,0,07,000,00,2,2,01,C03
201200012043,0,07,000,00,2,1,01,B02
201200012043,0,21,000,00,2,1,15,A01
201200012044,0,07,000,00,2,1,01,B02
201200012044,0,07,000,00,2,1,13,A01
201200012045,0,07,000,08,0,1,01,A01
201200012046,0,07,000,00,2,1,01,A01
201200012046,0,37,001,00,2,3,01,B02
201200012047,0,07,000,06,0,2,01,A01
201200012048,0,07,000,02,0,1,14,A01
201200012049,0,07,000,04,0,1,01,A01
201200012050,0,07,000,00,0,4,01,A01
201200012050,0,07,000,00,2,1,21,B02
201200012051,0,07,000,00,2,6,23,B02
201200012051,0,07,000,00,2,4,23,C03
201200012051,0,07,000,11,2,1,02,A01
201200012052,0,10,000,00,2,2,17,A01
201200012052,0,15,000,00,0,6,01,B02
201200012053,0,17,000,00,2,6,01,C02
201200012053,0,07,000,00,2,2,01,B02
201200012053,0,07,000,00,2,2,13,A01
201200012054,0,15,000,00,0,0,01,A01
201200012054,0,33,000,00,0,0,03,B02
201200012055,0,07,000,13,2,2,17,A01
201200012055,0,07,000,13,2,6,02,B02
201200012056,0,07,000,13,0,2,01,A01
201200012057,0,17,000,00,2,8,01,B02
201200012057,0,07,000,00,2,2,14,A01
201200012058,0,07,000,13,0,3,01,A01
201200012059,0,07,000,13,0,2,14,A01
201200012060,0,07,000,00,2,2,02,A01
201200012060,0,07,000,03,2,6,02,B02
201200012061,0,07,000,00,2,2,01,B02
201200012061,0,07,000,00,2,2,14,A01
201200012062,0,17,000,00,2,8,01,B02
201200012062,0,07,000,13,0,3,21,C03
201200012062,0,07,000,04,2,3,01,A01
201200012063,0,07,000,04,0,1,00,A01
201200012064,0,07,000,00,2,1,02,B02
201200012064,0,07,000,14,2,3,01,C03
201200012064,0,07,000,14,2,7,21,D04
201200012064,0,07,000,00,2,4,04,A01
201200012065,0,07,000,00,5,1,01,A01
201200012066,0,07,000,14,0,1,02,K11
201200012066,0,07,000,14,0,1,01,F06
201200012066,0,10,000,14,0,1,00,L12
201200012066,0,07,000,14,0,1,01,J10
201200012066,0,10,000,14,0,1,01,D04
201200012066,0,10,000,14,0,1,01,B02
201200012066,0,15,000,00,2,8,01,I09
201200012066,0,17,000,03,0,7,00,A01
201200012066,0,07,000,14,0,1,00,G07
201200012066,0,10,000,14,0,1,01,E05
201200012066,0,07,000,14,0,1,02,H08
201200012066,0,07,000,14,0,1,01,C03
201200012067,0,07,000,00,2,2,02,A01
201200012067,0,31,000,00,2,4,02,B02
201200012068,0,07,000,00,2,1,13,A01
201200012068,0,07,000,00,2,1,01,B02
201200012069,0,31,000,00,0,0,01,A01
201200012070,0,02,000,12,0,1,01,A01
201200012071,0,07,000,00,2,2,01,A01
201200012071,0,01,000,00,2,3,19,B02
201200012072,0,21,000,00,2,6,15,A01
201200012072,0,07,000,00,2,1,17,B02
201200012073,0,07,000,03,0,8,13,A01
201200012074,0,07,000,00,2,1,01,B02
201200012074,0,07,000,00,2,1,13,A01
201200012075,0,07,000,00,2,5,24,B02
201200012075,0,02,000,01,0,1,01,A01
201200012076,0,33,000,00,0,0,17,A01
201200012077,0,02,000,00,2,1,13,A01
201200012077,0,07,000,00,2,1,13,B02
201200012078,0,15,000,08,2,3,01,B02
201200012078,0,07,000,00,2,3,13,A01
201200012079,0,07,000,00,2,0,15,A01
201200012079,0,33,000,00,2,0,01,B02
201200012080,0,07,000,00,2,1,01,A01
201200012080,0,07,000,00,2,6,15,B02
201200012081,0,07,000,02,2,2,01,A01
201200012082,0,01,000,00,2,1,15,A01
201200012082,0,10,000,00,2,2,01,B02
201200012083,0,07,000,,,4,00,B02
201200012083,0,07,000,00,2,1,02,A01
201200012084,2,07,000,00,2,1,02,A01
201200012084,0,07,000,00,0,4,01,B02
201200012085,0,07,000,00,2,3,13,A01
201200012085,0,14,000,00,2,3,01,B02
201200012086,0,33,000,00,1,3,01,A01
201200012087,0,07,000,00,2,1,01,A01
201200012087,0,07,000,00,2,1,01,B02
201200012088,0,07,000,00,2,1,15,A01
201200012088,0,07,000,01,2,1,01,B02
201200012088,0,07,000,00,2,1,23,C03
201200012089,0,33,000,00,9,3,01,A01
201200012089,0,01,000,00,2,3,01,B02
201200012090,0,07,000,00,2,2,15,B02
201200012090,0,30,000,00,2,1,01,A01
201200012091,0,07,000,00,2,3,19,A01
201200012091,0,07,000,00,2,1,01,B02
201200012092,0,07,000,06,0,1,01,A01
201200012093,0,07,000,00,2,5,20,A01
201200012093,0,30,000,00,2,1,01,B02
201200012094,0,07,000,00,2,1,05,A01
201200012094,0,07,000,00,2,1,17,B02
201200012095,0,07,000,00,9,3,15,A01
201200012095,0,01,000,00,2,1,01,B02
201200012096,0,07,000,14,0,1,01,A01
201200012097,0,02,000,03,0,9,01,A01
201200012098,0,07,000,11,2,2,01,A01
201200012098,0,07,000,00,2,2,01,B02
201200012099,0,07,000,00,2,2,13,A01
201200012099,0,07,000,00,2,3,01,B02
201200012100,0,10,000,00,0,7,15,A01
201200012100,0,31,000,00,2,1,01,B02
201200012101,0,07,000,00,2,3,01,B02
201200012101,0,07,000,00,2,2,15,A01
201200012102,0,01,000,00,2,5,15,A01
201200012102,0,07,000,00,2,2,01,B02
201200012103,0,07,000,00,2,1,15,B02
201200012103,0,32,000,00,2,7,01,A01
201200012104,0,10,000,00,2,4,04,A01
201200012104,0,02,000,00,2,1,01,B02
201200012105,0,07,000,00,2,8,15,B02
201200012105,0,31,000,00,2,1,01,A01
201200012106,0,07,000,02,0,1,16,A01
201200012107,0,07,000,13,0,3,13,A01
201200012108,0,07,000,00,2,3,13,A01
201200012108,0,07,000,00,2,3,01,B02
201200012109,0,07,000,00,0,2,10,A01
201200012109,0,07,000,00,2,1,21,B02
201200012109,0,15,000,00,0,2,24,C03
201200012110,0,07,000,02,0,9,01,A01
201200012111,0,07,000,13,0,9,01,A01
201200012112,0,07,000,00,2,7,16,A01
201200012112,0,07,000,00,2,1,01,B02
201200012113,0,38,023,13,0,2,14,A01
201200012114,0,15,000,03,0,2,01,A01
201200012115,0,33,000,16,0,9,14,A01
201200012116,0,15,000,00,2,6,02,B02
201200012116,0,10,000,00,2,2,02,A01
201200012117,0,07,000,03,0,2,00,A01
201200012118,0,07,000,00,2,2,17,A01
201200012118,0,15,000,00,2,6,01,B02
201200012119,0,07,000,00,0,0,01,A01
201200012120,0,07,000,00,0,0,01,A01
201200012121,0,07,000,00,0,0,01,A01
201200012122,0,07,000,04,0,3,13,A01
201200012123,0,17,000,03,0,2,14,A01
201200012124,0,07,000,00,2,3,01,B02
201200012124,0,07,000,00,2,1,01,D04
201200012124,0,07,000,00,2,3,05,A01
201200012124,0,07,000,00,2,1,01,C03
201200012125,0,07,000,16,0,9,01,A01
201200012126,0,07,000,04,0,2,19,A01
201200012127,0,14,000,03,0,2,14,A01
201200012128,0,07,000,10,0,1,00,A01
201200012129,0,10,000,00,2,1,01,A01
201200012129,0,07,000,00,2,4,02,B02
201200012130,0,07,000,00,2,2,17,A01
201200012130,0,07,000,00,2,8,01,B02
201200012131,0,07,000,03,0,8,01,A01
201200012132,0,15,000,00,2,3,01,A01
201200012132,0,10,000,00,2,5,01,B02
201200012133,0,07,000,13,0,1,01,A01
201200012134,0,07,000,04,0,3,17,A01
201200012135,0,33,000,03,0,1,01,A01
201200012136,0,07,000,00,2,1,01,A01
201200012136,0,10,000,00,0,4,01,B01
201200012137,0,07,000,04,2,1,02,A01
201200012137,0,07,000,00,0,0,00,B01
201200012138,0,07,000,04,0,1,13,A01
201200012139,0,07,000,00,2,1,02,A01
201200012139,0,17,000,00,2,5,02,B02
201200012140,0,07,000,13,0,0,00,A01
201200012141,0,07,000,04,0,2,01,A01
201200012142,0,07,000,00,2,1,02,A01
201200012142,0,07,000,00,0,4,23,B02
201200012143,0,10,000,03,0,2,01,A01
201200012144,0,07,000,04,0,9,01,A01
201200012145,0,10,000,00,2,4,17,A01
201200012145,0,33,000,00,2,1,03,B02
201200012146,0,07,000,04,0,0,01,A01
201200012147,0,07,000,04,0,3,01,A01
201200012148,0,07,000,03,0,2,01,A01
201200012149,0,07,000,00,2,8,01,A01
201200012149,0,07,000,00,0,4,02,B02
201200012149,0,07,000,00,2,4,02,C03
201200012149,0,07,000,00,0,4,02,D04
201200012150,0,07,000,00,2,8,12,A01
201200012150,0,07,000,00,2,6,01,B02
201200012151,0,07,000,04,0,4,01,A01
201200012151,0,38,002,00,2,2,21,B02
201200012152,0,07,000,04,0,3,01,A01
201200012153,0,10,000,00,2,1,01,A01
201200012153,0,10,000,00,0,4,01,B02
201200012154,0,15,000,00,2,1,02,A01
201200012154,0,07,000,04,2,4,02,C03
201200012155,0,07,000,14,2,1,21,A01
201200012156,0,07,000,00,2,2,17,A01
201200012156,0,07,000,04,2,6,01,B02
201200012156,0,07,000,00,9,1,01,C03
201200012157,0,07,000,00,2,1,05,A01
201200012157,0,17,000,00,2,3,01,B02
201200012158,0,07,000,00,2,1,02,B02
201200012158,0,07,000,00,0,4,02,A01
201200012159,0,07,000,14,2,3,01,B02
201200012159,0,07,000,00,2,1,01,C03
201200012159,0,14,000,03,2,3,01,A01
201200012160,0,07,000,04,0,3,01,A01
201200012161,0,07,000,00,2,1,02,B02
201200012161,0,07,000,00,0,4,02,A01
201200012162,0,07,000,04,0,3,00,A01
201200012163,0,10,000,00,0,5,00,B02
201200012163,0,07,000,00,2,3,00,A01
201200012164,0,15,000,00,2,4,00,B02
201200012164,0,07,000,04,2,8,12,A01
201200012165,0,07,000,00,2,1,01,A01
201200012165,0,17,000,00,0,4,01,B02
201200012166,0,07,000,00,2,5,11,B02
201200012166,0,17,000,00,2,3,01,A01
201200012167,0,07,000,00,0,9,00,A01
201200012168,0,07,000,03,0,7,01,A01
201200012169,0,10,000,00,2,3,01,A01
201200012169,0,17,000,00,0,5,01,B02
201200012170,0,07,000,00,0,9,01,A01
201200012171,0,07,000,00,2,3,00,A01
201200012171,0,17,000,00,2,3,00,B02
201200012172,0,15,000,00,2,3,01,B02
201200012172,0,10,000,06,0,3,05,A01
201200012173,0,07,000,00,2,2,01,A01
201200012173,0,17,000,00,0,6,01,B02
201200012174,0,07,000,00,2,5,14,A01
201200012174,0,15,000,00,2,6,00,B02
201200012175,0,07,000,13,0,1,01,A01
201200012176,0,07,000,00,2,1,02,A01
201200012176,0,07,000,00,2,4,02,B02
201200012177,0,07,000,00,2,2,17,B02
201200012177,0,07,000,00,2,6,01,A01
201200012178,0,07,000,00,2,0,17,A01
201200012178,0,33,000,00,2,8,01,B02
201200012179,0,07,000,13,0,9,14,A01
201200012180,0,07,000,00,0,3,01,A01
201200012181,0,17,000,13,0,2,14,A01
201200012182,0,07,000,03,0,7,01,A01
201200012182,0,07,000,00,2,1,02,B02
201200012182,0,17,000,00,2,3,01,C03
201200012183,0,10,000,00,2,2,14,A01
201200012183,0,07,000,00,0,6,01,B02
201200012184,0,17,000,01,0,2,21,A01
201200012184,0,07,000,00,2,6,24,C03
201200012185,0,17,000,03,2,8,01,A01
201200012185,0,34,000,00,2,7,17,B02
201200012185,0,07,000,00,2,1,01,C03
201200012185,0,07,000,00,2,1,01,D04
201200012185,0,07,000,00,2,8,01,E05
201200012185,0,07,000,00,2,8,01,F06
201200012185,0,07,000,00,2,1,01,G07
201200012186,0,07,000,00,0,8,15,A01
201200012186,0,17,000,00,2,2,01,B02
201200012187,0,07,000,00,2,2,03,A01
201200012187,0,15,000,00,0,0,01,B02
201200012188,0,07,000,04,2,1,03,A01
201200012188,0,15,000,00,0,0,01,B02
201200012189,0,07,000,00,2,2,02,A01
201200012189,0,07,000,00,0,4,02,B02
201200012190,0,14,000,00,0,4,02,B02
201200012190,0,14,000,00,0,1,02,A01
201200012191,0,10,000,00,0,7,01,A01
201200012192,0,07,000,03,0,1,01,A01
201200012192,0,07,000,00,2,1,02,B02
201200012192,0,07,000,00,2,1,01,C03
201200012193,0,14,000,00,2,3,01,B02
201200012193,0,10,000,03,2,1,01,A01
201200012194,0,07,000,00,2,1,13,B02
201200012194,1,14,000,00,2,0,00,Z01
201200012195,0,07,000,03,0,2,01,A01
201200012196,0,07,000,03,0,1,01,A01
201200012197,0,07,000,00,2,2,12,A01
201200012197,0,07,000,00,2,6,01,B02
201200012198,0,07,000,02,0,4,01,A01
201200012199,0,33,000,00,0,9,01,A01
201200012200,0,07,000,00,2,1,01,A01
201200012200,0,07,000,00,2,4,01,B02
201200012200,0,07,000,00,2,4,01,C03
201200012201,0,07,000,00,0,1,01,B02
201200012201,0,15,000,00,0,6,02,A01
201200012202,0,07,000,03,0,1,01,A01
201200012203,0,07,000,00,2,8,01,A01
201200012203,0,07,000,00,2,7,01,B02
201200012204,0,07,000,00,2,3,01,B02
201200012204,0,07,000,00,2,2,01,A01
201200012205,0,17,000,03,0,1,14,A01
201200012206,0,07,000,00,2,1,21,A01
201200012206,0,07,000,00,2,4,01,B02
201200012207,0,07,000,00,2,4,02,C03
201200012207,0,07,000,00,2,4,02,D04
201200012207,0,07,000,00,2,4,02,B02
201200012207,0,07,000,00,2,1,02,A01
201200012208,0,33,000,00,2,3,09,A01
201200012208,0,10,000,00,2,2,12,B02
201200012209,0,07,000,00,2,6,01,B02
201200012209,0,07,000,00,2,2,01,A01
201200012210,0,07,000,00,1,2,01,A01
201200012211,0,07,000,00,2,6,00,A01
201200012211,0,07,000,00,2,2,02,B02
201200012212,0,07,000,00,2,1,02,A01
201200012212,0,07,000,00,0,4,02,B02
201200012213,0,07,000,14,0,9,01,A01
201200012214,0,07,000,03,2,4,02,B02
201200012214,0,07,000,00,2,1,02,A01
201200012214,0,07,000,14,0,1,02,C03
201200012215,0,07,000,00,2,1,02,A01
201200012215,0,07,000,00,0,4,02,B02
201200012216,0,07,000,00,0,4,02,B02
201200012216,0,07,000,00,2,0,01,A01
201200012217,0,07,000,04,0,3,21,A01
201200012218,0,07,000,11,0,8,01,A01
201200012219,0,33,000,00,2,1,21,A01
201200012219,0,07,000,00,0,7,19,B02
201200012220,0,07,000,00,0,9,17,A01
201200012220,0,07,000,00,9,1,01,B02
201200012221,0,33,000,00,0,8,16,A01
201200012222,0,07,000,00,2,4,02,C03
201200012222,0,15,000,00,2,1,02,A01
201200012223,0,07,000,00,2,2,17,A01
201200012223,0,15,000,00,2,0,01,B02
201200012224,0,07,000,03,0,6,02,B02
201200012224,0,07,000,00,0,7,03,D04
201200012224,0,07,000,00,2,1,02,C03
201200012224,0,07,000,00,2,1,01,A01
201200012225,0,07,000,00,2,6,23,B02
201200012225,0,33,000,00,2,2,21,A01
201200012226,0,07,000,00,0,0,01,A01
201200012226,0,07,000,00,9,9,01,B02
201200012227,0,10,000,00,2,1,01,B02
201200012227,0,07,000,00,2,4,23,A01
201200012228,0,07,000,00,0,4,23,B02
201200012228,0,07,000,00,0,1,02,A01
201200012229,0,07,000,01,1,2,05,A01
201200012230,0,07,000,16,0,2,14,A01
201200012231,0,14,000,00,2,4,02,B02
201200012231,0,07,000,00,2,1,02,A01
201200012232,0,07,000,00,2,2,17,A01
201200012232,0,15,000,00,0,6,03,B02
201200012233,0,07,000,03,2,8,01,B02
201200012233,0,37,041,03,2,1,06,A01
201200012234,0,07,000,00,0,0,01,A01
201200012234,0,07,000,03,0,1,21,B02
201200012235,0,07,000,00,2,5,02,B02
201200012235,0,07,000,03,0,1,12,A01
201200012236,0,07,000,00,2,6,01,B02
201200012236,0,07,000,00,2,7,03,A01