Num_Acc,senc,catv,occutc,obs,obsm,choc,manv,num_veh
201200012237,0,07,000,13,0,2,14,A01
201200012238,0,07,000,00,0,0,00,C03
201200012238,0,07,000,00,0,0,00,D04
201200012238,0,07,000,00,0,0,00,B02
201200012238,0,07,000,01,2,0,21,A01
201200012239,0,07,000,00,6,1,01,A01
201200012240,0,10,000,00,0,4,01,C03
201200012240,0,07,000,13,0,0,21,B02
201200012240,0,07,000,00,0,1,12,A01
201200012241,0,07,000,04,2,7,01,B02
201200012241,0,17,000,04,2,8,13,A01
201200012242,0,17,000,00,0,6,01,B02
201200012242,0,07,000,00,2,2,01,A01
201200012243,0,17,000,00,0,6,02,B02
201200012243,0,07,000,00,2,1,03,A01
201200012244,0,07,000,14,0,1,01,D04
201200012244,0,15,000,14,0,1,00,C03
201200012244,0,15,000,00,0,0,09,A01
201200012244,0,07,000,00,9,7,01,B02
201200012245,0,07,000,06,2,1,14,A01
201200012245,0,14,000,00,2,5,02,B02
201200012246,0,15,000,00,2,2,12,B02
201200012246,0,07,000,03,0,6,01,A01
201200012247,0,07,000,00,2,3,01,A01
201200012247,0,07,000,00,0,4,01,B02
201200012248,0,07,000,00,2,1,13,A01
201200012248,0,07,000,00,2,3,01,B02
201200012249,0,07,000,04,0,0,01,A01
201200012250,0,07,000,03,0,1,12,A01
201200012251,0,10,000,03,0,2,14,A01
201200012252,0,33,000,13,0,1,01,A01
201200012253,0,31,000,00,0,0,01,A01
201200012254,0,10,000,00,2,3,01,B02
201200012254,0,07,000,00,2,2,11,A01
201200012255,0,07,000,00,2,2,01,C03
201200012255,0,07,000,00,2,6,01,B02
201200012255,0,07,000,03,2,3,13,A01
201200012256,0,07,000,13,0,1,01,A01
201200012257,0,07,000,13,0,2,14,A01
201200012258,0,07,000,13,0,9,21,A01
201200012259,0,07,000,13,0,1,00,A01
201200012260,0,10,000,00,0,6,01,B02
201200012260,0,07,000,04,2,2,12,A01
201200012261,0,07,000,03,0,9,12,A01
201200012261,0,07,000,00,2,2,01,B02
201200012262,0,17,000,00,2,8,11,C03
201200012262,0,07,000,04,2,2,01,A01
201200012262,0,07,000,00,2,1,01,B02
201200012263,0,07,000,04,0,3,01,A01
201200012264,0,07,000,00,2,6,02,B02
201200012264,0,33,000,00,2,1,02,A01
201200012265,0,07,000,00,2,2,01,A01
201200012265,0,17,000,00,2,0,01,B02
201200012266,0,07,000,00,6,3,01,A01
201200012266,0,07,000,00,6,9,01,B02
201200012266,0,07,000,00,2,1,01,C03
201200012267,0,10,000,00,2,1,21,H08
201200012267,0,10,000,00,2,1,21,A01
201200012267,0,07,000,00,0,3,01,F06
201200012267,0,10,000,00,2,2,21,G07
201200012267,0,07,000,00,0,4,21,C03
201200012267,0,07,000,00,2,1,21,E05
201200012267,0,07,000,00,2,2,21,D04
201200012267,0,15,000,00,2,6,01,B02
201200012268,0,07,000,03,2,9,17,A01
201200012268,0,07,000,00,2,1,01,C03
201200012268,0,17,000,00,2,7,01,B02
201200012269,0,07,000,01,0,0,21,C03
201200012269,0,15,000,00,2,4,01,B02
201200012269,0,15,000,00,2,1,02,A01
201200012270,0,07,000,13,0,2,14,A01
201200012271,0,17,000,04,0,1,14,A01
201200012272,0,07,000,00,2,4,02,B02
201200012272,0,07,000,00,2,4,02,C03
201200012272,0,07,000,00,2,1,13,A01
201200012272,0,17,000,00,2,6,02,D04
201200012273,0,17,000,00,2,5,01,B02
201200012273,0,07,000,00,2,3,01,A01
201200012274,0,07,000,00,2,3,02,A01
201200012274,0,17,000,00,2,5,02,B02
201200012275,0,15,000,00,0,6,01,B02
201200012275,0,07,000,03,2,1,13,A01
201200012276,0,07,000,00,0,3,17,A01
201200012276,0,07,000,00,0,3,01,B02
201200012277,0,07,000,00,2,2,21,B02
201200012277,0,07,000,00,2,2,13,A01
201200012278,0,02,000,00,2,8,01,A01
201200012279,0,07,000,00,2,1,01,A01
201200012279,0,07,000,00,2,3,19,B02
201200012280,0,07,000,00,2,1,01,B02
201200012280,0,07,000,11,2,1,13,A01
201200012281,0,07,000,00,2,1,00,B02
201200012281,0,31,000,00,2,1,15,A01
201200012282,0,07,000,12,0,1,21,A01
201200012283,0,07,000,00,2,1,01,A01
201200012284,0,07,000,03,0,1,00,A01
201200012285,0,07,000,04,0,3,01,A01
201200012286,0,07,000,04,0,3,01,A01
201200012287,0,10,000,03,0,6,01,B02
201200012287,0,10,000,00,2,2,14,A01
201200012288,0,15,000,00,2,5,02,B02
201200012288,0,07,000,00,2,1,02,A01
201200012289,0,07,000,04,0,3,21,A01
201200012290,0,07,000,04,0,3,13,A01
201200012291,0,07,000,00,0,0,23,B02
201200012291,0,07,000,00,2,1,02,A01
201200012292,0,07,000,04,0,3,01,A01
201200012292,0,07,000,00,2,1,21,B02
201200012292,0,17,000,00,2,8,01,C03
201200012293,0,17,000,01,0,2,01,A01
201200012293,0,07,000,00,0,6,24,B02
201200012294,0,17,000,04,0,2,14,A01
201200012295,0,07,000,03,0,1,14,A01
201200012296,0,07,000,00,2,1,02,A01
201200012297,0,07,000,00,1,3,21,A01
201200012298,0,07,000,03,0,3,13,A01
201200012299,0,07,000,03,2,3,21,A01
201200012299,0,07,000,00,2,6,20,B02
201200012300,0,10,000,03,0,0,00,A01
201200012301,0,07,000,04,0,1,01,A01
201200012302,0,07,000,00,2,2,17,A01
201200012302,1,17,000,00,2,6,00,B02
201200012303,0,17,000,00,0,0,01,C03
201200012303,0,10,000,00,2,2,14,A01
201200012303,0,17,000,00,2,6,01,B02
201200012304,0,07,000,03,2,2,01,B02
201200012304,0,17,000,00,0,0,01,A01
201200012305,0,17,000,03,2,3,06,A01
201200012305,0,07,000,00,2,3,17,B02
201200012306,0,10,000,00,2,2,01,A01
201200012306,0,17,000,00,2,6,01,B02
201200012307,0,07,000,16,0,2,14,A01
201200012308,0,07,000,00,0,6,02,A01
201200012308,0,07,000,00,2,2,14,B02
201200012309,0,07,000,08,0,1,09,A01
201200012310,0,07,000,04,0,1,00,A01
201200012311,0,07,000,00,2,6,01,B02
201200012311,0,07,000,00,2,2,17,A01
201200012312,0,14,000,00,2,4,02,A01
201200012312,0,07,000,00,2,1,02,B02
201200012313,0,15,000,13,0,2,01,A01
201200012314,0,07,000,13,0,2,14,A01
201200012315,0,07,000,00,2,1,11,A01
201200012315,0,07,000,00,2,4,01,B02
201200012316,0,30,000,00,0,7,01,A01
201200012317,0,33,000,00,0,7,01,A01
201200012318,0,07,000,00,2,3,15,B02
201200012318,0,07,000,08,0,3,16,A01
201200012319,1,14,000,00,1,1,01,A01
201200012320,0,07,000,00,1,7,01,A01
201200012321,0,07,000,00,2,2,17,A01
201200012321,0,02,000,00,0,4,01,B02
201200012321,0,07,000,00,2,3,01,C03
201200012322,0,07,000,13,0,2,01,A01
201200012323,0,33,000,00,1,1,01,A01
201200012324,0,07,000,01,1,3,01,A01
201200012325,0,33,000,01,2,1,21,B02
201200012325,0,07,000,00,2,4,20,A01
201200012326,0,07,000,09,0,5,21,A01
201200012327,0,33,000,02,0,1,01,A01
201200012328,0,30,000,00,2,1,01,A01
201200012328,0,07,000,00,2,4,02,B02
201200012329,0,33,000,03,0,2,01,A01
201200012330,0,30,000,00,2,8,15,A01
201200012330,0,07,000,00,2,1,01,B02
201200012331,0,33,000,15,0,1,14,A01
201200012332,0,10,000,00,2,6,09,A01
201200012332,0,10,000,00,2,9,12,B02
201200012333,0,14,000,00,2,6,01,B02
201200012333,0,10,000,03,2,2,17,A01
201200012334,0,07,000,00,2,1,02,A01
201200012334,0,07,000,00,2,4,01,B02
201200012335,0,07,000,00,2,1,02,A01
201200012335,0,07,000,00,2,4,23,B02
201200012336,0,17,000,00,0,0,02,B02
201200012336,0,10,000,00,2,2,02,A01
201200012337,0,34,000,00,2,1,01,A01
201200012337,0,07,000,00,2,3,23,B02
201200012338,0,07,000,00,2,1,16,A01
201200012338,0,07,000,00,2,7,15,B02
201200012339,0,02,000,00,1,1,17,A01
201200012340,0,07,000,00,0,8,00,B02
201200012340,0,07,000,00,0,0,00,C03
201200012340,0,07,000,00,0,0,00,D04
201200012340,0,07,000,06,0,0,00,A01
201200012341,0,07,000,00,2,2,01,B02
201200012341,0,17,000,00,2,8,11,A01
201200012342,0,07,000,05,0,1,00,A01
201200012343,0,07,000,04,0,8,21,B02
201200012343,0,15,000,00,2,8,11,A01
201200012344,0,07,000,04,0,3,01,A01
201200012345,0,33,000,01,0,1,01,B02
201200012345,0,07,000,04,0,8,13,A01
201200012346,0,07,000,04,0,1,01,A01
201200012347,0,07,000,00,2,6,01,B02
201200012347,0,07,000,00,2,2,17,A01
201200012348,0,38,001,00,2,6,01,B02
201200012348,0,07,000,00,2,1,12,A01
201200012349,0,07,000,04,0,3,13,A01
201200012350,0,15,000,00,2,6,01,B02
201200012350,0,07,000,00,2,2,12,A01
201200012351,0,17,000,00,0,4,02,B02
201200012351,0,07,000,00,2,1,02,A01
201200012352,0,10,000,04,0,1,01,A01
201200012353,0,10,000,00,2,1,02,A01
201200012353,0,17,000,00,0,4,02,B02
201200012354,0,07,000,04,0,3,01,A01
201200012355,0,07,000,00,9,3,01,B02
201200012355,0,07,000,04,0,3,01,A01
201200012356,0,07,000,04,0,1,01,A01
201200012357,0,07,000,00,2,1,01,A01
201200012357,0,07,000,00,2,4,01,C03
201200012357,0,07,000,00,2,4,01,B02
201200012358,0,15,000,00,0,4,11,B02
201200012358,0,07,000,00,2,1,01,A01
201200012359,0,07,000,04,0,9,00,A01
201200012360,0,07,000,04,0,3,01,A01
201200012361,0,07,000,00,0,1,00,B02
201200012361,0,07,000,00,0,4,01,A01
201200012362,0,07,000,00,0,4,20,A01
201200012362,0,34,000,00,2,1,02,B02
201200012363,0,07,000,00,2,3,02,A01
201200012363,0,17,000,00,0,5,02,B02
201200012364,0,07,000,03,0,1,01,A01
201200012365,0,07,000,04,0,7,12,A01
201200012366,0,07,000,04,0,2,01,A01
201200012367,0,07,000,00,2,1,03,A01
201200012367,0,07,000,00,2,4,03,B02
201200012368,0,07,000,00,2,4,02,A01
201200012368,0,33,000,00,2,1,02,B02
201200012369,0,07,000,13,0,9,02,A01
201200012370,0,07,000,01,0,2,19,A01
201200012370,0,34,000,00,2,5,23,B02
201200012371,0,14,000,00,0,7,09,A01
201200012371,0,07,000,00,0,3,01,B02
201200012372,0,07,000,04,2,1,14,A01
201200012372,0,15,000,00,2,6,01,B02
201200012373,0,33,000,00,9,2,14,A01
201200012374,0,07,000,03,2,1,02,A01
201200012374,0,07,000,03,2,4,02,B02
201200012375,0,10,000,00,2,8,01,B02
201200012375,0,33,000,00,2,7,17,A01
201200012376,0,07,000,00,0,6,01,B02
201200012376,0,07,000,00,2,2,14,A01
201200012377,0,07,000,04,0,6,01,A01
201200012378,0,07,000,00,2,1,17,A01
201200012378,0,14,000,00,2,2,01,B02
201200012378,0,07,000,00,2,7,01,C03
201200012379,0,07,000,00,2,7,17,C03
201200012379,0,07,000,00,0,4,23,B02
201200012379,0,37,000,01,0,2,02,A01
201200012380,0,07,000,04,0,2,01,A01
201200012381,0,07,000,00,2,1,01,B02
201200012381,0,07,000,00,2,3,19,A01
201200012382,0,10,000,00,0,6,01,A01
201200012383,0,07,000,00,0,9,17,A01
201200012384,0,07,000,00,2,1,01,A01
201200012384,0,07,000,00,0,8,01,C03
201200012384,0,33,000,00,0,4,01,B02
201200012385,0,07,000,04,0,1,13,A01
201200012386,0,07,000,04,0,3,13,A01
201200012386,0,07,000,04,0,3,21,B02
201200012387,0,10,000,03,0,2,01,A01
201200012387,0,07,000,00,2,2,01,B02
201200012388,0,33,000,00,0,6,02,B02
201200012388,0,33,000,00,2,1,02,A01
201200012389,0,07,000,03,2,5,02,A01
201200012389,0,07,000,00,2,3,01,C03
201200012389,0,07,000,00,2,3,02,B02
201200012389,0,07,000,00,2,1,01,D04
201200012390,0,07,000,00,2,5,01,B02
201200012390,0,14,000,00,2,3,01,A01
201200012391,0,17,000,00,2,6,23,B02
201200012391,0,07,000,00,2,2,14,A01
201200012392,0,07,000,00,0,1,03,B02
201200012392,0,07,000,00,0,5,00,A01
201200012393,0,07,000,14,0,1,01,B02
201200012393,0,07,000,04,0,3,13,A01
201200012394,0,07,000,00,2,1,02,A01
201200012394,0,17,000,00,2,4,02,B02
201200012395,0,15,000,00,2,2,01,A01
201200012395,0,10,000,00,0,6,01,B02
201200012396,0,33,000,00,0,0,01,A01
201200012397,0,07,000,00,9,0,01,C03
201200012397,0,17,000,00,0,6,01,B02
201200012397,0,07,000,00,2,2,01,A01
201200012398,0,17,000,03,0,1,02,A01
201200012399,0,10,000,00,2,3,01,D04
201200012399,0,10,000,00,2,1,01,B02
201200012399,0,10,000,00,2,1,01,C03
201200012399,0,10,000,00,2,1,01,A01
201200012400,0,07,000,00,2,2,01,B02
201200012400,0,10,000,00,2,0,13,A01
201200012401,0,36,000,06,0,3,01,A01
201200012402,0,36,000,00,0,3,01,A01
201200012403,0,02,000,00,2,1,01,B02
201200012403,0,14,000,00,2,7,15,A01
201200012404,0,14,000,00,0,9,11,A01
201200012405,0,07,000,00,2,8,01,A01
201200012405,0,30,000,00,2,1,01,B02
201200012406,0,10,000,00,1,1,01,A01
201200012407,0,31,000,00,0,1,01,A01
201200012408,0,07,000,04,0,3,00,A01
201200012408,0,10,000,14,0,1,01,B02
201200012409,0,07,000,00,1,5,04,A01
201200012410,0,07,000,00,2,4,23,A01
201200012410,0,14,000,01,0,1,02,B02
201200012411,0,07,000,00,0,9,14,A01
201200012412,0,07,000,00,1,2,01,A01
201200012413,0,07,000,13,0,1,14,A01
201200012414,0,07,000,00,2,1,01,A01
201200012414,0,17,000,00,0,4,01,B02
201200012415,0,07,000,13,0,2,14,A01
201200012416,0,07,000,03,2,1,01,B02
201200012416,0,07,000,00,0,4,11,A01
201200012417,0,07,000,01,1,1,14,A01
201200012418,0,07,000,03,0,1,01,A01
201200012419,0,15,000,00,2,7,12,A01
201200012419,0,07,000,04,2,8,01,B02
201200012420,0,07,000,13,0,9,14,A01
201200012421,0,10,000,01,0,3,01,A01
201200012421,0,10,000,00,2,3,00,B02
201200012422,0,15,000,00,0,6,01,B02
201200012422,0,07,000,16,2,2,17,A01
201200012423,0,15,000,00,2,4,01,B02
201200012423,0,07,000,03,2,7,01,C03
201200012423,0,07,000,00,2,1,14,A01
201200012424,0,07,000,03,0,8,01,A01
201200012425,0,07,000,03,0,1,11,A01
201200012425,0,07,000,00,2,1,01,B02
201200012426,0,07,000,13,0,9,01,A01
201200012427,0,17,000,00,9,1,01,B02
201200012427,0,14,000,03,0,3,01,A01
201200012428,0,07,000,03,0,6,01,B02
201200012428,0,07,000,03,2,2,14,A01
201200012429,0,07,000,00,2,1,02,A01
201200012429,0,07,000,00,0,4,01,B02
201200012430,0,07,000,13,0,1,21,A01
201200012431,0,17,000,00,0,4,01,B02
201200012431,0,07,000,00,2,1,02,A01
201200012432,0,07,000,16,0,9,01,A01
201200012433,0,07,000,06,0,3,01,A01
201200012434,0,33,000,13,0,2,01,A01
201200012435,0,33,000,02,0,1,01,A01
201200012436,0,07,000,00,0,0,01,A01
201200012437,0,07,000,08,0,1,13,A01
201200012438,0,30,000,08,0,1,01,A01
201200012439,0,07,000,00,1,2,01,A01
201200012440,0,07,000,00,2,1,19,A01
201200012440,0,33,000,00,2,7,01,B02
201200012441,0,07,000,00,2,1,02,A01
201200012441,0,15,000,00,0,5,01,B02
201200012442,0,07,000,00,2,6,01,B02
201200012442,0,33,000,00,2,1,21,A01
201200012443,0,07,000,13,0,1,01,A01
201200012444,0,07,000,02,0,1,13,A01
201200012445,0,07,000,00,0,7,01,A01
201200012445,0,01,000,00,0,1,01,B02
201200012446,0,30,000,00,1,1,01,A01
201200012447,0,07,000,00,2,6,01,B02
201200012447,0,33,000,00,2,7,21,A01
201200012448,0,07,000,12,0,2,00,A01
201200012449,0,33,000,02,0,1,01,A01
201200012450,0,10,000,00,2,2,01,A01
201200012450,0,01,000,00,0,4,01,B02
201200012451,0,07,000,00,2,1,01,A01
201200012451,0,17,000,00,2,4,23,B02
201200012452,0,07,000,00,2,3,15,A01
201200012452,0,30,000,00,2,1,17,B02
201200012453,0,14,000,00,5,7,01,A01
201200012454,0,33,000,00,2,1,01,B02
201200012454,0,07,000,00,2,8,10,A01
201200012455,0,07,000,00,1,1,01,A01
201200012456,0,07,000,00,0,5,04,A01
201200012456,0,30,000,00,0,1,01,B02
201200012457,0,07,000,00,0,0,01,A01
201200012457,0,07,000,00,9,9,21,B02
201200012458,0,17,000,00,2,3,01,B02
201200012458,0,07,000,00,2,2,11,A01
201200012459,0,07,000,04,0,1,00,A01
201200012460,0,07,000,00,2,7,01,I09
201200012460,0,07,000,00,2,4,01,E05
201200012460,0,07,000,00,2,1,01,D04
201200012460,0,07,000,00,2,1,01,G07
201200012460,0,07,000,00,0,4,01,C03
201200012460,0,07,000,00,2,1,01,K11
201200012460,0,07,000,00,2,8,01,F06
201200012460,0,07,000,00,0,4,01,A01
201200012460,0,07,000,00,2,1,01,B02
201200012460,0,07,000,00,2,4,01,J10
201200012460,0,07,000,00,2,4,01,M13
201200012460,0,07,000,00,2,4,01,H08
201200012460,0,17,000,00,2,1,01,L12
201200012460,0,10,000,00,2,4,01,N14
201200012460,0,07,000,00,2,1,01,O15
201200012461,0,07,000,00,2,1,02,A01
201200012461,0,17,000,00,2,4,02,B02
201200012462,0,17,000,00,0,0,02,B02
201200012462,0,07,000,00,2,1,02,A01
201200012463,0,10,000,00,2,2,12,B02
201200012463,0,07,000,00,2,6,01,A01
201200012464,0,07,000,03,0,9,01,A01
201200012465,0,07,000,13,0,1,01,A01
201200012466,0,10,000,00,2,3,14,C03
201200012466,0,17,000,00,2,2,13,B02
201200012466,0,07,000,00,2,8,01,A01
201200012467,0,07,000,04,0,3,01,B02
201200012467,0,10,000,04,2,9,21,A01
201200012468,0,10,000,00,2,4,01,A01
201200012468,0,17,000,00,2,8,01,C03
201200012468,0,17,000,00,2,1,01,B02
201200012468,0,07,000,00,2,1,01,E05
201200012468,0,07,000,00,2,3,01,D04
201200012469,0,10,000,03,6,8,21,A01
201200012470,0,07,000,00,2,3,00,C03
201200012470,0,07,000,00,2,2,00,B02
201200012470,0,07,000,00,0,6,21,A01
201200012471,0,07,000,04,0,9,13,A01
201200012472,0,10,000,03,0,2,17,A01
201200012473,0,07,000,03,0,5,00,A01
201200012474,0,07,000,14,0,1,00,A01
201200012475,0,33,000,03,0,7,00,A01
201200012476,0,10,000,13,0,3,01,A01
201200012477,0,07,000,04,0,2,01,A01
201200012478,0,07,000,03,0,1,17,A01
201200012478,0,07,000,00,2,1,13,B02
201200012479,0,07,000,00,2,1,02,A01
201200012479,0,10,000,00,2,4,02,B02
201200012479,0,10,000,00,2,4,02,C03
201200012480,0,33,000,00,6,1,01,A01
201200012481,0,07,000,,2,1,02,A01
201200012481,0,14,000,,,4,02,A02
201200012482,0,07,000,13,0,2,01,A01
201200012483,0,07,000,13,0,2,14,A01
201200012484,1,99,000,00,0,0,00,A01
201200012485,0,30,000,00,0,0,01,A01
201200012486,0,07,000,00,1,1,01,A01
201200012487,0,02,000,01,0,1,01,A01
201200012488,0,07,000,00,2,3,09,B01
201200012488,0,30,000,00,2,1,17,A01
201200012489,0,33,000,00,2,1,01,B01
201200012489,0,07,000,00,2,3,09,A01
201200012490,0,07,000,00,2,1,01,A01
201200012490,0,01,000,00,2,1,19,B01
201200012491,0,30,000,00,0,7,02,A01
201200012492,0,07,000,00,1,1,01,A01
201200012493,0,07,000,00,2,3,09,B01
201200012493,2,07,000,00,2,2,01,A01
201200012494,0,31,000,00,2,1,02,B01
201200012494,0,07,000,00,2,7,15,A01
201200012495,0,07,000,00,2,1,15,A01
201200012495,0,34,000,00,2,1,01,B01
201200012496,0,07,000,00,2,3,13,A01
201200012496,0,30,000,00,2,1,01,B01
201200012497,0,17,000,00,1,2,02,A01
201200012498,0,07,000,00,1,1,02,A01
201200012499,0,30,000,00,2,1,01,B01
201200012499,0,10,000,00,2,1,15,A01
201200012500,0,07,000,00,1,2,02,A01
201200012501,0,07,000,00,1,3,01,A01
201200012502,0,30,000,00,2,1,01,B01
201200012502,0,07,000,00,2,5,00,A01
201200012503,0,30,000,00,2,3,01,B01
201200012503,0,07,000,00,2,2,06,A01
201200012504,0,07,000,00,2,1,01,B01
201200012504,0,07,000,00,2,2,01,A01
201200012505,0,33,000,00,9,0,01,A01
201200012506,0,01,000,00,1,1,01,A01
201200012507,0,02,000,00,2,2,11,A01
201200012507,0,33,000,00,2,3,01,B01
201200012507,0,07,000,00,2,1,23,C01
201200012508,0,07,000,00,2,3,10,A01
201200012508,0,33,000,00,2,1,01,B01
201200012509,0,07,000,00,1,3,00,A01
201200012510,0,07,000,00,0,4,01,A01
201200012510,0,07,000,00,2,1,01,C01
201200012510,0,07,000,14,2,1,01,B01
201200012511,0,37,020,00,1,1,01,A01
201200012512,0,07,000,00,2,1,01,B01
201200012512,0,07,000,00,2,1,01,A01
201200012513,0,07,000,00,1,3,01,A01
201200012514,0,07,000,00,2,1,01,A01
201200012514,0,07,000,00,2,3,01,B01
201200012515,0,10,000,00,1,2,01,A01
201200012516,1,07,000,00,0,0,00,A01
201200012517,0,30,000,00,0,2,01,A01
201200012518,0,07,000,16,0,2,01,A01
201200012519,0,15,000,00,0,2,02,A01
201200012520,0,07,000,00,2,5,23,A01
201200012520,0,07,000,00,2,3,01,B02
201200012520,0,07,000,00,2,8,21,C03
201200012520,0,07,000,00,2,3,21,D04
201200012521,0,07,000,00,2,1,02,A01
201200012521,0,07,000,00,0,4,23,B02
201200012522,0,07,000,03,0,1,14,A01
201200012523,0,33,000,14,0,1,01,A01
201200012524,0,01,000,00,2,3,15,B02
201200012524,0,07,000,00,0,7,17,A01
201200012525,0,33,000,13,0,1,01,A01
201200012526,0,07,000,13,2,3,19,A01
201200012526,0,07,000,00,2,1,01,B02
201200012527,0,07,000,00,2,3,15,B02
201200012527,0,33,000,00,2,2,17,A01
201200012528,0,07,000,00,2,3,15,A01
201200012528,0,07,000,00,2,7,02,B02
201200012529,0,07,000,13,0,2,01,A01
201200012530,0,07,000,13,0,9,21,A01
201200012531,0,07,000,00,2,4,09,B02
201200012531,0,10,000,00,2,1,14,A01
201200012532,0,07,000,13,0,1,14,A01
201200012533,0,07,000,04,0,1,01,A01
201200012534,0,07,000,04,0,1,01,A01
201200012535,0,07,000,00,2,2,01,A01
201200012535,0,15,000,00,0,6,01,B02
201200012536,0,07,000,00,2,6,01,B02
201200012536,0,07,000,04,2,2,17,A01
201200012537,0,15,000,00,2,3,01,B02
201200012537,0,07,000,04,2,3,21,A01
201200012538,0,07,000,06,0,1,01,A01
201200012539,0,07,000,00,0,8,01,A01
201200012540,0,07,000,13,0,2,02,A01
201200012541,0,10,000,03,6,1,21,A01
201200012542,0,07,000,00,2,3,13,B02
201200012542,0,10,000,00,2,5,02,A01
201200012543,0,10,000,00,2,2,17,B02
201200012543,0,15,000,00,0,6,01,A01
201200012544,0,07,000,04,0,3,13,A01
201200012545,0,07,000,05,0,1,01,A01
201200012546,0,10,000,00,2,1,01,B02
201200012546,0,10,000,00,2,1,01,C03
201200012546,0,17,000,03,2,2,14,A01
201200012546,0,07,000,00,2,1,01,D04
201200012547,0,10,000,04,0,3,01,A01
201200012548,0,07,000,00,0,3,01,B02
201200012548,0,07,000,00,0,3,17,A01
201200012549,0,07,000,00,1,2,01,A01
201200012550,0,07,000,00,2,2,01,A01
201200012550,0,07,000,00,2,3,15,B02
201200012551,0,33,000,00,2,1,17,A01
201200012551,0,07,000,00,2,3,01,B02
201200012552,0,33,000,00,0,0,01,A01
201200012553,0,30,000,07,0,3,14,A01
201200012554,0,31,000,00,0,1,01,A01
201200012555,0,02,000,00,2,1,01,A01
201200012555,0,07,000,00,2,3,01,B02
201200012556,0,01,000,00,2,4,01,B02
201200012556,0,07,000,00,9,2,01,A01
201200012557,0,07,000,00,2,7,15,A01
201200012557,0,33,000,00,2,1,01,B02
201200012558,0,07,000,00,9,5,15,A01
201200012558,0,01,000,00,2,1,01,B02
201200012559,0,21,000,00,2,8,15,B02
201200012559,0,33,000,00,2,9,05,A01
201200012560,0,33,000,08,0,1,01,A01
201200012561,0,33,000,00,2,7,17,A01
201200012561,0,07,000,00,2,8,10,B02
201200012562,0,07,000,00,2,3,01,A01
201200012562,0,07,000,00,2,3,17,B02
201200012563,0,07,000,00,2,3,01,A01
201200012563,0,07,000,00,2,2,15,B02
201200012564,0,07,000,00,1,3,01,A01
201200012565,0,30,000,00,2,7,01,A01
201200012565,0,07,000,00,2,3,09,B02
201200012566,0,07,000,00,0,2,01,A01
201200012566,0,33,000,00,0,8,01,B02
201200012567,0,01,000,00,2,1,01,B02
201200012567,0,07,000,00,2,3,15,A01
201200012568,0,30,000,00,1,1,01,A01
201200012569,0,07,000,03,0,4,02,B02
201200012569,0,10,000,00,2,2,02,A01
201200012570,0,07,000,03,2,6,14,A01
201200012570,0,07,000,00,2,2,01,B02
201200012571,0,07,000,00,0,2,14,A01
201200012571,0,07,000,00,0,6,01,B02
201200012572,0,10,000,00,2,1,05,B02
201200012572,0,13,000,00,2,7,05,A01
201200012573,0,07,000,00,0,4,02,B02
201200012573,0,07,000,00,2,1,02,D04
201200012573,0,07,000,00,2,1,02,A01
201200012573,0,07,000,00,2,1,02,C03
201200012574,0,07,000,04,0,1,01,A01
201200012575,0,07,000,00,0,1,00,A01
201200012576,0,07,000,00,2,1,02,A01
201200012576,0,07,000,00,2,4,02,C03
201200012576,0,07,000,00,2,5,02,B02
201200012577,0,07,000,00,2,8,01,A01
201200012578,0,07,000,00,0,4,02,B02
201200012578,0,33,000,00,2,1,02,A01
201200012579,0,07,000,00,2,9,11,A01
201200012579,0,07,000,00,2,7,01,B02
201200012580,0,15,000,03,2,3,06,A01
201200012580,0,07,000,03,0,1,01,C03
201200012580,0,07,000,00,2,1,01,B02
201200012581,0,07,000,00,2,6,21,C03
201200012581,0,17,000,03,2,8,06,A01
201200012581,0,10,000,03,2,2,17,B02
201200012581,0,07,000,03,9,1,21,D04
201200012581,0,07,000,00,2,1,01,F06
201200012581,0,07,000,00,2,1,01,E05
201200012581,0,07,000,00,9,1,01,G07
201200012582,0,07,000,00,2,1,02,A01
201200012582,0,07,000,00,2,4,02,B02
201200012582,0,07,000,00,2,4,02,C03
201200012583,0,07,000,04,0,2,14,A01
201200012584,0,07,000,00,2,1,02,A01
201200012584,0,07,000,00,2,4,02,C03
201200012584,0,33,000,00,2,4,02,B02
201200012584,0,07,000,00,0,4,02,D04
201200012585,0,17,000,00,2,1,01,A01
201200012585,0,07,000,00,0,4,14,B02
201200012586,0,10,000,03,0,1,01,A01
201200012587,0,10,000,00,2,1,05,A01
201200012587,0,07,000,00,2,1,01,B02
201200012588,0,10,000,00,0,4,13,A01
201200012588,0,07,000,00,2,3,01,C03
201200012588,0,07,000,00,2,8,01,D04
201200012588,0,15,000,00,2,1,01,B02
201200012589,0,07,000,03,2,1,11,A01
201200012589,0,07,000,14,0,1,01,B02
201200012590,0,07,000,03,0,1,17,A01
201200012590,0,07,000,01,2,1,01,C03
201200012590,0,07,000,01,2,2,01,B02
201200012591,0,33,000,00,0,8,02,A01
201200012592,0,07,000,00,0,4,02,B02
201200012592,0,07,000,00,2,1,02,A01
201200012593,0,07,000,00,2,1,02,A01
201200012593,0,16,000,00,0,0,02,B02
201200012593,0,17,000,00,9,8,02,C03
201200012594,0,07,000,03,0,4,13,A01
201200012595,0,33,000,00,0,1,14,A01
201200012596,0,07,000,03,0,2,01,A01
201200012597,0,07,000,03,0,1,00,A01
201200012598,0,07,000,00,2,2,02,A01
201200012598,0,17,000,00,0,0,01,B02