Num_Acc,senc,catv,occutc,obs,obsm,choc,manv,num_veh
201200012599,0,07,000,00,2,7,14,A01
201200012599,0,07,000,00,2,8,01,B02
201200012600,0,31,000,00,0,0,01,A01
201200012601,0,07,000,15,2,1,05,A01
201200012601,0,07,000,00,0,7,23,B02
201200012602,0,02,000,12,0,0,01,A01
201200012603,0,34,000,12,0,2,01,A01
201200012604,0,33,000,12,0,7,01,A01
201200012605,0,07,000,00,1,3,01,A01
201200012606,0,07,000,00,1,2,02,A01
201200012607,0,37,003,06,0,1,07,A01
201200012608,0,07,000,00,0,3,01,B02
201200012608,0,07,000,00,0,3,05,A01
201200012609,0,99,000,00,1,7,01,A01
201200012610,0,07,000,00,1,1,01,A01
201200012611,0,33,000,07,0,1,01,A01
201200012612,0,07,000,00,2,4,09,A01
201200012612,0,07,000,00,2,7,01,B02
201200012613,0,03,000,00,2,1,02,A01
201200012613,0,07,000,00,2,4,02,B02
201200012614,0,33,000,00,2,1,02,A01
201200012614,0,07,000,00,2,4,02,B02
201200012615,0,31,000,00,0,2,01,A01
201200012616,0,07,000,03,2,8,02,A01
201200012616,0,07,000,00,2,2,02,B02
201200012617,0,33,000,00,0,0,01,A01
201200012617,0,07,000,00,2,3,01,B02
201200012618,0,07,000,07,0,1,00,A01
201200012619,0,07,000,00,0,3,00,A01
201200012619,0,07,000,14,0,2,09,B02
201200012620,0,07,000,02,0,3,14,A01
201200012621,0,07,000,02,0,8,01,A01
201200012622,0,10,000,00,0,8,01,A01
201200012623,0,07,000,00,2,4,23,C03
201200012623,0,14,000,14,0,3,02,A01
201200012623,0,07,000,00,2,5,23,B02
201200012624,0,07,000,14,0,1,02,A01
201200012625,0,31,000,00,2,1,02,B01
201200012625,0,07,000,00,2,7,01,A01
201200012626,0,07,000,00,0,4,02,B01
201200012626,0,30,000,00,2,1,02,A01
201200012627,0,07,000,06,0,1,05,A01
201200012628,0,07,000,00,2,3,00,A01
201200012628,0,02,000,00,2,1,00,B01
201200012629,0,33,000,14,0,1,01,A01
201200012630,0,07,000,00,2,2,02,A01
201200012630,0,15,000,00,2,6,02,B02
201200012631,0,07,000,00,2,6,00,B02
201200012631,0,07,000,00,2,2,02,A01
201200012632,0,07,000,00,2,4,02,B02
201200012632,0,07,000,00,2,4,02,D04
201200012632,0,17,000,00,2,6,01,C03
201200012632,0,07,000,03,0,1,14,E05
201200012632,0,07,000,00,2,1,02,A01
201200012633,0,07,000,00,2,1,02,A01
201200012633,0,07,000,00,2,4,02,B02
201200012634,0,07,000,00,1,2,01,A01
201200012635,0,10,000,00,2,6,09,A01
201200012635,0,30,000,00,2,1,16,B02
201200012636,0,07,000,00,2,2,15,B02
201200012636,0,31,000,00,2,8,01,A01
201200012637,0,33,000,00,2,1,13,A01
201200012637,0,07,000,00,2,1,01,B02
201200012638,0,07,000,00,1,2,01,A01
201200012639,0,07,000,00,2,8,15,A01
201200012639,0,33,000,00,2,1,17,B02
201200012640,0,33,000,00,2,1,01,B02
201200012640,0,07,000,00,2,3,15,A01
201200012641,0,07,000,00,1,6,04,A01
201200012642,0,07,000,00,2,3,01,A01
201200012642,0,07,000,00,2,3,01,B02
201200012643,0,07,000,00,2,2,01,A01
201200012643,0,01,000,00,2,1,01,B02
201200012644,0,07,000,00,2,3,01,B02
201200012644,0,33,000,00,2,1,01,A01
201200012645,0,07,000,00,0,7,15,A01
201200012645,0,07,000,00,2,1,01,B02
201200012646,0,33,000,00,0,0,05,B02
201200012646,0,07,000,00,0,0,01,A01
201200012647,0,33,000,00,9,3,01,B02
201200012647,0,33,000,00,0,8,21,C03
201200012647,0,01,000,00,2,0,13,A01
201200012648,0,07,000,07,0,1,01,A01
201200012649,0,07,000,13,0,2,01,A01
201200012650,0,07,000,00,2,2,01,A01
201200012650,0,15,000,00,2,6,01,B02
201200012651,0,07,000,14,0,1,01,A01
201200012652,0,33,000,00,0,0,23,A01
201200012653,0,10,000,03,0,2,21,A01
201200012654,0,07,000,03,0,8,13,A01
201200012655,0,07,000,00,2,3,05,A01
201200012655,0,17,000,00,2,0,01,D04
201200012655,0,07,000,00,9,3,01,B02
201200012655,0,10,000,00,2,3,17,C03
201200012656,0,15,000,03,0,8,01,A01
201200012657,0,15,000,00,0,6,24,B02
201200012657,0,14,000,01,0,2,01,A01
201200012658,0,07,000,00,0,6,01,P16
201200012658,0,07,000,00,0,5,23,W23
201200012658,0,10,000,00,0,2,00,U21
201200012658,0,10,000,00,0,5,01,M13
201200012658,0,17,000,00,0,6,01,Z26
201200012658,0,07,000,00,0,4,23,E05
201200012658,0,07,000,00,2,2,01,B02
201200012658,0,07,000,00,0,4,23,G07
201200012658,0,17,000,00,0,4,01,T20
201200012658,0,10,000,00,0,4,23,L12
201200012658,0,07,000,00,0,4,23,V22
201200012658,0,07,000,00,0,2,01,J10
201200012658,0,07,000,00,2,2,01,A01
201200012658,0,10,000,00,0,2,01,R18
201200012658,0,07,000,00,0,1,01,H08
201200012658,0,07,000,00,0,6,23,I09
201200012658,0,07,000,00,0,4,01,X24
201200012658,0,07,000,00,0,3,01,S19
201200012658,0,10,000,00,0,4,23,K11
201200012658,0,07,000,00,0,3,01,N14
201200012658,0,07,000,00,0,5,01,O15
201200012658,0,10,000,00,0,1,01,Y25
201200012658,0,10,000,00,0,5,01,D04
201200012658,0,07,000,00,0,2,01,Q17
201200012658,0,07,000,00,0,6,23,F06
201200012658,0,07,000,00,2,6,01,C03
201200012659,0,07,000,03,0,1,16,A01
201200012660,0,07,000,00,2,1,01,B02
201200012660,0,07,000,00,9,0,01,D04
201200012660,0,07,000,00,2,1,01,A01
201200012660,0,07,000,00,2,1,05,C03
201200012661,0,07,000,03,0,3,00,A01
201200012662,0,07,000,15,0,3,01,A01
201200012663,0,07,000,13,0,1,01,A01
201200012664,0,07,000,03,0,8,17,A01
201200012665,0,07,000,00,2,6,23,A01
201200012665,0,07,000,14,0,2,01,B02
201200012666,0,17,000,00,0,4,23,D04
201200012666,0,17,000,00,0,1,02,A01
201200012666,0,17,000,00,0,4,23,B02
201200012666,0,17,000,00,0,4,23,C03
201200012667,0,07,000,13,0,9,01,A01
201200012668,0,07,000,01,0,1,14,A01
201200012668,0,07,000,00,0,4,00,B02
201200012669,0,07,000,00,2,0,21,A01
201200012669,0,07,000,13,2,8,01,B02
201200012670,0,07,000,00,0,6,02,C03
201200012670,0,07,000,00,0,5,02,B02
201200012670,0,07,000,00,2,1,02,A01
201200012671,0,07,000,13,0,1,01,A01
201200012672,0,07,000,16,0,1,01,A01
201200012673,0,07,000,00,0,7,14,A01
201200012674,0,07,000,13,0,2,01,A01
201200012675,0,15,000,03,0,3,01,A01
201200012676,0,07,000,06,0,9,01,A01
201200012677,0,10,000,00,2,1,02,A01
201200012677,0,07,000,00,2,4,01,B02
201200012678,0,07,000,00,9,3,01,C03
201200012678,0,07,000,03,2,4,02,B02
201200012678,0,33,000,00,2,1,02,A01
201200012679,0,07,000,00,0,2,01,A01
201200012680,0,07,000,04,0,1,13,A01
201200012681,0,17,000,03,0,3,01,A01
201200012682,0,15,000,16,0,2,01,A01
201200012683,0,07,000,13,0,2,01,A01
201200012684,0,07,000,04,0,3,11,A01
201200012684,0,07,000,04,0,1,21,B02
201200012684,0,07,000,00,2,3,21,C03
201200012684,0,07,000,00,2,1,21,D04
201200012684,0,07,000,00,2,1,01,E05
201200012685,0,07,000,13,0,1,14,A01
201200012686,0,15,000,03,0,8,02,A01
201200012687,0,07,000,03,0,3,01,A01
201200012688,0,10,000,03,0,1,14,A01
201200012689,0,07,000,13,0,1,14,A01
201200012690,0,07,000,00,2,4,02,B02
201200012690,0,07,000,00,0,4,01,A01
201200012690,0,07,000,00,0,0,00,C03
201200012691,0,31,000,00,2,1,00,C03
201200012691,0,15,000,00,2,2,01,B02
201200012691,0,07,000,00,2,1,01,D04
201200012691,0,07,000,00,2,1,01,E05
201200012691,0,07,000,00,2,6,18,A01
201200012692,0,07,000,00,2,5,01,A01
201200012692,0,32,000,00,2,1,01,B02
201200012693,0,07,000,00,2,7,14,B02
201200012693,0,33,000,00,2,1,01,A01
201200012694,0,07,000,00,2,1,02,A01
201200012694,0,15,000,00,0,4,01,B02
201200012695,0,10,000,00,2,4,23,B02
201200012695,0,10,000,01,0,1,01,A01
201200012696,0,07,000,01,1,2,02,B01
201200012697,0,07,000,06,0,7,01,A01
201200012698,0,31,000,00,0,9,09,A01
201200012699,0,07,000,03,0,1,01,C03
201200012699,0,07,000,03,2,9,21,A01
201200012699,0,07,000,14,2,3,21,D04
201200012699,0,15,000,14,0,7,21,B02
201200012700,0,07,000,01,0,9,23,B02
201200012700,0,33,000,01,0,1,01,A01
201200012700,0,07,000,00,0,4,23,C03
201200012701,0,07,000,00,2,1,01,A01
201200012701,0,07,000,00,0,4,01,B02
201200012702,0,33,000,08,0,2,01,A01
201200012703,0,15,000,00,0,4,14,A01
201200012703,0,17,000,00,2,6,01,B02
201200012703,0,17,000,00,2,1,21,C03
201200012704,0,14,000,00,9,1,00,A01
201200012704,0,10,000,00,9,4,00,B02
201200012704,0,07,000,00,9,4,00,C03
201200012705,0,07,000,00,0,6,02,C03
201200012705,0,07,000,00,2,4,12,A01
201200012705,0,07,000,00,2,1,02,E05
201200012705,0,07,000,00,0,4,02,D04
201200012705,0,07,000,00,2,1,02,B02
201200012706,0,07,000,14,0,1,01,C03
201200012706,0,07,000,00,2,1,01,A01
201200012706,0,07,000,03,0,4,01,B02
201200012707,0,07,000,00,0,0,00,A01
201200012708,0,33,000,00,9,0,01,B02
201200012708,0,33,000,03,9,0,01,A01
201200012709,0,07,000,03,0,3,02,A01
201200012710,0,07,000,00,2,2,11,B02
201200012710,0,07,000,00,2,6,01,A01
201200012711,0,07,000,00,2,4,02,D04
201200012711,0,07,000,00,2,4,02,C03
201200012711,0,15,000,00,2,1,02,A01
201200012711,0,07,000,00,2,4,02,B02
201200012712,0,07,000,00,2,9,02,A01
201200012712,0,10,000,00,0,6,00,B02
201200012713,0,07,000,04,0,3,01,A01
201200012714,0,15,000,00,0,4,02,A01
201200012714,0,15,000,00,2,1,02,B02
201200012715,0,07,000,00,2,4,02,C03
201200012715,0,07,000,00,2,4,02,B02
201200012715,0,07,000,00,2,1,02,A01
201200012716,0,07,000,04,0,1,21,A01
201200012717,0,07,000,00,2,1,01,A01
201200012717,0,10,000,00,2,4,23,B02
201200012718,0,17,000,00,2,1,00,C03
201200012718,0,17,000,00,2,7,13,B02
201200012718,0,17,000,00,0,6,00,A01
201200012719,0,07,000,00,0,9,01,A01
201200012720,0,33,000,00,0,0,01,A01
201200012721,0,07,000,00,0,4,00,B02
201200012721,0,10,000,00,0,4,00,C03
201200012721,0,07,000,00,2,1,02,A01
201200012722,0,07,000,00,0,4,01,A01
201200012722,0,10,000,00,2,1,02,B02
201200012723,0,10,000,00,2,2,02,A01
201200012723,0,07,000,00,2,6,02,B02
201200012724,0,07,000,08,0,2,14,A01
201200012725,0,07,000,00,0,4,01,A01
201200012725,0,07,000,00,2,1,01,B02
201200012726,0,07,000,00,0,4,01,C03
201200012726,0,07,000,00,2,2,01,B02
201200012726,0,10,000,03,0,1,01,A01
201200012727,0,07,000,00,2,1,01,B02
201200012727,0,07,000,03,2,1,13,A01
201200012728,0,10,000,03,2,1,06,A01
201200012728,0,15,000,00,2,8,01,B02
201200012728,0,10,000,00,9,1,01,C03
201200012729,0,33,000,05,0,1,14,A01
201200012730,0,07,000,15,0,1,14,A01
201200012731,0,33,000,03,0,9,14,A01
201200012732,0,07,000,03,0,0,01,A01
201200012732,0,07,000,00,0,0,01,B02
201200012732,0,07,000,01,1,1,01,C03
201200012733,0,07,000,00,2,4,24,A01
201200012733,0,07,000,01,0,7,02,B02
201200012734,0,10,000,13,0,1,01,A01
201200012735,0,07,000,16,0,9,02,A01
201200012736,0,07,000,16,0,9,01,A01
201200012737,0,07,000,13,0,1,01,A01
201200012738,0,07,000,16,0,0,01,A01
201200012739,0,10,000,03,0,3,01,A01
201200012739,0,07,000,00,9,1,01,B02
201200012740,0,07,000,00,2,1,01,A01
201200012740,0,37,002,00,2,7,15,B02
201200012741,0,07,000,00,2,6,23,A01
201200012741,0,01,000,01,0,1,01,B02
201200012742,0,07,000,00,2,2,15,A01
201200012742,0,33,000,00,2,7,01,B02
201200012743,0,01,000,00,2,8,15,B02
201200012743,0,07,000,00,2,1,01,A01
201200012744,0,07,000,00,0,6,15,A01
201200012744,0,33,000,00,2,1,01,B02
201200012745,0,31,000,00,2,3,01,B02
201200012745,0,14,000,00,2,6,15,A01
201200012746,0,07,000,00,1,2,17,A01
201200012747,0,07,000,00,2,1,02,B02
201200012747,0,07,000,00,2,1,02,C03
201200012747,0,15,000,00,0,4,01,A01
201200012748,0,33,000,00,6,1,01,A01
201200012748,0,07,000,00,6,4,01,B02
201200012749,0,33,000,00,0,0,01,A01
201200012750,0,07,000,00,0,0,01,A01
201200012751,0,10,000,00,2,1,02,A01
201200012751,0,07,000,00,0,4,01,B02
201200012752,0,17,000,00,0,6,23,A01
201200012752,0,07,000,01,0,1,01,B02
201200012753,0,07,000,03,0,5,00,A01
201200012754,0,07,000,03,2,1,13,A01
201200012754,0,07,000,03,0,7,01,B02
201200012755,0,15,000,00,2,2,01,B02
201200012755,0,07,000,00,2,3,18,A01
201200012756,0,07,000,04,0,3,13,A01
201200012757,0,07,000,00,2,3,00,B02
201200012757,0,07,000,00,2,5,12,A01
201200012758,0,33,000,00,0,9,01,C03
201200012758,0,07,000,00,2,3,01,B02
201200012758,0,07,000,00,2,2,12,A01
201200012759,0,07,000,04,2,9,02,A01
201200012759,0,07,000,00,0,0,02,B02
201200012760,0,07,000,04,0,1,01,A01
201200012761,0,07,000,00,2,8,01,B02
201200012761,0,07,000,00,2,7,17,A01
201200012762,0,07,000,00,2,1,01,B02
201200012762,0,07,000,00,2,4,04,A01
201200012763,0,07,000,03,2,5,12,A01
201200012763,0,07,000,00,2,3,01,B02
201200012764,0,07,000,00,2,2,01,C03
201200012764,0,14,000,00,2,2,12,A01
201200012764,0,07,000,00,2,6,01,B02
201200012765,0,07,000,00,2,1,02,A01
201200012765,0,07,000,00,2,4,02,B02
201200012766,0,17,000,01,0,0,01,B02
201200012766,0,07,000,00,9,5,00,A01
201200012767,0,07,000,04,0,1,01,A01
201200012767,0,07,000,00,2,7,01,B02
201200012768,0,07,000,04,0,9,01,A01
201200012769,0,07,000,00,2,4,02,C03
201200012769,0,07,000,00,2,4,02,B02
201200012769,0,07,000,00,2,1,02,A01
201200012770,0,07,000,00,0,3,00,A01
201200012770,0,07,000,00,0,2,00,B02
201200012770,0,07,000,00,0,6,00,C03
201200012770,0,07,000,00,0,1,00,D04
201200012770,0,33,000,00,0,4,00,E05
201200012771,0,33,000,01,0,1,02,B02
201200012771,0,07,000,04,0,3,23,A01
201200012772,0,33,000,00,6,8,01,B02
201200012772,0,07,000,00,6,1,01,A01
201200012773,0,30,000,00,0,1,02,A01
201200012774,0,07,000,00,2,6,23,A01
201200012774,0,33,000,00,2,1,14,B02
201200012775,0,31,000,00,2,4,01,A01
201200012776,0,33,000,00,2,7,17,A01
201200012776,0,10,000,00,2,8,17,B02
201200012777,0,07,000,04,0,3,02,A01
201200012778,0,07,000,14,0,1,01,C03
201200012778,0,07,000,00,2,8,11,A01
201200012778,0,33,000,00,2,7,01,B02
201200012779,0,15,000,00,2,8,01,C03
201200012779,0,07,000,00,2,3,01,B02
201200012779,0,07,000,00,2,7,12,A01
201200012780,0,07,000,00,9,5,02,C03
201200012780,0,07,000,00,0,5,02,B02
201200012780,0,14,000,00,2,0,01,A01
201200012781,0,17,000,00,2,6,01,B02
201200012781,0,10,000,00,2,2,11,A01
201200012782,0,07,000,04,2,3,01,A01
201200012782,0,07,000,00,2,5,12,B02
201200012783,0,07,000,04,0,5,01,A01
201200012784,0,07,000,03,0,3,01,A01
201200012785,0,10,000,00,2,2,17,A01
201200012785,0,07,000,00,2,6,01,B02
201200012786,0,07,000,00,2,1,01,A01
201200012786,0,07,000,00,2,6,01,C03
201200012786,0,07,000,00,2,9,17,B02
201200012787,0,07,000,13,0,1,01,A01
201200012788,0,10,000,06,0,1,14,A01
201200012789,0,10,000,13,0,1,01,A01
201200012790,0,07,000,02,0,4,17,A01
201200012791,0,17,000,00,2,1,01,A01
201200012791,0,17,000,00,0,4,01,B02
201200012792,0,14,000,02,0,2,01,A01
201200012793,0,10,000,03,0,1,01,A01
201200012794,0,07,000,00,1,1,01,A01
201200012795,0,07,000,00,1,1,01,A01
201200012796,0,34,000,12,0,1,01,A01
201200012797,0,10,000,00,9,3,09,A01
201200012797,0,01,000,00,2,1,09,B02
201200012798,0,37,000,00,1,2,16,A01
201200012799,0,17,000,00,0,6,01,A01
201200012799,0,07,000,00,0,3,01,B02
201200012800,0,07,000,13,0,1,01,A01
201200012801,0,07,000,02,0,1,01,A01
201200012802,0,07,000,00,2,6,15,A01
201200012802,0,33,000,15,2,2,17,B02
201200012803,0,07,000,00,2,2,21,A01
201200012803,0,10,000,00,2,3,21,B02
201200012803,0,10,000,00,2,1,13,C03
201200012804,0,10,000,00,1,1,01,A01
201200012805,0,07,000,10,2,3,17,A01
201200012805,0,07,000,03,2,3,01,B02
201200012806,0,07,000,00,2,1,19,A01
201200012806,0,01,000,00,2,3,05,B02
201200012807,0,07,000,01,0,1,01,A01
201200012808,0,07,000,09,2,8,01,A01
201200012808,0,07,000,00,2,3,00,B02
201200012808,0,07,000,00,9,6,01,C03
201200012809,0,07,000,00,2,1,17,A01
201200012809,0,07,000,00,2,1,01,B02
201200012810,0,07,000,00,2,1,02,A02
201200012810,0,07,000,00,2,6,02,B01
201200012811,2,07,000,03,0,2,19,A01
201200012812,0,07,000,03,2,1,01,C03
201200012812,0,17,000,00,2,4,00,A01
201200012813,0,07,000,00,0,4,23,H08
201200012813,0,07,000,00,9,1,02,B02
201200012813,0,07,000,00,0,4,23,I09
201200012813,0,07,000,00,0,4,23,L12
201200012813,0,07,000,00,0,6,02,A01
201200012813,0,07,000,01,2,1,21,G07
201200012813,0,07,000,00,0,6,23,J10
201200012813,0,07,000,00,2,6,01,E05
201200012813,0,14,000,00,0,8,00,F06
201200012813,0,07,000,00,2,3,01,D04
201200012813,0,07,000,01,0,3,01,K11
201200012813,0,07,000,00,2,0,02,C03
201200012814,0,07,000,00,2,3,02,A01
201200012814,0,07,000,03,0,5,02,B02
201200012815,0,07,000,00,2,1,01,A01
201200012815,0,07,000,00,2,7,01,B02
201200012816,0,10,000,13,0,2,14,A01
201200012817,0,07,000,00,1,3,01,A01
201200012818,0,07,000,14,0,1,01,B02
201200012818,0,17,000,00,0,0,01,A01
201200012819,0,07,000,04,0,1,01,A01
201200012820,0,07,000,00,2,1,01,A01
201200012820,0,07,000,03,0,4,01,B02
201200012821,0,07,000,00,0,8,00,C03
201200012821,0,07,000,01,0,2,00,A01
201200012821,0,07,000,00,0,6,00,B02
201200012822,0,07,000,00,2,1,01,A01
201200012822,0,07,000,00,2,6,01,B02
201200012823,0,17,000,00,2,4,01,B02
201200012823,0,10,000,00,2,1,01,A01
201200012824,0,07,000,00,2,1,02,B02
201200012824,1,14,000,00,2,4,02,C03
201200012824,1,07,000,00,0,0,01,A01
201200012824,0,10,000,01,0,1,02,D04
201200012825,0,17,000,00,2,4,02,B02
201200012825,0,07,000,00,2,1,02,A01
201200012826,0,07,000,00,2,2,14,A01
201200012826,0,17,000,00,0,0,01,B02
201200012827,0,07,000,00,0,9,01,A01
201200012828,0,07,000,03,0,7,01,A01
201200012829,0,07,000,03,2,7,17,A01
201200012829,0,14,000,00,2,6,01,B02
201200012830,0,15,000,03,0,2,01,A01
201200012831,0,07,000,03,0,1,01,A01
201200012832,0,07,000,03,0,0,01,A01
201200012833,0,30,000,00,2,5,20,B01
201200012833,0,02,000,01,1,2,01,A01
201200012834,0,07,000,00,2,3,01,B01
201200012834,0,33,000,00,2,1,13,A01
201200012835,0,07,000,00,1,3,01,A01
201200012836,0,07,000,00,1,2,01,A01
201200012837,0,10,000,00,2,1,01,A01
201200012837,0,07,000,00,2,3,15,B01
201200012838,0,07,000,00,1,2,21,A01
201200012838,0,07,000,00,0,0,00,B01
201200012839,0,07,000,13,0,2,01,A01
201200012840,0,37,001,00,2,5,01,A01
201200012840,0,01,000,00,2,1,01,B02
201200012841,0,02,000,06,0,1,01,A01
201200012842,0,07,000,09,0,1,15,A01
201200012843,0,07,000,02,0,1,01,A01
201200012844,0,30,000,00,2,2,01,A01
201200012844,0,10,000,00,2,6,18,B02
201200012845,0,31,000,00,2,1,01,B02
201200012845,0,07,000,00,2,3,13,A01
201200012846,0,03,000,06,1,2,01,A01
201200012847,0,07,000,00,2,8,01,B02
201200012847,0,33,000,00,2,3,13,A01
201200012848,0,07,000,00,2,1,01,B02
201200012848,0,07,000,00,2,1,13,A01
201200012849,0,07,000,00,9,3,01,B02
201200012849,0,01,000,00,2,8,13,A01
201200012850,0,31,000,00,6,1,01,A01
201200012851,0,07,000,00,2,7,13,A01
201200012851,0,07,000,00,2,1,01,B02
201200012852,0,07,000,00,1,1,01,A01
201200012853,0,30,000,00,2,0,00,B01
201200012853,0,07,000,00,2,5,00,A01
201200012854,0,07,000,00,2,1,01,B01
201200012854,0,07,000,00,2,7,01,A01
201200012855,0,07,000,00,2,1,02,B01
201200012855,0,07,000,00,2,4,02,A01
201200012856,0,07,000,00,0,7,01,A01
201200012857,0,02,000,00,2,1,01,A01
201200012857,0,07,000,00,2,1,05,B01
201200012858,0,07,000,00,2,3,01,A01
201200012858,0,30,000,00,2,1,19,B01
201200012859,0,30,000,00,2,1,01,B01
201200012859,0,07,000,00,2,2,15,A01
201200012860,0,07,000,00,1,3,16,A01
201200012861,0,01,000,00,2,0,15,A01
201200012861,0,07,000,00,2,1,00,B01
201200012862,0,02,000,00,2,1,01,B01
201200012862,0,07,000,00,2,1,15,A01
201200012863,0,33,000,00,2,1,01,B01
201200012863,2,07,000,00,2,3,15,A01
201200012864,0,01,000,00,2,3,02,B01
201200012864,0,07,000,00,2,2,02,A01
201200012865,0,30,000,00,0,0,00,A01
201200012866,0,07,000,00,1,2,01,A01
201200012867,0,07,000,00,1,0,00,A01
201200012868,0,07,000,00,0,4,02,B02
201200012868,0,10,000,00,2,1,02,A01
201200012869,0,10,000,00,0,4,01,B02
201200012869,0,07,000,00,2,1,02,A01
201200012870,0,07,000,03,0,1,13,A01
201200012871,0,07,000,04,0,1,19,A01
201200012872,0,33,000,03,2,6,02,B02
201200012872,0,33,000,00,2,8,02,A01
201200012873,0,07,000,00,0,0,11,A01
201200012873,0,33,000,00,0,8,01,B02
201200012874,0,07,000,08,0,9,01,A01
201200012875,0,07,000,00,2,2,17,A01
201200012875,0,07,000,00,2,3,01,B02
201200012876,0,14,000,00,2,3,02,A01
201200012876,0,14,000,00,2,5,02,B02
201200012877,0,07,000,00,0,8,01,A01
201200012878,0,37,000,00,2,2,02,A01
201200012878,0,07,000,00,2,4,02,B02
201200012878,0,07,000,00,2,4,02,C03
201200012879,0,33,000,00,0,4,02,A01
201200012879,0,07,000,00,2,1,02,B02
201200012880,0,07,000,08,0,9,01,A01
201200012881,0,10,000,13,0,7,01,A01
201200012882,0,07,000,00,2,3,15,A01
201200012882,0,07,000,00,2,2,01,B02
201200012883,0,14,000,00,2,6,17,A01
201200012883,0,33,000,00,2,2,17,B02
201200012884,0,07,000,00,0,5,14,A01
201200012884,0,17,000,00,2,1,01,B02
201200012885,0,07,000,13,0,9,01,A01
201200012886,0,07,000,06,0,3,00,A01
201200012887,0,07,000,03,0,3,21,A01
201200012888,0,10,000,00,0,0,01,A01
201200012889,0,15,000,00,2,4,02,A01
201200012889,0,07,000,00,2,1,02,B02
201200012890,0,07,000,00,2,1,02,A01
201200012890,0,07,000,00,0,4,01,B02
201200012891,0,38,067,03,0,7,12,A01
201200012892,0,07,000,05,0,1,01,A01
201200012893,0,07,000,03,0,2,01,A01
201200012894,0,10,000,13,0,9,17,A01
201200012895,0,07,000,00,0,0,00,A01
201200012896,0,07,000,03,0,2,01,A01
201200012897,0,07,000,16,0,0,00,A01
201200012898,0,07,000,04,0,1,09,A01
201200012899,0,07,000,00,0,6,01,A01
201200012899,0,07,000,00,2,2,02,B02
201200012900,0,07,000,01,0,1,01,A01
201200012900,0,15,000,01,0,4,24,B02
201200012901,0,07,000,13,0,2,12,A01
201200012902,0,17,000,00,2,6,01,B02
201200012902,0,07,000,00,2,2,21,A01
201200012903,0,07,000,00,2,1,01,B02
201200012903,0,07,000,00,2,1,01,C03
201200012903,0,07,000,00,2,1,01,D04
201200012903,0,07,000,00,0,4,00,A01
201200012904,0,10,000,00,0,2,01,A01
201200012905,0,07,000,03,0,3,00,A01
201200012906,0,30,000,03,0,7,01,A01
201200012907,0,33,000,00,0,4,02,B02
201200012907,0,33,000,00,2,1,02,A01
201200012908,0,14,000,00,2,2,21,E01
201200012908,0,07,000,00,2,4,23,B01
201200012908,0,14,000,00,2,3,21,C01
201200012908,0,14,000,00,0,8,01,D01
201200012908,0,07,000,00,0,4,23,A01
201200012909,0,07,000,13,0,1,17,A01
201200012910,0,13,000,00,2,1,02,A01
201200012910,0,07,000,00,0,4,02,B02
201200012911,0,07,000,03,0,1,01,A01
201200012912,0,07,000,00,2,3,01,D04
201200012912,0,10,000,00,2,1,01,C03
201200012912,0,17,000,03,2,1,06,A01
201200012912,0,10,000,00,9,1,01,E05
201200012912,0,07,000,00,2,1,01,B02
201200012913,0,17,000,13,0,2,01,A01
201200012914,0,10,000,00,2,2,02,A01
201200012914,0,17,000,00,2,6,01,B02
201200012915,0,07,000,00,2,2,17,A01
201200012915,0,07,000,01,0,1,01,B02
201200012915,0,17,000,00,0,4,23,C03
201200012915,0,17,000,00,0,8,01,D04
201200012916,0,07,000,00,2,1,13,A01
201200012916,0,07,000,00,2,3,00,B02
201200012917,0,33,000,08,0,1,01,A01
201200012918,0,07,000,00,2,1,01,B02
201200012918,0,02,000,00,2,1,13,A01
201200012919,0,07,000,06,0,3,16,A01
201200012920,0,07,000,00,2,1,17,A01
201200012920,0,07,000,00,2,1,01,B02
201200012921,0,07,000,03,0,7,01,A01
201200012922,0,07,000,03,0,1,17,A01
201200012923,0,10,000,03,0,3,13,A01
201200012924,0,07,000,00,1,4,20,A01
201200012925,0,07,000,00,2,3,01,B02
201200012925,0,07,000,00,2,3,13,A01
201200012926,0,01,000,00,2,0,01,B02
201200012926,0,33,000,00,2,1,01,A01
201200012927,0,07,000,00,2,3,01,B02
201200012927,0,07,000,00,2,3,13,A01
201200012928,0,33,000,00,2,5,01,B02
201200012928,0,10,000,00,2,3,19,A01
201200012929,0,34,000,11,0,1,01,A01
201200012930,0,33,000,00,2,1,17,B02
201200012930,0,07,000,00,0,8,13,A01
201200012931,0,07,000,00,1,4,23,A01
201200012931,0,07,000,00,2,1,01,B02
201200012932,0,07,000,00,1,2,00,A01
201200012933,0,31,000,00,2,1,01,B02
201200012933,0,07,000,00,2,2,15,A01
201200012934,0,10,000,00,9,1,01,A01
201200012934,0,01,000,00,2,7,01,B02
201200012935,0,07,000,00,1,3,01,A01
201200012936,0,32,000,11,2,1,01,A01
201200012936,0,10,000,00,2,0,01,B02
201200012937,0,07,000,00,2,8,19,A01
201200012937,0,33,000,00,2,1,01,B02
201200012937,0,02,000,00,2,1,01,C03
201200012938,0,01,000,00,0,0,01,A01
201200012939,0,07,000,00,2,3,10,B02
201200012939,0,34,000,00,2,1,17,A01
201200012940,0,07,000,04,0,2,14,A01
201200012941,0,10,000,00,2,3,19,A01
201200012941,0,33,000,00,2,2,09,B02
201200012942,0,33,000,00,2,1,01,A01
201200012942,0,10,000,00,2,7,15,B02