Num_Acc,senc,catv,occutc,obs,obsm,choc,manv,num_veh
201200012943,0,07,000,00,2,1,01,C03
201200012943,0,07,000,00,2,1,05,A01
201200012943,0,07,000,00,2,1,01,B02
201200012944,0,07,000,00,2,1,01,A01
201200012944,0,07,000,00,2,8,15,B02
201200012945,0,07,000,00,0,6,00,A01
201200012945,0,33,000,00,0,1,21,B02
201200012946,0,33,000,00,0,6,00,B02
201200012946,0,33,000,00,2,7,21,A01
201200012947,0,33,000,00,2,3,01,A01
201200012947,0,07,000,00,2,2,12,B02
201200012948,0,33,000,00,2,8,01,A01
201200012948,0,07,000,00,2,1,15,B02
201200012949,0,07,000,00,1,4,04,A01
201200012950,0,15,000,00,2,2,01,A01
201200012950,0,07,000,00,2,2,12,B02
201200012951,0,07,000,00,2,1,19,A01
201200012951,0,07,000,00,2,1,01,B02
201200012952,0,07,000,00,0,2,01,A01
201200012952,0,33,000,00,0,8,00,B02
201200012953,0,07,000,02,0,1,01,A01
201200012954,0,07,000,00,2,1,19,A01
201200012954,0,07,000,00,2,3,01,B02
201200012955,0,33,000,00,6,1,01,A01
201200012956,0,38,000,00,2,2,01,A01
201200012956,0,01,000,00,2,1,00,B02
201200012957,0,07,000,00,2,1,23,C03
201200012957,0,07,000,00,0,7,15,A01
201200012957,0,07,000,00,2,3,01,B02
201200012957,0,07,000,00,2,3,23,D04
201200012958,0,15,000,00,2,1,01,A01
201200012958,0,07,000,00,2,1,11,B02
201200012959,0,07,000,00,2,2,15,B02
201200012959,0,31,000,00,2,1,01,A01
201200012960,0,07,000,00,1,1,09,A01
201200012961,0,07,000,00,2,3,13,A01
201200012961,0,07,000,00,2,3,01,B02
201200012962,0,17,000,00,2,3,02,A01
201200012962,0,07,000,00,0,4,02,B02
201200012963,0,07,000,00,2,3,13,A01
201200012963,0,07,000,00,2,2,01,B02
201200012964,0,07,000,13,0,9,14,A01
201200012965,0,07,000,03,2,5,23,A01
201200012965,0,07,000,00,2,1,14,B02
201200012966,0,17,000,00,2,8,01,C03
201200012966,0,15,000,00,2,8,01,B02
201200012966,0,07,000,03,2,7,14,A01
201200012967,0,07,000,16,2,6,01,B02
201200012967,0,07,000,16,2,2,17,A01
201200012968,0,07,000,06,0,1,01,A01
201200012969,0,10,000,00,2,1,02,A01
201200012969,0,17,000,00,0,0,01,B02
201200012970,0,07,000,00,2,1,21,A01
201200012970,0,07,000,00,2,4,21,B02
201200012971,0,10,000,11,0,1,01,A01
201200012972,0,07,000,13,0,3,14,A01
201200012973,0,07,000,01,0,1,01,A01
201200012973,0,07,000,00,0,4,02,B02
201200012974,0,10,000,06,0,6,13,A01
201200012975,0,07,000,00,2,1,02,A01
201200012975,0,07,000,00,0,4,17,B02
201200012976,0,07,000,00,0,0,01,A01
201200012977,0,14,000,00,2,3,02,A01
201200012977,0,07,000,00,2,4,02,B02
201200012977,0,07,000,00,0,4,02,C03
201200012978,0,07,000,04,0,9,00,A01
201200012979,0,07,000,03,2,1,17,A01
201200012980,0,33,000,00,0,8,16,A01
201200012981,0,07,000,00,2,1,13,A01
201200012981,0,10,000,00,2,1,01,B02
201200012982,0,07,000,00,2,6,01,A01
201200012982,0,33,000,00,2,3,01,B02
201200012983,0,07,000,00,2,1,01,A02
201200012983,0,07,000,00,2,7,19,B01
201200012984,0,10,000,00,2,1,05,B02
201200012984,0,10,000,00,2,7,21,C03
201200012984,0,10,000,00,2,8,13,A01
201200012985,0,07,000,00,2,6,17,A01
201200012985,0,07,000,00,2,2,17,B02
201200012986,0,07,000,00,0,4,01,D04
201200012986,0,07,000,00,2,1,01,B02
201200012986,0,07,000,00,2,1,01,A01
201200012986,0,07,000,00,2,4,01,C03
201200012987,0,07,000,00,0,1,01,A01
201200012987,0,07,000,00,0,2,13,B02
201200012988,0,30,000,00,1,1,01,A01
201200012989,0,07,000,00,2,1,01,A01
201200012989,0,01,000,00,2,7,15,B02
201200012990,0,10,000,00,2,3,05,A01
201200012990,0,07,000,00,2,3,17,B02
201200012990,0,07,000,00,2,1,01,C03
201200012991,0,31,000,00,2,2,01,A01
201200012991,0,07,000,00,2,4,01,B02
201200012992,0,07,000,00,2,7,15,A01
201200012992,0,31,000,00,2,1,01,B02
201200012993,0,33,000,00,1,1,01,A01
201200012994,0,07,000,00,9,3,13,A01
201200012994,0,01,000,00,2,1,01,B02
201200012995,0,31,000,00,2,3,13,A01
201200012995,0,07,000,00,2,3,01,B02
201200012996,0,07,000,00,1,2,21,A01
201200012997,0,10,000,13,0,1,19,A01
201200012998,0,07,000,13,0,1,21,A01
201200012999,0,10,000,00,2,2,17,A01
201200012999,0,14,000,00,2,6,01,B02
201200013000,0,15,000,00,2,4,01,A01
201200013000,0,15,000,00,2,1,01,B02
201200013001,0,07,000,00,0,4,01,A01
201200013001,0,07,000,00,2,1,01,B02
201200013002,0,07,000,00,2,8,19,A01
201200013002,0,33,000,00,2,1,01,B02
201200013003,0,07,000,13,0,3,19,A01
201200013004,0,10,000,06,2,7,01,B02
201200013004,0,07,000,00,2,1,05,A01
201200013005,0,07,000,00,0,0,15,A01
201200013005,0,30,000,14,0,0,21,B02
201200013006,0,33,000,13,0,7,01,A01
201200013007,0,33,000,00,2,0,17,A01
201200013008,0,07,000,00,2,2,15,A01
201200013008,0,02,000,00,2,1,01,B02
201200013009,0,07,000,00,9,2,15,A01
201200013009,0,01,000,00,2,1,01,B02
201200013010,0,07,000,00,2,3,23,A01
201200013010,0,07,000,00,2,2,01,B02
201200013011,0,01,000,00,2,1,01,B02
201200013011,0,01,000,00,2,4,01,A01
201200013012,0,07,000,00,2,2,19,A01
201200013012,0,31,000,00,2,1,01,B02
201200013013,0,03,000,00,2,1,15,A01
201200013013,0,07,000,00,2,3,01,B02
201200013014,0,07,000,13,0,2,12,A01
201200013015,0,01,000,00,2,8,02,B02
201200013015,1,07,000,00,2,7,01,Z01
201200013016,0,07,000,07,0,1,01,A01
201200013017,0,07,000,00,2,4,01,B02
201200013017,0,33,000,00,2,1,01,A01
201200013018,0,30,000,11,0,1,01,A01
201200013019,0,07,000,00,1,3,01,A01
201200013020,0,33,000,00,0,2,01,A01
201200013021,0,02,000,00,0,8,01,A01
201200013022,0,07,000,13,0,1,01,A01
201200013023,0,07,000,00,2,1,02,A01
201200013023,0,10,000,00,2,4,02,B02
201200013023,0,07,000,00,2,4,02,C03
201200013024,0,07,000,13,0,1,01,A01
201200013025,0,07,000,02,0,7,01,A01
201200013026,0,07,000,00,2,3,13,A01
201200013026,0,07,000,00,2,3,01,B02
201200013027,0,33,000,00,0,8,01,A01
201200013028,0,30,000,00,2,3,01,B02
201200013028,0,07,000,00,2,8,01,A01
201200013029,0,32,000,00,2,1,17,A01
201200013029,0,07,000,00,2,3,19,B02
201200013030,0,02,000,00,0,5,01,B02
201200013030,0,07,000,00,2,8,01,A01
201200013031,0,07,000,00,2,3,05,A01
201200013031,0,33,000,00,2,1,17,B02
201200013032,1,07,000,00,2,2,02,A01
201200013032,0,07,000,00,2,6,01,B02
201200013033,0,03,000,09,0,1,00,A01
201200013034,0,07,000,00,2,1,01,B02
201200013034,0,02,000,00,2,8,15,A01
201200013035,0,02,000,00,2,1,01,B02
201200013035,0,07,000,00,2,3,16,A01
201200013036,0,33,000,00,2,1,21,C03
201200013036,0,10,000,00,2,5,21,D04
201200013036,0,30,000,00,2,1,21,E05
201200013036,0,07,000,00,2,4,15,A01
201200013036,0,33,000,00,2,1,21,B02
201200013037,0,10,000,00,2,3,01,B02
201200013037,0,37,000,00,2,3,01,A01
201200013038,0,07,000,02,0,7,13,A01
201200013039,0,07,000,02,0,6,17,A01
201200013040,0,34,000,00,2,1,01,B02
201200013040,0,07,000,00,2,3,15,A01
201200013041,0,07,000,02,0,1,01,A01
201200013042,0,31,000,00,2,8,01,A01
201200013042,0,07,000,00,2,2,14,B02
201200013043,0,07,000,00,2,1,15,A01
201200013043,0,32,000,00,2,1,01,B02
201200013044,0,07,000,02,0,1,16,A01
201200013045,0,10,000,00,2,7,17,A01
201200013045,0,30,000,00,2,8,01,B02
201200013046,0,07,000,00,2,1,15,B02
201200013046,0,30,000,00,2,1,01,A01
201200013047,0,38,000,06,0,2,21,A01
201200013048,0,33,000,13,0,1,01,A01
201200013049,0,07,000,13,0,1,14,A01
201200013050,0,32,000,00,0,1,01,A01
201200013050,0,07,000,00,0,2,15,B02
201200013051,0,07,000,03,2,1,05,A01
201200013051,0,32,000,03,2,1,01,B02
201200013052,0,07,000,00,2,1,02,A01
201200013052,0,07,000,00,2,4,02,B02
201200013053,0,02,000,00,2,1,16,A01
201200013053,0,37,001,00,2,8,01,B02
201200013054,0,37,001,00,1,2,07,A01
201200013055,0,31,000,00,0,8,01,A01
201200013055,0,07,000,00,0,3,15,B02
201200013056,0,30,000,12,0,1,01,A01
201200013057,0,10,000,00,2,3,19,A01
201200013057,0,33,000,00,2,1,01,B02
201200013058,0,07,000,12,1,3,01,A01
201200013059,0,33,000,00,2,1,01,A01
201200013059,0,07,000,00,2,3,19,B02
201200013060,0,07,000,00,1,3,00,A01
201200013061,0,30,000,00,2,1,15,A01
201200013061,0,07,000,00,2,1,01,B02
201200013062,0,07,000,00,2,3,15,A01
201200013062,0,32,000,00,2,1,01,B02
201200013063,0,30,000,14,0,0,01,A01
201200013064,0,07,000,00,2,2,17,A01
201200013064,0,01,000,00,2,8,15,B02
201200013065,0,10,000,00,2,3,01,B02
201200013065,0,01,000,00,2,1,01,A01
201200013066,0,01,000,00,9,8,02,A01
201200013066,0,01,000,00,9,2,02,B02
201200013067,0,07,000,00,1,1,14,A01
201200013068,0,07,000,00,2,0,05,A01
201200013068,0,07,000,06,2,1,21,B02
201200013069,0,07,000,00,2,7,15,A01
201200013069,0,02,000,00,2,1,01,B02
201200013070,0,07,000,00,2,3,01,A01
201200013070,0,07,000,00,2,3,01,B02
201200013071,0,07,000,00,2,1,01,A01
201200013071,0,07,000,10,0,4,01,B02
201200013072,0,07,000,00,2,3,13,A01
201200013072,0,30,000,00,2,1,01,B02
201200013073,0,07,000,02,0,7,13,A01
201200013074,0,33,000,00,2,8,18,B02
201200013074,0,07,000,00,2,7,16,A01
201200013075,0,07,000,02,0,9,01,A01
201200013076,0,17,000,00,0,7,01,A01
201200013077,0,10,000,00,2,1,02,A01
201200013077,0,17,000,00,0,4,01,B02
201200013078,0,15,000,01,2,1,02,A01
201200013078,0,10,000,00,2,4,23,B02
201200013078,0,07,000,00,2,4,17,C03
201200013079,0,17,000,03,0,7,14,A01
201200013080,0,07,000,03,0,8,01,A01
201200013081,0,33,000,00,0,0,00,A01
201200013082,0,07,000,00,6,9,01,A01
201200013083,0,17,000,00,0,8,01,B02
201200013083,0,07,000,04,0,3,17,A01
201200013084,1,99,000,00,1,0,00,A01
201200013085,0,17,000,03,0,1,01,A01
201200013085,0,17,000,00,2,2,01,B02
201200013086,0,15,000,00,0,4,01,B02
201200013086,0,15,000,00,2,2,17,A01
201200013087,0,07,000,00,2,8,01,B02
201200013087,0,07,000,00,2,7,17,A01
201200013088,0,07,000,00,0,6,01,A01
201200013088,0,07,000,00,2,2,01,B02
201200013089,0,15,000,00,0,7,01,A01
201200013090,0,17,000,00,0,4,02,B02
201200013090,0,07,000,00,2,1,02,A01
201200013091,0,07,000,00,1,2,01,A01
201200013092,0,07,000,00,2,8,01,B02
201200013092,0,07,000,00,2,3,15,A01
201200013093,0,07,000,06,0,2,01,A01
201200013094,0,07,000,05,0,8,06,A01
201200013095,0,07,000,00,1,2,01,A01
201200013096,0,33,000,01,0,1,02,A01
201200013096,0,14,000,00,2,4,24,B02
201200013097,0,07,000,00,2,2,01,B02
201200013097,0,07,000,00,2,6,15,A01
201200013098,0,07,000,00,1,1,00,A01
201200013099,0,01,000,00,0,7,01,A01
201200013099,0,07,000,00,9,3,12,B02
201200013100,0,07,000,00,2,3,15,A01
201200013100,0,33,000,00,2,1,01,B02
201200013101,0,33,000,00,2,1,01,A01
201200013101,0,07,000,00,2,3,19,B02
201200013102,0,07,000,06,0,1,01,A01
201200013103,0,31,000,00,2,2,18,B02
201200013103,0,21,000,00,2,2,01,A01
201200013104,0,07,000,00,0,6,23,A01
201200013104,0,30,000,01,0,1,16,B02
201200013105,0,14,000,01,0,1,02,C03
201200013105,0,33,000,00,0,4,02,A01
201200013105,0,14,000,14,0,4,02,B02
201200013106,0,07,000,08,0,9,01,A01
201200013107,0,07,000,00,2,9,01,A01
201200013107,0,07,000,00,2,8,02,B02
201200013107,0,07,000,00,2,8,02,C03
201200013108,0,07,000,00,2,4,23,F06
201200013108,0,07,000,00,2,4,23,D04
201200013108,0,10,000,00,2,1,01,A01
201200013108,0,10,000,00,2,4,23,G07
201200013108,0,07,000,00,2,4,23,E05
201200013108,0,10,000,00,2,7,23,C03
201200013108,0,07,000,00,2,4,23,B02
201200013109,0,33,000,00,2,2,01,B02
201200013109,0,15,000,00,2,8,09,A01
201200013109,0,07,000,00,2,1,01,C03
201200013110,0,07,000,00,2,1,13,A01
201200013110,0,07,000,00,2,1,01,B02
201200013111,0,33,000,00,2,8,17,A01
201200013111,0,07,000,00,2,3,01,B02
201200013112,0,07,000,00,2,8,01,C03
201200013112,0,33,000,00,2,8,17,A01
201200013112,0,07,000,00,2,8,02,B02
201200013113,0,07,000,13,0,2,01,A01
201200013114,0,07,000,13,0,2,01,A01
201200013115,0,07,000,06,0,3,01,A01
201200013116,0,33,000,03,0,1,01,A01
201200013117,0,17,000,00,2,3,01,B02
201200013117,0,07,000,00,2,1,01,C03
201200013117,0,07,000,00,2,1,01,A01
201200013118,0,33,000,00,0,0,01,A01
201200013119,0,33,000,08,2,1,01,B02
201200013119,0,07,000,00,0,4,15,A01
201200013120,0,07,000,00,0,4,23,C03
201200013120,0,07,000,00,0,4,23,B02
201200013120,0,07,000,00,0,1,01,A01
201200013121,0,07,000,00,1,2,01,A01
201200013122,0,07,000,00,2,2,17,B02
201200013122,0,07,000,00,2,3,15,A01
201200013123,0,02,000,00,1,1,01,A01
201200013124,0,10,000,00,2,1,01,B02
201200013124,0,99,000,00,2,1,01,A01
201200013125,0,30,000,00,2,1,02,A01
201200013125,0,10,000,00,2,4,02,B02
201200013126,0,07,000,00,2,1,01,A01
201200013126,0,02,000,00,,1,15,B02
201200013127,0,30,000,00,2,1,01,A01
201200013127,0,07,000,00,2,7,15,B02
201200013128,0,33,000,00,0,7,01,A01
201200013129,0,07,000,01,1,1,00,A01
201200013130,0,10,000,03,0,1,13,A01
201200013131,0,07,000,02,0,2,14,A01
201200013132,0,07,000,00,2,1,01,C03
201200013132,0,17,000,03,0,1,06,A01
201200013133,0,07,000,00,2,6,13,A01
201200013133,0,07,000,00,2,2,17,B02
201200013133,0,07,000,00,9,0,01,C03
201200013134,0,07,000,00,1,1,16,A01
201200013135,0,07,000,00,2,8,11,B02
201200013135,0,07,000,00,0,1,24,A01
201200013136,0,07,000,03,2,3,02,A01
201200013137,0,07,000,00,2,1,01,A01
201200013137,0,07,000,00,0,4,01,B02
201200013138,0,07,000,00,2,1,17,A01
201200013138,0,17,000,00,2,6,01,B02
201200013139,0,07,000,00,2,7,01,B02
201200013139,0,07,000,04,2,5,13,A01
201200013140,0,10,000,03,0,1,01,A01
201200013141,0,07,000,00,2,3,15,B02
201200013141,0,33,000,00,2,7,17,A01
201200013142,0,07,000,00,2,3,21,A01
201200013142,0,07,000,00,2,8,02,B02
201200013143,0,31,000,00,2,1,02,A01
201200013143,0,07,000,00,2,5,01,B02
201200013144,0,32,000,08,0,1,13,A01
201200013145,0,30,000,00,2,1,01,A01
201200013145,0,10,000,00,2,3,09,B02
201200013146,0,07,000,00,2,3,01,C03
201200013146,0,33,000,00,2,7,17,A01
201200013146,0,07,000,00,2,8,01,B02
201200013147,0,33,000,00,2,1,13,B02
201200013147,0,07,000,00,2,8,06,A01
201200013148,0,07,000,03,0,6,01,A01
201200013149,0,07,000,02,0,3,13,A01
201200013150,0,07,000,00,1,1,01,A01
201200013151,0,07,000,07,0,1,01,C03
201200013151,0,17,000,07,0,1,13,A01
201200013151,0,07,000,07,0,1,01,B02
201200013152,0,07,000,06,0,1,01,A01
201200013153,0,07,000,00,2,3,02,A01
201200013153,0,33,000,00,2,7,17,B02
201200013154,0,07,000,04,2,1,00,A01
201200013154,0,07,000,00,2,9,17,B02
201200013155,0,07,000,03,0,2,01,A01
201200013156,0,07,000,00,2,3,00,B02
201200013156,0,07,000,00,2,3,00,A01
201200013157,0,07,000,08,0,1,13,A01
201200013158,0,07,000,00,2,1,01,B02
201200013158,0,07,000,00,2,1,13,A01
201200013159,0,07,000,00,2,6,01,B02
201200013159,0,07,000,00,2,3,01,A01
201200013160,0,07,000,00,0,0,01,A01
201200013161,0,10,000,00,0,3,19,A01
201200013161,0,07,000,00,0,1,01,B02
201200013162,0,01,000,00,2,2,01,A01
201200013162,0,07,000,00,2,3,01,B02
201200013163,0,07,000,02,0,1,01,A01
201200013164,0,07,000,00,1,7,01,A01
201200013165,0,33,000,00,2,3,01,A01
201200013165,0,17,000,00,2,8,01,B02
201200013166,0,07,000,00,2,1,13,A01
201200013166,0,07,000,00,2,8,01,D04
201200013166,0,07,000,00,2,8,01,C03
201200013166,0,07,000,00,2,1,01,B02
201200013167,0,07,000,00,2,1,13,A01
201200013167,0,10,000,00,2,3,01,B02
201200013168,0,07,000,00,1,3,01,A01
201200013169,0,07,000,00,2,7,17,A01
201200013169,0,02,000,00,2,8,15,B02
201200013170,0,07,000,00,0,8,01,A01
201200013170,0,07,000,00,0,1,19,B02
201200013171,0,33,000,00,0,9,17,A01
201200013172,0,07,000,00,2,3,13,B02
201200013172,0,07,000,00,,3,01,A01
201200013173,0,07,000,00,,1,01,B02
201200013173,0,07,000,00,2,2,15,A01
201200013174,0,33,000,00,2,8,17,A01
201200013174,0,15,000,00,2,0,17,B02
201200013175,0,07,000,00,0,4,02,B02
201200013175,0,07,000,00,2,1,02,A01
201200013176,0,07,000,00,0,6,02,A01
201200013176,0,33,000,00,0,1,02,B02
201200013177,0,07,000,13,0,1,01,A01
201200013178,0,07,000,00,2,4,02,A01
201200013178,0,17,000,00,2,1,02,B02
201200013179,0,07,000,00,2,6,01,A01
201200013179,0,07,000,00,2,2,11,B02
201200013179,0,07,000,01,0,1,01,C03
201200013179,0,07,000,00,1,1,21,D04
201200013180,0,07,000,00,0,0,01,A01
201200013180,0,07,000,14,0,1,01,B02
201200013180,0,07,000,00,2,1,01,C03
201200013180,0,07,000,14,0,1,01,D04
201200013181,0,07,000,00,2,2,17,A01
201200013181,0,15,000,00,2,3,01,B02
201200013182,0,07,000,00,2,3,02,A01
201200013182,0,17,000,00,2,5,02,B02
201200013183,0,07,000,03,0,1,01,A01
201200013184,0,33,000,03,0,8,17,A01
201200013185,0,10,000,03,0,8,17,A01
201200013186,0,07,000,06,0,3,14,A01
201200013187,0,07,000,03,0,3,11,A01
201200013188,0,14,000,00,2,6,01,B02
201200013188,0,07,000,03,2,2,17,A01
201200013189,0,10,000,00,2,2,14,A01
201200013189,0,15,000,00,0,6,01,B02
201200013190,0,10,000,00,2,1,02,A01
201200013190,0,17,000,00,2,4,01,B02
201200013191,0,07,000,04,2,7,17,A01
201200013191,1,17,000,00,2,1,17,A02
201200013192,0,10,000,03,0,1,14,A01
201200013193,0,07,000,02,0,1,14,A01
201200013194,0,07,000,03,2,1,17,A01
201200013194,0,10,000,00,0,4,17,B02
201200013195,0,17,000,00,2,5,01,A01
201200013195,0,17,000,00,2,1,01,B02
201200013196,0,07,000,13,0,7,01,A01
201200013197,0,07,000,03,0,7,14,A01
201200013198,0,17,000,00,0,2,01,A01
201200013198,0,17,000,00,0,4,23,B02
201200013199,0,17,000,00,2,1,02,A01
201200013199,0,17,000,00,0,5,02,B02
201200013200,0,07,000,00,2,6,04,A01
201200013200,0,07,000,00,2,2,01,B02
201200013201,0,07,000,03,0,1,01,A01
201200013202,0,07,000,06,0,2,01,A01
201200013203,0,33,000,13,0,4,01,A01
201200013204,0,07,000,09,0,5,01,A01
201200013205,0,07,000,00,1,3,15,A01
201200013206,0,07,000,00,1,0,01,A01
201200013207,0,07,000,00,2,1,01,A01
201200013207,0,07,000,00,2,5,01,B01
201200013208,0,07,000,08,0,1,14,A01
201200013209,0,33,000,00,1,1,17,A01
201200013210,0,07,000,00,1,6,04,A01
201200013211,1,07,000,00,1,3,15,A01
201200013212,0,07,000,00,2,1,01,A01
201200013212,0,07,000,00,0,4,02,B01
201200013213,0,07,000,00,2,1,01,A01
201200013213,0,30,000,00,2,7,01,B01
201200013214,0,07,000,00,2,2,01,B01
201200013214,0,07,000,00,2,3,15,A01
201200013215,0,07,000,00,2,2,15,A01
201200013215,0,07,000,00,2,3,01,B01
201200013216,0,37,001,00,1,2,01,A01
201200013217,0,07,000,00,2,3,16,B01
201200013217,0,07,000,00,2,3,13,A01
201200013218,0,07,000,00,2,2,01,B01
201200013218,0,07,000,00,2,5,01,A01
201200013219,0,07,000,00,0,0,15,A01
201200013219,0,37,005,00,0,0,07,B01
201200013220,0,07,000,00,1,1,01,A01
201200013221,0,07,000,00,0,3,11,B02
201200013221,0,30,000,00,0,1,02,A01
201200013222,0,01,000,00,2,7,01,B01
201200013222,0,07,000,00,2,3,09,A01
201200013223,0,07,000,00,0,1,00,B01
201200013223,0,07,000,00,0,4,00,C01
201200013223,0,07,000,00,0,1,00,A01
201200013224,0,30,000,00,2,1,01,A01
201200013224,0,07,000,00,2,6,15,B01
201200013225,0,07,000,01,0,2,16,A01
201200013225,0,30,000,00,2,6,01,B01
201200013226,0,07,000,13,0,9,01,A01
201200013227,2,07,000,00,1,7,01,A01
201200013228,0,02,000,00,2,1,01,A01
201200013228,0,07,000,00,0,4,09,B01
201200013229,0,07,000,00,2,4,01,A01
201200013229,0,10,000,00,2,1,01,B01
201200013230,0,07,000,00,2,3,15,A01
201200013230,0,30,000,00,2,1,01,B01
201200013231,0,07,000,00,0,3,15,A01
201200013231,0,30,000,00,0,1,01,B01
201200013232,0,07,000,00,0,4,02,C01
201200013232,0,07,000,00,0,4,02,B01
201200013232,0,07,000,00,0,1,02,A01
201200013233,0,07,000,00,2,1,01,B01
201200013233,0,07,000,00,2,1,01,A01
201200013234,0,07,000,00,1,7,01,A01
201200013235,0,01,000,00,2,5,01,B01
201200013235,0,07,000,00,2,3,01,A01
201200013236,0,07,000,00,2,8,00,A01
201200013236,0,07,000,00,2,1,00,B01
201200013237,0,07,000,08,0,1,01,A01
201200013238,0,07,000,00,0,7,02,A01
201200013239,0,33,000,00,2,1,01,B01
201200013239,0,07,000,00,2,8,15,A01
201200013240,0,07,000,00,0,4,23,B01
201200013240,0,30,000,00,2,1,01,A01
201200013241,0,07,000,00,2,7,10,A01
201200013241,0,07,000,00,2,1,01,B01
201200013242,0,07,000,00,5,9,21,A01
201200013242,0,33,000,00,2,1,21,B01
201200013243,0,07,000,00,2,1,01,A01
201200013243,0,07,000,00,2,2,19,B01
201200013244,0,10,000,00,2,3,01,B01
201200013244,0,07,000,00,2,3,17,A01
201200013244,0,07,000,00,2,1,01,C01
201200013245,0,10,000,00,2,2,15,B01
201200013245,0,33,000,00,2,1,01,A01
201200013246,0,01,000,00,2,1,01,B01
201200013246,0,10,000,00,2,5,16,A01
201200013247,0,07,000,00,1,3,01,A01
201200013248,0,07,000,00,1,2,01,A01
201200013249,0,07,000,00,2,4,01,B01
201200013249,0,07,000,00,0,1,01,A01
201200013250,0,07,000,00,2,1,15,A01
201200013250,0,33,000,00,2,8,01,B01
201200013251,0,01,000,00,2,4,01,B01
201200013251,0,07,000,00,2,1,09,A01
201200013252,1,07,000,00,0,4,,Z01
201200013252,0,33,000,12,0,4,01,A01
201200013253,0,07,000,00,2,7,15,B01
201200013253,0,30,000,00,2,1,01,A01
201200013254,0,07,000,00,2,7,15,A01
201200013254,0,33,000,00,2,1,01,B01
201200013255,0,07,000,00,2,3,09,A01
201200013255,0,01,000,00,2,1,01,B01
201200013256,0,07,000,00,2,3,00,B01
201200013256,0,02,000,00,2,1,05,A01
201200013257,0,01,000,00,2,5,01,B01
201200013257,0,07,000,00,2,2,09,A01
201200013258,0,02,000,00,2,1,01,B01
201200013258,0,07,000,00,2,3,16,A01
201200013259,0,07,000,00,0,4,23,B01
201200013259,0,30,000,00,2,1,02,A01
201200013260,0,03,000,00,1,1,15,A01
201200013261,0,07,000,00,2,1,01,B01
201200013261,0,07,000,01,2,1,17,A01
201200013262,0,02,000,00,0,3,01,B01
201200013262,1,07,000,00,0,5,17,A01
201200013263,0,07,000,00,1,3,01,A01
201200013264,0,07,000,00,1,1,01,A01
201200013265,0,07,000,00,1,1,01,A01
201200013266,0,02,000,00,2,1,01,B01
201200013266,0,07,000,00,2,5,15,A01
201200013267,0,02,000,00,0,8,15,A01
201200013267,0,07,000,00,0,3,01,B01
201200013268,0,33,000,00,0,1,01,B01
201200013268,0,07,000,00,0,3,15,A01
201200013269,0,07,000,00,2,2,15,A01
201200013269,0,07,000,00,2,1,01,B01
201200013270,0,30,000,00,2,2,15,A01
201200013270,0,07,000,00,0,4,24,C01
201200013270,0,07,000,00,2,1,01,B01
201200013271,0,31,000,00,2,1,15,B01
201200013271,0,07,000,00,2,8,15,A01
201200013272,0,07,000,00,2,1,09,A01
201200013272,0,01,000,00,2,4,01,B01
201200013273,0,07,000,00,0,3,01,B01
201200013273,0,33,000,00,2,1,01,A01
201200013274,0,30,000,00,2,1,00,A01
201200013274,0,07,000,00,2,3,00,B01
201200013275,0,07,000,00,1,5,20,A01
201200013276,0,30,000,00,2,8,01,B01
201200013276,0,07,000,00,2,1,15,A01
201200013277,0,07,000,00,0,3,01,A01
201200013278,0,07,000,00,1,2,01,A01
201200013279,0,30,000,00,2,3,17,A01
201200013279,0,07,000,00,2,3,09,B01
201200013280,0,02,000,00,2,1,01,A01
201200013280,0,07,000,00,2,8,01,B01
201200013281,0,07,000,00,1,7,01,A01
201200013282,0,10,000,00,9,1,05,A01
201200013282,0,01,000,00,2,1,01,B01
201200013283,0,10,000,00,2,4,02,B01
201200013283,0,10,000,00,2,1,02,A01
201200013284,0,07,000,00,1,2,01,A01
201200013285,0,07,000,00,2,3,16,A01
201200013285,0,07,000,00,2,8,01,B01
201200013286,0,07,000,00,2,8,15,B01
201200013286,0,02,000,00,2,7,17,A01
201200013287,0,15,000,00,0,4,02,B01
201200013287,0,07,000,00,2,1,02,A01
201200013288,0,07,000,00,0,3,01,B01
201200013288,0,07,000,00,2,3,13,A01
201200013289,0,07,000,00,1,1,01,A01
201200013290,0,07,000,00,1,1,01,A01
201200013291,0,31,000,00,0,8,01,B01
201200013291,0,07,000,00,2,7,17,A01
201200013292,0,01,000,00,2,3,02,B02
201200013292,0,30,000,00,9,7,02,A01
201200013293,1,07,000,00,1,7,02,A01
201200013294,0,07,000,02,0,1,19,A01
201200013295,0,14,000,02,0,3,13,A01
201200013296,0,07,000,00,2,1,15,A01
201200013296,0,02,000,00,2,1,01,B02
201200013297,0,33,000,00,2,3,01,B02
201200013297,0,07,000,00,2,3,15,A01
201200013298,0,07,000,00,2,8,10,A01
201200013298,0,33,000,00,2,1,01,B02
201200013299,0,07,000,00,2,5,15,A01
201200013299,0,30,000,00,2,2,01,B02
201200013300,0,21,000,00,0,7,01,A01
201200013301,0,07,000,00,2,1,01,B02
201200013301,0,07,000,00,2,1,01,A01
201200013302,0,07,000,00,0,0,00,B02
201200013302,0,07,000,00,0,3,01,A01
201200013303,0,07,000,00,1,4,04,A01
201200013304,0,07,000,00,2,3,09,A01
201200013304,0,33,000,00,2,1,01,B02
201200013305,0,17,000,00,2,6,13,A01
201200013305,0,07,000,00,2,3,01,B02
201200013306,0,33,000,00,2,3,13,A01
201200013306,0,14,000,00,0,8,01,B02