Num_Acc,senc,catv,occutc,obs,obsm,choc,manv,num_veh
201200014078,0,07,000,00,2,3,11,A01
201200014078,0,30,000,00,2,1,11,B01
201200014079,0,07,000,00,2,1,01,B01
201200014079,0,07,000,00,0,5,19,A01
201200014080,0,07,000,00,0,2,23,B01
201200014080,0,07,000,00,0,4,04,A01
201200014081,0,99,000,00,2,8,01,B01
201200014081,0,07,000,00,2,1,15,A01
201200014082,0,30,000,01,0,1,01,A01
201200014083,0,07,000,00,2,8,19,A01
201200014083,0,33,000,00,2,1,01,B01
201200014084,0,10,000,00,1,1,02,A01
201200014085,0,07,000,12,0,2,01,A01
201200014086,0,10,000,00,2,8,15,A01
201200014086,0,32,000,00,2,1,01,B01
201200014087,0,10,000,00,2,6,04,A01
201200014087,0,07,000,00,2,2,01,B01
201200014088,0,07,000,00,2,2,19,A01
201200014088,0,07,000,00,2,2,01,B01
201200014089,0,33,000,00,2,8,01,B01
201200014089,0,07,000,00,2,3,15,A01
201200014090,0,07,000,00,1,2,01,A01
201200014091,0,30,000,00,0,1,01,A01
201200014092,0,30,000,07,0,1,00,A01
201200014093,0,33,000,00,2,7,01,B01
201200014093,0,07,000,00,2,1,09,A01
201200014094,0,07,000,00,0,4,02,C01
201200014094,0,07,000,00,2,4,02,A01
201200014094,0,07,000,00,2,4,01,B01
201200014095,0,07,000,00,0,4,02,B01
201200014095,0,07,000,00,2,1,02,A01
201200014096,0,07,000,00,2,4,02,B01
201200014096,0,07,000,00,2,1,02,A01
201200014097,0,07,000,00,2,3,00,A01
201200014097,0,33,000,00,2,1,01,B01
201200014098,0,02,000,00,2,7,01,B01
201200014098,1,07,000,00,2,1,15,Z01
201200014099,0,15,000,00,2,1,02,A01
201200014099,0,07,000,00,0,4,02,B01
201200014099,0,07,000,00,0,6,02,C01
201200014100,0,07,000,00,2,5,15,A01
201200014100,0,07,000,00,2,3,01,B01
201200014100,0,07,000,00,2,1,01,D01
201200014100,0,07,000,00,2,6,01,C01
201200014101,0,07,000,00,1,4,04,A01
201200014102,0,07,000,06,0,2,01,A01
201200014103,0,07,000,13,0,1,01,A01
201200014104,0,01,000,00,2,7,17,B01
201200014104,0,10,000,00,2,3,01,A01
201200014105,0,07,000,08,0,1,01,A01
201200014106,0,34,000,00,2,1,01,B01
201200014106,0,07,000,00,2,6,15,A01
201200014107,0,07,000,15,0,2,14,A01
201200014108,0,02,000,00,2,1,01,A01
201200014108,0,07,000,00,2,2,15,B01
201200014109,0,32,000,01,0,1,02,A01
201200014109,0,07,000,00,0,5,02,B01
201200014110,0,07,000,06,2,9,13,A01
201200014110,0,07,000,00,2,2,01,B01
201200014111,0,10,000,00,2,3,01,A01
201200014111,0,13,000,00,2,3,14,B01
201200014112,0,30,000,11,0,1,00,A01
201200014113,0,34,000,00,2,2,01,B01
201200014113,0,07,000,00,2,3,23,C01
201200014113,1,07,000,00,2,3,19,Z01
201200014114,0,07,000,00,1,3,01,A01
201200014115,0,07,000,00,1,2,01,A01
201200014116,0,07,000,00,2,3,15,A01
201200014116,0,30,000,00,2,1,01,B01
201200014117,0,07,000,00,2,7,17,A01
201200014117,0,02,000,00,2,8,01,B01
201200014118,0,30,000,00,2,7,01,B01
201200014118,0,07,000,00,2,3,19,A01
201200014119,0,38,001,12,0,7,01,A01
201200014120,0,07,000,00,2,2,01,A01
201200014120,0,30,000,00,2,5,01,B01
201200014121,0,07,000,00,2,7,19,A01
201200014121,0,32,000,00,2,1,01,B01
201200014122,0,10,000,00,1,3,01,A01
201200014123,0,07,000,00,2,2,01,A01
201200014123,0,32,000,00,2,1,01,B01
201200014124,0,33,000,00,2,2,02,A01
201200014124,0,07,000,00,0,3,02,B01
201200014125,0,07,000,00,1,4,04,A01
201200014126,0,07,000,02,0,1,13,A01
201200014127,0,30,000,00,2,1,01,A01
201200014127,0,07,000,00,2,7,15,B01
201200014128,1,07,000,00,0,0,00,Z01
201200014129,0,07,000,08,2,1,15,B01
201200014129,0,32,000,00,2,5,01,A01
201200014130,0,07,000,11,0,1,06,A01
201200014131,0,02,000,00,2,2,17,A01
201200014131,0,07,000,00,2,3,01,B01
201200014132,1,07,000,01,0,2,14,A01
201200014132,0,07,000,00,0,8,24,B01
201200014133,0,02,000,00,2,1,16,B01
201200014133,0,07,000,00,2,8,16,A01
201200014134,0,07,000,00,1,3,13,A01
201200014135,0,07,000,00,1,1,01,A01
201200014136,0,33,000,08,0,0,05,A01
201200014137,0,33,000,12,0,1,17,A01
201200014138,0,33,000,00,2,1,21,B01
201200014138,0,07,000,00,2,1,13,A01
201200014139,0,07,000,00,2,2,15,A01
201200014139,0,32,000,00,2,1,01,B01
201200014140,0,30,000,11,2,1,16,A01
201200014140,0,07,000,12,2,1,01,B01
201200014141,0,33,000,00,2,1,17,B01
201200014141,0,07,000,00,2,3,15,A01
201200014142,0,07,000,00,2,2,05,A01
201200014142,0,07,000,00,2,6,01,B01
201200014142,0,07,000,00,2,1,01,C01
201200014143,0,30,000,00,2,2,21,B01
201200014143,1,07,000,00,2,3,09,Z01
201200014144,0,33,000,00,2,1,21,A01
201200014144,0,07,000,00,2,8,19,B01
201200014145,0,34,000,00,2,2,00,B01
201200014145,0,07,000,00,2,3,19,A01
201200014146,0,07,000,00,1,1,09,A01
201200014147,0,30,000,00,2,1,17,A01
201200014147,0,32,000,00,2,1,01,C01
201200014147,0,30,000,00,2,4,02,B01
201200014148,0,07,000,00,2,3,15,A01
201200014148,0,02,000,00,2,1,17,B01
201200014149,0,07,000,01,0,2,20,A01
201200014150,0,07,000,00,2,3,05,A01
201200014150,0,07,000,00,2,3,01,B01
201200014151,0,33,000,00,2,8,01,A01
201200014151,0,14,000,00,2,2,01,B01
201200014152,0,07,000,00,2,8,02,C01
201200014152,0,07,000,00,2,3,17,A01
201200014152,0,33,000,00,2,8,01,B01
201200014153,0,13,000,00,2,1,01,B01
201200014153,0,07,000,00,2,1,13,A01
201200014154,0,07,000,00,2,3,13,A01
201200014154,0,07,000,00,2,3,01,B01
201200014155,0,07,000,08,0,1,14,A01
201200014156,0,07,000,00,2,1,01,B01
201200014156,0,07,000,13,0,6,14,C01
201200014156,0,07,000,00,2,1,17,A01
201200014157,0,07,000,03,0,1,00,A01
201200014158,0,07,000,00,2,1,01,B01
201200014158,0,07,000,00,2,1,05,A01
201200014159,0,30,000,00,2,8,19,A01
201200014159,0,07,000,00,2,1,01,B01
201200014160,0,33,000,00,0,0,01,B01
201200014160,0,07,000,00,2,0,15,A01
201200014161,0,07,000,00,1,2,01,A01
201200014162,0,07,000,00,2,3,15,A01
201200014162,0,07,000,15,2,2,17,B01
201200014163,0,07,000,00,2,1,02,C01
201200014163,0,07,000,00,2,1,13,A01
201200014163,0,15,000,00,2,3,01,B01
201200014164,0,07,000,00,2,6,00,B01
201200014164,1,07,000,00,2,2,00,A01
201200014165,0,33,000,00,2,1,02,B01
201200014165,0,14,000,00,2,8,15,A01
201200014166,0,07,000,16,0,3,09,A01
201200014166,0,32,000,00,0,4,02,B01
201200014167,0,07,000,00,2,1,01,B01
201200014167,0,07,000,00,2,3,16,A01
201200014168,1,07,000,00,0,5,02,Z01
201200014168,0,07,000,00,0,3,02,B01
201200014169,0,07,000,00,0,1,15,A01
201200014169,0,07,000,00,0,0,02,B01
201200014170,1,07,000,00,0,1,01,A01
201200014171,0,07,000,00,0,0,05,B01
201200014171,1,07,000,00,0,0,13,A01
201200014172,0,07,000,00,1,1,02,A01
201200014173,0,07,000,00,0,0,00,A01
201200014173,0,33,000,00,2,8,00,B01
201200014174,0,07,000,00,2,7,15,A01
201200014174,0,31,000,00,2,9,01,B01
201200014175,0,14,000,00,0,5,15,A01
201200014175,0,33,000,00,0,1,01,B01
201200014176,0,07,000,10,0,3,23,B01
201200014176,0,33,000,10,0,1,15,A01
201200014177,0,07,000,00,0,0,19,B01
201200014177,0,07,000,00,0,0,00,A01
201200014178,0,01,000,00,1,1,01,A01
201200014179,0,07,000,00,0,0,00,B01
201200014179,0,07,000,00,0,0,00,C01
201200014179,0,13,000,00,0,0,00,A01
201200014180,0,07,000,00,2,7,01,B01
201200014180,1,07,000,00,2,1,01,Z01
201200014181,0,10,000,00,0,1,16,A01
201200014182,0,07,000,00,2,2,01,A01
201200014182,0,30,000,00,2,4,01,B01
201200014183,0,10,000,00,2,8,00,A01
201200014183,0,10,000,00,2,1,02,B01
201200014184,0,14,000,00,2,2,02,A01
201200014184,0,07,000,00,2,6,02,B01
201200014185,0,07,000,00,0,0,00,A01
201200014185,0,07,000,00,0,0,00,B01
201200014186,0,36,000,00,0,2,02,A01
201200014187,0,30,000,00,2,7,17,A01
201200014187,0,07,000,00,2,8,15,B01
201200014188,0,32,000,00,2,1,01,B01
201200014188,0,07,000,00,2,3,01,A01
201200014189,0,33,000,00,2,1,17,B01
201200014189,0,07,000,00,2,8,10,A01
201200014190,0,07,000,00,0,0,09,B01
201200014190,0,33,000,00,0,0,00,A01
201200014191,0,07,000,00,0,7,17,A01
201200014191,0,07,000,00,0,8,15,B01
201200014192,0,01,000,00,0,4,02,B01
201200014192,0,07,000,00,2,2,02,A01
201200014193,0,07,000,00,0,2,00,A01
201200014193,0,07,000,00,0,3,02,B01
201200014194,0,07,000,00,1,1,01,A01
201200014195,0,07,000,00,0,2,01,A01
201200014195,0,07,000,00,0,1,01,B01
201200014196,0,31,000,00,0,1,02,A01
201200014197,0,07,000,00,1,7,01,A01
201200014198,0,07,000,00,2,3,02,B01
201200014198,0,03,000,00,2,1,09,A01
201200014199,0,07,000,00,0,3,15,A01
201200014200,0,07,000,00,0,4,02,B01
201200014200,1,07,000,00,0,1,02,A01
201200014201,0,07,000,00,2,4,02,B01
201200014201,0,07,000,00,2,1,02,C01
201200014201,0,07,000,00,2,1,02,D01
201200014201,0,07,000,00,0,4,23,A01
201200014202,0,07,000,00,0,7,14,A01
201200014203,0,07,000,00,2,4,04,A01
201200014203,0,07,000,00,2,1,09,B01
201200014204,0,07,000,00,0,8,15,A01
201200014204,0,01,000,00,0,1,17,B01
201200014205,0,10,000,00,0,8,10,A01
201200014205,0,10,000,00,2,1,21,B01
201200014206,0,07,000,00,2,3,17,A01
201200014206,0,07,000,00,2,3,01,B01
201200014206,0,07,000,00,2,6,02,C01
201200014207,0,07,000,00,2,3,11,A01
201200014207,0,33,000,00,2,8,02,B01
201200014208,0,07,000,00,0,3,15,A01
201200014208,0,31,000,00,0,8,15,B01
201200014209,0,07,000,00,2,3,00,A01
201200014209,0,33,000,00,2,8,00,B01
201200014210,0,07,000,00,2,8,02,B01
201200014210,0,07,000,00,2,8,11,A01
201200014211,0,07,000,13,0,1,01,A01
201200014212,0,07,000,00,2,7,11,A01
201200014212,0,34,000,00,2,2,02,B01
201200014213,0,07,000,00,2,2,01,B01
201200014213,0,07,000,00,0,6,00,A01
201200014214,0,10,000,00,0,1,09,A01
201200014214,0,07,000,00,0,2,02,B01
201200014215,0,07,000,00,0,6,15,B01
201200014215,0,30,000,00,0,1,01,A01
201200014216,0,30,000,00,2,7,01,B01
201200014216,1,07,000,00,2,8,15,Z01
201200014217,0,10,000,14,0,1,02,A01
201200014217,0,07,000,00,0,4,02,B01
201200014218,0,15,000,00,0,5,04,A01
201200014218,0,07,000,00,0,2,01,B01
201200014219,0,07,000,00,2,3,15,A01
201200014219,0,07,000,00,2,1,21,B01
201200014220,0,07,000,14,2,4,02,A01
201200014220,0,07,000,00,9,1,02,B01
201200014221,0,07,000,00,0,2,01,B01
201200014221,0,07,000,00,0,1,09,A01
201200014222,0,07,000,00,0,3,13,A01
201200014222,0,32,000,00,0,0,00,B01
201200014223,0,10,000,00,2,1,01,A01
201200014223,0,10,000,00,0,4,02,B01
201200014224,0,07,000,00,0,2,01,A01
201200014224,0,07,000,00,0,6,13,B01
201200014225,0,07,000,00,2,1,01,A01
201200014225,0,07,000,00,2,8,01,B01
201200014226,0,07,000,00,0,1,17,A01
201200014226,0,07,000,00,2,3,15,B01
201200014227,0,07,000,15,0,1,16,A01
201200014228,0,10,000,00,2,1,00,B01
201200014228,0,07,000,00,2,1,13,A01
201200014229,0,07,000,00,2,1,02,A01
201200014229,0,07,000,00,0,4,01,B01
201200014230,0,07,000,00,0,2,02,A01
201200014230,0,33,000,00,0,6,02,B01
201200014231,0,07,000,00,0,2,01,B01
201200014231,0,07,000,00,0,1,09,A01
201200014232,0,07,000,00,2,1,01,B01
201200014232,0,07,000,00,2,8,15,A01
201200014233,1,07,000,00,2,1,00,A01
201200014233,0,07,000,01,0,7,00,B01
201200014234,0,02,000,00,2,5,17,B01
201200014234,0,07,000,00,2,8,15,A01
201200014235,0,01,000,00,2,0,01,B01
201200014235,1,07,000,00,2,4,04,Z01
201200014236,0,07,000,08,0,7,00,A01
201200014237,0,07,000,00,2,1,00,A01
201200014237,0,07,000,00,0,4,00,B01
201200014238,0,07,000,15,0,0,00,A01
201200014239,0,32,000,00,2,0,00,B01
201200014239,1,07,000,00,0,0,00,Z01
201200014240,1,33,000,00,1,0,01,Z01
201200014241,0,07,000,02,0,2,01,A01
201200014242,0,32,000,00,2,1,01,B01
201200014242,1,07,000,00,0,0,00,Z01
201200014243,0,07,000,00,1,2,09,A01
201200014244,0,34,000,00,2,7,21,B01
201200014244,0,07,000,00,2,3,09,A01
201200014245,0,32,000,00,1,2,01,A01
201200014246,2,07,000,00,2,3,01,A01
201200014246,0,34,000,00,2,1,01,C01
201200014246,0,07,000,00,2,6,01,B01
201200014247,0,07,000,08,2,2,00,B01
201200014247,0,07,000,00,2,3,00,A01
201200014248,0,32,000,00,2,1,07,A01
201200014248,0,07,000,00,2,7,07,B01
201200014249,0,32,000,00,2,1,00,A01
201200014249,0,07,000,00,2,2,01,B01
201200014250,0,02,000,00,0,0,12,A01
201200014251,0,33,000,00,2,1,01,B01
201200014251,0,07,000,00,2,4,10,A01
201200014252,0,07,000,00,2,6,00,A01
201200014252,0,32,000,00,2,0,00,B01
201200014253,0,33,000,00,2,1,17,A01
201200014253,0,07,000,00,2,3,15,B01
201200014254,0,10,000,00,2,7,19,A01
201200014254,0,34,000,00,2,1,01,B01
201200014255,0,33,000,00,1,5,21,A01
201200014256,0,07,000,00,2,4,01,B01
201200014256,0,33,000,00,2,1,01,A01
201200014257,0,30,000,00,0,0,16,A01
201200014258,0,07,000,00,0,1,02,A01
201200014258,0,07,000,00,0,0,02,B01
201200014259,0,07,000,00,2,1,01,B01
201200014259,0,07,000,00,0,8,00,A01
201200014260,0,07,000,00,1,3,00,A01
201200014261,0,07,000,00,2,1,00,A01
201200014261,0,07,000,00,1,1,00,B01
201200014262,0,07,000,00,1,1,01,A01
201200014263,0,07,000,00,0,4,02,B01
201200014263,0,07,000,00,2,1,02,A01
201200014264,0,07,000,15,0,3,01,A01
201200014265,1,30,000,00,1,1,01,A01
201200014266,0,01,000,00,0,0,00,B01
201200014266,1,07,000,00,2,0,01,Z01
201200014267,0,07,000,00,2,0,00,B01
201200014267,1,07,000,00,2,1,01,Z01
201200014268,1,07,000,00,0,0,01,Z01
201200014268,0,07,000,00,2,0,00,B01
201200014269,0,02,000,00,1,1,00,A01
201200014270,0,33,000,00,2,0,02,A01
201200014270,1,07,000,00,2,0,02,Z01
201200014271,0,07,000,06,0,1,01,A01
201200014272,0,33,000,00,2,1,00,A01
201200014272,0,07,000,00,2,2,00,B01
201200014272,0,10,000,00,0,6,23,C01
201200014273,0,30,000,00,2,1,11,A01
201200014273,0,07,000,00,0,1,01,B01
201200014274,0,07,000,00,0,2,02,B01
201200014274,0,37,035,00,0,3,10,A01
201200014275,0,38,015,00,9,3,01,B01
201200014275,0,32,000,08,2,1,14,A01
201200014276,0,07,000,00,2,3,09,A01
201200014276,0,07,000,00,2,1,01,B01
201200014277,0,07,000,00,2,1,02,A01
201200014277,0,07,000,00,2,4,02,B01
201200014278,1,07,000,00,2,0,01,Z01
201200014278,0,07,000,00,2,1,01,B01
201200014279,0,07,000,00,2,4,23,B01
201200014279,1,07,000,00,2,1,01,Z01
201200014280,0,07,000,00,2,1,01,A01
201200014280,0,32,000,00,2,4,00,B01
201200014281,0,30,000,00,2,1,11,A01
201200014281,0,07,000,00,2,8,09,B01
201200014282,0,32,000,00,2,1,00,A01
201200014282,0,07,000,00,2,1,01,B01
201200014283,0,07,000,00,2,2,05,A01
201200014283,0,07,000,00,2,2,02,B01
201200014284,0,33,000,00,2,0,00,B01
201200014284,1,07,000,00,2,1,01,Z01
201200014285,1,30,000,00,1,0,01,Z01
201200014286,1,07,000,00,2,1,01,Z01
201200014286,0,01,000,00,2,4,01,B01
201200014287,0,07,000,00,2,1,02,A01
201200014287,0,32,000,00,2,4,23,B01
201200014288,0,33,000,00,2,1,01,B01
201200014288,0,10,000,00,2,2,15,A01
201200014289,0,07,000,00,2,6,01,A01
201200014289,0,14,000,00,0,2,01,B01
201200014290,0,32,000,00,2,1,17,B01
201200014290,0,07,000,00,2,6,11,A01
201200014291,0,33,000,12,0,3,01,B01
201200014291,0,07,000,00,0,0,15,A01
201200014292,0,07,000,00,2,1,02,A01
201200014292,0,07,000,00,2,4,01,B01
201200014293,0,07,000,00,2,4,02,B01
201200014293,0,07,000,00,2,0,02,A01
201200014294,0,01,000,00,1,1,01,A01
201200014295,0,10,000,00,2,2,01,A01
201200014295,0,07,000,00,2,6,16,B01
201200014296,0,30,000,00,2,2,01,B01
201200014296,0,07,000,00,2,1,09,A01
201200014297,0,07,000,00,2,2,09,A01
201200014297,0,07,000,00,2,3,01,B01
201200014298,0,32,000,00,2,1,01,B01
201200014298,0,07,000,00,2,0,09,A01
201200014299,0,07,000,00,1,1,01,A01
201200014300,0,07,000,00,1,1,01,A01
201200014301,0,07,000,00,2,0,02,A01
201200014301,0,07,000,00,0,4,02,B01
201200014302,0,32,000,01,0,1,14,A01
201200014303,0,07,000,01,0,3,00,A01
201200014304,0,07,000,00,2,1,01,B01
201200014304,1,07,000,00,2,1,00,Z01
201200014305,0,07,000,00,0,1,19,A01
201200014305,0,30,000,00,0,8,19,B01
201200014306,0,31,000,00,0,0,21,A01
201200014307,1,07,000,00,1,0,00,Z01
201200014308,0,07,000,00,2,1,02,A01
201200014308,0,07,000,00,2,4,02,B01
201200014309,1,10,000,00,1,7,01,Z01
201200014310,0,07,000,00,2,2,00,A01
201200014310,0,07,000,00,2,1,00,B01
201200014311,0,02,000,00,2,1,02,A01
201200014311,0,07,000,00,2,4,02,B01
201200014312,0,34,000,00,1,1,01,A01
201200014313,0,07,000,00,0,9,00,A01
201200014314,0,30,000,00,2,1,01,B01
201200014314,0,07,000,00,2,3,15,A01
201200014315,0,07,000,00,1,1,01,A01
201200014316,0,03,000,00,1,1,00,A01
201200014317,1,10,000,00,2,0,01,Z01
201200014317,0,34,000,00,2,0,01,B01
201200014318,0,07,000,00,0,0,15,A01
201200014318,0,34,000,00,0,1,02,B01
201200014318,0,07,000,00,0,1,23,C01
201200014319,0,07,000,00,2,1,01,B01
201200014319,0,30,000,00,2,1,17,A01
201200014320,0,33,000,00,2,1,01,A01
201200014320,0,07,000,00,2,6,00,B01
201200014321,0,07,000,00,2,3,15,A01
201200014321,0,07,000,00,2,2,00,B01
201200014322,0,30,000,00,2,1,17,A01
201200014322,0,07,000,00,2,3,15,B01
201200014323,0,32,000,00,0,1,01,A01
201200014323,2,07,000,00,0,8,10,Z01
201200014324,1,07,000,00,2,1,02,Z01
201200014324,0,07,000,00,2,4,02,A01
201200014325,0,07,000,00,1,2,01,A01
201200014326,0,32,000,11,2,1,05,A01
201200014326,0,07,000,00,2,3,00,B01
201200014327,0,07,000,00,2,1,01,A01
201200014327,0,07,000,00,2,4,01,B01
201200014328,0,07,000,00,6,1,21,A01
201200014329,0,32,000,01,0,8,01,A01
201200014330,0,07,000,00,2,1,01,A01
201200014330,0,07,000,00,2,4,23,B01
201200014331,0,10,000,00,2,6,13,A01
201200014331,0,07,000,00,2,2,09,B01
201200014332,0,02,000,00,2,1,01,A01
201200014332,0,07,000,00,2,8,15,B01
201200014333,0,30,000,00,2,0,01,B01
201200014333,0,07,000,00,2,0,00,A01
201200014334,1,07,000,00,1,0,01,Z01
201200014335,0,07,000,00,1,1,01,A01
201200014336,0,33,000,00,2,1,01,B01
201200014336,0,10,000,00,2,4,04,A01
201200014337,0,07,000,08,2,3,10,A01
201200014337,0,07,000,00,2,8,10,B01
201200014338,0,10,000,00,2,4,02,B01
201200014338,0,10,000,00,2,1,01,A01
201200014338,0,10,000,00,2,4,02,C01
201200014338,0,10,000,00,0,4,02,D01
201200014339,0,07,000,00,2,7,16,B01
201200014339,0,32,000,00,2,1,01,A01
201200014340,0,07,000,00,2,3,13,A01
201200014340,0,02,000,00,2,2,01,B01
201200014341,0,07,000,00,2,1,02,A01
201200014341,0,07,000,00,2,4,15,B01
201200014342,0,07,000,13,0,1,01,A01
201200014343,0,07,000,00,2,2,02,A01
201200014344,0,33,000,00,1,2,01,A01
201200014345,0,07,000,00,1,2,01,A01
201200014346,0,07,000,06,0,1,00,A01
201200014347,1,30,000,00,1,0,01,Z01
201200014348,0,33,000,00,2,1,21,A01
201200014348,1,07,000,00,2,4,19,Z01
201200014349,0,07,000,00,2,7,01,B01
201200014349,0,07,000,00,2,1,01,A01
201200014350,0,07,000,00,2,1,02,A01
201200014350,0,07,000,00,0,0,02,B01
201200014351,0,07,000,00,2,8,15,A01
201200014351,0,32,000,00,2,1,17,B01
201200014352,0,30,000,00,0,0,01,A01
201200014353,0,33,000,00,2,7,21,B01
201200014353,1,07,000,00,2,0,01,Z01
201200014354,0,07,000,00,2,1,01,B01
201200014354,1,07,000,00,2,1,01,Z01
201200014355,0,07,000,00,1,2,02,A01
201200014356,0,07,000,00,2,1,01,A01
201200014356,0,07,000,00,2,4,01,B01
201200014357,0,07,000,00,1,2,01,A01
201200014358,0,07,000,08,0,9,00,A01
201200014359,0,07,000,00,2,3,15,B01
201200014359,0,32,000,00,2,1,17,A01
201200014360,0,10,000,00,2,1,01,B01
201200014360,0,30,000,00,2,6,19,A01
201200014361,0,30,000,00,0,1,13,A01
201200014361,0,30,000,00,2,1,01,B01
201200014362,0,07,000,00,1,3,00,A01
201200014363,0,33,000,00,0,1,16,A01
201200014364,0,07,000,00,1,1,00,A01
201200014365,0,07,000,00,1,0,01,A01
201200014366,0,33,000,12,0,1,02,A01
201200014367,0,33,000,00,2,1,02,A01
201200014367,0,07,000,00,2,8,15,B01
201200014368,1,07,000,00,2,4,01,Z01
201200014368,0,34,000,00,2,1,01,A01
201200014369,0,30,000,00,2,1,01,A01
201200014369,0,07,000,00,2,3,15,B01
201200014370,0,07,000,00,2,4,24,B01
201200014370,0,07,000,01,0,2,01,A01
201200014371,0,07,000,00,2,1,01,A01
201200014371,0,07,000,00,2,1,09,B01
201200014372,0,07,000,00,1,4,04,A01
201200014373,0,07,000,00,2,2,15,B01
201200014373,0,30,000,00,2,1,01,A01
201200014374,0,33,000,00,0,0,01,B01
201200014374,1,01,000,00,0,0,00,Z01
201200014375,0,07,000,00,1,1,01,A01
201200014376,0,07,000,00,2,3,02,B01
201200014376,0,32,000,00,2,1,02,A01
201200014377,0,07,000,00,2,1,01,A01
201200014377,0,07,000,00,2,4,23,C01
201200014377,0,07,000,00,2,4,23,B01
201200014378,0,07,000,01,0,1,01,A01
201200014379,2,07,000,01,9,1,01,A01
201200014380,0,07,000,00,2,8,15,A01
201200014380,0,30,000,00,2,1,17,B01
201200014381,0,07,000,00,0,0,01,B01
201200014381,1,07,000,00,2,1,01,Z01
201200014382,0,31,000,00,2,0,00,A01
201200014382,0,07,000,00,0,8,00,B01
201200014383,0,07,000,00,1,1,01,A01
201200014384,0,07,000,00,2,2,01,B01
201200014384,0,03,000,00,2,3,09,A01
201200014385,0,31,000,00,0,1,17,A01
201200014385,0,14,000,00,0,8,15,B01
201200014386,0,30,000,06,0,1,01,A01
201200014387,1,07,000,00,0,0,01,Z01
201200014388,0,07,000,00,1,2,02,A01
201200014389,0,07,000,00,2,3,23,B01
201200014389,0,33,000,14,0,1,21,A01
201200014390,0,07,000,00,2,3,23,B01
201200014390,0,07,000,00,2,1,15,A01
201200014391,0,07,000,00,1,2,01,A01
201200014392,0,07,000,01,0,3,01,A01
201200014393,0,07,000,00,2,5,15,A01
201200014393,0,33,000,00,2,2,21,B01
201200014394,0,07,000,00,2,2,15,A01
201200014394,0,30,000,00,2,1,01,B01
201200014395,0,32,000,00,2,1,17,A01
201200014395,0,07,000,01,0,6,21,B01
201200014396,0,07,000,00,0,4,23,B01
201200014396,0,07,000,00,2,1,02,A01
201200014397,0,07,000,00,2,8,10,A01
201200014397,0,33,000,00,2,1,00,B01
201200014398,0,30,000,00,2,8,15,A01
201200014398,0,02,000,00,2,1,01,B01
201200014399,0,07,000,00,0,8,01,A01
201200014399,0,33,000,00,2,1,01,B01
201200014400,0,34,000,00,2,1,00,B01
201200014400,1,10,000,00,0,0,00,Z01
201200014401,0,07,000,00,2,1,15,A01
201200014401,0,32,000,00,2,2,01,B01
201200014402,0,07,000,00,1,5,04,A01
201200014403,1,02,000,00,1,1,01,Z01
201200014404,0,30,000,00,0,0,05,A01
201200014404,0,33,000,00,0,0,01,B01
201200014404,0,33,000,00,0,0,01,C01
201200014405,0,33,000,00,2,1,17,A01
201200014405,0,07,000,00,2,8,15,B01
201200014406,1,30,000,01,0,0,00,Z01
201200014407,1,07,000,00,1,1,02,Z01
201200014407,0,07,000,00,2,4,23,B01
201200014408,0,32,000,00,2,7,17,B01
201200014408,0,07,000,00,2,3,15,A01
201200014409,0,07,000,00,2,8,11,A01
201200014409,0,30,000,00,2,1,11,B01
201200014410,0,07,000,00,2,7,16,A01
201200014410,0,32,000,00,2,1,18,B01
201200014411,1,07,000,00,2,0,01,Z01
201200014411,0,01,000,00,2,0,01,B01
201200014412,0,02,000,00,0,7,19,A01
201200014412,0,33,000,00,2,1,01,B01
201200014413,0,07,000,00,2,7,15,A01
201200014413,0,32,000,00,2,1,01,B01
201200014414,0,07,000,00,1,1,01,A01
201200014415,0,34,000,00,2,1,02,B01
201200014415,0,31,000,00,2,7,02,A01
201200014416,0,15,000,00,1,2,01,A01
201200014417,0,07,000,00,2,3,02,A01
201200014417,0,07,000,00,0,5,00,B01
201200014418,0,32,000,00,2,7,00,B01
201200014418,0,07,000,00,2,1,00,A01
201200014419,0,07,000,00,2,1,01,A01
201200014419,0,07,000,00,2,4,01,B01
201200014420,1,07,000,00,1,0,00,Z01
201200014421,0,07,000,00,9,1,01,B01
201200014421,0,07,000,15,0,1,01,A01
201200014422,1,10,000,00,1,4,04,Z01
201200014423,0,07,000,00,2,2,09,B01
201200014423,0,32,000,00,2,2,21,A01
201200014424,0,07,000,00,0,0,00,A01
201200014424,0,30,000,00,0,0,00,B01
201200014425,0,07,000,00,9,3,15,A01
201200014425,0,02,000,00,2,3,17,B01
201200014426,1,07,000,00,1,0,01,Z01
201200014427,0,07,000,00,2,4,01,B01
201200014427,1,07,000,00,2,1,01,Z01
201200014428,0,07,000,09,0,1,14,A01
201200014429,0,32,000,00,2,1,01,B01
201200014429,0,07,000,00,2,1,01,A01
201200014430,0,34,000,00,0,2,13,A01
201200014431,0,07,000,00,1,1,01,A01
201200014432,0,07,000,00,1,1,01,A01
201200014433,0,07,000,00,1,1,00,A01
201200014434,0,10,000,00,2,1,02,A01
201200014434,0,07,000,00,2,4,02,B01
201200014435,0,07,000,00,2,7,00,A01
201200014435,0,32,000,00,2,1,00,B01
201200014436,0,07,000,00,0,4,02,B01
201200014436,0,07,000,00,0,2,02,A01
201200014437,0,07,000,00,2,1,00,A01
201200014437,0,07,000,00,2,7,00,B01
201200014438,0,02,000,00,1,7,02,A01
201200014439,0,07,000,00,1,0,01,A01
201200014440,0,07,000,00,1,1,01,A01
201200014441,1,30,000,00,1,0,00,Z01
201200014442,0,30,000,00,2,1,03,A01