Num_Acc,senc,catv,occutc,obs,obsm,choc,manv,num_veh
201200014801,1,07,000,00,2,1,01,Z01
201200014802,0,30,000,00,0,0,00,B01
201200014802,0,07,000,00,0,0,00,A01
201200014803,0,07,000,00,1,3,01,A01
201200014804,0,02,000,00,5,2,00,A01
201200014805,0,32,000,00,0,7,02,A01
201200014805,0,13,000,00,0,8,02,B01
201200014806,0,07,000,00,2,3,00,A01
201200014806,0,07,000,01,0,2,17,B01
201200014807,0,07,000,00,1,1,01,A01
201200014808,0,07,000,00,2,8,01,B01
201200014808,0,10,000,00,2,3,15,A01
201200014809,0,32,000,00,0,0,21,B01
201200014810,0,10,000,00,0,2,16,B01
201200014810,0,32,000,00,2,1,16,A01
201200014811,0,07,000,00,1,1,09,A01
201200014812,1,07,000,00,2,1,15,Z01
201200014812,0,30,000,00,2,1,02,B01
201200014813,0,07,000,00,2,2,15,A01
201200014813,0,32,000,00,2,1,01,B01
201200014814,2,07,000,00,2,0,00,Z01
201200014814,0,37,001,00,2,5,00,C01
201200014814,0,37,001,00,2,3,00,B01
201200014814,0,34,000,00,2,3,01,A01
201200014815,0,38,001,00,1,2,01,A01
201200014816,2,07,000,00,2,3,17,A01
201200014816,0,07,000,00,2,3,01,B01
201200014817,1,07,000,00,1,7,01,Z01
201200014818,0,33,000,00,1,1,01,A01
201200014819,1,99,000,00,1,0,00,A01
201200014820,0,30,000,00,2,1,01,B01
201200014820,0,07,000,00,2,2,15,A01
201200014821,0,30,000,00,2,1,01,B01
201200014821,0,07,000,00,2,3,09,A01
201200014822,0,07,000,08,0,1,00,A01
201200014823,0,02,000,00,1,1,01,A01
201200014824,0,07,000,00,2,6,01,B01
201200014824,0,07,000,00,2,1,11,A01
201200014824,0,07,000,00,2,3,01,D01
201200014824,0,07,000,00,2,1,01,C01
201200014825,0,07,000,00,2,5,15,B01
201200014825,0,30,000,00,2,1,01,A01
201200014826,1,07,000,00,1,0,00,Z01
201200014827,1,07,000,00,1,0,01,Z01
201200014828,0,07,000,06,2,3,06,A01
201200014828,0,07,000,00,0,0,15,B01
201200014829,0,07,000,00,2,1,01,A01
201200014829,0,07,000,00,0,4,01,C01
201200014829,0,07,000,00,2,9,01,B01
201200014830,0,07,000,00,1,1,01,A01
201200014831,1,33,000,00,2,2,02,A01
201200014831,1,07,000,00,2,3,11,Z01
201200014832,0,31,000,00,2,1,17,B01
201200014832,0,07,000,00,2,1,15,A01
201200014833,0,07,000,00,2,1,01,B01
201200014833,0,07,000,00,2,1,15,A01
201200014834,1,33,000,00,2,0,02,Z01
201200014834,0,07,000,00,2,3,02,B01
201200014834,0,33,000,14,0,1,02,C01
201200014835,0,32,000,00,2,8,02,B01
201200014835,0,07,000,00,2,1,13,A01
201200014836,0,07,000,00,1,1,01,A01
201200014837,0,07,000,00,2,1,01,B01
201200014837,0,07,000,00,2,8,09,A01
201200014838,0,37,001,00,1,5,15,A01
201200014839,0,32,000,00,2,3,19,A01
201200014839,0,07,000,00,2,2,01,B01
201200014839,0,10,000,00,2,8,01,C01
201200014840,0,07,000,00,1,6,04,A01
201200014841,0,07,000,00,2,2,01,B01
201200014841,0,07,000,00,2,3,15,A01
201200014842,0,07,000,00,0,3,21,A01
201200014842,0,32,000,00,2,1,01,B01
201200014843,0,10,000,11,2,1,21,A01
201200014843,0,10,000,00,2,0,00,B01
201200014844,0,32,000,00,2,4,02,B01
201200014844,0,07,000,00,2,1,02,A01
201200014845,0,07,000,00,2,2,15,A01
201200014845,0,34,000,00,2,1,01,B01
201200014846,0,07,000,00,2,6,01,B01
201200014846,1,07,000,00,2,2,01,Z01
201200014847,0,10,000,00,1,1,00,A01
201200014848,0,07,000,00,2,4,23,B01
201200014848,1,07,000,00,2,1,01,Z01
201200014849,1,07,000,00,2,1,02,Z01
201200014849,0,07,000,00,2,4,23,B01
201200014850,0,30,000,00,2,7,01,A01
201200014850,1,07,000,00,0,0,01,Z01
201200014851,0,07,000,00,2,2,20,A01
201200014851,0,30,000,00,2,3,01,B01
201200014852,0,34,000,00,1,1,00,A01
201200014853,0,30,000,00,1,2,01,A01
201200014854,0,37,037,01,0,5,21,A01
201200014854,0,14,000,00,2,5,23,B01
201200014855,0,07,000,00,2,0,02,A01
201200014855,0,32,000,00,2,7,21,B01
201200014856,0,02,000,00,2,1,01,A01
201200014856,0,07,000,00,2,8,15,B01
201200014857,0,07,000,00,2,4,23,B01
201200014857,1,07,000,00,2,1,01,Z01
201200014858,0,03,000,00,2,4,02,B01
201200014858,0,07,000,00,0,0,00,C01
201200014858,0,07,000,00,2,1,02,A01
201200014859,0,33,000,00,2,1,13,A01
201200014859,0,07,000,00,2,3,00,B01
201200014860,0,07,000,00,0,9,01,A01
201200014861,0,07,000,04,0,8,11,A01
201200014862,0,07,000,00,1,3,00,A01
201200014863,0,07,000,00,0,0,12,A01
201200014863,0,30,000,00,0,8,02,B01
201200014864,0,07,000,00,2,1,02,A01
201200014864,0,07,000,00,2,4,23,B01
201200014865,0,07,000,01,0,9,14,A01
201200014865,0,07,000,00,2,6,00,B01
201200014866,0,07,000,00,2,1,02,A01
201200014866,0,07,000,00,0,4,02,B01
201200014867,0,15,000,00,2,6,01,B01
201200014867,0,07,000,08,2,7,12,A01
201200014868,0,07,000,00,2,1,01,A01
201200014868,0,07,000,00,2,4,01,B01
201200014869,0,34,000,08,0,1,00,A01
201200014870,0,32,000,00,9,0,01,A01
201200014871,1,07,000,00,1,1,00,Z01
201200014872,0,33,000,00,0,0,17,A01
201200014873,0,34,000,00,1,0,00,A01
201200014874,0,07,000,00,2,2,01,B01
201200014874,0,33,000,00,2,3,18,A01
201200014875,0,07,000,00,2,3,01,B01
201200014875,0,34,000,00,2,1,01,A01
201200014876,0,07,000,00,2,3,01,D01
201200014876,0,10,000,00,2,1,00,E01
201200014876,0,07,000,00,2,3,02,A01
201200014876,0,07,000,15,2,7,00,C01
201200014876,0,07,000,00,2,7,02,B01
201200014877,0,07,000,00,2,1,05,A01
201200014877,0,07,000,00,2,2,01,B01
201200014878,0,32,000,00,6,1,01,A01
201200014879,0,07,000,00,2,3,15,A01
201200014879,0,02,000,00,2,1,17,B01
201200014880,0,07,000,00,1,4,04,A01
201200014881,0,07,000,00,2,3,05,A01
201200014881,0,07,000,01,2,3,01,B01
201200014882,0,33,000,00,2,1,02,A01
201200014882,0,07,000,00,2,3,09,B01
201200014883,0,07,000,06,0,3,01,A01
201200014884,0,07,000,00,2,1,15,B01
201200014884,1,32,000,00,2,1,09,Z01
201200014885,0,07,000,00,2,2,09,A01
201200014885,0,07,000,00,2,6,01,B01
201200014886,0,34,000,00,0,0,00,B01
201200014886,0,07,000,00,0,1,00,A01
201200014887,0,07,000,00,0,3,01,B01
201200014887,0,30,000,00,2,1,13,A01
201200014888,0,07,000,00,2,1,01,A01
201200014888,0,07,000,01,2,6,01,B01
201200014888,0,07,000,00,2,5,00,C01
201200014889,0,07,000,00,1,3,01,A01
201200014890,0,33,000,00,2,1,21,B01
201200014890,0,30,000,00,2,1,21,A01
201200014891,0,10,000,00,2,4,24,D01
201200014891,0,31,000,01,0,1,01,B01
201200014891,0,07,000,00,2,0,15,A01
201200014892,0,07,000,00,2,1,15,A01
201200014892,0,33,000,00,2,1,23,B01
201200014893,0,07,000,00,2,6,01,A01
201200014893,0,33,000,00,2,4,01,B01
201200014894,1,07,000,00,0,1,00,Z01
201200014894,0,30,000,00,0,8,00,A01
201200014895,0,07,000,00,1,2,01,A01
201200014896,0,07,000,00,2,7,16,A01
201200014896,0,99,000,00,2,2,02,B01
201200014897,0,07,000,00,1,2,01,A01
201200014898,0,07,000,00,1,0,01,A01
201200014899,0,07,000,00,2,1,02,A01
201200014899,0,07,000,00,2,4,02,B01
201200014900,0,07,000,00,1,1,01,A01
201200014901,0,34,000,00,2,7,01,A01
201200014901,0,07,000,00,2,3,01,B01
201200014902,0,07,000,01,1,7,01,A01
201200014902,0,07,000,00,2,8,24,B01
201200014903,0,32,000,00,0,7,00,A01
201200014904,0,07,000,00,2,3,15,B01
201200014904,0,31,000,00,2,2,17,A01
201200014905,0,30,000,00,0,7,01,A01
201200014906,0,07,000,00,2,1,13,A01
201200014906,0,07,000,00,2,1,01,B01
201200014906,0,07,000,00,2,1,01,C01
201200014907,0,34,000,00,1,7,00,A01
201200014908,0,01,000,00,2,8,01,B01
201200014908,0,07,000,00,9,7,14,A01
201200014909,0,30,000,00,0,1,01,A01
201200014910,0,07,000,00,2,2,01,A01
201200014910,0,30,000,00,2,1,01,B01
201200014911,0,32,000,00,2,3,00,A01
201200014911,0,07,000,00,2,3,01,B01
201200014912,0,07,000,00,2,1,09,B01
201200014912,0,02,000,00,2,1,05,A01
201200014913,0,07,000,00,2,2,02,A01
201200014913,0,30,000,00,2,8,02,B01
201200014914,0,07,000,00,2,4,01,B01
201200014914,1,07,000,00,2,1,02,Z01
201200014915,0,30,000,00,2,4,01,B01
201200014915,1,07,000,00,2,1,01,Z01
201200014916,1,07,000,00,1,7,00,Z01
201200014917,0,32,000,00,2,1,01,A01
201200014917,0,07,000,00,2,3,15,B01
201200014918,0,10,000,00,2,3,00,B01
201200014918,0,10,000,00,2,1,01,A01
201200014919,1,32,000,00,0,0,00,Z01
201200014920,0,07,000,00,2,3,15,A01
201200014920,0,07,000,00,2,2,01,B01
201200014921,0,07,000,00,2,2,10,A01
201200014921,0,31,000,00,2,3,01,B01
201200014922,0,30,000,00,2,0,02,B01
201200014922,1,10,000,00,0,0,00,Z01
201200014923,0,01,000,00,2,1,05,A01
201200014923,0,07,000,00,2,2,02,B01
201200014924,1,30,000,00,1,0,01,Z01
201200014925,0,07,000,01,0,1,02,C01
201200014925,0,07,000,01,2,4,02,B01
201200014926,1,07,000,00,2,1,02,Z01
201200014926,0,34,000,00,2,4,02,B01
201200014927,0,01,000,00,2,0,01,B01
201200014927,1,07,000,00,2,1,01,Z01
201200014928,0,02,000,00,2,1,17,A01
201200014928,0,07,000,00,0,3,15,B01
201200014929,0,01,000,00,2,4,02,B01
201200014929,1,07,000,00,2,1,02,Z01
201200014930,0,07,000,00,2,3,21,A01
201200014930,0,07,000,00,2,2,15,B01
201200014931,0,01,000,00,2,1,01,B01
201200014931,1,07,000,00,2,7,15,Z01
201200014932,0,07,000,00,2,8,02,A01
201200014932,0,30,000,00,2,2,02,B01
201200014933,0,07,000,00,2,4,23,B01
201200014933,1,07,000,00,2,1,02,Z01
201200014934,1,07,000,00,2,1,01,Z01
201200014934,0,33,000,00,2,9,01,B01
201200014935,1,07,000,00,1,4,04,Z01
201200014936,0,30,000,00,2,8,11,B01
201200014936,1,07,000,00,2,7,17,Z01
201200014937,0,30,000,00,2,7,17,B01
201200014937,1,07,000,00,2,8,11,Z01
201200014938,1,07,000,00,1,1,01,Z01
201200014939,0,07,000,16,2,3,11,A01
201200014939,0,07,000,00,2,2,13,B01
201200014940,0,07,000,15,2,8,15,A01
201200014940,0,07,000,00,2,3,01,B01
201200014941,0,10,000,00,2,1,02,A01
201200014941,0,10,000,00,2,4,02,C01
201200014941,0,10,000,00,2,2,02,B01
201200014942,0,07,000,00,2,3,02,B01
201200014942,0,30,000,00,2,1,02,A01
201200014943,0,07,000,00,2,3,15,A01
201200014943,0,07,000,00,2,3,15,B01
201200014944,0,07,000,00,2,3,15,A01
201200014944,0,30,000,00,2,1,03,B01
201200014945,0,01,000,00,2,1,01,B01
201200014945,0,10,000,00,2,2,01,A01
201200014946,0,07,000,00,0,1,02,A01
201200014946,0,07,000,00,0,4,02,B01
201200014947,0,37,001,00,2,8,23,C01
201200014947,0,07,000,00,2,0,15,A01
201200014947,0,33,000,00,2,0,02,B01
201200014948,0,30,000,00,2,1,01,A01
201200014948,0,07,000,00,0,5,16,B01
201200014949,0,07,000,00,2,3,02,A01
201200014949,0,34,000,00,2,4,02,B01
201200014950,1,07,000,00,2,1,01,Z01
201200014950,0,07,000,00,2,4,23,B01
201200014951,0,30,000,00,2,7,17,A01
201200014951,0,07,000,00,2,1,09,B01
201200014952,1,07,000,00,0,0,00,Z01
201200014953,0,30,000,01,0,7,01,A01
201200014954,0,30,000,00,2,8,00,B01
201200014954,1,07,000,00,2,0,00,Z01
201200014955,0,38,000,00,1,7,01,A01
201200014956,0,07,000,00,2,1,02,A01
201200014956,0,07,000,00,2,4,02,B01
201200014957,0,30,000,00,2,1,01,A01
201200014957,0,07,000,00,2,3,15,B01
201200014958,0,07,000,00,0,4,01,C01
201200014958,0,07,000,00,2,1,01,A01
201200014958,0,07,000,00,2,9,01,B01
201200014959,0,07,000,00,0,0,00,A01
201200014959,0,01,000,01,0,1,00,B01
201200014960,0,02,000,00,2,1,02,A01
201200014960,0,02,000,00,2,4,02,B01
201200014961,0,07,000,00,1,1,01,A01
201200014962,0,07,000,00,2,3,13,A01
201200014962,0,34,000,00,2,7,17,B01
201200014963,0,07,000,00,2,0,01,B01
201200014963,1,07,000,00,2,1,01,Z01
201200014964,0,07,000,00,2,2,01,A01
201200014964,0,07,000,00,2,3,01,B01
201200014965,0,33,000,00,2,1,02,B01
201200014965,0,07,000,00,2,1,15,A01
201200014966,0,33,000,00,2,1,02,A01
201200014966,0,07,000,00,2,4,02,B01
201200014967,0,07,000,00,2,1,23,B01
201200014967,0,07,000,00,2,1,02,A01
201200014967,0,07,000,00,2,8,24,D01
201200014967,0,33,000,01,0,4,23,C01
201200014968,0,31,000,14,0,7,01,A01
201200014969,0,99,000,00,2,3,00,A01
201200014969,0,07,000,00,2,8,00,B01
201200014970,0,37,020,00,1,7,01,A01
201200014971,0,07,000,00,2,1,05,A01
201200014971,0,34,000,00,2,1,01,B01
201200014972,0,32,000,00,2,8,01,A01
201200014972,0,07,000,00,2,7,01,B01
201200014973,0,07,000,00,2,2,02,A01
201200014973,0,07,000,00,2,6,02,B01
201200014974,0,34,000,00,2,1,01,B01
201200014974,0,07,000,00,0,2,15,A01
201200014975,0,07,000,00,2,5,01,C01
201200014975,0,07,000,00,2,1,02,A01
201200014975,0,07,000,00,2,9,02,B01
201200014976,0,13,000,00,0,1,11,A01
201200014976,0,33,000,00,0,3,01,B01
201200014977,0,07,000,00,2,4,02,A01
201200014977,0,07,000,00,2,3,02,B01
201200014978,0,32,000,00,0,0,01,A01
201200014978,1,07,000,00,0,0,15,Z01
201200014979,0,07,000,00,2,1,02,A01
201200014979,0,07,000,00,2,4,02,B01
201200014980,0,34,000,00,2,1,02,A01
201200014980,0,07,000,00,0,5,02,B01
201200014981,0,07,000,00,2,4,01,B01
201200014981,1,07,000,00,2,1,01,Z01
201200014982,0,31,000,01,0,0,01,B01
201200014982,0,10,000,00,2,3,24,A01
201200014983,0,30,000,00,2,1,17,A01
201200014983,0,07,000,00,2,1,09,B01
201200014984,0,31,000,00,2,2,01,A01
201200014984,0,32,000,00,2,2,15,B01
201200014985,0,07,000,00,2,2,01,A01
201200014985,0,30,000,00,2,1,15,B01
201200014986,0,32,000,01,2,3,14,B01
201200014986,0,07,000,00,2,2,14,A01
201200014987,0,02,000,00,2,3,01,A01
201200014987,0,07,000,00,2,1,01,B01
201200014988,0,02,000,00,2,1,01,A01
201200014988,1,07,000,00,2,1,05,Z01
201200014989,0,07,000,00,2,4,01,B01
201200014989,0,14,000,00,2,1,01,A01
201200014990,1,07,000,00,1,1,01,Z01
201200014991,0,30,000,00,0,8,16,A01
201200014992,0,30,000,01,0,8,16,A01
201200014992,0,07,000,00,2,8,24,B01
201200014993,0,07,000,00,2,8,01,B01
201200014993,0,07,000,00,2,1,01,A01
201200014994,0,07,000,08,0,2,00,A01
201200014995,0,07,000,01,1,3,02,A01
201200014996,0,33,000,00,0,0,00,B01
201200014996,1,07,000,00,0,0,00,Z01
201200014997,0,10,000,00,1,2,02,A01
201200014998,0,07,000,00,1,1,00,A01
201200014998,0,10,000,01,2,0,00,B01
201200014998,0,07,000,00,2,7,01,C01
201200014999,0,30,000,00,2,1,01,A01
201200014999,0,07,000,00,2,3,15,B01
201200015000,0,07,000,00,2,1,01,A01
201200015000,0,07,000,00,2,4,01,B01
201200015001,1,07,000,00,2,7,16,Z01
201200015001,0,02,000,09,2,8,01,A01
201200015002,0,33,000,00,2,7,01,B01
201200015002,0,07,000,00,2,1,10,A01
201200015003,0,31,000,00,2,8,23,B01
201200015003,0,07,000,00,2,7,02,A01
201200015004,0,31,000,00,2,3,01,B01
201200015004,0,07,000,00,2,2,01,A01
201200015005,0,07,000,00,1,2,15,A01
201200015006,0,07,000,00,1,2,00,A01
201200015007,0,02,000,00,2,1,08,A01
201200015007,0,07,000,00,0,3,15,B01
201200015008,0,34,000,00,1,1,02,A01
201200015009,0,31,000,01,2,3,18,A01
201200015009,0,07,000,00,2,2,16,B01
201200015010,0,07,000,00,2,3,15,B01
201200015010,0,37,001,00,2,7,01,A01
201200015011,0,07,000,00,2,7,21,B01
201200015011,0,07,000,00,2,3,00,A01
201200015012,0,10,000,00,0,3,09,A01
201200015012,0,07,000,00,0,1,01,B01
201200015013,0,07,000,00,2,5,02,A01
201200015013,0,33,000,00,2,1,02,B01
201200015014,0,13,000,00,1,2,23,B01
201200015014,0,34,000,00,1,1,02,A01
201200015015,1,07,000,00,2,1,19,Z01
201200015015,0,07,000,01,2,9,02,A01
201200015016,0,32,000,00,2,8,02,B01
201200015016,0,07,000,00,2,7,15,A01
201200015017,0,07,000,03,0,3,00,A01
201200015018,0,07,000,00,1,1,00,A01
201200015019,0,07,000,00,2,1,01,B01
201200015019,0,07,000,00,2,2,15,A01
201200015020,0,07,000,00,2,2,00,A01
201200015020,0,33,000,00,2,7,00,B01
201200015021,0,33,000,00,2,1,02,A01
201200015021,0,07,000,00,2,6,02,B01
201200015022,0,07,000,00,2,5,09,A01
201200015022,2,07,000,00,2,1,01,Z01
201200015023,0,07,000,00,2,8,02,A01
201200015023,0,32,000,00,2,1,02,B01
201200015024,0,07,000,01,0,1,02,A01
201200015025,0,07,000,00,1,1,17,A01
201200015026,2,07,000,00,2,1,05,A01
201200015026,0,07,000,00,2,1,02,B01
201200015027,0,32,000,00,0,7,01,B01
201200015027,0,07,000,00,0,3,09,A01
201200015028,0,31,000,00,1,1,01,A01
201200015029,0,02,000,00,0,0,00,A01
201200015030,0,07,000,00,2,3,10,A01
201200015030,0,33,000,00,2,1,11,B01
201200015031,0,07,000,00,2,1,01,A01
201200015031,0,30,000,00,0,8,15,B01
201200015032,0,30,000,00,2,1,01,B01
201200015032,0,07,000,00,2,3,09,A01
201200015033,0,07,000,00,2,4,23,B01
201200015033,0,07,000,00,2,1,02,A01
201200015034,0,33,000,00,2,1,01,B01
201200015034,0,07,000,00,2,3,15,A01
201200015035,0,07,000,00,0,0,01,B01
201200015035,0,31,000,00,0,0,01,A01
201200015036,0,07,000,00,2,8,02,B01
201200015036,0,10,000,00,2,1,02,A01
201200015037,0,07,000,00,0,1,00,A01
201200015037,0,32,000,00,2,4,00,B01
201200015038,0,33,000,00,2,7,16,B01
201200015038,0,33,000,00,2,1,02,A01
201200015039,0,33,000,00,0,3,00,B01
201200015039,0,07,000,00,2,2,12,A01
201200015040,0,07,000,00,2,1,01,B01
201200015040,0,07,000,00,2,3,20,A01
201200015041,0,31,000,00,2,0,00,B01
201200015041,0,07,000,00,2,1,09,A01
201200015042,0,02,000,00,2,4,01,B01
201200015042,0,10,000,00,2,1,01,A01
201200015043,0,13,000,00,2,0,21,A01
201200015043,0,07,000,00,2,2,01,B01
201200015044,0,33,000,00,2,8,02,B01
201200015044,0,32,000,00,2,1,02,A01
201200015045,1,07,000,00,1,0,00,Z01
201200015046,0,07,000,00,2,2,01,A01
201200015046,0,37,007,00,2,1,01,B01
201200015047,0,30,000,00,2,1,15,A01
201200015047,0,07,000,00,2,2,01,B01
201200015048,0,32,000,00,2,7,12,A01
201200015048,0,07,000,00,2,8,23,B01
201200015049,0,07,000,01,0,5,00,A01
201200015050,0,32,000,00,0,8,01,A01
201200015051,0,30,000,00,2,1,09,A01
201200015051,0,15,000,00,0,4,02,B01
201200015052,0,30,000,00,2,1,01,B01
201200015052,1,07,000,00,2,1,05,Z01
201200015053,0,33,000,00,2,7,01,B01
201200015053,0,07,000,00,2,1,09,A01
201200015054,0,30,000,00,2,7,15,A01
201200015054,0,07,000,00,2,2,01,B01
201200015055,0,07,000,01,0,1,01,A01
201200015056,0,07,000,00,1,1,02,A01
201200015057,0,32,000,00,2,1,01,A01
201200015057,0,07,000,00,2,1,15,B01
201200015058,0,02,000,00,2,1,13,A01
201200015058,0,07,000,00,2,1,01,B01
201200015059,0,07,000,00,2,3,00,A01
201200015059,0,32,000,00,2,2,00,B01
201200015060,0,07,000,00,2,2,16,A01
201200015061,0,07,000,00,2,1,09,A01
201200015061,0,37,001,00,2,2,01,B01
201200015062,0,13,000,00,0,7,00,A01
201200015062,0,07,000,00,0,8,00,B01
201200015063,0,32,000,00,2,4,00,B01
201200015063,0,07,000,00,2,1,00,A01
201200015064,0,07,000,12,0,2,01,A01
201200015065,0,30,000,00,0,8,00,A01
201200015066,0,34,000,00,2,8,18,B01
201200015066,0,07,000,00,2,2,16,A01
201200015067,0,31,000,00,2,1,01,B01
201200015067,1,07,000,00,2,1,05,Z01
201200015068,0,07,000,01,2,4,23,B01
201200015068,1,07,000,00,2,1,01,Z01
201200015069,0,07,000,00,1,2,14,A01
201200015070,0,31,000,00,0,2,01,B01
201200015070,1,07,000,00,0,0,04,Z01
201200015071,0,20,000,00,1,3,10,A01
201200015072,0,07,000,00,2,3,15,A01
201200015072,0,32,000,00,2,1,01,B01
201200015073,0,07,000,00,2,1,02,A01
201200015073,0,07,000,00,2,4,23,B01
201200015074,0,37,003,00,1,7,01,A01
201200015075,0,07,000,00,2,2,15,A01
201200015075,0,33,000,00,2,1,01,B01
201200015076,0,07,000,00,2,1,01,A01
201200015076,0,07,000,00,2,4,01,B01
201200015077,0,33,000,00,2,2,01,A01
201200015077,0,07,000,00,2,6,01,B01
201200015078,0,32,000,00,2,4,02,A01
201200015078,1,07,000,00,2,1,02,Z01
201200015079,1,07,000,00,2,5,15,Z01
201200015079,0,37,004,00,2,1,01,B01
201200015080,0,07,000,00,2,2,16,A01
201200015080,0,32,000,00,0,7,16,B01
201200015081,0,31,000,00,2,2,03,A01
201200015081,0,07,000,00,2,2,03,B01
201200015082,0,07,000,01,0,2,01,B01
201200015082,0,07,000,08,2,1,01,A01
201200015083,0,01,000,00,2,1,01,B01
201200015083,0,07,000,00,2,3,16,A01
201200015084,0,34,000,00,2,7,00,B01
201200015084,0,07,000,00,2,7,04,A01
201200015085,0,07,000,00,1,0,00,A01
201200015086,1,07,000,00,1,3,20,Z01
201200015087,0,07,000,00,1,2,01,A01
201200015088,0,01,000,01,0,1,01,A01
201200015088,0,07,000,00,0,8,22,B01
201200015089,0,07,000,12,0,3,01,A01
201200015090,0,31,000,01,0,1,13,A01
201200015091,0,30,000,00,2,1,01,B01
201200015091,0,07,000,00,2,3,15,A01
201200015092,0,02,000,00,0,0,01,A01
201200015093,0,07,000,00,1,1,00,A01
201200015094,0,33,000,00,2,1,01,B01
201200015094,0,07,000,00,2,3,01,C01
201200015094,0,33,000,00,2,1,01,A01
201200015095,0,30,000,00,1,1,01,A01
201200015096,0,02,000,00,2,2,17,A01
201200015096,0,07,000,00,2,3,15,B01
201200015097,0,07,000,00,2,5,01,B01
201200015097,0,07,000,00,2,1,00,A01
201200015098,1,07,000,00,2,8,13,Z01
201200015098,0,07,000,00,2,8,24,B01
201200015099,0,20,000,00,2,4,23,B01
201200015099,1,07,000,00,2,1,02,Z01
201200015100,0,07,000,00,1,2,00,A01
201200015101,0,33,000,00,2,1,01,A01
201200015101,0,07,000,00,2,3,15,B01
201200015102,0,31,000,00,9,1,09,A01
201200015103,0,32,000,01,2,1,05,A01
201200015103,0,07,000,00,2,1,00,C01
201200015104,1,07,000,00,2,1,02,A01
201200015104,0,30,000,00,0,4,00,B01
201200015105,0,02,000,00,2,1,02,A01
201200015105,0,31,000,00,0,4,23,B01
201200015106,0,07,000,00,2,3,00,B01
201200015106,0,30,000,00,2,1,00,A01
201200015107,0,07,000,00,2,1,01,A01
201200015107,0,32,000,00,2,4,23,B01
201200015108,0,07,000,00,2,1,01,A01
201200015108,0,07,000,00,0,4,01,C01
201200015108,0,07,000,00,2,1,01,B01
201200015109,0,15,000,00,2,8,15,A01
201200015109,0,07,000,00,2,7,15,B01
201200015110,0,20,000,00,0,9,16,A01
201200015111,0,07,000,00,0,2,15,A01
201200015111,0,31,000,00,2,1,00,B01
201200015112,0,34,000,04,9,8,12,A01
201200015113,0,02,000,00,2,1,02,A01
201200015113,0,07,000,00,0,4,02,B01
201200015114,0,07,000,00,2,2,15,A01
201200015114,0,30,000,00,2,1,01,B01
201200015115,0,33,000,00,2,1,11,B01
201200015115,0,10,000,00,2,7,00,C01
201200015115,0,07,000,00,2,8,03,A01
201200015116,0,07,000,00,2,1,02,A01
201200015116,0,07,000,00,2,4,02,B01
201200015117,0,07,000,00,2,8,09,B01
201200015117,0,31,000,00,2,1,01,A01
201200015118,0,10,000,00,2,1,01,A01
201200015118,0,07,000,00,2,5,01,B01
201200015119,0,07,000,00,0,4,00,A01
201200015119,1,07,000,00,0,1,02,Z01
201200015120,0,30,000,00,2,1,02,A01
201200015120,1,07,000,00,2,4,14,Z01
201200015121,0,02,000,00,2,1,01,B01
201200015121,0,07,000,00,2,3,01,A01
201200015122,0,07,000,00,1,6,20,A01
201200015123,0,07,000,15,0,1,02,A01
201200015124,1,07,000,00,1,1,00,Z01
201200015125,0,07,000,00,2,3,09,A01
201200015125,0,34,000,00,2,1,01,B01
201200015126,0,14,000,00,2,1,02,A01
201200015126,0,33,000,00,2,4,02,B01
201200015127,0,34,000,00,2,7,01,B01
201200015127,0,07,000,00,2,0,09,A01
201200015128,0,30,000,00,2,1,05,A01
201200015128,0,37,001,00,2,1,01,B01
201200015129,0,07,000,00,2,4,23,B01
201200015129,1,07,000,00,2,1,02,Z01
201200015130,0,07,000,00,9,1,05,A01
201200015130,0,01,000,00,2,1,01,B01
201200015131,0,30,000,00,0,3,01,A01
201200015132,0,32,000,00,0,1,23,B01
201200015132,1,07,000,00,2,4,04,Z01
201200015133,0,32,000,00,2,1,01,B01
201200015133,0,07,000,00,2,1,15,A01
201200015134,0,07,000,00,2,4,02,B01
201200015134,1,07,000,00,2,1,02,Z01
201200015135,0,07,000,00,2,2,15,A01
201200015135,0,07,000,00,2,2,01,B01
201200015136,0,07,000,00,2,3,01,A01
201200015136,0,07,000,00,2,0,01,B01
201200015137,1,07,000,00,2,1,01,Z01
201200015137,0,07,000,00,2,4,23,B01
201200015138,0,32,000,00,0,8,01,A01
201200015139,0,07,000,01,2,7,01,B01
201200015139,0,07,000,00,2,1,01,A01
201200015140,0,07,000,00,0,2,15,A01
201200015140,0,31,000,00,0,8,01,B01
201200015141,0,15,000,00,0,8,15,A01
201200015141,0,07,000,00,0,7,23,B01
201200015142,0,07,000,00,1,5,20,A01
201200015143,0,07,000,00,0,6,01,B01
201200015143,0,07,000,00,0,2,22,A01
201200015144,0,07,000,00,2,1,00,B01
201200015144,0,07,000,00,2,2,01,A01
201200015145,0,07,000,04,0,2,09,A01
201200015146,0,07,000,00,2,3,01,A01
201200015146,0,07,000,00,2,5,16,B01
201200015147,0,07,000,09,2,2,02,A01
201200015147,0,07,000,00,0,6,02,B01
201200015148,0,32,000,00,2,3,15,B01
201200015148,0,07,000,00,2,6,04,A01
201200015149,0,07,000,00,2,1,01,A01
201200015149,0,07,000,00,2,8,01,B01
201200015150,0,02,000,08,2,9,02,A01
201200015150,0,07,000,00,2,3,15,B01
201200015151,0,07,000,00,1,2,02,A01
201200015152,0,07,000,00,2,1,01,A01
201200015152,0,07,000,00,2,4,01,C01
201200015152,0,07,000,00,2,4,00,B01
201200015153,0,07,000,00,0,1,02,A01
201200015153,0,07,000,00,0,4,02,B01