Num_Acc,senc,catv,occutc,obs,obsm,choc,manv,num_veh
201200015154,0,07,000,00,0,0,02,C01
201200015154,0,07,000,00,0,2,02,A01
201200015154,0,07,000,00,0,6,00,B01
201200015155,0,07,000,00,2,2,09,A01
201200015155,0,02,000,00,2,8,02,B01
201200015156,0,07,000,00,2,3,02,A01
201200015156,0,07,000,00,2,6,00,B01
201200015157,0,07,000,00,2,2,01,B01
201200015157,0,07,000,00,2,1,09,A01
201200015158,0,13,000,00,1,1,01,A01
201200015159,0,37,001,00,2,3,01,B01
201200015159,0,07,000,00,2,7,12,A01
201200015160,0,30,000,00,2,2,01,B01
201200015160,1,07,000,00,9,0,01,Z01
201200015161,1,30,000,00,1,1,00,Z01
201200015162,0,33,000,00,0,0,01,A01
201200015162,1,07,000,00,0,0,00,Z01
201200015163,0,33,000,00,0,3,00,A01
201200015164,0,07,000,00,2,8,02,A01
201200015164,0,32,000,00,2,1,02,B01
201200015165,0,07,000,00,1,8,01,A01
201200015166,0,32,000,00,2,1,17,B01
201200015166,0,07,000,00,2,8,15,A01
201200015167,0,07,000,00,2,4,23,B01
201200015167,0,02,000,00,2,1,02,A01
201200015168,0,07,000,00,2,3,16,A01
201200015168,0,32,000,00,2,1,01,B01
201200015169,0,32,000,00,2,1,12,A01
201200015169,0,07,000,00,2,6,00,B01
201200015170,0,07,000,08,0,7,01,A01
201200015171,0,07,000,08,0,1,00,A01
201200015172,0,07,000,00,1,1,00,A01
201200015173,0,07,000,00,2,7,15,A01
201200015173,0,01,000,00,2,1,01,B01
201200015174,0,07,000,00,2,2,15,A01
201200015174,0,33,000,00,0,1,01,B01
201200015175,0,07,000,00,2,8,13,A01
201200015175,0,33,000,00,2,7,01,B01
201200015176,0,02,000,12,0,1,01,A01
201200015177,0,07,000,00,0,6,11,A01
201200015177,0,07,000,00,2,1,01,B01
201200015178,0,07,000,00,2,7,16,B01
201200015178,0,02,000,00,2,3,01,A01
201200015179,0,07,000,00,2,1,01,A01
201200015179,0,32,000,00,2,4,01,B01
201200015180,0,30,000,00,1,8,02,A01
201200015181,0,32,000,00,2,7,01,A01
201200015181,0,07,000,00,2,8,15,B01
201200015182,0,01,000,00,2,1,02,A01
201200015182,0,10,000,00,9,5,23,B01
201200015183,0,07,000,00,2,1,01,A01
201200015183,0,30,000,00,2,4,01,B01
201200015184,0,07,000,13,0,1,01,A01
201200015185,0,07,000,00,2,4,02,C01
201200015185,0,07,000,00,2,1,02,A01
201200015185,0,07,000,00,2,9,02,B01
201200015186,0,33,000,00,2,1,01,B01
201200015186,0,07,000,00,2,8,09,A01
201200015187,0,07,000,00,1,1,02,A01
201200015188,0,07,000,00,2,5,19,A01
201200015188,0,07,000,00,2,1,02,B01
201200015189,0,07,000,00,2,3,01,A01
201200015189,0,07,000,00,2,4,01,B01
201200015189,1,07,000,00,0,0,00,Z01
201200015190,0,07,000,00,2,6,00,B01
201200015190,0,15,000,00,2,2,00,A01
201200015191,0,07,000,00,2,8,15,A01
201200015191,0,34,000,00,2,1,01,B01
201200015192,0,07,000,00,0,3,01,C01
201200015192,0,33,000,00,2,8,17,A01
201200015192,0,07,000,00,2,8,17,B01
201200015193,1,07,000,00,2,1,15,A01
201200015193,0,01,000,00,2,7,01,B01
201200015194,0,07,000,00,1,3,00,A01
201200015195,0,07,000,00,2,7,16,B01
201200015195,0,07,000,00,2,1,16,A01
201200015196,0,07,000,00,2,7,02,B01
201200015196,0,30,000,00,2,1,02,A01
201200015197,0,30,000,00,2,1,01,B01
201200015197,0,07,000,00,2,1,15,A01
201200015198,0,07,000,00,2,3,13,A01
201200015198,0,07,000,00,2,3,01,B01
201200015199,0,07,000,00,1,3,01,A01
201200015200,0,07,000,00,1,1,01,A01
201200015201,0,07,000,00,2,7,09,A01
201200015201,0,33,000,00,2,8,16,B01
201200015202,0,07,000,00,2,1,01,B01
201200015202,0,07,000,00,2,8,01,A01
201200015203,0,07,000,00,2,3,09,B01
201200015203,0,02,000,00,2,1,03,A01
201200015204,0,30,000,00,1,1,02,A01
201200015205,0,30,000,00,2,3,17,A01
201200015205,0,07,000,00,2,3,15,B01
201200015206,0,07,000,00,2,1,05,A01
201200015206,0,30,000,00,2,7,02,B01
201200015207,0,30,000,00,0,7,01,B01
201200015207,0,10,000,00,2,3,11,A01
201200015208,0,07,000,00,2,3,00,A01
201200015208,0,02,000,00,2,3,00,B01
201200015209,0,07,000,00,2,3,10,A01
201200015209,0,30,000,00,2,1,17,B01
201200015210,0,07,000,00,2,1,01,A01
201200015210,0,07,000,00,2,3,01,B01
201200015211,0,02,000,00,0,0,16,A01
201200015212,0,34,000,00,2,2,00,A01
201200015212,0,34,000,00,2,2,00,B01
201200015213,0,32,000,00,2,1,02,A01
201200015213,0,07,000,00,2,4,02,B01
201200015214,0,07,000,00,2,9,02,B01
201200015214,0,07,000,00,2,1,02,A01
201200015214,0,07,000,00,1,1,02,C01
201200015215,0,10,000,00,2,8,15,A01
201200015215,0,32,000,00,2,7,17,B01
201200015216,0,32,000,00,2,1,01,B01
201200015216,0,07,000,00,2,8,09,A01
201200015217,0,30,000,00,2,1,01,A01
201200015217,0,07,000,00,2,3,15,B01
201200015218,1,07,000,00,2,7,02,Z01
201200015218,0,30,000,00,2,8,01,B01
201200015219,0,07,000,00,1,1,14,A01
201200015220,0,07,000,00,0,4,02,A01
201200015220,0,31,000,00,2,1,02,B01
201200015221,0,07,000,00,2,8,01,B01
201200015221,0,07,000,00,2,1,01,A01
201200015222,0,07,000,00,2,7,01,B01
201200015222,0,37,002,00,2,2,01,A01
201200015223,0,07,000,00,1,1,00,A01
201200015224,0,07,000,00,2,1,01,A01
201200015224,0,07,000,00,2,4,01,B01
201200015225,0,33,000,00,2,3,03,A01
201200015225,0,07,000,00,2,7,23,B01
201200015225,0,07,000,00,2,6,23,C01
201200015226,1,32,000,00,1,1,17,A01
201200015227,0,07,000,00,2,4,00,A01
201200015227,0,07,000,00,2,4,01,B01
201200015228,0,07,000,00,2,8,15,A01
201200015228,0,30,000,00,2,1,17,B01
201200015229,0,07,000,00,2,1,01,B01
201200015229,0,31,000,00,2,1,17,A01
201200015230,0,07,000,00,2,3,01,B01
201200015230,0,02,000,00,2,1,01,A01
201200015231,0,10,000,00,2,1,01,A01
201200015231,0,07,000,00,2,4,23,B01
201200015232,0,07,000,00,2,2,23,C01
201200015232,0,33,000,00,2,1,01,B01
201200015232,0,10,000,00,2,3,15,A01
201200015233,0,07,000,00,2,1,00,B01
201200015233,0,07,000,00,2,1,05,A01
201200015234,0,07,000,00,0,4,02,C01
201200015234,0,07,000,00,2,4,02,B01
201200015234,0,07,000,00,2,1,02,A01
201200015235,0,30,000,00,1,0,01,A01
201200015236,0,07,000,00,2,1,01,A01
201200015236,0,07,000,00,2,3,15,B01
201200015237,0,07,000,00,1,1,01,A01
201200015238,0,37,000,00,1,2,07,A01
201200015239,0,07,000,00,2,1,02,A01
201200015239,0,07,000,00,0,4,02,B01
201200015240,0,34,000,00,2,3,01,A01
201200015240,0,32,000,00,2,1,01,B01
201200015241,0,07,000,00,1,2,02,A01
201200015242,0,07,000,00,2,3,11,A01
201200015242,0,30,000,00,2,2,11,B01
201200015243,0,37,001,00,1,2,01,A01
201200015244,0,32,000,14,0,7,00,A01
201200015245,0,31,000,00,2,1,01,B01
201200015245,0,07,000,00,2,5,15,A01
201200015246,0,07,000,00,0,4,02,B01
201200015246,0,07,000,00,2,1,02,A01
201200015247,0,33,000,00,2,7,24,B01
201200015247,0,07,000,01,2,3,04,A01
201200015248,0,33,000,00,1,1,00,A01
201200015249,0,07,000,00,2,7,15,A01
201200015249,0,07,000,00,2,2,01,B01
201200015250,0,07,000,00,1,1,01,A01
201200015251,1,07,000,00,1,7,09,Z01
201200015252,0,07,000,00,2,2,02,C01
201200015252,0,34,000,01,2,3,01,A01
201200015253,0,32,000,00,1,1,19,A01
201200015254,0,07,000,00,2,1,02,A01
201200015254,0,07,000,00,2,4,02,B01
201200015255,0,07,000,00,2,3,02,B01
201200015255,1,07,000,00,2,9,17,Z01
201200015255,0,07,000,01,0,3,02,A01
201200015256,0,07,000,00,1,1,01,A01
201200015257,0,07,000,01,0,2,00,A01
201200015258,0,33,000,00,2,1,17,A01
201200015258,0,07,000,00,2,1,15,B01
201200015259,0,07,000,00,2,3,00,A01
201200015259,1,07,000,01,2,3,02,Z01
201200015260,0,07,000,00,2,3,00,B01
201200015260,0,07,000,00,2,7,00,A01
201200015261,0,07,000,00,2,1,01,B01
201200015261,0,07,000,00,2,2,09,A01
201200015262,0,10,000,00,0,4,02,C01
201200015262,0,07,000,00,0,4,01,B01
201200015262,0,07,000,00,2,1,01,A01
201200015263,0,30,000,00,0,0,01,A01
201200015264,0,30,000,00,2,7,15,B01
201200015264,1,07,000,00,2,1,01,Z01
201200015265,0,30,000,00,1,1,01,A01
201200015266,0,07,000,00,0,5,00,B01
201200015266,0,07,000,00,2,3,11,A01
201200015267,0,07,000,00,1,3,01,A01
201200015268,0,34,000,00,2,1,01,A01
201200015268,0,07,000,00,2,8,15,B01
201200015269,0,30,000,00,2,1,01,A01
201200015269,0,07,000,00,2,7,16,B01
201200015270,0,02,000,00,2,1,21,A01
201200015270,0,02,000,00,2,1,01,B01
201200015271,0,07,000,00,2,5,04,A01
201200015271,0,32,000,00,2,8,01,B01
201200015272,0,07,000,00,1,3,02,A01
201200015273,0,07,000,00,2,4,01,B01
201200015273,0,07,000,00,2,1,01,A01
201200015274,0,07,000,00,2,1,01,C01
201200015274,0,07,000,00,2,5,01,A01
201200015274,0,07,000,00,2,4,21,B01
201200015275,0,07,000,00,2,6,01,B01
201200015275,0,07,000,00,2,2,15,A01
201200015276,0,34,000,15,0,1,00,A01
201200015277,0,30,000,00,2,0,01,B01
201200015277,1,07,000,00,0,0,23,Z01
201200015278,0,07,000,00,2,1,01,B01
201200015278,0,07,000,00,2,9,01,A01
201200015279,0,07,000,00,2,1,01,A01
201200015279,0,07,000,00,2,4,23,B01
201200015279,0,07,000,00,2,4,01,C01
201200015280,0,07,000,00,2,1,01,A01
201200015280,0,10,000,00,0,4,23,B01
201200015281,0,07,000,00,2,1,15,A01
201200015281,0,07,000,00,2,1,01,B01
201200015282,0,32,000,00,2,1,00,A01
201200015282,0,07,000,00,0,8,11,B01
201200015283,0,07,000,00,2,1,01,B01
201200015283,0,07,000,00,2,1,01,C01
201200015283,0,07,000,00,2,2,01,A01
201200015284,0,10,000,00,2,2,01,A01
201200015284,0,10,000,00,2,5,01,B01
201200015285,0,33,000,00,2,1,02,A01
201200015285,0,33,000,00,2,4,02,B01
201200015286,0,10,000,00,2,4,04,A01
201200015286,0,33,000,00,2,1,23,B01
201200015287,0,07,000,00,2,3,01,B01
201200015287,0,07,000,00,2,6,10,A01
201200015288,0,07,000,00,2,1,02,A01
201200015288,0,07,000,00,0,4,00,B01
201200015289,0,07,000,00,2,2,16,A01
201200015289,1,02,000,00,2,1,01,B01
201200015290,0,07,000,00,2,1,02,A01
201200015290,0,07,000,00,2,4,02,B01
201200015291,0,10,000,00,0,4,01,B01
201200015291,0,10,000,00,2,1,01,A01
201200015292,0,07,000,00,1,2,01,A01
201200015293,0,07,000,00,2,7,00,B01
201200015293,0,07,000,00,2,3,00,A01
201200015294,0,07,000,00,2,7,09,A01
201200015294,0,07,000,00,2,2,15,B01
201200015295,0,34,000,00,1,1,01,A01
201200015296,0,34,000,16,0,7,01,B01
201200015296,0,07,000,00,0,0,09,A01
201200015297,0,07,000,01,2,1,01,A01
201200015297,0,07,000,00,2,4,23,B01
201200015298,0,07,000,00,2,3,13,A01
201200015298,0,07,000,00,2,1,01,B01
201200015299,0,33,000,00,2,2,00,B01
201200015299,0,07,000,00,2,6,10,A01
201200015300,0,07,000,00,2,1,01,A01
201200015300,0,07,000,00,2,4,01,B01
201200015301,0,10,000,00,2,6,10,A01
201200015301,0,33,000,00,2,1,02,B01
201200015302,0,33,000,00,1,0,00,A01
201200015303,0,07,000,00,1,1,21,A01
201200015304,0,30,000,15,0,1,01,A01
201200015305,0,34,000,00,2,8,05,A01
201200015305,0,07,000,00,2,8,21,B01
201200015306,0,31,000,12,0,1,01,A01
201200015307,0,07,000,00,9,3,00,B01
201200015307,0,33,000,00,2,0,00,A01
201200015308,0,07,000,15,0,9,00,A01
201200015309,0,07,000,00,1,1,00,A01
201200015310,0,30,000,00,2,2,05,A01
201200015310,0,10,000,00,2,8,00,B01
201200015310,0,30,000,00,2,8,01,C01
201200015310,0,32,000,00,2,3,02,D01
201200015311,0,02,000,00,2,4,02,B01
201200015311,0,10,000,00,2,2,02,A01
201200015312,0,30,000,00,2,1,15,A01
201200015312,0,33,000,00,2,1,21,B01
201200015313,0,31,000,00,2,1,18,A01
201200015313,0,07,000,00,2,5,23,B01
201200015314,0,07,000,00,1,3,15,A01
201200015315,1,07,000,00,0,0,00,A01
201200015316,0,07,000,00,2,5,02,B01
201200015316,0,07,000,00,2,3,02,A01
201200015317,0,30,000,00,2,8,15,A01
201200015317,0,07,000,00,2,1,01,B01
201200015318,0,07,000,00,2,3,13,A01
201200015318,0,34,000,00,2,1,01,B01
201200015319,0,31,000,00,9,8,02,A01
201200015320,0,37,001,00,1,5,21,A01
201200015321,0,07,000,00,1,0,01,A01
201200015322,0,07,000,00,2,7,11,A01
201200015322,0,14,000,00,2,1,01,B01
201200015322,0,99,000,00,2,4,23,C01
201200015323,0,07,000,00,0,6,01,A01
201200015323,0,33,000,00,2,1,01,B01
201200015324,0,07,000,00,1,2,21,A01
201200015325,0,31,000,00,0,8,15,A01
201200015325,0,07,000,00,0,0,16,B01
201200015326,0,07,000,00,2,7,10,A01
201200015326,0,32,000,00,2,1,01,B01
201200015327,0,07,000,00,2,8,01,B01
201200015327,0,02,000,01,2,8,17,A01
201200015328,0,02,000,00,2,0,00,B01
201200015328,1,07,000,00,2,0,00,Z01
201200015329,0,33,000,00,2,1,01,B01
201200015329,0,07,000,00,2,1,00,A01
201200015330,0,07,000,00,2,1,15,B01
201200015330,0,34,000,00,2,1,15,A01
201200015331,0,30,000,00,2,1,02,A01
201200015331,0,07,000,00,2,8,15,B01
201200015332,0,07,000,00,1,6,04,A01
201200015333,0,07,000,00,0,4,23,E01
201200015333,0,07,000,00,2,4,23,B01
201200015333,0,07,000,00,2,4,23,C01
201200015333,0,07,000,00,2,1,02,A01
201200015333,0,07,000,00,2,4,23,D01
201200015334,0,07,000,00,1,2,16,A01
201200015335,0,31,000,01,0,1,01,B01
201200015335,0,07,000,01,9,2,15,A01
201200015336,0,33,000,00,2,8,02,B01
201200015336,0,07,000,00,2,1,15,A01
201200015337,0,30,000,00,2,1,17,B01
201200015337,0,07,000,00,2,3,15,A01
201200015338,0,07,000,01,0,7,04,C01
201200015338,0,13,000,01,2,4,04,A01
201200015338,0,33,000,14,2,3,01,B01
201200015339,1,10,000,00,1,4,04,Z01
201200015340,0,33,000,00,2,2,01,B01
201200015340,0,07,000,00,2,2,15,A01
201200015341,0,30,000,00,0,0,00,A01
201200015342,0,07,000,00,2,7,23,B01
201200015342,1,07,000,00,2,0,00,Z01
201200015343,0,32,000,00,1,1,02,A01
201200015344,1,34,000,00,1,0,00,A01
201200015345,0,07,000,00,0,8,15,A01
201200015345,0,33,000,00,2,1,01,B01
201200015346,1,32,000,00,0,0,00,Z01
201200015347,0,31,000,00,2,3,01,A01
201200015347,1,07,000,00,2,1,00,Z01
201200015348,0,07,000,00,2,1,19,B01
201200015348,0,37,000,00,2,7,07,A01
201200015349,0,07,000,00,2,4,02,C01
201200015349,0,07,000,00,2,1,01,A01
201200015349,0,07,000,00,2,4,02,B01
201200015350,0,07,000,00,0,3,10,A01
201200015350,0,02,000,00,2,1,17,B01
201200015351,0,07,000,00,1,1,09,A01
201200015352,0,07,000,00,2,0,19,A01
201200015352,0,32,000,00,2,0,02,B01
201200015353,0,33,000,00,2,1,02,B01
201200015353,1,30,000,00,2,7,06,Z01
201200015354,1,30,000,00,2,1,01,A01
201200015354,0,01,000,00,2,0,19,B01
201200015355,0,07,000,00,2,3,15,A01
201200015355,0,33,000,00,2,1,17,B01
201200015356,0,30,000,00,2,2,01,B01
201200015356,0,07,000,00,2,3,15,A01
201200015357,0,32,000,00,2,7,01,B01
201200015357,0,07,000,00,2,1,01,A01
201200015358,0,14,000,00,2,1,01,A01
201200015358,0,07,000,00,0,4,00,B01
201200015359,0,07,000,00,1,0,01,Z01
201200015360,0,07,000,00,2,3,15,A01
201200015360,0,07,000,00,2,1,01,B01
201200015361,0,07,000,00,2,3,19,A01
201200015361,0,07,000,00,2,1,01,C01
201200015361,0,02,000,00,2,1,01,B01
201200015362,0,07,000,00,2,1,09,A01
201200015362,0,07,000,00,2,7,01,B01
201200015363,0,07,000,00,2,2,09,A01
201200015363,0,32,000,00,2,1,01,B01
201200015364,0,07,000,00,2,1,01,B01
201200015364,1,99,000,00,2,0,05,Z01
201200015365,0,07,000,00,0,4,02,B01
201200015365,0,07,000,00,2,1,02,A01
201200015366,0,07,000,08,2,1,00,A01
201200015366,0,07,000,00,2,1,01,B01
201200015367,1,07,000,00,0,7,01,Z01
201200015367,0,07,000,00,2,1,01,A01
201200015368,0,02,000,00,2,0,01,B01
201200015368,1,07,000,00,2,0,05,Z01
201200015369,0,07,000,00,2,1,02,A01
201200015369,0,07,000,00,0,4,23,B01
201200015370,0,07,000,00,2,1,15,A01
201200015370,0,07,000,00,2,3,01,B01
201200015370,0,07,000,08,2,3,23,C01
201200015371,0,07,000,00,2,1,01,A01
201200015371,0,32,000,00,2,4,15,B01
201200015372,0,07,000,12,0,9,00,A01
201200015373,0,01,000,00,2,1,01,A01
201200015373,0,07,000,00,9,1,23,B01
201200015374,0,33,000,00,0,1,02,A01
201200015374,0,07,000,00,0,0,02,B01
201200015375,0,30,000,00,2,6,01,B01
201200015375,1,07,000,00,2,2,11,Z01
201200015376,0,07,000,00,2,3,10,A01
201200015376,0,07,000,00,2,2,00,B01
201200015377,0,07,000,00,2,3,02,A01
201200015377,0,31,000,00,2,1,01,B01
201200015378,0,30,000,00,2,1,17,A01
201200015378,0,07,000,00,2,1,15,B01
201200015379,0,03,000,00,1,0,02,A01
201200015380,0,07,000,00,1,2,01,A01
201200015381,0,07,000,00,2,3,21,A01
201200015381,0,07,000,00,2,3,01,B01
201200015382,0,34,000,00,1,3,16,A01
201200015383,0,02,000,00,2,1,01,A01
201200015383,0,01,000,00,2,3,19,B01
201200015383,0,07,000,00,2,4,01,C01
201200015384,0,02,000,00,2,1,01,A01
201200015384,0,07,000,00,2,3,15,B01
201200015385,0,07,000,00,2,3,11,A01
201200015385,0,07,000,00,0,0,00,B01
201200015386,0,33,000,00,1,8,02,A01
201200015386,1,07,000,00,0,0,00,Z01
201200015387,0,07,000,00,2,1,02,A01
201200015387,0,07,000,00,2,4,02,C01
201200015387,0,07,000,00,2,4,02,B01
201200015388,0,07,000,00,0,5,00,A01
201200015388,0,33,000,00,0,1,00,B01
201200015389,0,07,000,00,2,5,01,A01
201200015389,0,17,000,00,2,3,19,B01
201200015390,0,07,000,00,1,3,01,A01
201200015391,0,07,000,00,2,4,01,B01
201200015391,0,02,000,00,2,1,01,A01
201200015392,0,34,000,00,0,0,01,A01
201200015393,0,07,000,00,2,1,05,A01
201200015393,0,07,000,00,2,1,01,B01
201200015394,0,31,000,00,2,8,01,B01
201200015394,1,07,000,00,2,3,05,Z01
201200015395,0,30,000,00,2,1,15,A01
201200015395,0,30,000,00,2,1,01,B01
201200015396,0,31,000,00,2,1,15,B01
201200015396,0,02,000,00,2,1,17,A01
201200015397,0,07,000,00,2,3,00,A01
201200015397,0,07,000,00,2,1,01,B01
201200015398,1,07,000,00,1,0,00,Z01
201200015399,0,07,000,00,2,3,09,A01
201200015399,0,07,000,00,2,7,01,B01
201200015400,0,07,000,00,0,1,00,A01
201200015401,0,07,000,00,2,1,01,A01
201200015401,0,01,000,00,2,6,01,B01
201200015402,1,07,000,00,1,1,01,Z01
201200015403,0,33,000,00,2,1,00,B01
201200015403,0,32,000,00,2,2,15,A01
201200015404,0,07,000,08,0,6,04,A01
201200015405,0,31,000,01,2,2,01,A01
201200015405,0,01,000,00,2,1,01,B01
201200015406,0,07,000,00,0,9,23,B01
201200015406,0,07,000,01,0,1,01,A01
201200015407,0,07,000,00,1,1,01,A01
201200015408,0,32,000,00,0,0,15,A01
201200015409,0,07,000,00,2,7,01,A01
201200015409,0,07,000,00,2,1,00,B01
201200015410,0,34,000,00,1,1,19,A01
201200015411,0,07,000,00,0,1,02,A01
201200015411,0,07,000,00,0,4,02,B01
201200015412,0,07,000,00,1,3,01,A01
201200015413,0,33,000,00,2,2,02,B01
201200015413,0,07,000,00,0,3,10,A01
201200015414,0,30,000,00,1,1,02,A01
201200015415,0,32,000,00,2,1,01,B01
201200015415,0,10,000,00,2,2,15,A01
201200015416,0,31,000,00,2,0,01,B01
201200015416,0,07,000,00,2,6,13,A01
201200015417,0,33,000,00,1,1,01,A01
201200015418,0,07,000,00,0,4,02,B01
201200015418,0,07,000,00,2,1,02,A01
201200015419,0,07,000,00,1,1,15,A01
201200015420,0,07,000,15,0,3,01,A01
201200015421,0,07,000,00,0,4,00,B01
201200015421,0,07,000,00,2,1,00,A01
201200015422,1,33,000,00,1,0,00,Z01
201200015423,0,33,000,12,0,1,02,A01
201200015424,0,07,000,00,2,4,02,B01
201200015424,0,07,000,00,2,4,02,C01
201200015424,0,07,000,00,2,4,02,D01
201200015424,0,07,000,00,2,1,01,A01
201200015425,0,07,000,00,2,1,02,B01
201200015425,0,33,000,00,2,3,02,A01
201200015426,0,33,000,00,2,2,16,A01
201200015426,0,07,000,00,2,2,16,B01
201200015427,0,32,000,00,2,7,02,B01
201200015427,0,07,000,00,2,3,02,A01
201200015428,0,07,000,00,1,4,04,A01
201200015429,1,07,000,00,0,0,00,Z01
201200015429,0,02,000,00,2,8,01,B01
201200015430,0,33,000,00,4,1,01,B01
201200015430,0,07,000,00,2,4,15,A01
201200015431,0,07,000,00,0,7,01,A01
201200015431,0,34,000,00,2,1,01,B01
201200015432,0,30,000,00,2,1,05,A01
201200015432,0,07,000,00,2,8,01,B01
201200015433,0,07,000,01,0,2,01,B01
201200015433,0,07,000,00,2,3,00,A01
201200015434,0,33,000,12,0,0,01,A01
201200015435,0,07,000,00,1,3,01,A01
201200015436,0,07,000,00,2,3,01,B01
201200015436,1,07,000,00,2,2,01,Z01
201200015437,0,32,000,07,0,1,01,A01
201200015438,0,07,000,00,2,3,16,A01
201200015438,0,37,007,00,2,2,01,B01
201200015439,0,07,000,00,0,6,02,B01
201200015439,0,07,000,00,0,2,02,A01
201200015440,0,32,000,00,1,2,00,A01
201200015441,0,07,000,00,1,8,11,B01
201200015441,0,02,000,00,2,7,17,A01
201200015442,0,07,000,00,2,5,23,B01
201200015442,0,07,000,00,2,3,02,A01
201200015443,0,33,000,00,2,1,17,A01
201200015443,0,07,000,00,2,3,15,B01
201200015444,0,32,000,00,2,1,00,A01
201200015444,0,07,000,00,2,2,15,B01
201200015445,0,07,000,00,2,2,13,A01
201200015445,0,07,000,00,2,1,00,B01
201200015446,0,30,000,00,1,1,01,A01
201200015447,0,10,000,00,1,1,01,C01
201200015447,0,01,000,00,2,1,15,B01
201200015447,0,07,000,00,1,1,01,A01
201200015448,0,07,000,01,0,1,01,A01
201200015449,0,07,000,00,2,5,15,B01
201200015449,0,34,000,00,2,1,01,A01
201200015450,0,33,000,16,0,0,17,A01
201200015451,0,07,000,01,2,5,01,A01
201200015451,0,07,000,00,2,1,01,B01
201200015452,0,07,000,00,2,3,15,A01
201200015452,0,07,000,00,2,2,01,B01
201200015453,0,07,000,00,2,1,01,B01
201200015453,0,07,000,00,2,1,19,A01
201200015454,0,33,000,00,2,1,01,A01
201200015454,0,07,000,00,2,5,16,B01
201200015455,0,31,000,00,2,1,02,B01
201200015455,0,07,000,00,2,3,15,A01
201200015456,0,07,000,00,0,4,01,B01
201200015456,0,10,000,00,2,1,02,A01
201200015457,0,33,000,00,2,1,01,B01
201200015457,0,07,000,00,2,2,15,A01
201200015458,1,07,000,00,1,6,04,Z01
201200015459,0,32,000,00,2,1,09,B01
201200015459,1,07,000,00,2,1,05,Z01
201200015460,0,03,000,15,2,2,21,A01
201200015461,0,07,000,00,2,4,23,B01
201200015461,0,07,000,00,2,1,01,A01
201200015462,0,07,000,00,1,2,01,A01
201200015463,0,30,000,00,2,1,01,B01
201200015463,0,07,000,01,2,3,15,A01
201200015464,0,07,000,00,2,5,01,B01
201200015464,0,34,000,00,2,1,01,A01
201200015465,0,07,000,01,0,6,11,A01
201200015465,0,32,000,00,2,1,02,B01
201200015466,1,07,000,00,1,3,00,A01
201200015467,0,07,000,00,0,8,01,B01
201200015467,0,07,000,00,0,1,01,A01
201200015468,1,07,000,00,2,3,02,Z01
201200015468,0,07,000,00,2,7,02,B01
201200015468,0,33,000,00,2,5,02,A01
201200015469,0,07,000,00,1,3,21,A01
201200015470,0,07,000,11,1,1,14,A01
201200015471,0,33,000,00,1,1,01,A01
201200015472,1,02,000,00,0,1,01,Z01
201200015473,0,07,000,00,2,5,12,A01
201200015473,0,30,000,00,2,3,01,B01
201200015474,0,07,000,00,2,8,09,A01
201200015474,0,33,000,00,2,1,16,B01
201200015475,0,07,000,00,2,1,15,A01
201200015475,0,01,000,00,2,0,17,B01
201200015476,0,32,000,00,2,2,03,A01
201200015476,0,07,000,00,2,3,15,B01
201200015477,0,32,000,00,0,7,01,A01
201200015477,0,07,000,00,0,3,00,B01
201200015478,0,07,000,00,0,6,02,B01
201200015478,0,33,000,00,2,1,01,A01
201200015479,0,07,000,00,2,1,00,A01
201200015479,0,07,000,03,0,7,00,B01
201200015480,0,07,000,00,1,1,15,A01
201200015481,0,07,000,13,0,1,01,A01
201200015482,0,07,000,00,0,1,01,A01
201200015482,0,07,000,00,2,4,01,B01
201200015483,0,07,000,00,2,1,02,A01
201200015483,0,07,000,00,2,4,02,B01
201200015483,0,07,000,00,0,4,02,C01
201200015484,0,07,000,00,2,1,01,A01
201200015484,0,07,000,00,2,4,01,B01
201200015485,0,07,000,00,2,1,00,A01
201200015485,0,07,000,00,0,4,00,B01
201200015486,0,07,000,00,2,1,15,A01
201200015486,0,33,000,00,2,4,23,B01
201200015487,0,07,000,00,2,9,02,B01
201200015487,0,07,000,00,2,1,02,A01
201200015487,0,07,000,00,2,4,02,D01
201200015487,0,07,000,00,2,9,02,C01
201200015488,0,33,000,00,1,1,01,A01
201200015489,0,07,000,00,2,7,19,A01
201200015489,0,34,000,00,2,2,01,B01
201200015490,0,31,000,00,2,1,01,A01
201200015490,0,07,000,00,2,4,01,B01
201200015491,0,07,000,00,0,6,24,B01
201200015491,0,07,000,00,0,3,02,A01
201200015492,0,07,000,00,1,1,00,A01
201200015493,0,07,000,00,1,2,01,A01
201200015494,0,34,000,00,0,7,00,A01
201200015495,0,07,000,00,1,7,01,A01
201200015496,0,10,000,00,2,0,12,A01
201200015496,0,32,000,00,2,0,01,B01
201200015497,0,31,000,00,2,1,01,A01
201200015497,0,07,000,00,2,8,15,B01
201200015498,0,07,000,00,2,1,15,A01
201200015498,0,32,000,00,2,1,01,B01
201200015499,0,01,000,00,2,8,05,A01
201200015499,0,07,000,00,9,1,01,B01
201200015500,0,07,000,00,2,8,15,B01
201200015500,0,32,000,01,2,7,21,A01
201200015501,0,30,000,00,2,7,02,B01
201200015501,1,99,000,00,0,0,00,Z01
201200015502,0,13,000,00,2,4,04,A01
201200015502,0,32,000,00,9,1,23,B01
201200015503,0,02,000,00,9,1,17,A01
201200015503,0,01,000,00,2,3,19,B01
201200015504,0,10,000,00,2,1,19,A01
201200015504,0,34,000,00,2,5,01,B01
201200015505,0,34,000,00,2,5,01,A01