Num_Acc,senc,catv,occutc,obs,obsm,choc,manv,num_veh
201200015862,0,32,000,00,2,1,01,B01
201200015863,0,07,000,00,2,3,15,A01
201200015863,0,33,000,00,2,1,01,B01
201200015864,0,07,000,00,2,2,02,A01
201200015864,0,32,000,00,2,4,02,B01
201200015865,0,07,000,00,0,6,15,A01
201200015865,0,34,000,00,2,1,01,B01
201200015866,0,32,000,00,2,6,00,B01
201200015866,1,99,000,00,0,0,00,Z01
201200015867,0,10,000,00,2,1,01,A01
201200015867,0,07,000,00,2,4,01,B01
201200015868,2,07,000,00,0,1,00,A01
201200015868,0,99,000,00,2,1,05,B01
201200015869,0,07,000,00,2,1,02,A01
201200015869,1,07,000,00,2,1,02,Z01
201200015869,0,07,000,00,2,4,02,B01
201200015870,0,07,000,00,2,1,16,C01
201200015870,0,14,000,00,2,1,16,A01
201200015870,0,02,000,00,2,0,00,B01
201200015871,0,33,000,00,2,2,01,B01
201200015871,0,10,000,00,2,3,13,A01
201200015872,0,99,000,00,2,8,15,B01
201200015872,0,32,000,00,2,1,02,A01
201200015873,0,07,000,13,0,1,13,A01
201200015874,1,32,000,01,0,0,00,Z01
201200015875,0,32,000,00,2,1,17,A01
201200015875,0,32,000,00,2,6,15,B01
201200015876,0,34,000,00,2,1,02,A01
201200015876,0,07,000,00,2,6,02,B01
201200015877,0,02,000,00,0,2,00,A01
201200015878,0,07,000,00,2,6,10,A01
201200015878,0,34,000,00,2,1,17,B01
201200015879,0,37,001,00,2,1,02,A01
201200015879,0,07,000,00,2,4,02,B01
201200015880,0,07,000,01,0,6,20,A01
201200015880,0,03,000,00,2,6,24,B01
201200015881,0,31,000,00,0,1,00,A01
201200015882,0,32,000,00,2,1,00,B01
201200015882,0,07,000,00,2,6,11,A01
201200015883,0,32,000,00,2,7,17,A01
201200015883,0,07,000,00,2,3,15,B01
201200015884,0,07,000,00,2,1,01,A01
201200015884,0,30,000,00,2,4,10,B01
201200015885,0,07,000,00,2,3,09,B01
201200015885,0,07,000,00,2,3,04,A01
201200015886,0,07,000,00,2,4,23,B01
201200015886,0,07,000,00,2,1,02,A01
201200015887,0,32,000,00,2,1,01,B01
201200015887,0,07,000,00,2,1,05,A01
201200015888,0,07,000,00,0,2,00,A01
201200015888,0,07,000,00,0,8,00,B01
201200015889,0,34,000,00,0,7,01,A01
201200015890,0,07,000,00,1,0,02,A01
201200015890,1,07,000,00,0,0,00,Z01
201200015891,0,07,000,00,1,4,04,A01
201200015892,0,07,000,00,2,4,02,B01
201200015892,0,03,000,00,2,1,02,A01
201200015893,0,07,000,00,2,3,00,B01
201200015893,0,10,000,00,2,1,15,A01
201200015894,0,07,000,00,2,1,15,A01
201200015894,0,30,000,00,2,1,19,B01
201200015895,0,07,000,00,2,1,15,A01
201200015895,0,33,000,06,2,2,02,B01
201200015896,0,07,000,00,2,1,02,A01
201200015896,0,32,000,00,2,4,23,B01
201200015897,0,07,000,00,2,1,02,A01
201200015897,0,33,000,00,2,4,11,B01
201200015898,0,34,000,00,2,3,00,B01
201200015898,0,07,000,00,2,3,00,A01
201200015899,0,34,000,00,0,3,01,B01
201200015899,1,07,000,00,2,0,09,Z01
201200015900,0,30,000,00,2,1,01,A01
201200015900,0,07,000,00,2,7,16,B01
201200015901,0,02,000,00,2,1,02,B01
201200015901,0,07,000,00,9,3,09,A01
201200015902,0,07,000,00,1,3,01,A01
201200015903,0,31,000,00,2,1,01,A01
201200015903,0,07,000,00,0,4,23,B01
201200015904,0,07,000,00,2,2,02,A01
201200015904,0,07,000,00,0,6,23,B01
201200015905,0,33,000,00,0,0,01,A01
201200015906,0,07,000,00,2,3,10,A01
201200015906,0,33,000,00,2,7,02,B01
201200015907,0,07,000,00,1,2,01,A01
201200015908,0,15,000,00,2,4,02,B01
201200015908,0,07,000,00,2,1,02,A01
201200015909,0,07,000,00,2,3,02,A01
201200015909,0,01,000,00,2,4,01,B01
201200015910,0,07,000,00,2,1,02,A01
201200015910,0,07,000,00,0,4,02,B01
201200015911,0,07,000,00,2,2,01,B01
201200015911,0,37,020,00,0,3,01,A01
201200015912,1,07,000,00,1,4,04,Z01
201200015913,0,07,000,06,0,1,14,A01
201200015914,0,07,000,00,2,2,01,A01
201200015914,0,07,000,00,2,3,15,B01
201200015915,0,07,000,00,2,3,01,A01
201200015915,0,07,000,00,2,2,01,B01
201200015916,0,07,000,00,2,3,15,A01
201200015916,0,07,000,00,2,3,01,B01
201200015917,0,07,000,13,0,1,21,A01
201200015918,0,07,000,06,0,6,01,A01
201200015919,0,37,001,00,1,2,01,A01
201200015920,0,07,000,00,2,3,11,A01
201200015920,0,32,000,00,2,8,01,B01
201200015921,0,33,000,00,0,0,00,A01
201200015922,0,07,000,00,2,3,15,B01
201200015922,0,30,000,00,2,1,00,A01
201200015923,0,33,000,00,2,1,02,C01
201200015923,0,07,000,00,0,4,01,A01
201200015923,0,33,000,04,2,4,01,B01
201200015924,0,07,000,00,2,2,00,B01
201200015924,0,02,000,00,2,1,00,A01
201200015925,0,07,000,00,2,2,01,B01
201200015925,0,07,000,00,2,3,13,A01
201200015926,0,32,000,00,1,1,01,A01
201200015927,0,07,000,00,2,2,02,A01
201200015927,0,07,000,00,2,8,15,B01
201200015928,0,07,000,00,0,8,01,A01
201200015928,0,33,000,00,0,7,03,B01
201200015929,0,07,000,00,2,3,15,A01
201200015929,0,30,000,00,2,1,01,B01
201200015930,0,34,000,00,2,1,01,B01
201200015930,0,07,000,00,2,1,17,A01
201200015931,0,07,000,00,2,3,01,A01
201200015931,0,07,000,00,2,3,01,B01
201200015931,0,31,000,00,2,1,01,C01
201200015932,0,02,000,00,2,1,17,A01
201200015932,0,07,000,00,2,8,17,B01
201200015933,0,07,000,00,2,4,01,B01
201200015933,0,07,000,00,2,1,01,A01
201200015934,0,02,000,00,0,1,00,A01
201200015935,0,07,000,00,2,9,00,A01
201200015935,2,07,000,00,2,3,00,Z01
201200015936,0,10,000,00,0,2,09,A01
201200015936,0,02,000,00,2,3,01,B01
201200015937,0,07,000,00,2,4,00,B01
201200015937,1,07,000,00,2,1,01,Z01
201200015937,0,07,000,00,2,4,01,A01
201200015938,0,07,000,00,2,6,09,A01
201200015938,0,33,000,00,2,1,01,B01
201200015939,0,07,000,00,2,1,02,A01
201200015939,0,07,000,00,2,4,02,B01
201200015940,0,34,000,00,2,1,01,B01
201200015940,0,01,000,00,2,8,01,A01
201200015941,0,33,000,00,9,1,12,A01
201200015941,0,37,000,00,0,6,01,B01
201200015942,0,02,000,00,2,2,17,B01
201200015942,0,07,000,00,2,3,15,A01
201200015943,0,32,000,00,2,1,01,B01
201200015943,0,07,000,00,2,2,15,A01
201200015944,0,30,000,00,2,1,01,A01
201200015944,0,07,000,00,2,2,15,B01
201200015945,0,07,000,01,0,2,01,A01
201200015946,0,07,000,00,2,1,01,A01
201200015946,0,07,000,00,0,4,02,D01
201200015946,0,07,000,00,2,4,02,C01
201200015946,0,07,000,00,2,0,01,B01
201200015947,0,07,000,00,2,2,15,A01
201200015947,0,33,000,00,2,0,01,B01
201200015948,0,07,000,00,2,3,15,B01
201200015948,0,30,000,00,2,1,17,A01
201200015949,0,07,000,00,2,1,01,A01
201200015949,0,07,000,00,2,4,23,B01
201200015950,0,31,000,00,2,3,03,A01
201200015950,0,07,000,00,2,2,14,B01
201200015951,0,10,000,00,1,7,01,A01
201200015952,0,07,000,00,2,1,01,A01
201200015952,0,07,000,00,2,3,01,B01
201200015953,1,07,000,00,1,2,01,Z01
201200015954,1,02,000,00,2,0,00,Z01
201200015954,0,02,000,00,2,0,00,B01
201200015955,0,30,000,00,2,4,01,B01
201200015955,0,31,000,00,2,1,02,A01
201200015956,0,33,000,13,0,1,14,A01
201200015957,0,07,000,06,0,0,00,A01
201200015958,0,31,000,00,2,1,01,B01
201200015958,0,07,000,00,2,2,15,A01
201200015959,0,07,000,00,0,4,02,C01
201200015959,0,10,000,00,2,4,02,B01
201200015959,0,07,000,00,2,1,02,A01
201200015960,0,07,000,00,2,4,02,B01
201200015960,0,13,000,00,2,1,02,A01
201200015960,0,07,000,00,2,4,02,C01
201200015961,0,07,000,00,2,1,02,A01
201200015961,0,07,000,00,2,4,23,C01
201200015961,0,07,000,00,2,4,23,B01
201200015962,0,07,000,00,2,2,01,A01
201200015962,1,33,000,00,2,8,01,B01
201200015963,0,07,000,00,0,4,02,B01
201200015963,0,07,000,00,2,1,02,A01
201200015964,0,10,000,00,2,2,10,A01
201200015964,0,33,000,00,2,1,01,B01
201200015965,0,07,000,00,2,1,02,A01
201200015965,0,07,000,00,2,4,02,B01
201200015966,0,07,000,00,2,6,10,A01
201200015966,0,30,000,00,2,1,01,B01
201200015967,0,30,000,14,0,1,00,A01
201200015968,0,07,000,00,2,1,00,A01
201200015968,0,07,000,14,0,7,00,B01
201200015969,0,02,000,00,2,1,00,A01
201200015969,0,07,000,00,2,3,00,B01
201200015970,1,37,001,00,1,0,01,Z01
201200015971,0,33,000,00,2,1,01,B01
201200015971,1,07,000,00,2,4,04,Z01
201200015972,0,07,000,00,2,1,01,B01
201200015972,1,07,000,00,2,1,11,Z01
201200015973,0,30,000,00,2,3,02,B01
201200015973,1,07,000,00,0,0,02,Z01
201200015974,0,32,000,00,0,0,01,A01
201200015975,0,33,000,00,2,7,02,B01
201200015975,0,07,000,00,2,3,09,A01
201200015976,0,07,000,00,2,4,02,C01
201200015976,0,07,000,00,2,1,02,A01
201200015976,0,07,000,00,2,4,02,B01
201200015977,0,07,000,00,1,1,01,A01
201200015978,0,32,000,00,2,7,01,B01
201200015978,0,07,000,00,2,1,09,A01
201200015979,0,02,000,00,0,8,01,A01
201200015980,0,07,000,00,1,1,01,A01
201200015981,0,07,000,00,2,4,02,B01
201200015981,0,07,000,00,2,4,02,C01
201200015981,0,07,000,00,2,1,02,A01
201200015982,0,07,000,00,2,2,15,A01
201200015982,0,34,000,00,2,1,01,B01
201200015983,0,02,000,00,2,1,00,B01
201200015983,1,07,000,00,2,0,00,Z01
201200015984,1,07,000,00,1,1,00,Z01
201200015985,0,07,000,00,2,1,02,B01
201200015985,2,07,000,00,2,7,01,A01
201200015986,0,31,000,00,2,1,01,A01
201200015986,2,07,000,00,2,2,10,Z01
201200015987,0,07,000,00,0,6,01,B01
201200015987,1,30,000,00,1,1,01,Z01
201200015988,0,07,000,00,1,2,01,A01
201200015989,0,07,000,00,9,8,09,A01
201200015989,0,01,000,00,2,1,02,B01
201200015990,0,01,000,00,2,8,15,A01
201200015990,0,30,000,00,2,7,17,B01
201200015991,0,07,000,03,0,8,01,A01
201200015992,0,10,000,00,1,1,13,A01
201200015993,0,07,000,00,1,1,01,A01
201200015994,1,07,000,00,1,6,04,Z01
201200015995,0,07,000,00,2,1,16,A01
201200015995,0,07,000,00,2,3,01,B01
201200015996,0,07,000,01,0,1,01,A01
201200015997,0,07,000,00,2,4,01,B01
201200015997,0,33,000,00,2,1,01,A01
201200015998,0,02,000,00,2,1,02,A01
201200015998,0,33,000,00,2,8,11,B01
201200015999,0,07,000,00,2,0,00,A01
201200015999,0,07,000,00,2,0,00,B01
201200016000,0,32,000,00,2,8,16,B01
201200016000,1,07,000,00,2,1,00,Z01
201200016001,0,30,000,00,2,0,00,B01
201200016001,1,30,000,00,2,0,00,Z01
201200016002,0,32,000,00,2,2,01,B01
201200016002,0,07,000,00,2,2,13,A01
201200016003,0,07,000,00,0,1,00,A01
201200016003,0,07,000,00,0,7,02,B01
201200016004,0,33,000,00,2,1,01,B01
201200016004,1,07,000,00,2,0,15,Z01
201200016005,0,33,000,00,2,0,00,B01
201200016005,1,07,000,00,0,0,00,Z01
201200016006,0,07,000,00,2,8,02,A01
201200016006,1,31,000,00,0,1,01,Z01
201200016007,0,34,000,00,2,1,01,A01
201200016007,0,07,000,00,2,4,01,B01
201200016008,0,07,000,00,2,4,01,B01
201200016008,1,07,000,00,2,1,02,Z01
201200016009,0,32,000,00,1,1,00,A01
201200016010,0,33,000,00,0,0,00,A01
201200016011,0,07,000,00,2,7,15,A01
201200016011,0,32,000,00,2,1,01,B01
201200016012,0,33,000,00,2,5,00,B01
201200016012,0,07,000,00,2,1,00,A01
201200016013,0,34,000,00,2,7,01,A01
201200016013,0,07,000,00,2,5,20,B01
201200016014,0,32,000,00,2,1,01,A01
201200016014,0,07,000,00,2,4,15,B01
201200016015,0,13,000,00,2,1,01,A01
201200016015,0,37,000,00,2,4,02,B01
201200016016,0,07,000,15,0,4,01,A01
201200016017,0,07,000,00,2,3,15,A01
201200016017,0,32,000,00,2,1,17,B01
201200016018,0,34,000,00,2,1,18,A01
201200016018,0,07,000,00,2,3,15,B01
201200016019,0,33,000,01,2,8,00,C01
201200016019,0,07,000,01,2,6,00,A01
201200016019,0,07,000,00,2,3,00,B01
201200016020,0,10,000,00,1,3,01,A01
201200016021,0,07,000,00,0,4,02,B01
201200016021,0,33,000,00,0,4,02,C01
201200016021,0,07,000,00,0,1,02,A01
201200016022,0,07,000,00,5,9,21,A01
201200016023,0,31,000,00,2,1,05,A01
201200016023,0,10,000,00,2,1,15,B01
201200016024,0,07,000,00,2,6,15,A01
201200016024,0,30,000,00,2,1,17,B01
201200016025,0,02,000,01,0,0,00,A01
201200016026,0,34,000,00,2,4,00,B01
201200016026,0,10,000,00,2,6,16,A01
201200016027,0,07,000,00,2,2,00,A01
201200016027,0,34,000,00,2,1,01,B01
201200016028,0,32,000,00,2,7,16,A01
201200016028,0,32,000,00,2,8,01,B01
201200016029,0,07,000,00,2,1,01,B01
201200016029,0,07,000,00,2,2,15,A01
201200016030,0,07,000,00,2,1,01,A01
201200016030,0,33,000,00,2,8,01,B01
201200016031,1,99,000,00,2,1,02,Z01
201200016031,0,07,000,00,2,4,15,B01
201200016032,0,07,000,00,2,1,02,C01
201200016032,0,07,000,00,0,4,15,A01
201200016032,0,07,000,00,2,3,01,B01
201200016033,0,07,000,00,2,1,02,A01
201200016033,0,07,000,00,2,4,02,B01
201200016034,0,02,000,00,2,2,02,A01
201200016034,0,07,000,00,2,2,15,B01
201200016035,0,02,000,00,2,1,02,A01
201200016035,0,07,000,00,2,6,02,B01
201200016036,0,10,000,00,0,0,20,C01
201200016036,0,32,000,08,2,7,17,A01
201200016036,0,07,000,00,2,6,21,B01
201200016037,0,07,000,00,0,0,00,B01
201200016037,0,07,000,08,2,1,21,A01
201200016038,0,07,000,00,2,4,01,B01
201200016038,0,07,000,00,2,1,01,A01
201200016039,0,34,000,01,0,1,02,A01
201200016040,0,07,000,00,0,7,02,A01
201200016041,0,02,000,00,1,1,01,A01
201200016041,0,32,000,00,9,1,02,C01
201200016042,0,07,000,00,2,3,00,A01
201200016042,0,07,000,00,2,1,00,B01
201200016043,0,07,000,00,2,2,15,A01
201200016043,0,33,000,00,2,1,21,B01
201200016044,0,02,000,00,2,1,00,A01
201200016044,0,07,000,00,0,5,01,B01
201200016045,0,32,000,14,0,1,01,A01
201200016046,1,07,000,00,2,8,00,Z01
201200016046,0,01,000,00,2,7,00,B01
201200016047,0,30,000,00,2,7,02,A01
201200016048,1,07,000,00,2,1,01,Z01
201200016048,0,07,000,00,2,4,00,B01
201200016049,1,07,000,00,1,0,01,Z01
201200016050,0,30,000,00,1,1,01,A01
201200016051,0,07,000,00,2,3,02,B01
201200016051,0,30,000,00,2,2,02,A01
201200016052,0,33,000,00,0,9,21,A01
201200016053,0,07,000,15,0,1,01,A01
201200016053,0,07,000,00,2,7,02,B01
201200016054,0,07,000,08,0,2,00,A01
201200016055,0,07,000,00,0,1,00,A01
201200016056,0,34,000,00,1,1,01,A01
201200016057,0,07,000,08,0,2,01,A01
201200016058,0,33,000,00,2,1,01,B01
201200016058,0,07,000,00,2,3,15,A01
201200016059,0,07,000,00,0,8,01,A01
201200016059,0,07,000,00,0,1,01,B01
201200016060,0,07,000,00,2,3,10,A01
201200016060,0,32,000,00,2,1,17,B01
201200016061,0,34,000,00,2,9,17,B01
201200016061,0,07,000,00,2,1,15,A01
201200016062,0,07,000,00,2,3,00,B01
201200016062,0,07,000,00,2,1,01,A01
201200016063,0,07,000,00,1,5,02,A01
201200016064,0,07,000,00,2,8,11,A01
201200016064,0,17,000,00,2,2,21,B01
201200016065,0,33,000,14,0,0,01,A01
201200016065,0,07,000,00,0,0,15,B01
201200016066,0,07,000,00,2,1,17,A01
201200016066,0,07,000,00,0,6,13,B01
201200016067,0,07,000,00,2,3,09,A01
201200016067,0,33,000,00,2,1,01,B01
201200016068,0,32,000,00,0,7,01,A01
201200016069,0,07,000,00,0,5,15,A01
201200016069,0,30,000,00,2,1,01,B01
201200016070,0,33,000,00,2,1,00,B01
201200016070,0,07,000,00,2,3,17,A01
201200016071,0,07,000,00,2,6,04,A01
201200016071,0,33,000,00,2,1,01,B01
201200016072,0,07,000,00,2,7,01,B01
201200016072,0,07,000,00,2,1,01,A01
201200016073,1,34,000,00,2,1,01,Z01
201200016073,0,02,000,00,2,6,01,B01
201200016074,1,07,000,00,9,0,02,Z01
201200016074,0,01,000,00,2,4,01,B01
201200016075,0,07,000,00,1,8,15,A01
201200016076,0,07,000,00,1,1,01,A01
201200016077,1,07,000,00,1,2,07,Z01
201200016078,0,33,000,00,2,1,03,A01
201200016078,0,07,000,00,2,8,01,C01
201200016078,0,37,001,00,2,3,00,B01
201200016079,0,33,000,00,2,0,00,A01
201200016079,0,07,000,00,2,4,01,B01
201200016080,0,07,000,00,2,3,01,B01
201200016080,1,07,000,00,2,1,01,Z01
201200016081,0,02,000,00,2,8,00,B01
201200016081,1,99,000,00,2,0,00,Z01
201200016082,0,07,000,00,2,8,13,A01
201200016082,0,01,000,00,2,0,02,B01
201200016083,0,30,000,00,2,1,00,A01
201200016083,0,07,000,00,2,6,16,B01
201200016084,0,07,000,00,2,6,02,B01
201200016084,0,31,000,00,2,1,02,A01
201200016085,0,07,000,08,0,1,01,A01
201200016086,1,30,000,00,2,1,01,Z01
201200016086,0,34,000,00,2,0,01,B01
201200016087,1,07,000,00,2,8,00,A01
201200016087,0,30,000,00,0,8,01,B01
201200016088,0,07,000,00,2,5,01,B01
201200016088,0,07,000,00,2,1,01,A01
201200016089,0,07,000,00,2,1,15,A01
201200016089,0,30,000,00,2,4,01,B01
201200016090,0,07,000,00,2,2,01,B01
201200016090,0,07,000,00,2,3,01,A01
201200016091,0,07,000,00,0,6,00,B01
201200016091,0,07,000,00,0,3,01,A01
201200016092,0,02,000,00,2,1,03,A01
201200016092,0,07,000,14,0,8,13,B01
201200016093,0,07,000,00,2,6,09,A01
201200016093,0,32,000,00,2,1,02,B01
201200016094,0,30,000,00,2,1,00,B01
201200016094,0,07,000,00,2,3,01,A01
201200016095,0,10,000,01,2,8,21,A01
201200016095,0,02,000,00,2,7,00,B01
201200016096,0,07,000,00,2,1,16,A01
201200016096,0,07,000,00,1,4,23,B01
201200016097,1,07,000,00,1,7,01,Z01
201200016098,0,07,000,00,0,4,02,B01
201200016098,0,07,000,00,2,1,01,A01
201200016099,0,07,000,00,2,3,17,A01
201200016099,0,33,000,14,2,7,17,B01
201200016100,0,07,000,00,0,3,11,A01
201200016100,0,07,000,00,2,1,21,B01
201200016101,0,07,000,00,2,3,01,B01
201200016101,0,07,000,00,2,6,01,C01
201200016101,0,07,000,00,2,1,09,A01
201200016102,0,33,000,00,0,0,17,A01
201200016102,1,07,000,00,0,0,10,Z01
201200016103,0,10,000,00,2,2,05,A01
201200016103,0,33,000,00,2,3,01,B01
201200016104,1,99,000,00,0,0,00,Z01
201200016105,0,07,000,00,2,7,01,A01
201200016105,0,33,000,00,2,1,01,B01
201200016106,1,30,000,00,1,1,01,Z01
201200016107,0,30,000,00,2,8,01,B01
201200016107,1,33,000,00,2,8,17,Z01
201200016108,0,07,000,00,2,1,01,B01
201200016108,1,10,000,00,2,1,13,Z01
201200016109,0,30,000,00,2,8,01,B01
201200016109,0,07,000,00,2,4,04,A01
201200016110,0,07,000,00,2,1,02,A01
201200016110,0,07,000,00,0,4,02,B01
201200016111,0,07,000,00,1,2,00,A01
201200016112,0,07,000,00,2,8,02,B01
201200016112,0,34,000,00,2,7,02,A01
201200016113,0,07,000,00,2,8,15,A01
201200016113,0,32,000,00,2,7,17,B01
201200016114,0,07,000,00,2,1,02,A01
201200016114,0,07,000,00,2,4,02,D01
201200016114,0,07,000,00,2,4,02,B01
201200016114,0,07,000,00,2,4,02,C01
201200016115,1,07,000,00,1,1,01,Z01
201200016116,0,07,000,00,0,7,01,A01
201200016116,0,03,000,00,0,1,01,B01
201200016117,0,07,000,00,2,3,10,A01
201200016117,0,34,000,00,2,1,01,B01
201200016118,0,37,015,00,2,7,15,B01
201200016118,0,33,000,00,2,0,01,A01
201200016119,0,07,000,00,0,2,01,A01
201200016119,0,30,000,00,0,1,01,B01
201200016120,0,07,000,16,2,5,01,B01
201200016120,0,07,000,00,2,3,09,A01
201200016121,0,07,000,00,0,3,01,A01
201200016121,0,31,000,00,0,1,01,B01
201200016122,0,07,000,00,2,4,02,B01
201200016122,0,34,000,00,2,4,02,A01
201200016123,1,07,000,00,2,0,15,A01
201200016123,0,32,000,00,2,2,17,B01
201200016124,0,34,000,00,2,1,01,B01
201200016124,1,07,000,00,2,5,10,Z01
201200016125,0,07,000,00,2,1,02,A01
201200016125,0,07,000,00,2,4,02,B01
201200016126,1,07,000,00,1,0,01,Z01
201200016127,0,02,000,00,2,1,02,A01
201200016127,0,07,000,00,2,5,02,B01
201200016128,0,07,000,00,2,3,12,A01
201200016128,0,32,000,00,2,1,00,B01
201200016129,0,07,000,00,1,2,01,A01
201200016130,0,07,000,00,2,1,15,A01
201200016130,0,02,000,00,2,1,01,B01
201200016131,0,07,000,00,2,3,15,A01
201200016131,0,32,000,00,2,1,01,B01
201200016132,0,07,000,00,2,2,02,A01
201200016132,0,07,000,15,0,6,02,B01
201200016133,0,31,000,00,2,1,01,B01
201200016133,0,07,000,00,2,7,10,A01
201200016134,0,32,000,00,0,0,02,A01
201200016135,0,07,000,07,0,0,16,A01
201200016136,0,30,000,00,2,8,13,A01
201200016136,0,32,000,00,2,8,13,B01
201200016137,0,07,000,00,2,2,12,A01
201200016137,0,31,000,00,2,3,00,B01
201200016138,0,31,000,00,2,1,00,A01
201200016138,0,07,000,00,2,5,00,B01
201200016139,0,07,000,00,2,4,23,C01
201200016139,0,37,020,00,2,1,02,A01
201200016139,0,07,000,00,2,4,23,B01
201200016140,2,07,000,00,1,1,01,Z01
201200016141,1,07,000,00,1,0,01,Z01
201200016142,1,07,000,00,1,1,01,Z01
201200016143,1,07,000,00,1,4,04,Z01
201200016144,1,10,000,00,2,8,15,Z01
201200016144,0,30,000,00,0,7,17,B01
201200016145,0,07,000,00,2,3,13,A01
201200016145,0,32,000,00,2,1,00,B01
201200016146,0,37,001,00,2,3,01,B01
201200016146,0,30,000,00,2,3,17,A01
201200016147,0,30,000,01,0,8,01,A01
201200016148,1,07,000,00,2,1,01,Z01
201200016148,0,07,000,00,2,4,23,B01
201200016149,0,31,000,00,2,8,01,B01
201200016149,1,07,000,00,2,7,12,Z01
201200016150,1,34,000,00,1,7,17,Z01
201200016151,0,07,000,00,2,3,11,A01
201200016151,0,32,000,00,2,5,01,B01
201200016151,0,07,000,00,2,1,23,C01
201200016152,1,07,000,00,1,1,00,Z01
201200016153,0,07,000,00,2,8,01,A01
201200016153,0,33,000,00,2,0,21,B01
201200016154,1,07,000,00,2,1,01,Z01
201200016154,0,01,000,00,2,1,01,A01
201200016155,0,07,000,00,2,2,16,A01
201200016155,0,02,000,00,2,1,01,B01
201200016156,0,07,000,00,2,4,02,C01
201200016156,0,07,000,00,2,1,02,A01
201200016156,0,07,000,00,2,1,02,B01
201200016157,0,07,000,15,0,1,01,A01
201200016158,0,07,000,00,0,1,02,B01
201200016158,0,07,000,00,0,1,02,A01
201200016159,0,30,000,00,0,0,13,A01
201200016160,0,07,000,00,2,1,01,C01
201200016160,0,07,000,00,2,7,15,A01
201200016160,0,34,000,00,2,1,02,B01
201200016161,0,32,000,00,2,1,17,A01
201200016161,0,07,000,00,2,6,01,B01
201200016161,1,07,000,00,2,3,13,Z01
201200016162,1,34,000,00,1,0,01,Z01
201200016163,0,33,000,00,2,1,01,B01
201200016163,1,07,000,00,2,2,01,Z01
201200016164,1,02,000,00,1,0,00,Z01
201200016165,0,07,000,00,0,5,23,B01
201200016165,0,07,000,00,2,2,00,A01
201200016166,0,32,000,00,2,3,01,A01
201200016166,1,99,000,00,2,0,15,Z01
201200016167,0,07,000,04,0,1,01,A01
201200016168,0,34,000,00,2,2,01,B01
201200016168,1,07,000,00,2,3,09,Z01
201200016169,1,07,000,00,2,1,01,Z01
201200016169,0,30,000,00,2,4,01,B01
201200016170,1,33,000,00,1,1,01,Z01
201200016171,0,20,000,00,2,5,05,A01
201200016171,0,33,000,00,2,8,15,B01
201200016172,0,02,000,00,2,7,01,A01
201200016172,1,07,000,00,2,0,01,Z01
201200016173,0,07,000,00,1,2,16,A01
201200016174,0,07,000,00,2,0,01,B01
201200016174,1,07,000,00,2,0,01,Z01
201200016175,0,07,000,00,2,4,23,B01
201200016175,1,07,000,00,2,1,02,Z01
201200016176,1,07,000,00,1,4,04,Z01
201200016177,0,33,000,00,2,7,17,B01
201200016177,0,07,000,00,1,8,15,A01
201200016178,0,34,000,00,2,1,01,B01
201200016178,0,30,000,00,2,8,09,A01
201200016179,0,30,000,00,2,1,02,A01
201200016179,0,07,000,00,2,8,15,B01
201200016180,0,32,000,00,2,7,01,B01
201200016180,1,07,000,01,2,8,11,Z01
201200016181,0,30,000,00,2,3,18,A01
201200016181,0,07,000,00,0,2,16,B01
201200016182,0,07,000,00,0,0,01,A01
201200016182,0,30,000,00,0,7,01,B01
201200016183,0,07,000,00,2,3,10,A01
201200016183,0,30,000,00,2,1,01,B01
201200016184,0,01,000,14,0,0,01,A01
201200016185,0,07,000,00,0,4,01,B01
201200016185,0,07,000,00,2,2,01,A01
201200016186,0,07,000,00,2,3,10,A01
201200016186,0,33,000,00,2,7,13,B01
201200016187,0,30,000,00,2,2,01,B01
201200016187,0,07,000,00,2,6,10,A01
201200016188,0,07,000,00,2,3,13,A01
201200016188,0,32,000,00,2,2,00,B01
201200016189,0,07,000,00,2,1,02,A01
201200016189,1,99,000,00,0,0,00,Z01
201200016189,0,07,000,00,2,1,02,B01
201200016190,1,02,000,00,1,1,08,Z01
201200016191,0,02,000,00,0,4,23,B01
201200016191,0,02,000,00,2,1,02,A01
201200016192,0,32,000,00,0,0,15,A01
201200016192,0,33,000,00,0,0,01,B01
201200016193,0,07,000,00,0,2,01,B01
201200016193,0,07,000,00,2,8,09,A01
201200016194,0,07,000,00,0,4,01,B01
201200016194,0,30,000,00,2,1,01,A01
201200016195,0,07,000,00,2,1,01,A01
201200016195,0,07,000,00,2,3,01,B01
201200016196,0,07,000,08,2,2,01,A01
201200016197,0,07,000,00,1,1,01,A01
201200016198,0,07,000,00,2,3,15,A01
201200016198,0,31,000,00,2,8,01,B01
201200016199,0,07,000,00,2,2,17,A01
201200016199,0,07,000,00,0,8,15,B01
201200016200,0,03,000,15,0,9,02,A01
201200016201,0,32,000,00,2,3,01,A01
201200016202,0,07,000,00,2,2,01,A01
201200016202,0,07,000,00,0,4,23,C01
201200016202,0,07,000,00,2,6,23,B01
201200016203,0,30,000,00,2,1,17,B01
201200016203,0,07,000,00,2,8,22,A01
201200016204,0,07,000,00,1,4,04,A01
201200016205,0,10,000,00,1,3,19,A01
201200016206,0,07,000,00,2,1,01,B01
201200016206,0,33,000,00,2,1,01,A01
201200016207,0,30,000,08,0,0,00,A01
201200016208,0,02,000,00,2,1,03,A01
201200016208,0,07,000,00,2,3,15,B01
201200016208,0,07,000,00,0,4,01,C01
201200016209,0,07,000,00,2,6,15,B01
201200016209,0,07,000,00,0,3,01,A01
201200016210,0,07,000,00,1,5,04,A01
201200016211,0,02,000,00,2,1,00,A01