Num_Acc,senc,catv,occutc,obs,obsm,choc,manv,num_veh
201200016935,0,07,000,13,0,0,01,A01
201200016936,0,07,000,04,0,6,09,A01
201200016937,0,07,000,00,0,4,16,B01
201200016937,0,07,000,00,2,2,02,A01
201200016938,0,07,000,06,0,1,13,A01
201200016939,0,32,000,00,0,2,00,A01
201200016940,0,07,000,00,9,9,01,A01
201200016941,0,38,001,00,2,5,12,B01
201200016941,0,07,000,00,2,3,09,A01
201200016942,0,07,000,00,2,1,19,A01
201200016942,0,10,000,00,0,7,00,B01
201200016943,0,07,000,00,2,6,01,B01
201200016943,0,33,000,00,2,1,00,A01
201200016944,0,07,000,00,1,2,01,A01
201200016945,0,07,000,00,2,2,12,A01
201200016945,0,07,000,00,2,3,01,B01
201200016946,0,07,000,00,2,1,02,B01
201200016946,0,07,000,00,2,4,02,C01
201200016946,0,07,000,00,2,1,02,A01
201200016947,0,07,000,00,2,3,15,A01
201200016947,0,07,000,00,2,1,01,B01
201200016948,0,33,000,00,0,0,01,A01
201200016948,0,07,000,00,0,0,01,T01
201200016949,0,07,000,00,2,4,02,C01
201200016949,0,07,000,00,2,4,02,B01
201200016949,0,07,000,00,2,1,02,A01
201200016950,0,07,000,13,0,1,00,A01
201200016951,0,99,000,16,0,0,01,A01
201200016952,0,33,000,00,2,1,02,B01
201200016952,0,07,000,00,2,3,09,A01
201200016953,0,07,000,00,6,1,21,A01
201200016954,0,15,000,00,2,4,02,A01
201200016954,0,07,000,00,2,1,02,B01
201200016954,0,07,000,00,2,1,02,C01
201200016955,0,07,000,00,2,3,02,A01
201200016955,0,07,000,00,2,5,01,B01
201200016956,0,33,000,00,0,8,02,A01
201200016957,0,07,000,00,0,3,11,A01
201200016957,0,07,000,00,2,1,01,B01
201200016958,0,07,000,00,2,3,01,B01
201200016958,0,07,000,00,2,1,19,A01
201200016959,0,07,000,00,2,6,15,A01
201200016959,0,02,000,00,2,1,01,B01
201200016960,0,07,000,00,2,1,02,A01
201200016960,0,07,000,00,2,6,02,B01
201200016961,0,01,000,00,2,4,01,B01
201200016961,1,07,000,00,9,2,02,Z01
201200016962,0,07,000,00,2,1,02,A01
201200016962,0,07,000,00,0,4,02,B01
201200016963,0,07,000,00,2,1,01,B01
201200016963,0,07,000,00,2,1,15,A01
201200016964,0,31,000,00,0,8,01,A01
201200016965,1,07,000,00,0,0,00,A01
201200016965,0,07,000,00,0,0,00,B01
201200016966,0,07,000,00,2,8,17,A01
201200016966,0,07,000,00,2,2,01,B01
201200016967,0,07,000,16,0,9,00,A01
201200016968,0,10,000,00,2,4,01,B01
201200016968,0,07,000,00,2,1,02,A01
201200016969,0,07,000,00,2,1,01,B01
201200016969,0,07,000,00,2,1,05,A01
201200016970,0,10,000,00,2,0,12,A01
201200016970,0,33,000,00,2,3,12,B01
201200016971,0,07,000,00,0,1,02,A01
201200016971,0,33,000,00,0,4,02,B01
201200016972,0,07,000,00,2,1,02,A01
201200016972,0,07,000,00,2,0,01,B01
201200016973,0,07,000,00,2,2,15,A01
201200016973,0,07,000,00,2,3,01,B01
201200016974,0,10,000,00,2,1,02,A01
201200016974,0,10,000,00,0,4,11,B01
201200016975,0,07,000,00,2,1,02,A01
201200016975,0,07,000,00,2,4,01,B01
201200016976,0,32,000,00,2,1,17,A01
201200016976,0,07,000,00,0,8,15,B01
201200016977,0,07,000,01,2,1,02,A01
201200016977,0,07,000,00,2,2,09,B01
201200016978,0,07,000,13,0,1,00,A01
201200016979,0,07,000,00,9,1,17,A01
201200016979,0,01,000,00,2,4,15,B01
201200016980,0,07,000,00,1,0,19,A01
201200016981,0,07,000,00,1,3,01,A01
201200016982,0,07,000,00,2,2,00,B01
201200016982,1,30,000,00,2,1,00,A01
201200016983,0,30,000,01,2,3,18,A01
201200016983,0,07,000,00,2,3,15,B01
201200016984,0,07,000,00,2,1,01,B01
201200016984,0,07,000,00,0,3,09,C01
201200016984,0,07,000,00,0,5,15,A01
201200016985,0,07,000,00,1,2,01,A01
201200016986,0,07,000,00,2,1,02,A01
201200016986,0,07,000,00,2,4,02,B01
201200016986,0,07,000,00,0,4,02,C01
201200016987,0,07,000,00,2,2,02,B01
201200016987,0,34,000,00,2,3,18,A01
201200016988,0,07,000,00,2,4,04,A01
201200016988,0,07,000,00,2,3,00,B01
201200016989,0,07,000,00,1,3,01,A01
201200016990,0,07,000,00,2,1,02,A01
201200016990,0,07,000,00,0,4,02,B01
201200016991,0,07,000,00,1,3,00,A01
201200016992,0,07,000,13,0,1,01,A01
201200016993,0,10,000,00,2,1,02,A01
201200016993,0,14,000,00,0,4,02,B01
201200016994,0,30,000,00,0,7,01,A01
201200016995,0,07,000,00,2,1,02,A01
201200016995,0,03,000,00,2,4,02,B01
201200016996,0,33,000,00,2,1,01,B01
201200016996,0,07,000,00,2,6,16,A01
201200016997,0,07,000,00,2,4,02,B01
201200016997,0,07,000,00,2,1,02,A01
201200016998,0,34,000,00,0,7,01,A01
201200016999,0,33,000,00,2,1,01,A01
201200016999,0,07,000,00,2,7,09,B01
201200017000,0,07,000,04,0,1,00,A01
201200017001,0,07,000,03,0,1,00,A01
201200017002,2,07,000,09,2,1,15,A01
201200017002,0,13,000,00,2,7,24,C01
201200017003,0,07,000,00,2,1,02,A01
201200017003,0,33,000,00,2,4,02,B01
201200017004,0,07,000,00,1,2,01,A01
201200017005,0,02,000,00,0,0,00,A01
201200017006,0,07,000,00,2,4,02,B01
201200017006,0,07,000,00,2,1,02,A01
201200017007,0,07,000,00,1,3,00,A01
201200017008,0,10,000,00,2,1,00,A01
201200017008,0,02,000,00,2,4,00,B01
201200017009,0,07,000,00,0,9,21,A01
201200017010,0,07,000,00,0,5,09,A01
201200017010,0,32,000,00,2,1,01,B01
201200017011,0,03,000,00,0,9,01,A01
201200017012,0,07,000,08,0,7,01,A01
201200017013,0,33,000,12,0,1,01,A01
201200017014,0,30,000,00,2,1,17,A01
201200017014,0,07,000,00,2,3,15,B01
201200017015,0,07,000,00,2,1,01,B01
201200017015,0,07,000,00,2,3,15,A01
201200017016,0,07,000,04,0,3,02,A01
201200017017,0,07,000,03,0,1,01,A01
201200017018,0,07,000,00,2,8,09,A01
201200017018,0,07,000,00,2,2,02,B01
201200017019,0,07,000,00,2,1,01,B01
201200017019,0,07,000,00,1,7,01,A01
201200017020,0,07,000,00,2,1,13,A01
201200017020,0,07,000,00,2,1,01,B01
201200017021,0,30,000,00,2,5,15,A01
201200017021,0,07,000,00,2,3,01,B01
201200017022,0,07,000,06,2,4,01,A01
201200017023,0,32,000,00,2,4,23,B01
201200017023,0,07,000,00,2,1,01,A01
201200017024,0,07,000,00,2,3,01,A01
201200017024,0,07,000,00,2,1,01,B01
201200017025,0,07,000,00,2,2,16,B01
201200017025,0,33,000,01,2,1,18,A01
201200017026,0,07,000,00,6,1,01,A01
201200017027,0,14,000,00,2,1,01,A01
201200017027,0,07,000,00,0,4,01,B01
201200017028,0,30,000,00,2,1,02,A01
201200017028,0,07,000,00,0,4,02,B01
201200017029,0,07,000,00,2,1,02,A01
201200017029,0,07,000,00,0,4,00,B01
201200017030,0,17,000,13,0,7,13,A01
201200017031,0,33,000,03,0,8,01,A01
201200017032,0,07,000,00,0,0,00,A01
201200017032,0,33,000,00,0,0,00,B01
201200017033,0,36,000,00,2,1,21,A01
201200017034,0,07,000,00,0,7,00,A01
201200017035,0,07,000,00,2,8,00,B01
201200017035,0,33,000,00,2,8,05,A01
201200017036,1,17,000,00,2,0,21,C01
201200017036,1,99,000,00,2,0,21,D01
201200017036,0,07,000,00,2,4,02,A01
201200017036,0,07,000,00,2,1,05,B01
201200017037,0,10,000,00,2,4,15,A01
201200017037,0,33,000,00,2,1,17,B01
201200017038,0,07,000,00,2,7,15,B01
201200017038,0,33,000,00,2,1,18,A01
201200017039,0,07,000,00,2,3,15,A01
201200017039,0,31,000,00,2,1,17,B01
201200017040,0,07,000,00,2,1,02,B01
201200017040,0,07,000,00,2,1,02,C01
201200017040,0,07,000,00,2,4,01,A01
201200017041,0,07,000,00,2,5,09,A01
201200017041,0,17,000,00,2,3,15,B01
201200017042,0,07,000,00,2,1,02,A01
201200017042,0,07,000,00,0,4,02,B01
201200017043,0,14,000,00,2,3,01,B01
201200017043,0,07,000,00,2,5,17,A01
201200017044,0,07,000,13,0,9,14,A01
201200017045,0,07,000,00,9,2,09,A01
201200017045,0,01,000,00,2,4,00,B01
201200017046,0,01,000,00,2,3,19,A01
201200017046,0,07,000,00,2,2,02,B01
201200017047,0,33,000,00,2,1,01,A01
201200017047,0,07,000,00,2,2,01,B01
201200017048,0,07,000,00,2,3,03,A01
201200017048,0,07,000,04,0,3,02,B01
201200017049,0,07,000,00,2,3,01,A01
201200017049,0,32,000,00,2,4,00,B01
201200017050,0,07,000,00,2,7,01,A01
201200017050,0,07,000,00,2,1,01,B01
201200017051,0,07,000,00,2,3,15,A01
201200017051,0,07,000,00,2,3,01,B01
201200017052,0,14,000,14,0,1,02,A01
201200017053,0,17,000,00,2,2,12,A01
201200017053,0,07,000,00,2,8,01,B01
201200017054,0,07,000,00,1,2,15,A01
201200017055,0,33,000,12,0,7,09,A01
201200017056,0,31,000,00,0,0,00,A01
201200017057,1,02,000,00,0,0,00,A01
201200017057,0,07,000,00,2,1,01,B01
201200017058,0,07,000,00,2,8,01,B01
201200017058,0,07,000,00,2,1,01,A01
201200017059,0,33,000,04,2,8,13,A01
201200017059,0,38,001,00,0,0,13,B01
201200017060,0,07,000,00,0,3,10,B01
201200017060,0,31,000,00,2,1,17,A01
201200017061,0,07,000,00,2,1,02,A01
201200017061,0,07,000,00,2,4,02,B01
201200017062,0,07,000,04,0,9,00,A01
201200017063,0,07,000,00,2,3,00,A01
201200017063,0,17,000,00,2,2,16,B01
201200017064,0,07,000,00,2,8,13,A01
201200017064,0,07,000,00,2,3,00,B01
201200017064,0,07,000,00,2,3,00,C01
201200017065,0,33,000,00,2,7,02,A01
201200017065,0,07,000,00,2,7,02,B01
201200017066,0,07,000,00,1,4,04,A01
201200017067,0,33,000,00,2,1,17,A01
201200017067,0,07,000,06,2,9,15,B01
201200017068,0,01,000,12,0,0,00,A01
201200017069,0,07,000,00,0,1,02,A01
201200017070,0,07,000,00,2,2,09,A01
201200017070,0,07,000,00,2,6,01,B01
201200017071,0,07,000,00,2,8,00,A01
201200017071,0,15,000,00,2,7,00,B01
201200017072,0,07,000,00,2,3,00,B01
201200017072,0,07,000,00,2,2,10,A01
201200017073,0,32,000,00,2,7,00,A01
201200017073,0,07,000,00,2,8,00,B01
201200017074,0,07,000,09,0,1,00,A01
201200017075,0,02,000,00,2,0,00,A01
201200017075,0,07,000,00,2,4,17,B01
201200017076,0,07,000,00,2,6,10,A01
201200017076,0,33,000,00,2,1,00,B01
201200017077,0,07,000,00,0,4,02,B01
201200017077,0,10,000,00,2,1,02,A01
201200017078,0,07,000,00,2,1,09,A01
201200017078,0,01,000,00,2,1,01,B01
201200017079,0,07,000,00,2,3,09,B01
201200017079,0,03,000,00,2,7,16,A01
201200017080,0,07,000,08,0,1,13,A01
201200017081,0,10,000,00,2,1,02,A01
201200017081,0,07,000,00,2,4,02,B01
201200017081,0,07,000,00,0,4,02,C01
201200017082,0,07,000,00,2,4,02,C01
201200017082,0,07,000,00,2,1,02,A01
201200017082,0,07,000,00,2,4,02,B01
201200017083,0,10,000,00,2,1,02,A01
201200017083,0,07,000,00,2,4,15,B01
201200017084,0,07,000,00,1,2,01,A01
201200017085,0,07,000,00,2,2,01,B01
201200017085,0,07,000,00,2,1,19,A01
201200017086,0,07,000,00,2,8,10,A01
201200017086,0,02,000,00,2,2,17,B01
201200017087,0,07,000,01,0,1,02,A01
201200017087,0,07,000,00,2,4,02,B01
201200017088,0,07,000,00,2,8,01,B01
201200017088,0,07,000,00,2,1,19,A01
201200017089,0,07,000,00,2,1,15,A01
201200017089,0,30,000,00,2,1,01,B01
201200017090,0,03,000,06,0,1,02,A01
201200017091,0,33,000,12,0,1,01,A01
201200017092,0,33,000,00,2,1,01,A01
201200017092,0,07,000,00,2,7,11,B01
201200017093,0,07,000,14,0,9,06,A01
201200017094,0,31,000,00,0,7,01,A01
201200017095,0,33,000,08,0,9,00,A01
201200017096,0,07,000,00,0,4,01,B01
201200017096,0,07,000,00,2,1,01,A01
201200017097,0,31,000,02,0,9,02,A01
201200017098,0,13,000,00,2,1,19,A01
201200017098,0,07,000,00,2,8,01,B01
201200017099,0,07,000,00,2,1,11,A01
201200017099,0,07,000,00,2,1,01,B01
201200017100,0,10,000,08,0,1,01,A01
201200017101,0,07,000,00,0,9,02,A01
201200017102,0,07,000,00,2,9,02,B01
201200017102,0,07,000,00,2,1,02,A01
201200017102,0,07,000,00,2,1,02,C01
201200017103,0,01,000,00,2,7,00,B01
201200017103,0,07,000,00,2,1,09,A01
201200017104,0,07,000,03,0,1,01,A01
201200017105,0,07,000,00,0,4,02,A01
201200017105,0,07,000,00,2,1,02,B01
201200017105,1,99,000,00,0,0,00,Z01
201200017106,0,02,000,00,2,1,17,A01
201200017106,0,07,000,00,2,3,00,B01
201200017107,0,33,000,00,0,1,01,A01
201200017108,0,07,000,08,0,1,16,A01
201200017109,0,32,000,00,2,1,01,B01
201200017109,0,07,000,00,2,2,19,A01
201200017110,0,34,000,00,2,7,02,A01
201200017110,0,07,000,00,2,6,02,B01
201200017111,0,07,000,00,1,1,01,A01
201200017112,0,07,000,00,2,2,15,B01
201200017112,1,07,000,00,2,1,01,Z01
201200017113,0,33,000,00,2,1,01,A01
201200017113,0,07,000,00,2,6,15,B01
201200017114,0,07,000,00,2,1,01,B01
201200017114,0,07,000,00,2,2,15,A01
201200017115,0,07,000,00,2,4,02,B01
201200017115,0,07,000,00,2,1,02,A01
201200017116,0,07,000,00,2,2,01,A01
201200017116,0,07,000,00,2,7,01,B01
201200017117,0,33,000,00,2,1,02,B01
201200017117,0,07,000,00,2,3,09,A01
201200017118,0,33,000,00,2,1,00,A01
201200017118,0,07,000,00,2,1,01,B01
201200017119,0,10,000,00,2,4,24,C01
201200017119,0,14,000,00,2,2,01,A01
201200017119,0,07,000,01,2,4,11,B01
201200017120,1,07,000,00,0,0,00,Z01
201200017120,0,07,000,00,0,8,02,C01
201200017120,0,33,000,00,2,6,02,B01
201200017121,0,10,000,00,2,1,00,A01
201200017121,0,07,000,00,2,9,02,B01
201200017122,0,07,000,03,0,2,14,A01
201200017123,0,32,000,06,0,1,00,B01
201200017123,0,14,000,00,0,0,00,A01
201200017124,0,07,000,00,2,1,15,B01
201200017124,0,07,000,00,2,3,19,A01
201200017125,0,33,000,00,0,7,21,A01
201200017126,0,02,000,00,0,0,00,A01
201200017127,0,07,000,04,0,1,01,A01
201200017128,0,07,000,00,0,1,00,A01
201200017129,0,07,000,00,2,6,02,B01
201200017129,0,07,000,00,2,2,02,A01
201200017129,0,07,000,00,2,3,02,C01
201200017129,0,07,000,00,2,2,00,D01
201200017130,0,07,000,00,1,2,01,A01
201200017131,0,31,000,00,2,1,02,B01
201200017131,0,10,000,00,0,3,10,A01
201200017132,0,07,000,00,2,1,02,A01
201200017132,0,07,000,00,2,4,02,B01
201200017133,0,30,000,00,2,7,03,B01
201200017133,0,07,000,00,2,2,02,A01
201200017134,0,31,000,00,2,1,01,B01
201200017134,0,33,000,00,2,1,01,A01
201200017135,0,33,000,09,0,1,01,A01
201200017136,0,07,000,00,2,1,02,A01
201200017136,0,07,000,00,2,4,02,B01
201200017137,0,07,000,00,2,2,01,A01
201200017137,0,07,000,00,2,6,15,B01
201200017138,0,07,000,00,2,1,01,A01
201200017138,0,07,000,00,2,3,01,B01
201200017139,0,07,000,00,0,1,01,A01
201200017140,1,07,000,00,2,7,11,A01
201200017140,0,33,000,00,2,2,01,B01
201200017141,0,07,000,00,0,6,02,C01
201200017141,0,07,000,00,2,4,02,B01
201200017141,0,07,000,00,2,1,02,A01
201200017142,0,07,000,00,2,4,02,D01
201200017142,0,07,000,00,2,4,02,B01
201200017142,0,07,000,00,2,1,02,C01
201200017142,0,10,000,00,2,1,02,A01
201200017143,0,01,000,00,2,1,05,A01
201200017143,0,07,000,00,2,1,09,B01
201200017144,0,07,000,00,2,7,02,A01
201200017144,0,07,000,00,2,3,01,B01
201200017145,0,07,000,00,1,3,01,A01
201200017146,0,10,000,00,0,0,01,A01
201200017147,0,07,000,00,1,1,01,A01
201200017148,0,07,000,00,0,8,01,A01
201200017149,0,10,000,00,0,9,01,A01
201200017150,0,33,000,03,0,0,02,A01
201200017151,0,07,000,13,0,1,01,A01
201200017152,0,33,000,00,2,1,17,A01
201200017152,0,07,000,00,2,8,15,B01
201200017153,0,07,000,00,2,4,02,B01
201200017153,0,07,000,00,2,1,02,A01
201200017154,0,07,000,00,2,4,02,C01
201200017154,0,07,000,00,2,4,02,B01
201200017154,0,07,000,00,2,1,02,A01
201200017155,0,07,000,00,2,3,01,A01
201200017155,0,07,000,00,2,1,01,C01
201200017155,0,07,000,00,2,6,01,B01
201200017156,0,07,000,00,2,1,02,A01
201200017156,0,07,000,00,0,4,02,B01
201200017157,0,07,000,00,2,4,00,C01
201200017157,0,07,000,00,2,3,01,B01
201200017157,0,33,000,01,2,1,01,A01
201200017158,0,07,000,00,0,2,15,B01
201200017158,0,30,000,00,2,1,01,A01
201200017159,0,30,000,00,2,1,01,B01
201200017159,0,10,000,00,2,1,15,A01
201200017160,0,07,000,00,2,8,09,A01
201200017160,0,10,000,00,2,3,01,B01
201200017161,0,07,000,00,2,8,01,B01
201200017161,0,34,000,00,2,5,12,A01
201200017162,0,07,000,02,0,2,14,A01
201200017163,0,33,000,11,0,0,02,A01
201200017164,0,07,000,00,2,6,01,B01
201200017164,0,07,000,00,2,2,01,A01
201200017165,0,07,000,00,1,0,04,A01
201200017166,0,07,000,00,2,1,01,A01
201200017166,0,07,000,00,2,1,01,B01
201200017167,0,07,000,06,0,3,02,A01
201200017168,0,33,000,00,2,1,00,B01
201200017168,0,38,001,00,2,3,09,A01
201200017169,0,07,000,04,0,0,16,A01
201200017170,0,07,000,00,2,7,16,B01
201200017170,0,33,000,00,2,9,01,A01
201200017171,0,07,000,00,2,1,01,A01
201200017171,0,07,000,00,2,4,01,B01
201200017172,0,07,000,00,2,4,02,B01
201200017172,0,13,000,00,2,1,02,A01
201200017173,0,33,000,00,0,7,01,A01
201200017174,0,07,000,00,2,4,02,D01
201200017174,0,07,000,00,2,1,02,A01
201200017174,0,07,000,00,2,4,02,C01
201200017174,0,07,000,00,2,4,02,B01
201200017175,0,07,000,00,2,4,02,C01
201200017175,0,07,000,00,2,1,02,A01
201200017175,0,07,000,00,2,4,02,B01
201200017176,0,34,000,00,0,3,01,A01
201200017177,0,07,000,00,2,3,01,A01
201200017177,0,07,000,00,2,3,01,B01
201200017178,0,07,000,00,0,4,02,C01
201200017178,0,07,000,00,0,1,02,B01
201200017178,0,07,000,00,0,1,02,A01
201200017179,0,07,000,04,0,1,01,A01
201200017180,0,07,000,00,0,1,00,A01
201200017181,0,07,000,00,2,4,01,B01
201200017181,1,99,000,00,0,0,00,Z01
201200017182,0,30,000,00,0,7,01,A01
201200017183,0,07,000,04,0,2,01,A01
201200017184,0,30,000,00,2,7,02,B01
201200017184,1,07,000,00,0,0,00,Z01
201200017185,0,07,000,03,0,3,01,A01
201200017186,0,17,000,00,2,3,09,A01
201200017186,0,07,000,00,2,5,01,B01
201200017187,0,07,000,00,2,1,13,A01
201200017187,0,13,000,00,2,1,01,B01
201200017188,0,03,000,00,2,2,21,B01
201200017188,0,07,000,00,2,3,23,A01
201200017189,0,07,000,01,0,1,14,A01
201200017190,0,32,000,11,0,1,17,A01
201200017191,0,07,000,00,2,8,20,A01
201200017191,0,10,000,00,2,2,02,B01
201200017192,0,07,000,00,2,2,00,A01
201200017192,0,07,000,00,2,0,00,B01
201200017193,0,07,000,00,2,1,02,A01
201200017193,0,07,000,00,2,4,02,B01
201200017193,1,07,000,00,2,1,02,Z01
201200017194,0,07,000,00,0,4,02,C01
201200017194,0,10,000,00,2,1,02,A01
201200017194,0,10,000,00,2,4,02,B01
201200017195,0,07,000,00,2,1,00,A01
201200017195,0,07,000,00,2,1,00,B01
201200017196,0,07,000,00,2,8,01,B01
201200017196,0,07,000,00,2,2,01,A01
201200017197,0,07,000,00,2,8,11,A01
201200017197,0,07,000,00,2,1,01,B01
201200017198,0,07,000,00,0,8,02,A01
201200017199,0,07,000,00,2,1,01,B01
201200017199,0,07,000,00,2,8,01,A01
201200017200,0,30,000,00,2,7,06,A01
201200017200,0,07,000,00,2,1,01,B01
201200017201,0,07,000,00,1,4,04,A01
201200017202,0,07,000,00,0,9,01,A01
201200017203,0,07,000,00,0,6,01,B02
201200017203,0,14,000,00,2,2,01,A01
201200017204,0,33,000,00,0,8,02,B02
201200017204,0,07,000,00,2,7,17,A01
201200017205,0,07,000,13,0,1,14,A01
201200017206,0,07,000,00,2,4,02,B02
201200017206,0,10,000,03,2,6,01,A01
201200017207,0,07,000,00,0,0,11,A01
201200017207,0,33,000,00,2,8,01,B02
201200017208,0,07,000,03,2,2,01,A01
201200017209,0,07,000,00,2,4,02,B02
201200017209,0,07,000,00,2,1,02,A01
201200017210,0,17,000,01,2,1,02,A01
201200017210,0,17,000,00,0,4,23,B02
201200017211,0,07,000,00,2,1,02,A01
201200017211,0,07,000,13,0,4,02,B02
201200017212,0,10,000,00,0,1,01,A01
201200017213,0,07,000,00,1,2,01,A01
201200017214,0,07,000,00,2,3,13,A01
201200017214,0,07,000,00,2,3,01,B02
201200017215,0,07,000,00,2,2,02,A01
201200017215,2,07,000,00,2,6,17,B02
201200017216,0,07,000,00,1,8,01,A01
201200017217,0,07,000,00,0,9,01,A01
201200017218,0,07,000,13,0,2,14,A01
201200017219,0,10,000,00,2,1,02,A01
201200017219,0,17,000,00,0,0,00,B02
201200017220,0,33,000,00,0,7,16,A01
201200017221,0,17,000,00,2,8,01,A01
201200017221,0,07,000,00,2,2,14,B02
201200017222,0,07,000,00,2,4,02,C03
201200017222,0,15,000,00,2,3,11,A01
201200017222,0,07,000,00,2,2,01,B02
201200017223,0,07,000,00,2,7,02,B02
201200017223,0,07,000,00,2,8,02,A01
201200017224,0,07,000,13,0,9,01,A01
201200017225,0,07,000,13,0,7,01,A01
201200017226,0,07,000,04,0,3,13,A01
201200017227,0,07,000,13,0,2,01,A01
201200017228,0,33,000,00,2,1,01,A01
201200017228,0,07,000,00,0,8,19,B02
201200017229,0,07,000,00,2,2,19,A01
201200017229,0,07,000,00,2,1,01,B02
201200017229,0,21,000,00,2,8,23,C03
201200017230,0,07,000,02,0,1,01,A01
201200017231,0,07,000,00,2,3,01,B02
201200017231,0,07,000,12,2,2,13,A01
201200017232,0,07,000,00,0,3,13,A01
201200017232,0,30,000,00,2,1,01,B02
201200017233,0,07,000,00,2,0,01,B02
201200017233,0,07,000,00,2,3,13,A01
201200017234,0,17,000,00,2,3,01,C03
201200017234,0,07,000,00,2,3,23,B02
201200017234,0,07,000,00,2,1,02,A01
201200017235,0,07,000,13,0,3,01,A01
201200017236,0,99,000,00,1,2,01,A01
201200017237,0,31,000,00,2,3,13,B02
201200017237,0,33,000,00,2,2,01,A01
201200017238,0,99,000,00,2,7,01,B02
201200017238,0,07,000,00,2,3,01,A01
201200017239,0,10,000,00,1,3,01,A01
201200017240,0,07,000,00,2,7,15,A01
201200017240,0,30,000,00,2,1,01,B02
201200017241,0,10,000,00,0,9,01,A01
201200017242,0,14,000,00,0,5,01,B02
201200017242,0,07,000,00,2,1,01,A01
201200017243,0,10,000,13,0,2,01,A01
201200017244,0,14,000,00,2,1,02,A01
201200017244,0,14,000,00,0,4,02,B02
201200017245,0,07,000,00,0,8,01,A01
201200017246,0,07,000,00,2,2,02,A01
201200017246,0,07,000,00,2,6,01,B02
201200017247,0,07,000,00,2,8,12,A01
201200017247,0,07,000,00,2,4,01,B02
201200017248,0,07,000,00,2,3,13,A01
201200017248,0,07,000,00,2,2,01,B02
201200017249,0,07,000,00,0,0,00,A01
201200017250,0,07,000,06,0,1,01,A01
201200017251,0,33,000,16,0,1,01,A01
201200017252,0,33,000,00,2,1,01,A01
201200017252,0,10,000,00,2,7,15,B02
201200017253,0,07,000,13,0,1,01,A01
201200017254,0,01,000,00,2,1,05,B02
201200017254,0,10,000,00,9,7,15,A01
201200017255,0,07,000,02,0,3,01,A01
201200017256,0,07,000,13,2,2,01,A01
201200017256,0,02,000,00,2,1,15,B02
201200017257,0,07,000,00,2,1,13,A01
201200017257,0,17,000,00,2,1,21,B02
201200017258,0,33,000,00,2,1,01,B02
201200017258,0,07,000,00,2,8,15,A01
201200017259,0,07,000,13,0,9,14,A01
201200017260,0,03,000,00,2,3,13,A01
201200017260,0,07,000,00,2,3,01,B02
201200017261,0,07,000,03,0,9,13,A01
201200017262,0,07,000,00,2,6,09,A01
201200017262,0,33,000,00,2,2,01,B02
201200017263,0,07,000,00,2,3,13,B02
201200017263,0,07,000,00,2,3,01,A01
201200017264,0,07,000,07,0,2,15,A01
201200017265,0,07,000,00,0,2,00,A01
201200017266,0,07,000,13,0,1,01,A01
201200017267,0,07,000,00,1,2,16,A01
201200017268,0,07,000,00,2,1,13,A01
201200017268,0,07,000,00,2,3,01,C03
201200017268,0,07,000,00,2,1,01,B02
201200017269,0,07,000,00,2,2,15,A01
201200017269,0,30,000,00,2,1,01,B02
201200017270,0,07,000,15,0,2,13,A01
201200017271,0,07,000,00,1,2,21,A01
201200017272,0,07,000,00,2,8,22,A01
201200017272,0,01,000,01,0,1,01,B01
201200017273,0,07,000,04,0,9,21,A01
201200017274,0,07,000,00,2,2,15,A01
201200017274,0,02,000,00,2,1,01,B01
201200017275,0,07,000,00,2,1,01,A01
201200017275,0,30,000,00,0,0,01,B01
201200017276,0,33,000,00,2,2,02,A01
201200017276,0,07,000,00,2,6,02,B01
201200017277,0,33,000,00,2,1,01,A01
201200017277,0,07,000,00,2,3,15,B01
201200017278,0,07,000,00,2,1,16,A01
201200017278,0,07,000,00,2,2,01,B01
201200017279,0,07,000,06,0,1,15,A01
201200017280,0,10,000,00,1,3,15,A01
201200017281,0,07,000,06,0,7,01,A01
201200017282,0,07,000,00,2,3,10,A01
201200017282,0,07,000,06,2,2,13,B01
201200017283,0,33,000,00,2,1,01,A01
201200017283,0,10,000,00,0,6,11,B01
201200017284,0,33,000,00,2,3,13,A01
201200017284,0,07,000,00,2,8,01,B01
201200017285,0,07,000,00,1,2,01,A01
201200017286,0,99,000,00,1,7,01,A01
201200017287,0,07,000,00,1,3,01,A01
201200017288,0,10,000,14,0,1,01,A01
201200017288,0,07,000,00,2,4,01,B01
201200017289,0,07,000,00,2,5,16,A01
201200017289,0,01,000,00,2,1,19,B01
201200017290,0,07,000,00,2,2,17,A01
201200017290,0,07,000,00,2,3,01,B01
201200017291,0,02,000,14,0,1,01,A01
201200017291,0,07,000,00,2,4,23,B01
201200017292,0,07,000,00,2,2,01,A01
201200017292,0,01,000,00,2,8,15,B01
201200017293,0,30,000,09,0,1,14,A01
201200017294,0,30,000,00,2,1,01,A01
201200017294,0,07,000,00,2,3,01,B01
201200017295,0,07,000,00,1,7,01,A01
201200017296,0,07,000,00,1,2,00,B01
201200017297,0,07,000,00,2,3,02,A01
201200017297,0,33,000,00,0,4,02,B01
201200017298,0,07,000,00,2,3,01,A01
201200017298,0,07,000,00,2,4,01,B01
201200017298,0,07,000,00,2,4,01,C01
201200017298,0,07,000,00,2,4,01,D01
201200017299,0,07,000,00,2,1,05,A01
201200017299,0,07,000,03,2,1,01,B01
201200017299,0,07,000,00,9,1,01,C01
201200017300,0,17,000,03,0,1,02,A01
201200017301,0,07,000,00,1,3,01,A01
201200017302,0,07,000,00,2,2,19,A01