Num_Acc,senc,catv,occutc,obs,obsm,choc,manv,num_veh
201200017302,0,01,000,00,2,1,01,B01
201200017303,0,07,000,00,1,3,01,A01
201200017304,0,07,000,00,1,2,01,A01
201200017305,0,33,000,00,2,7,13,A01
201200017305,0,07,000,00,2,8,01,B01
201200017306,0,02,000,01,0,1,13,A01
201200017307,0,07,000,00,2,1,01,A01
201200017307,0,07,000,06,2,4,23,B01
201200017308,0,14,000,00,2,5,16,A01
201200017308,0,01,000,00,2,8,01,B01
201200017309,0,07,000,00,1,1,01,A01
201200017310,0,07,000,00,2,7,10,A01
201200017310,0,10,000,00,2,1,01,B01
201200017311,0,07,000,15,1,2,01,A01
201200017312,0,07,000,00,2,2,15,A01
201200017312,0,31,000,00,2,1,01,B01
201200017313,0,07,000,00,2,4,23,C01
201200017313,0,07,000,00,2,4,23,B01
201200017313,0,03,000,00,2,1,01,A01
201200017314,0,37,025,00,1,2,07,A01
201200017315,0,07,000,03,0,1,14,A01
201200017316,0,07,000,00,1,3,01,A01
201200017317,0,33,000,00,2,1,01,B01
201200017317,0,07,000,00,2,3,15,A01
201200017318,0,07,000,00,1,1,01,A01
201200017319,0,10,000,00,2,2,16,A01
201200017319,0,01,000,00,2,1,01,B01
201200017320,0,07,000,01,2,1,13,A01
201200017320,0,07,000,00,2,3,01,B01
201200017321,0,37,001,00,2,7,01,A01
201200017321,0,01,000,00,2,1,01,B01
201200017322,0,02,000,12,0,7,15,A01
201200017323,0,37,001,00,1,7,01,A01
201200017324,0,07,000,06,2,8,01,B01
201200017324,0,07,000,00,2,1,01,A01
201200017325,0,07,000,00,2,1,02,A01
201200017325,0,07,000,00,2,4,23,B01
201200017326,0,03,000,00,2,1,01,A01
201200017326,0,33,000,00,2,4,01,B01
201200017327,0,01,000,00,2,8,01,B01
201200017327,1,07,000,00,2,2,15,Z01
201200017328,0,07,000,00,1,1,01,A01
201200017329,0,07,000,08,0,1,01,A01
201200017330,0,07,000,00,1,2,01,A01
201200017331,0,07,000,00,2,2,01,B01
201200017331,0,01,000,00,2,3,01,A01
201200017332,0,02,000,00,2,1,01,A01
201200017332,0,07,000,00,2,8,15,B01
201200017333,0,07,000,00,2,4,23,B01
201200017333,0,02,000,00,2,1,02,A01
201200017334,0,07,000,00,2,2,01,A01
201200017334,0,32,000,00,2,1,01,B01
201200017335,0,07,000,00,0,0,00,A01
201200017336,0,07,000,00,1,2,01,A01
201200017337,0,07,000,00,1,4,04,A01
201200017338,0,07,000,00,2,1,15,A01
201200017338,0,01,000,00,2,8,01,B01
201200017339,0,07,000,00,1,3,15,A01
201200017340,0,07,000,00,1,2,01,A01
201200017341,0,07,000,00,1,1,01,A01
201200017342,0,07,000,00,2,4,01,B01
201200017342,0,02,000,00,2,1,01,A01
201200017343,1,07,000,00,1,2,01,A01
201200017344,0,01,000,00,2,1,01,B01
201200017344,0,07,000,00,2,5,15,A01
201200017345,0,15,000,00,2,6,01,A01
201200017345,0,07,000,00,2,0,01,B01
201200017346,0,07,000,00,1,3,01,A01
201200017347,0,07,000,00,2,4,24,B01
201200017347,0,07,000,01,0,1,01,A01
201200017348,0,36,000,00,0,0,00,A01
201200017349,0,07,000,00,2,4,23,B01
201200017349,0,07,000,00,2,4,01,A01
201200017350,0,07,000,00,1,2,01,A01
201200017351,0,07,000,00,1,3,01,A01
201200017352,0,07,000,00,1,0,01,A01
201200017353,0,40,000,00,1,0,01,A01
201200017354,0,07,000,00,2,1,01,B01
201200017354,1,07,000,00,2,1,13,Z01
201200017355,0,07,000,00,1,1,01,A01
201200017356,0,07,000,07,0,1,01,A01
201200017357,0,07,000,00,2,1,02,A01
201200017357,0,07,000,00,2,6,02,B01
201200017358,0,07,000,00,1,2,09,A01
201200017359,0,02,000,12,0,1,16,A01
201200017360,0,07,000,15,0,1,00,A01
201200017361,0,10,000,00,2,1,15,A01
201200017361,0,01,000,00,2,1,01,B02
201200017362,0,07,000,13,0,1,13,A01
201200017363,0,07,000,13,0,1,01,A01
201200017364,0,07,000,08,2,2,17,A01
201200017364,0,33,000,00,2,1,01,B02
201200017365,0,07,000,00,2,4,02,A01
201200017365,0,30,000,00,2,1,02,B01
201200017366,0,07,000,00,1,1,15,A01
201200017367,0,10,000,00,2,1,01,A01
201200017367,0,07,000,00,2,4,15,B01
201200017368,0,07,000,00,2,1,15,A01
201200017368,0,07,000,00,2,3,01,B01
201200017369,0,07,000,00,0,4,23,A01
201200017369,0,38,001,00,0,1,02,B01
201200017370,0,01,000,00,2,7,01,B01
201200017370,0,07,000,00,2,1,01,A01
201200017371,0,02,000,00,2,1,01,B01
201200017371,0,07,000,00,2,2,01,A01
201200017372,0,07,000,00,2,1,01,A01
201200017372,0,32,000,00,2,7,01,B01
201200017373,0,07,000,00,1,5,01,A01
201200017374,0,01,000,00,2,1,00,B01
201200017374,0,07,000,00,9,2,19,A01
201200017375,0,99,000,00,0,0,01,A01
201200017376,0,33,000,00,2,1,01,A01
201200017376,0,07,000,00,0,8,19,B02
201200017377,0,07,000,00,2,6,23,B02
201200017377,0,07,000,00,2,2,01,A01
201200017377,0,33,000,00,2,1,01,C03
201200017378,0,07,000,06,0,7,13,A01
201200017379,0,07,000,00,0,4,02,B02
201200017379,0,33,000,00,2,1,02,A01
201200017380,0,33,000,00,2,1,17,A01
201200017380,0,07,000,00,2,6,23,B02
201200017381,0,13,000,00,2,1,15,A01
201200017381,0,07,000,00,2,1,01,B02
201200017382,0,07,000,00,2,3,13,A01
201200017382,0,07,000,00,2,3,01,B02
201200017383,0,17,000,08,0,7,01,A01
201200017384,0,07,000,00,1,3,01,A01
201200017385,0,07,000,13,0,2,01,A01
201200017386,0,07,000,13,0,1,01,A01
201200017387,0,07,000,00,2,3,13,A01
201200017387,0,07,000,00,2,3,01,B02
201200017388,0,07,000,00,2,2,13,A01
201200017388,0,07,000,00,2,1,01,B02
201200017389,0,07,000,03,0,1,02,A01
201200017390,0,07,000,06,0,2,01,A01
201200017391,0,07,000,00,2,1,01,A01
201200017391,0,07,000,00,2,1,01,B02
201200017392,0,03,000,00,0,8,19,A01
201200017392,0,07,000,00,2,1,01,B02
201200017393,0,03,000,00,2,3,01,A01
201200017393,0,01,000,00,2,1,01,B02
201200017394,0,07,000,00,2,3,15,A01
201200017394,0,30,000,00,2,6,01,B02
201200017394,0,07,000,00,0,3,23,C03
201200017395,0,07,000,00,0,0,01,A01
201200017396,0,33,000,00,0,0,17,A01
201200017397,0,07,000,13,0,1,01,A01
201200017398,0,33,000,00,2,1,01,A01
201200017398,0,07,000,00,2,8,15,B02
201200017399,0,10,000,02,0,3,00,A01
201200017400,0,07,000,00,1,2,01,A01
201200017401,0,33,000,00,2,3,01,B02
201200017401,0,07,000,00,0,2,05,A01
201200017402,0,07,000,00,2,1,01,A01
201200017402,0,07,000,00,2,8,09,B02
201200017403,0,15,000,00,2,1,05,A01
201200017403,0,07,000,00,2,1,17,B02
201200017404,0,07,000,00,1,1,01,A01
201200017405,0,10,000,08,0,3,01,A01
201200017406,0,07,000,00,2,7,13,A01
201200017406,0,21,000,00,2,1,01,B02
201200017407,0,14,000,00,2,3,21,B02
201200017407,0,07,000,00,2,3,13,A01
201200017408,0,10,000,00,0,2,02,B02
201200017408,0,07,000,00,2,8,10,A01
201200017409,0,07,000,00,0,0,13,A01
201200017409,0,07,000,02,0,9,17,B02
201200017410,0,07,000,00,2,7,17,A01
201200017410,0,33,000,00,2,8,17,B02
201200017411,0,07,000,13,0,2,01,A01
201200017412,0,07,000,00,0,9,01,A01
201200017413,0,07,000,13,0,9,01,A01
201200017414,0,02,000,00,2,1,13,A01
201200017414,0,07,000,00,2,3,01,B02
201200017415,0,07,000,00,2,3,01,B02
201200017415,0,31,000,00,2,1,01,A01
201200017416,0,07,000,08,2,1,01,A01
201200017416,0,02,000,08,2,7,19,B01
201200017417,0,07,000,00,2,3,10,A01
201200017417,0,33,000,00,2,7,17,B01
201200017418,0,07,000,00,2,3,16,A01
201200017418,0,33,000,00,2,8,01,B01
201200017419,0,07,000,01,1,6,04,A01
201200017420,0,07,000,08,0,2,01,A01
201200017421,0,33,000,13,0,1,01,A01
201200017422,0,10,000,02,0,1,21,A01
201200017423,0,07,000,01,0,1,14,A01
201200017424,0,07,000,00,0,0,04,A01
201200017424,0,02,000,01,0,8,01,B01
201200017425,0,07,000,15,0,1,01,A01
201200017426,0,07,000,00,0,3,15,A01
201200017426,0,30,000,00,0,1,02,B01
201200017427,0,07,000,00,0,3,09,A01
201200017427,0,33,000,00,0,7,17,B01
201200017428,0,02,000,14,0,8,16,A01
201200017429,0,07,000,00,2,2,01,B01
201200017429,0,02,000,00,2,1,13,A01
201200017430,0,33,000,00,0,1,02,B01
201200017430,0,07,000,00,2,3,00,A01
201200017431,0,07,000,00,1,5,01,A01
201200017432,0,10,000,00,2,1,01,B01
201200017432,0,07,000,00,2,2,01,A01
201200017432,0,07,000,00,0,1,00,C01
201200017433,0,07,000,00,1,1,01,A01
201200017434,0,33,000,00,0,7,01,A01
201200017435,1,99,000,00,1,0,00,A01
201200017436,0,07,000,00,2,3,13,B01
201200017436,0,07,000,00,2,3,01,A01
201200017437,0,07,000,00,2,1,09,A01
201200017437,0,07,000,00,2,1,01,B02
201200017438,0,07,000,00,0,0,01,A01
201200017439,0,07,000,00,2,1,01,B02
201200017439,0,07,000,00,2,1,13,A01
201200017440,0,07,000,13,0,1,01,A01
201200017441,0,07,000,00,2,1,19,A01
201200017441,0,07,000,00,2,7,01,B02
201200017442,0,07,000,13,0,9,00,A01
201200017443,0,02,000,00,2,1,01,A01
201200017443,0,07,000,00,2,3,01,C03
201200017443,0,07,000,00,2,3,17,B02
201200017444,0,33,000,00,1,1,13,A01
201200017445,0,07,000,06,0,3,01,A01
201200017446,0,33,000,00,2,1,01,B02
201200017446,0,07,000,00,2,5,15,A01
201200017447,0,07,000,16,0,1,01,A01
201200017448,0,07,000,13,2,5,13,A01
201200017448,0,10,000,00,2,2,01,B02
201200017449,0,02,000,00,0,8,01,B02
201200017449,0,07,000,00,0,3,15,A01
201200017450,0,10,000,10,0,2,14,A01
201200017451,0,07,000,00,2,7,13,A01
201200017451,0,07,000,00,2,1,01,B02
201200017452,0,07,000,13,0,1,01,A01
201200017453,0,07,000,03,0,9,14,A01
201200017454,1,07,000,00,1,3,01,A01
201200017455,0,10,000,13,0,2,14,A01
201200017456,0,07,000,02,0,2,14,A01
201200017457,0,21,000,13,0,0,01,A01
201200017458,0,07,000,00,2,7,01,A01
201200017458,0,07,000,00,2,1,01,B02
201200017459,0,33,000,13,0,2,00,A01
201200017460,0,07,000,00,2,1,01,B02
201200017460,0,07,000,00,2,1,17,A01
201200017461,0,07,000,00,2,8,13,B02
201200017461,0,33,000,00,2,8,01,A01
201200017462,0,07,000,06,0,1,01,A01
201200017463,0,01,000,00,2,8,01,C03
201200017463,0,07,000,00,9,2,17,A01
201200017463,0,01,000,00,9,8,01,E05
201200017463,0,01,000,00,0,2,01,B02
201200017463,0,01,000,00,9,8,01,D04
201200017464,0,07,000,13,0,2,01,A01
201200017465,0,07,000,02,0,3,13,A01
201200017466,0,07,000,06,0,3,01,A01
201200017467,0,07,000,02,0,2,01,A01
201200017468,0,07,000,00,1,2,15,A01
201200017469,0,07,000,00,2,3,01,A01
201200017469,0,07,000,00,2,1,09,B02
201200017470,0,33,000,00,2,7,15,B02
201200017470,0,31,000,00,2,1,01,A01
201200017471,0,30,000,00,2,4,01,B02
201200017471,2,10,000,00,2,1,01,A01
201200017472,0,10,000,00,0,5,15,A01
201200017472,0,33,000,00,2,1,01,B02
201200017473,0,07,000,07,6,3,01,A01
201200017474,0,02,000,00,2,1,01,A01
201200017474,0,07,000,00,2,8,15,B02
201200017475,0,07,000,00,2,1,01,B02
201200017475,0,07,000,00,0,5,06,A01
201200017476,0,07,000,00,2,1,13,A01
201200017476,0,07,000,00,2,1,01,B02
201200017477,0,07,000,00,2,1,01,B02
201200017477,0,07,000,00,2,7,13,A01
201200017478,0,33,000,00,2,7,17,A01
201200017478,0,07,000,00,2,1,15,B02
201200017479,0,30,000,13,0,1,01,A01
201200017480,0,36,000,13,0,1,01,A01
201200017481,0,99,000,00,2,1,11,B02
201200017481,0,07,000,00,2,2,02,A01
201200017482,0,07,000,00,0,4,23,B02
201200017482,0,01,000,01,0,1,01,A01
201200017483,0,07,000,00,0,8,15,A01
201200017483,0,10,000,00,0,1,01,B02
201200017484,0,15,000,16,0,8,14,A01
201200017485,0,07,000,00,0,2,01,A01
201200017485,0,07,000,00,0,8,01,B02
201200017486,0,07,000,13,0,9,01,A01
201200017487,0,15,000,00,2,1,01,B02
201200017487,0,03,000,00,2,1,05,A01
201200017488,0,07,000,00,2,6,02,B02
201200017488,0,33,000,00,2,1,02,A01
201200017489,0,30,000,00,0,5,10,A01
201200017489,0,07,000,00,2,1,02,B02
201200017490,0,07,000,00,2,7,10,A01
201200017490,0,31,000,00,2,1,01,B01
201200017491,0,07,000,00,1,1,01,A01
201200017492,0,07,000,00,2,2,15,A01
201200017492,0,02,000,00,2,1,01,B01
201200017493,0,10,000,00,1,1,01,A01
201200017494,0,07,000,13,0,1,14,A01
201200017495,0,07,000,16,0,1,13,A01
201200017496,0,02,000,00,2,1,02,A01
201200017496,0,10,000,00,2,5,01,B01
201200017497,0,10,000,00,1,4,04,A01
201200017498,0,07,000,00,1,1,01,A01
201200017499,0,02,000,00,2,7,01,B01
201200017499,0,07,000,00,2,3,09,A01
201200017500,0,07,000,06,0,1,01,A01
201200017501,0,07,000,00,2,2,15,A01
201200017501,0,33,000,00,2,1,01,B01
201200017502,0,30,000,00,2,1,01,A01
201200017502,0,07,000,00,2,5,01,B01
201200017503,0,07,000,00,2,8,17,A01
201200017503,0,15,000,00,2,6,01,B01
201200017504,0,07,000,00,2,1,01,A01
201200017504,0,07,000,00,2,1,01,B01
201200017504,0,07,000,00,2,1,01,C01
201200017504,0,07,000,00,2,1,01,D01
201200017505,0,07,000,00,2,2,15,A01
201200017505,0,07,000,00,2,1,01,B01
201200017506,0,07,000,00,2,4,20,A01
201200017506,0,10,000,00,2,1,02,B01
201200017507,0,10,000,01,2,6,02,B01
201200017507,0,07,000,00,2,5,02,A01
201200017508,0,07,000,00,2,1,02,A01
201200017508,0,07,000,00,2,4,02,B01
201200017509,0,07,000,00,2,1,05,A01
201200017509,0,07,000,00,2,1,01,B01
201200017510,0,07,000,00,2,1,01,B01
201200017510,0,07,000,00,2,7,01,A01
201200017511,0,07,000,03,0,9,01,A01
201200017512,0,07,000,02,0,1,01,A01
201200017513,0,07,000,00,2,8,10,A01
201200017513,0,02,000,00,2,1,02,B01
201200017514,0,07,000,00,2,2,05,A01
201200017514,0,07,000,00,2,3,01,B01
201200017515,0,07,000,01,0,1,01,A01
201200017516,0,02,000,00,2,1,13,A01
201200017516,0,07,000,00,2,3,01,B01
201200017517,0,07,000,00,1,1,01,A01
201200017518,0,07,000,01,0,1,02,A01
201200017519,0,01,000,00,2,1,01,B01
201200017519,0,07,000,00,2,3,16,A01
201200017520,0,07,000,00,1,8,01,A01
201200017521,0,07,000,00,1,1,01,A01
201200017522,0,07,000,00,2,1,13,A01
201200017522,0,07,000,00,2,1,01,B01
201200017523,0,07,000,00,2,8,13,A01
201200017523,0,10,000,00,2,3,01,B01
201200017524,0,07,000,00,2,2,01,B01
201200017524,0,07,000,00,2,3,09,A01
201200017525,0,07,000,00,2,6,19,B01
201200017525,0,07,000,00,2,1,01,A01
201200017526,0,07,000,00,1,7,01,A01
201200017527,0,07,000,03,0,8,13,A01
201200017528,0,07,000,03,0,1,01,A01
201200017529,0,07,000,00,1,1,01,A01
201200017530,0,07,000,00,2,2,15,A01
201200017530,0,07,000,06,2,6,21,B01
201200017531,0,07,000,00,1,1,15,A01
201200017532,0,07,000,00,2,2,15,A01
201200017532,0,02,000,00,2,1,01,B01
201200017533,0,07,000,00,2,4,23,B01
201200017533,0,07,000,00,2,1,02,A01
201200017534,0,07,000,00,1,1,20,A01
201200017535,0,33,000,13,0,1,01,A01
201200017536,0,07,000,06,0,2,17,A01
201200017537,0,35,000,13,0,2,14,A01
201200017538,0,07,000,00,1,3,15,A01
201200017539,0,07,000,00,2,1,02,A01
201200017539,0,07,000,00,2,4,23,B01
201200017540,0,30,000,00,2,1,17,A01
201200017540,0,07,000,00,2,8,15,B01
201200017541,0,07,000,13,0,9,13,A01
201200017542,0,01,000,00,2,1,05,A01
201200017542,0,07,000,00,2,3,01,B01
201200017543,0,07,000,00,2,1,01,A01
201200017543,0,01,000,00,2,1,05,B01
201200017544,0,07,000,00,1,2,01,A01
201200017545,0,02,000,00,2,1,01,A01
201200017545,0,07,000,00,2,8,01,B01
201200017546,0,07,000,00,2,3,02,B01
201200017546,0,33,000,00,2,1,02,A01
201200017547,0,07,000,13,0,1,01,A01
201200017548,0,07,000,00,1,4,04,A01
201200017549,0,07,000,00,2,3,01,A01
201200017549,0,07,000,00,2,1,01,B01
201200017550,0,33,000,00,2,1,01,B01
201200017550,0,07,000,00,2,2,01,A01
201200017551,0,07,000,00,2,2,01,B01
201200017551,0,01,000,00,2,1,01,A01
201200017552,0,30,000,00,0,0,01,A01
201200017553,0,07,000,00,1,1,01,A01
201200017554,0,07,000,00,2,3,09,A01
201200017554,0,31,000,00,2,4,01,B01
201200017555,0,02,000,00,2,1,17,B01
201200017555,0,31,000,00,2,8,15,A01
201200017556,0,07,000,00,2,1,02,A01
201200017556,0,07,000,00,2,6,02,B01
201200017557,0,07,000,00,2,3,20,A01
201200017557,0,02,000,00,2,1,01,B01
201200017558,0,02,000,00,2,1,01,B01
201200017558,0,07,000,00,2,7,01,A01
201200017559,0,07,000,00,2,2,15,A01
201200017559,0,30,000,00,2,1,01,B01
201200017560,0,07,000,00,2,2,01,B01
201200017560,0,07,000,00,2,3,19,A01
201200017561,0,07,000,00,2,1,24,B01
201200017561,0,07,000,01,0,1,13,A01
201200017562,0,20,000,00,2,4,01,B01
201200017562,0,07,000,00,2,1,02,A01
201200017563,0,33,000,00,0,0,01,A01
201200017564,0,30,000,00,0,0,01,A01
201200017565,0,07,000,00,1,1,01,A01
201200017566,0,07,000,00,2,1,15,A01
201200017567,0,07,000,03,0,1,01,A01
201200017568,0,07,000,03,0,1,01,A01
201200017569,0,07,000,00,2,4,23,B01
201200017569,1,99,000,00,0,0,00,A01
201200017570,0,07,000,00,2,1,19,A01
201200017570,0,07,000,00,2,1,01,B01
201200017571,0,07,000,00,0,4,23,A01
201200017571,0,07,000,00,2,1,02,D01
201200017571,0,07,000,00,2,4,23,B01
201200017571,0,07,000,00,2,4,23,C01
201200017572,0,07,000,00,2,3,05,A01
201200017572,0,07,000,00,2,7,01,B01
201200017573,0,07,000,00,0,1,01,A01
201200017573,0,07,000,00,0,1,13,B02
201200017574,0,07,000,00,2,1,01,B02
201200017574,0,07,000,00,2,8,19,A01
201200017575,0,07,000,13,0,9,01,A01
201200017576,0,33,000,16,0,8,01,A01
201200017577,0,07,000,13,0,1,01,A01
201200017578,0,32,000,07,0,1,01,A01
201200017579,0,07,000,00,1,8,20,A01
201200017580,0,07,000,00,0,6,19,B02
201200017580,0,07,000,00,2,1,01,A01
201200017581,0,07,000,00,0,3,01,A01
201200017582,0,07,000,02,0,2,14,A01
201200017583,0,33,000,00,2,3,01,B02
201200017583,0,07,000,00,2,2,09,A01
201200017584,0,07,000,00,9,3,15,A01
201200017584,0,02,000,00,2,8,01,B02
201200017585,0,07,000,00,2,1,01,A01
201200017585,0,07,000,00,2,3,19,B02
201200017586,0,21,000,00,2,1,23,A01
201200017586,0,10,000,00,2,1,01,B02
201200017587,0,31,000,13,0,2,13,A01
201200017588,0,30,000,00,1,1,01,A01
201200017589,0,33,000,00,2,1,01,A01
201200017589,0,07,000,00,0,6,19,B02
201200017590,0,30,000,09,0,3,13,A01
201200017591,0,01,000,00,2,1,19,A01
201200017591,0,07,000,00,2,1,13,B02
201200017592,0,07,000,06,0,1,00,A01
201200017593,0,07,000,00,2,6,15,B02
201200017593,0,07,000,00,2,2,17,A01
201200017594,0,10,000,00,0,8,01,A01
201200017595,0,07,000,13,0,1,01,A01
201200017596,0,07,000,02,0,1,00,A01
201200017597,0,07,000,01,1,2,01,A01
201200017598,0,07,000,00,0,9,01,A01
201200017599,0,07,000,00,2,2,01,B02
201200017599,0,07,000,00,2,3,15,A01
201200017600,0,14,000,00,0,7,04,A01
201200017601,0,33,000,00,2,1,01,B02
201200017601,0,07,000,00,2,8,19,A01
201200017602,0,07,000,02,0,1,01,A01
201200017603,0,36,000,00,0,0,00,A01
201200017604,0,07,000,00,2,2,02,A01
201200017604,0,01,000,00,0,4,00,C03
201200017604,0,01,000,00,0,4,00,B02
201200017605,1,10,000,00,2,3,13,A01
201200017605,0,07,000,00,2,1,01,B02
201200017605,0,07,000,00,2,1,01,C03
201200017606,0,07,000,00,2,1,15,B02
201200017606,0,07,000,00,2,1,01,A01
201200017607,0,02,000,00,2,1,13,A01
201200017607,0,07,000,00,2,3,01,B02
201200017608,0,07,000,16,0,1,01,A01
201200017609,0,07,000,16,0,1,01,A01
201200017610,0,33,000,00,0,9,01,A01
201200017611,0,30,000,00,0,8,01,A01
201200017612,0,10,000,00,1,2,01,A01
201200017613,0,07,000,02,0,3,13,A01
201200017614,0,31,000,00,2,7,01,A01
201200017614,0,07,000,00,2,7,01,B02
201200017615,0,07,000,16,0,4,01,A01
201200017616,0,07,000,00,5,1,01,A01
201200017617,0,07,000,00,1,2,01,A01
201200017618,0,07,000,03,0,2,01,A01
201200017619,0,07,000,00,1,4,04,A01
201200017620,0,07,000,06,0,1,14,A01
201200017621,0,07,000,08,0,1,01,A01
201200017622,0,07,000,06,0,1,01,A01
201200017623,0,30,000,09,0,1,01,A01
201200017624,0,07,000,00,2,1,01,A01
201200017624,0,07,000,00,2,1,02,B02
201200017625,0,07,000,02,0,3,01,A01
201200017626,0,07,000,00,2,2,15,A01
201200017626,0,30,000,00,2,1,15,B02
201200017627,0,33,000,00,2,1,13,A01
201200017627,0,07,000,00,2,3,01,B02
201200017628,0,33,000,00,2,1,01,A01
201200017628,0,07,000,00,2,7,19,B02
201200017629,0,07,000,13,0,9,14,A01
201200017630,0,07,000,14,0,1,01,A01
201200017630,0,07,000,00,1,4,23,B02
201200017631,0,07,000,03,0,3,01,A01
201200017632,0,07,000,02,0,1,01,A01
201200017633,0,07,000,00,2,1,15,A01
201200017633,0,02,000,00,2,1,01,B02
201200017634,0,07,000,00,0,0,01,A01
201200017635,0,07,000,00,2,5,01,A01
201200017635,0,07,000,00,2,1,01,B02
201200017636,0,33,000,00,2,8,01,B02
201200017636,0,33,000,00,2,1,19,A01
201200017637,0,07,000,00,2,7,01,A01
201200017637,0,10,000,00,2,1,01,B02
201200017638,0,07,000,00,0,1,02,A01
201200017638,0,07,000,00,0,4,23,B02
201200017639,0,03,000,00,2,3,15,A01
201200017639,0,33,000,00,2,1,01,B02
201200017640,0,07,000,13,0,1,01,A01
201200017641,0,07,000,00,2,3,19,A01
201200017641,0,07,000,00,2,1,01,B02
201200017642,0,07,000,00,2,3,01,B02
201200017642,0,07,000,00,2,1,13,A01
201200017643,0,07,000,00,2,7,19,A01
201200017643,0,07,000,00,2,1,01,B02
201200017644,0,07,000,00,2,3,13,A01
201200017644,0,07,000,00,2,3,01,B02
201200017645,0,07,000,00,1,1,01,A01
201200017646,0,31,000,00,2,1,01,A01
201200017646,0,21,000,00,2,6,19,B02
201200017647,0,07,000,02,0,1,13,A01
201200017648,0,07,000,00,2,2,19,B02
201200017648,0,33,000,00,2,1,01,A01
201200017649,0,16,000,00,2,0,01,C03
201200017649,0,31,000,00,2,1,13,A01
201200017649,0,17,000,00,2,3,01,B02
201200017650,0,07,000,16,0,3,19,A01
201200017651,0,07,000,00,2,1,01,B02
201200017651,0,07,000,00,2,1,13,A01
201200017652,0,07,000,02,0,3,13,A01
201200017653,0,07,000,13,0,2,01,A01
201200017654,0,10,000,00,0,1,00,A01
201200017654,0,07,000,00,0,1,00,B02
201200017655,0,07,000,00,2,7,13,A01
201200017655,0,10,000,00,2,1,01,B02
201200017656,0,07,000,06,0,7,01,A01
201200017657,0,10,000,00,2,3,01,B02
201200017657,0,30,000,00,2,1,13,A01
201200017658,0,32,000,06,0,7,01,A01
201200017659,0,07,000,08,0,1,01,A01
201200017660,0,07,000,00,1,2,00,A01
201200017661,0,07,000,00,1,2,21,A01
201200017662,0,07,000,08,0,2,01,A01
201200017663,0,07,000,00,2,5,01,D04
201200017663,0,07,000,00,2,3,01,C03
201200017663,0,07,000,00,2,5,01,B02
201200017663,0,07,000,00,2,3,17,A01
201200017664,0,07,000,00,2,8,19,A01
201200017664,0,07,000,00,2,1,01,B02
201200017665,0,07,000,00,2,2,19,B02
201200017665,0,07,000,00,2,3,01,A01
201200017666,0,07,000,00,2,8,15,A01
201200017666,0,15,000,00,2,3,01,B02
201200017667,0,99,000,12,0,1,01,A01
201200017668,0,07,000,02,0,1,13,A01
201200017669,0,07,000,06,0,1,01,A01
201200017670,0,01,000,00,2,1,01,B02
201200017670,0,03,000,00,2,8,14,A01
201200017671,0,07,000,00,2,3,15,A01
201200017671,0,33,000,00,2,4,01,B02
201200017672,0,07,000,00,2,8,13,A01
201200017672,0,07,000,00,2,1,01,B02
201200017673,0,07,000,04,9,7,01,A01
201200017674,0,07,000,00,2,2,01,A01
201200017674,0,30,000,00,2,1,15,B02
201200017675,0,07,000,08,0,8,01,A01
201200017676,0,07,000,00,9,2,19,A01
201200017676,0,31,000,00,2,1,01,B02
201200017677,0,07,000,00,9,1,01,B02
201200017677,0,02,000,00,2,8,15,A01
201200017678,0,07,000,00,2,3,01,B02
201200017678,0,10,000,00,2,3,13,A01
201200017679,0,14,000,00,2,3,01,A01
201200017679,0,07,000,00,2,3,15,B02
201200017680,0,07,000,00,0,9,01,A01
201200017681,0,07,000,00,2,9,17,A01
201200017681,0,07,000,00,2,6,01,C03
201200017681,0,07,000,00,2,1,01,B02
201200017682,0,07,000,00,0,1,13,A01
201200017682,0,07,000,00,0,1,01,B02
201200017683,0,07,000,00,2,1,02,A01
201200017683,0,17,000,00,2,4,02,B02
201200017684,0,07,000,00,2,1,01,C03
201200017684,0,07,000,00,2,6,01,B02
201200017684,0,07,000,00,2,1,01,D04
201200017684,0,07,000,00,2,9,13,A01
201200017685,0,34,000,13,0,1,01,A01
201200017686,0,07,000,03,2,1,14,A01
201200017686,0,07,000,00,2,4,01,B02
201200017687,0,07,000,00,2,6,01,B02
201200017687,0,33,000,00,2,8,15,A01
201200017688,0,07,000,00,2,6,01,A01
201200017688,0,33,000,00,2,1,17,B02
201200017689,0,07,000,00,2,1,15,A01
201200017689,0,07,000,00,2,1,16,B02
201200017690,0,01,000,00,2,3,01,A01
201200017690,0,07,000,00,2,3,17,B02
201200017691,0,33,000,00,2,7,01,A01
201200017691,0,07,000,00,2,5,15,B02
201200017692,0,07,000,00,2,3,23,C03
201200017692,0,07,000,00,2,1,01,B02
201200017692,0,07,000,00,2,2,19,A01
201200017693,0,33,000,00,2,1,01,A01
201200017693,0,01,000,00,2,1,01,B02
201200017694,0,31,000,00,2,1,02,A01
201200017694,0,07,000,00,2,4,02,B02
201200017695,0,07,000,08,0,1,01,A01
201200017696,0,07,000,00,2,3,05,A01
201200017696,0,15,000,00,2,3,01,B02
201200017697,0,33,000,00,2,1,01,B02
201200017697,0,07,000,00,0,5,15,A01
201200017698,0,07,000,00,2,3,01,A01
201200017698,0,07,000,00,2,3,01,B02
201200017699,0,33,000,00,2,1,14,B02
201200017699,0,07,000,00,2,2,19,A01
201200017700,0,15,000,00,2,8,01,B02
201200017700,0,07,000,00,2,3,13,A01
201200017701,0,33,000,13,0,2,14,A01