Num_Acc,senc,catv,occutc,obs,obsm,choc,manv,num_veh
201200017702,0,07,000,00,2,2,01,A01
201200017702,0,07,000,00,9,0,01,C03
201200017702,0,07,000,00,2,2,01,B02
201200017703,0,07,000,00,2,8,01,B02
201200017703,0,07,000,00,2,1,19,A01
201200017704,0,07,000,00,2,1,02,A01
201200017704,0,07,000,00,2,4,02,B02
201200017705,0,07,000,00,2,1,09,A01
201200017705,0,31,000,00,2,7,01,B02
201200017706,0,07,000,08,0,1,01,A01
201200017707,0,07,000,00,2,2,01,A01
201200017707,0,07,000,00,0,8,19,B02
201200017708,0,01,000,00,0,3,19,B02
201200017708,0,07,000,00,9,2,01,A01
201200017709,0,33,000,00,2,7,17,A01
201200017709,0,36,000,00,2,8,17,B02
201200017710,0,33,000,00,0,3,01,A01
201200017711,0,07,000,13,0,1,02,A01
201200017712,0,33,000,13,0,1,13,A01
201200017713,0,31,000,00,2,1,01,B02
201200017713,0,21,000,00,2,1,15,A01
201200017714,0,07,000,00,2,1,01,B02
201200017714,0,07,000,00,2,5,01,A01
201200017715,0,14,000,00,1,4,00,A01
201200017716,0,17,000,00,0,1,01,A01
201200017716,0,15,000,00,0,8,01,B02
201200017717,0,07,000,00,2,3,01,A01
201200017717,0,07,000,00,2,2,01,B02
201200017718,0,10,000,13,0,3,01,A01
201200017719,0,07,000,00,2,1,01,A01
201200017719,0,07,000,00,2,7,01,B02
201200017720,0,02,000,15,0,1,01,A01
201200017721,0,07,000,00,2,1,01,A01
201200017721,0,01,000,00,2,7,01,B02
201200017722,0,07,000,00,2,3,15,A01
201200017722,0,02,000,00,2,1,01,B02
201200017723,0,07,000,00,2,6,01,A01
201200017723,0,10,000,00,2,1,01,B02
201200017724,0,07,000,13,0,3,14,A01
201200017725,0,07,000,13,0,9,14,A01
201200017726,0,07,000,00,2,1,01,B02
201200017726,0,07,000,00,2,1,13,A01
201200017727,0,33,000,08,0,1,01,A01
201200017728,0,33,000,11,0,1,17,A01
201200017729,0,14,000,00,1,3,17,A01
201200017730,0,07,000,00,2,3,13,A01
201200017730,0,07,000,00,2,1,00,B02
201200017731,0,07,000,00,2,2,01,B02
201200017731,0,30,000,00,2,7,01,A01
201200017732,0,07,000,00,2,4,01,A01
201200017732,0,07,000,00,2,3,01,B02
201200017733,0,07,000,00,2,8,01,B02
201200017733,0,33,000,00,2,7,17,A01
201200017734,0,03,000,00,2,4,01,B02
201200017734,0,15,000,00,2,2,01,A01
201200017735,0,07,000,04,0,2,01,A01
201200017736,0,07,000,00,0,1,01,A01
201200017737,0,07,000,00,2,3,15,A01
201200017737,0,30,000,00,2,1,01,B02
201200017738,0,07,000,00,0,1,01,B02
201200017738,0,30,000,00,0,5,16,A01
201200017739,0,33,000,05,0,3,01,A01
201200017740,0,07,000,00,0,2,01,B02
201200017740,0,07,000,00,0,3,01,A01
201200017741,0,33,000,06,0,1,01,A01
201200017742,0,30,000,00,0,0,00,A01
201200017743,0,07,000,00,2,3,19,A01
201200017743,0,07,000,00,2,1,01,B02
201200017744,0,14,000,00,0,3,01,A01
201200017744,0,15,000,00,0,2,01,B02
201200017745,0,07,000,00,2,3,19,B02
201200017745,0,07,000,00,2,3,01,A01
201200017746,0,07,000,02,0,1,01,A01
201200017747,0,30,000,00,2,1,01,A01
201200017748,0,33,000,16,0,1,01,A01
201200017749,0,07,000,00,2,8,15,A01
201200017749,0,30,000,00,2,2,02,B02
201200017750,0,33,000,00,2,1,01,B02
201200017750,0,07,000,00,2,2,15,A01
201200017751,0,02,000,12,0,1,01,A01
201200017752,0,10,000,14,0,2,02,A01
201200017752,0,10,000,00,1,6,23,B02
201200017753,0,07,000,00,2,8,10,A01
201200017753,0,33,000,00,2,1,01,B02
201200017754,0,07,000,00,2,1,01,A01
201200017754,0,36,000,00,2,8,19,B02
201200017755,0,07,000,00,2,3,17,A01
201200017755,0,07,000,00,2,3,01,B02
201200017756,0,07,000,00,2,4,01,B02
201200017756,0,07,000,00,2,1,01,A01
201200017757,0,33,000,00,0,0,23,A01
201200017757,0,07,000,00,2,1,21,B02
201200017757,0,14,000,00,2,8,12,C03
201200017758,0,07,000,00,2,1,01,A01
201200017758,0,02,000,00,2,1,01,B02
201200017759,0,07,000,00,9,2,01,A01
201200017759,0,01,000,00,0,0,00,B02
201200017760,0,33,000,13,0,1,01,A01
201200017761,0,33,000,00,2,1,17,A01
201200017761,0,07,000,00,0,6,15,B02
201200017762,0,07,000,00,2,1,01,A01
201200017762,0,07,000,00,2,3,01,B02
201200017763,0,07,000,00,0,3,13,A01
201200017763,0,33,000,00,2,8,00,B02
201200017764,0,33,000,00,2,8,01,A01
201200017764,0,10,000,00,2,1,01,B02
201200017765,0,07,000,00,2,7,13,A01
201200017765,0,07,000,00,2,1,01,B02
201200017766,0,02,000,00,2,1,02,A01
201200017766,0,21,000,00,0,4,23,B02
201200017767,0,07,000,16,0,1,01,A01
201200017768,0,33,000,00,2,1,17,A01
201200017768,0,07,000,00,0,6,17,B02
201200017769,0,21,000,00,2,3,15,A01
201200017769,0,33,000,00,2,1,17,B02
201200017770,0,07,000,00,1,3,01,A01
201200017771,0,33,000,03,0,1,01,A01
201200017772,0,33,000,00,2,1,13,A01
201200017772,0,21,000,00,2,1,01,B02
201200017773,0,07,000,00,2,7,01,A01
201200017773,0,07,000,00,2,1,16,B02
201200017774,0,07,000,02,0,8,01,A01
201200017775,0,07,000,13,0,2,14,A01
201200017776,0,07,000,06,0,0,01,A01
201200017777,0,07,000,02,0,7,19,A01
201200017778,0,07,000,00,2,3,13,A01
201200017778,0,07,000,00,2,3,01,B02
201200017779,0,15,000,00,2,3,01,B02
201200017779,0,07,000,00,2,1,13,A01
201200017780,0,07,000,01,0,3,13,A01
201200017780,0,20,000,00,2,3,00,B02
201200017781,0,07,000,11,0,3,13,A01
201200017782,0,07,000,00,0,0,14,A01
201200017783,0,33,000,00,0,0,01,A01
201200017784,0,07,000,00,0,5,11,A01
201200017784,0,02,000,00,2,1,01,B02
201200017785,0,07,000,00,2,1,00,B02
201200017785,0,07,000,00,2,5,19,A01
201200017786,0,17,000,00,0,1,00,B02
201200017786,0,07,000,00,0,1,13,A01
201200017787,0,07,000,00,2,3,13,A01
201200017787,0,07,000,00,2,3,01,B02
201200017788,0,33,000,00,2,1,01,A01
201200017788,0,07,000,00,2,2,19,B02
201200017789,0,07,000,02,0,1,13,A01
201200017790,0,10,000,00,2,3,13,A01
201200017790,0,07,000,00,2,3,01,B02
201200017791,0,30,000,01,0,1,01,B02
201200017791,0,10,000,00,2,8,22,A01
201200017792,0,15,000,00,0,0,01,A01
201200017792,0,10,000,00,9,1,01,B02
201200017793,0,07,000,02,0,1,01,A01
201200017794,0,17,000,00,2,3,01,B02
201200017794,0,07,000,00,2,7,19,A01
201200017795,0,33,000,00,0,0,17,A01
201200017796,0,07,000,00,2,3,01,A01
201200017796,0,17,000,00,2,3,01,B02
201200017797,0,07,000,00,2,3,01,B02
201200017797,0,07,000,00,2,3,01,A01
201200017798,0,33,000,00,0,4,01,C03
201200017798,0,33,000,00,2,1,01,A01
201200017798,0,33,000,00,0,6,01,B02
201200017799,0,07,000,00,2,2,15,A01
201200017799,0,33,000,00,2,1,01,B02
201200017800,0,07,000,13,0,1,16,A01
201200017801,0,07,000,00,2,3,13,A01
201200017801,0,07,000,00,2,3,01,B02
201200017802,0,07,000,00,2,3,01,A01
201200017802,0,07,000,00,2,3,01,B02
201200017803,0,07,000,13,0,1,01,A01
201200017804,0,07,000,08,0,8,01,A01
201200017805,0,10,000,00,2,8,01,B02
201200017805,0,01,000,00,2,1,19,A01
201200017806,0,33,000,00,0,0,01,A01
201200017807,0,10,000,00,2,3,15,A01
201200017807,0,33,000,00,2,3,01,B02
201200017808,0,07,000,00,2,7,01,A01
201200017808,0,07,000,00,2,1,01,B02
201200017809,0,07,000,00,2,2,13,A01
201200017809,0,07,000,00,2,1,01,B02
201200017810,0,07,000,00,2,2,15,A01
201200017810,0,07,000,00,2,1,01,B02
201200017810,0,07,000,00,2,1,23,C03
201200017811,0,07,000,02,0,0,01,A01
201200017812,0,33,000,00,2,1,17,A01
201200017812,0,10,000,00,2,3,01,B02
201200017813,1,10,000,00,1,7,21,A01
201200017814,0,07,000,00,0,4,24,A01
201200017814,0,07,000,01,0,1,01,B02
201200017815,0,07,000,08,0,7,00,A01
201200017816,0,07,000,13,0,2,01,A01
201200017817,0,10,000,00,2,2,15,A01
201200017817,0,33,000,00,2,7,01,B02
201200017818,0,07,000,00,1,2,01,A01
201200017819,0,07,000,08,0,1,01,A01
201200017820,0,02,000,00,2,3,01,B02
201200017820,1,07,000,00,2,3,13,A01
201200017821,0,07,000,02,0,1,01,A01
201200017822,0,07,000,00,2,3,13,A01
201200017822,0,07,000,00,2,3,01,B02
201200017823,0,07,000,00,2,3,01,B02
201200017823,0,07,000,00,2,3,13,A01
201200017824,0,15,000,00,2,8,01,B02
201200017824,0,10,000,08,2,3,01,A01
201200017825,0,07,000,08,0,1,21,A01
201200017826,0,07,000,13,0,5,01,A01
201200017827,0,07,000,00,1,3,01,A01
201200017828,0,07,000,00,1,3,01,A01
201200017829,0,07,000,00,2,3,01,A01
201200017829,0,31,000,00,2,1,01,B02
201200017830,0,07,000,00,2,1,01,B02
201200017830,0,07,000,00,2,1,13,A01
201200017831,0,07,000,00,2,1,01,A01
201200017831,0,07,000,00,2,8,01,B02
201200017832,0,07,000,00,2,2,19,A01
201200017832,0,30,000,00,2,1,01,B02
201200017833,0,33,000,00,2,1,01,B02
201200017833,0,07,000,00,2,6,15,A01
201200017834,0,07,000,00,2,1,01,B02
201200017834,0,10,000,00,2,1,13,A01
201200017835,0,07,000,00,2,3,01,C03
201200017835,0,02,000,00,2,1,17,A01
201200017835,0,07,000,00,2,1,01,B02
201200017836,0,10,000,00,2,3,13,A01
201200017836,0,10,000,00,2,3,01,B02
201200017837,0,07,000,00,2,7,01,A01
201200017837,0,07,000,00,0,0,01,C03
201200017837,0,31,000,00,2,1,01,B02
201200017838,0,14,000,00,1,4,04,A01
201200017839,0,33,000,00,2,1,01,B02
201200017839,0,07,000,00,2,6,19,A01
201200017840,0,07,000,00,2,8,01,B02
201200017840,0,10,000,00,2,8,05,A01
201200017841,0,21,000,13,0,8,01,A01
201200017842,0,07,000,00,2,3,01,B02
201200017842,0,10,000,00,2,2,19,A01
201200017843,0,01,000,00,2,1,01,B02
201200017843,0,10,000,00,9,5,01,A01
201200017844,0,07,000,08,0,1,01,A01
201200017845,0,33,000,00,2,1,01,A01
201200017845,0,07,000,00,2,2,15,B02
201200017846,0,07,000,13,0,9,01,A01
201200017847,0,07,000,00,2,3,01,A01
201200017847,0,33,000,13,2,3,01,B02
201200017848,0,02,000,00,2,6,15,A01
201200017848,0,07,000,00,2,1,00,B02
201200017849,0,07,000,00,2,1,01,B02
201200017849,0,07,000,00,2,9,13,A01
201200017849,0,07,000,00,2,9,01,D04
201200017849,0,33,000,00,2,2,01,E05
201200017849,0,07,000,00,2,4,23,C03
201200017850,0,07,000,02,0,1,14,A01
201200017851,0,33,000,00,0,0,01,A01
201200017852,0,07,000,04,0,3,01,A01
201200017853,0,07,000,13,0,1,21,A01
201200017854,0,07,000,00,0,9,01,A01
201200017855,0,07,000,00,0,9,01,A01
201200017856,0,10,000,02,0,1,01,A01
201200017857,0,07,000,02,0,3,00,A01
201200017858,0,07,000,00,1,3,01,A01
201200017859,0,30,000,00,2,1,11,A01
201200017859,0,07,000,00,2,1,01,B02
201200017860,0,07,000,02,0,7,01,A01
201200017861,0,07,000,00,2,2,01,B02
201200017861,0,07,000,00,2,2,13,A01
201200017862,0,33,000,00,2,1,01,B02
201200017862,0,07,000,00,2,1,13,A01
201200017863,0,07,000,13,0,1,01,A01
201200017864,0,07,000,00,2,1,01,B02
201200017864,0,07,000,00,2,8,15,A01
201200017865,0,07,000,00,1,4,20,A01
201200017866,0,07,000,02,0,1,01,A01
201200017867,0,33,000,00,0,1,01,A01
201200017868,0,33,000,12,0,1,01,A01
201200017869,0,07,000,13,0,1,14,A01
201200017870,0,07,000,00,1,3,01,A01
201200017871,0,07,000,00,2,2,15,A01
201200017871,0,07,000,00,2,1,01,B02
201200017872,0,33,000,00,2,7,15,A01
201200017872,0,10,000,00,2,1,01,B02
201200017873,0,07,000,00,0,7,01,A01
201200017873,0,01,000,00,2,1,19,B02
201200017874,0,07,000,00,2,2,01,A01
201200017874,0,02,000,00,2,7,19,B02
201200017875,0,07,000,00,0,3,01,A01
201200017875,0,30,000,00,2,1,01,B02
201200017876,0,07,000,00,6,1,21,A01
201200017877,0,14,000,00,0,2,14,A01
201200017878,0,21,000,00,0,1,01,A01
201200017879,0,07,000,00,2,3,01,A01
201200017879,0,33,000,00,2,1,17,B02
201200017880,0,07,000,13,0,1,01,A01
201200017881,0,07,000,13,0,1,01,A01
201200017882,0,07,000,00,2,2,15,A01
201200017882,0,07,000,00,2,2,01,B02
201200017883,0,07,000,00,2,3,01,B02
201200017883,0,07,000,00,2,8,15,A01
201200017884,0,10,000,00,1,4,04,A01
201200017885,0,31,000,00,2,3,01,A01
201200017885,0,14,000,00,2,5,17,B02
201200017886,0,07,000,00,2,3,17,A01
201200017886,0,02,000,00,2,1,01,B02
201200017886,0,07,000,00,2,6,01,C03
201200017887,0,33,000,00,2,1,01,A01
201200017887,0,02,000,00,2,4,01,B02
201200017887,0,21,000,00,2,1,01,C03
201200017888,0,10,000,02,0,2,17,A01
201200017889,0,07,000,02,0,1,01,A01
201200017890,0,07,000,13,0,1,01,A01
201200017891,0,33,000,00,2,1,01,A01
201200017891,0,07,000,00,9,0,02,C03
201200017891,0,07,000,00,2,3,01,B02
201200017892,0,34,000,00,2,7,01,A01
201200017892,0,07,000,00,2,3,09,B02
201200017893,0,07,000,00,2,3,13,A01
201200017893,0,07,000,00,2,3,01,B02
201200017893,0,10,000,00,9,1,21,C03
201200017894,0,10,000,16,0,5,01,A01
201200017895,0,07,000,13,0,3,01,A01
201200017896,0,07,000,00,2,3,01,A01
201200017896,0,30,000,00,2,3,13,B02
201200017897,0,21,000,00,2,0,01,A01
201200017897,0,01,000,00,2,0,01,B02
201200017898,0,07,000,00,6,2,01,A01
201200017899,0,07,000,00,2,3,13,A01
201200017899,0,07,000,00,2,3,01,B02
201200017900,0,07,000,06,0,1,01,A01
201200017901,0,07,000,00,2,1,05,A01
201200017901,0,14,000,00,2,1,01,B02
201200017902,0,02,000,00,2,1,01,B02
201200017902,0,07,000,00,2,8,15,A01
201200017903,0,07,000,01,0,1,01,A01
201200017903,0,07,000,00,2,3,23,B02
201200017904,0,14,000,08,0,1,01,A01
201200017905,0,07,000,00,2,7,01,A01
201200017905,0,01,000,00,2,8,01,B02
201200017906,0,07,000,00,2,7,17,A01
201200017906,0,07,000,00,2,2,01,B02
201200017906,0,07,000,00,2,8,01,C03
201200017907,0,07,000,13,0,1,01,A01
201200017908,0,33,000,14,0,8,01,A01
201200017909,0,33,000,00,2,1,21,B02
201200017909,0,07,000,00,2,1,15,A01
201200017910,0,07,000,00,2,1,01,A01
201200017910,0,07,000,00,2,2,19,B02
201200017911,0,07,000,00,2,8,19,A01
201200017911,0,07,000,00,2,1,01,B02
201200017912,0,15,000,13,0,7,01,A01
201200017913,0,07,000,08,0,0,01,A01
201200017914,0,03,000,13,0,9,01,A01
201200017915,0,07,000,13,0,2,01,A01
201200017916,0,30,000,06,0,1,01,A01
201200017917,0,31,000,00,0,1,01,B02
201200017917,0,07,000,00,0,3,09,A01
201200017918,0,30,000,00,2,8,01,A01
201200017918,0,07,000,00,2,2,01,B02
201200017919,0,07,000,00,2,2,01,A01
201200017919,0,07,000,00,2,3,15,B02
201200017920,0,07,000,00,2,1,01,A01
201200017920,0,07,000,00,2,4,01,B02
201200017921,0,07,000,00,0,3,13,A01
201200017921,0,33,000,00,2,1,01,B02
201200017922,0,31,000,00,0,0,10,A01
201200017923,0,07,000,00,1,1,01,A01
201200017924,0,07,000,03,0,1,01,A01
201200017925,0,07,000,00,1,3,01,A01
201200017926,0,07,000,00,2,2,01,C03
201200017926,0,07,000,00,2,2,01,A01
201200017926,0,07,000,00,2,8,01,B02
201200017927,0,07,000,16,0,1,01,A01
201200017928,0,33,000,00,2,7,02,A01
201200017928,0,07,000,00,9,8,02,B02
201200017929,0,07,000,00,2,3,01,A01
201200017929,0,07,000,00,2,2,17,B02
201200017930,0,07,000,00,2,8,13,A01
201200017930,0,07,000,00,2,8,01,B02
201200017931,0,33,000,00,2,4,23,B02
201200017931,0,07,000,00,2,5,23,A01
201200017931,0,33,000,00,2,7,23,C03
201200017931,0,07,000,00,2,1,02,D04
201200017932,0,07,000,00,2,1,13,A01
201200017932,0,07,000,00,2,1,01,B02
201200017933,0,07,000,13,0,3,13,A01
201200017934,0,07,000,13,0,1,01,A01
201200017935,0,07,000,00,2,8,10,A01
201200017935,0,38,000,00,2,1,01,B02
201200017936,0,10,000,00,1,1,01,A01
201200017937,0,07,000,00,9,3,09,A01
201200017937,0,01,000,00,2,7,09,B02
201200017938,0,07,000,13,0,3,01,A01
201200017939,0,10,000,13,0,1,14,A01
201200017940,0,07,000,00,0,1,01,B02
201200017940,0,07,000,00,0,1,01,A01
201200017941,0,07,000,16,0,3,01,A01
201200017942,0,07,000,00,2,1,01,B02
201200017942,0,31,000,00,2,1,05,A01
201200017943,0,07,000,10,0,1,14,A01
201200017944,0,07,000,02,0,8,01,A01
201200017945,0,07,000,00,1,4,04,A01
201200017946,0,07,000,06,0,1,01,A01
201200017947,0,07,000,00,2,1,13,A01
201200017947,0,07,000,00,2,1,01,B02
201200017948,0,33,000,16,0,3,01,A01
201200017948,0,33,000,13,0,3,01,C03
201200017948,0,33,000,13,0,3,01,B02
201200017949,0,33,000,00,0,0,14,A01
201200017950,0,07,000,00,2,3,09,B02
201200017950,0,07,000,00,2,2,01,A01
201200017951,0,07,000,00,2,3,01,A01
201200017951,0,30,000,00,2,3,06,B02
201200017952,0,07,000,06,0,1,01,A01
201200017953,0,10,000,00,2,3,01,B02
201200017953,0,07,000,00,2,1,01,C03
201200017953,0,07,000,04,2,9,01,A01
201200017954,0,07,000,00,0,1,13,B02
201200017954,0,15,000,00,2,2,01,A01
201200017955,0,10,000,00,2,3,13,A01
201200017955,0,07,000,09,2,3,01,B02
201200017956,0,10,000,00,2,2,15,B02
201200017956,0,33,000,00,2,2,01,A01
201200017957,0,07,000,06,0,1,01,A01
201200017958,0,07,000,00,2,2,01,B02
201200017958,0,31,000,00,2,1,15,A01
201200017959,0,14,000,13,0,7,14,A01
201200017960,0,33,000,00,2,3,01,A01
201200017960,0,14,000,00,2,8,01,B02
201200017961,0,07,000,00,2,1,13,B02
201200017961,0,07,000,00,2,1,01,A01
201200017962,0,07,000,05,0,1,14,A01
201200017963,0,33,000,13,0,1,01,A01
201200017964,0,07,000,13,0,8,01,A01
201200017965,0,07,000,02,0,3,01,A01
201200017966,0,10,000,00,2,3,01,A01
201200017966,0,30,000,00,2,1,17,B02
201200017967,0,01,000,00,2,8,01,A01
201200017967,0,33,000,00,2,8,13,B02
201200017968,0,07,000,00,2,1,13,A01
201200017968,0,07,000,00,2,1,01,B02
201200017969,0,07,000,00,0,8,01,B02
201200017969,0,02,000,00,2,3,00,A01
201200017969,0,07,000,00,0,4,02,C03
201200017970,0,07,000,00,9,2,15,A01
201200017970,0,01,000,00,2,1,01,B02
201200017971,0,33,000,00,2,1,13,A01
201200017971,0,10,000,00,2,3,01,B02
201200017972,0,07,000,13,0,2,13,A01
201200017973,0,07,000,00,0,3,15,A01
201200017973,0,31,000,00,2,1,01,B02
201200017974,0,33,000,00,2,1,00,A01
201200017974,0,07,000,00,2,2,19,B02
201200017975,0,32,000,07,0,2,01,A01
201200017976,0,02,000,00,2,1,01,B02
201200017976,0,10,000,00,2,8,19,A01
201200017977,0,07,000,00,2,3,01,B02
201200017977,0,07,000,00,2,3,13,A01
201200017978,0,02,000,00,2,1,01,A01
201200017978,0,21,000,00,2,1,01,B02
201200017979,0,07,000,16,0,9,01,A01
201200017980,0,17,000,00,2,1,02,A01
201200017980,0,17,000,00,2,6,13,B02
201200017980,0,17,000,00,2,4,01,C03
201200017980,0,17,000,00,0,4,01,D04
201200017981,0,07,000,00,2,8,13,A01
201200017981,0,15,000,00,2,8,01,B02
201200017982,0,07,000,13,0,3,17,A01
201200017983,0,31,000,16,0,7,14,A01
201200017984,0,07,000,00,2,3,10,A01
201200017984,0,30,000,00,2,1,01,B02
201200017985,0,07,000,00,2,2,01,A01
201200017985,0,01,000,00,2,1,19,B02
201200017986,0,07,000,02,0,2,14,A01
201200017987,0,07,000,00,2,3,15,A01
201200017987,0,07,000,00,2,2,01,B02
201200017988,0,33,000,00,2,7,01,A01
201200017988,0,07,000,00,9,1,19,B02
201200017989,0,07,000,08,0,5,18,A01
201200017990,0,15,000,00,2,3,01,A01
201200017990,0,15,000,00,2,4,23,B02
201200017990,0,07,000,00,2,4,01,C03
201200017990,0,07,000,00,2,4,01,D04
201200017990,0,07,000,00,2,4,01,E05
201200017990,0,07,000,00,2,1,01,F06
201200017990,0,07,000,02,2,1,01,G07
201200017991,0,07,000,02,0,1,14,A01
201200017992,0,07,000,00,2,1,01,B02
201200017992,0,07,000,00,0,7,19,A01
201200017993,0,31,000,07,0,1,01,A01
201200017994,0,07,000,00,4,7,01,A01
201200017994,0,39,040,00,2,1,01,B02
201200017995,0,07,000,00,2,8,01,A01
201200017995,0,07,000,00,2,1,19,B02
201200017996,0,33,000,03,0,1,01,A01
201200017997,0,07,000,00,1,3,21,A01
201200017998,0,07,000,06,0,3,01,A01
201200017999,0,07,000,10,0,1,14,A01
201200018000,0,01,000,00,2,1,01,A01
201200018000,0,07,000,00,2,3,01,B02
201200018001,0,33,000,13,0,7,01,A01
201200018002,0,07,000,00,2,2,14,A01
201200018002,0,10,000,01,0,3,14,B02
201200018002,0,07,000,01,0,1,02,C03
201200018003,0,14,000,13,0,7,01,A01
201200018004,0,07,000,00,2,1,01,B02
201200018004,0,30,000,00,2,1,15,A01
201200018005,0,07,000,08,0,1,13,A01
201200018006,0,07,000,02,0,2,01,A01
201200018007,0,07,000,00,2,1,13,A01
201200018007,0,07,000,00,2,1,01,B02
201200018007,0,07,000,00,2,3,01,C03
201200018008,0,07,000,00,2,1,13,A01
201200018008,0,14,000,00,2,3,01,B02
201200018009,0,07,000,02,0,1,01,A01
201200018010,0,07,000,00,2,9,01,A01
201200018010,0,07,000,00,2,1,01,B02
201200018011,0,07,000,00,2,1,01,A01
201200018011,0,33,000,00,2,1,01,B02
201200018012,0,07,000,03,0,9,02,A01
201200018013,0,33,000,00,2,1,06,A01
201200018013,0,10,000,00,2,7,24,B02
201200018014,0,07,000,02,0,7,01,A01
201200018015,0,02,000,00,2,1,18,A01
201200018015,0,07,000,00,2,7,16,B02
201200018016,0,07,000,13,0,3,01,A01
201200018017,0,07,000,00,1,2,01,A01
201200018018,0,07,000,00,2,5,19,A01
201200018018,0,07,000,00,2,2,01,B02
201200018019,0,31,000,00,2,5,16,B02
201200018019,0,07,000,00,2,1,09,A01
201200018020,0,07,000,13,0,8,01,A01
201200018021,0,07,000,00,2,7,19,A01
201200018021,0,02,000,00,2,1,01,B02
201200018022,0,10,000,00,2,1,01,A01
201200018022,0,07,000,00,2,6,15,B02
201200018023,0,01,000,00,2,8,01,A01
201200018023,0,07,000,00,2,7,01,B02
201200018024,0,07,000,00,2,3,19,A01
201200018024,0,02,000,00,2,1,01,B02
201200018025,0,07,000,06,0,2,14,A01
201200018026,0,07,000,00,2,3,15,A01
201200018026,0,07,000,00,2,3,01,B02
201200018027,0,07,000,00,0,9,01,A01
201200018028,0,31,000,12,0,1,01,A01
201200018029,0,07,000,00,2,3,01,B02
201200018029,0,07,000,00,2,3,13,A01
201200018030,0,33,000,16,0,9,01,A01
201200018031,0,07,000,06,0,1,01,A01
201200018032,0,10,000,00,2,3,01,B02
201200018032,0,07,000,00,2,2,19,A01
201200018033,0,07,000,02,0,3,01,A01
201200018034,0,07,000,00,0,8,01,A01
201200018035,0,10,000,00,2,3,13,A01
201200018035,0,31,000,00,2,3,01,B02
201200018036,0,07,000,00,2,1,01,A01
201200018036,0,02,000,00,2,1,15,B02
201200018037,0,07,000,00,1,2,01,A01
201200018038,0,15,000,00,2,1,01,B02
201200018038,0,07,000,00,2,1,17,A01
201200018039,0,31,000,00,2,1,13,A02
201200018039,0,07,000,00,2,2,01,B02
201200018040,0,07,000,00,2,8,01,B02
201200018040,0,07,000,00,2,8,01,A01
201200018041,0,07,000,02,0,1,01,A01
201200018042,0,07,000,00,2,3,00,B02
201200018042,0,07,000,06,2,6,13,A01
201200018043,0,07,000,00,0,2,01,A01
201200018044,0,07,000,13,0,9,14,A01
201200018045,0,07,000,00,2,2,01,A01
201200018045,0,03,000,00,2,6,13,B02
201200018046,0,33,000,00,6,1,01,A01
201200018047,0,07,000,16,0,0,14,A01
201200018048,0,07,000,00,2,7,16,B02
201200018048,0,30,000,00,2,1,02,A01
201200018049,0,10,000,13,0,3,13,A01
201200018050,0,30,000,00,2,7,21,A01
201200018050,0,07,000,00,2,3,15,B02
201200018051,0,07,000,10,0,3,01,A01
201200018052,0,07,000,00,2,1,17,A01
201200018053,0,07,000,00,0,3,10,A01
201200018053,0,07,000,00,2,2,01,B02
201200018054,0,15,000,00,2,1,13,B02
201200018054,0,07,000,00,2,1,13,A01
201200018055,0,07,000,13,0,1,01,A01
201200018056,0,02,000,00,2,1,02,A01
201200018056,0,07,000,00,2,4,02,B02
201200018057,0,07,000,02,0,2,14,A01
201200018058,0,10,000,16,0,9,01,A01
201200018059,0,10,000,00,2,8,01,B02
201200018059,0,02,000,00,2,1,01,A01
201200018060,0,07,000,16,0,9,14,A01
201200018061,0,07,000,00,1,3,01,A01
201200018062,0,30,000,00,2,1,01,B02
201200018062,0,07,000,00,2,2,01,A01
201200018063,0,07,000,08,0,2,01,A01
201200018064,0,31,000,06,0,2,14,A01
201200018065,0,14,000,00,2,3,01,A01
201200018065,0,07,000,00,2,3,01,B02
201200018066,0,31,000,15,0,1,11,A01
201200018067,0,07,000,00,0,1,00,B02
201200018067,0,07,000,00,0,1,00,A01
201200018068,0,07,000,13,0,0,13,A01
201200018069,0,33,000,01,0,3,00,A01
201200018069,0,10,000,00,0,5,23,B02
201200018070,0,02,000,00,0,2,01,A01
201200018071,0,07,000,00,2,7,15,A01
201200018071,0,15,000,00,2,1,01,B02
201200018072,0,07,000,08,0,2,01,A01
201200018073,0,07,000,02,0,8,01,A01
201200018074,0,36,000,10,0,0,01,A01
201200018075,0,07,000,00,1,1,01,A01
201200018076,0,07,000,00,0,2,01,A01
201200018076,0,31,000,00,0,7,13,B02
201200018077,0,07,000,02,0,1,01,A01
201200018078,0,07,000,00,1,1,21,A01
201200018079,0,07,000,08,0,2,13,A01
201200018080,0,07,000,00,2,3,13,A01
201200018080,0,07,000,00,2,3,01,B02
201200018081,0,33,000,00,2,1,01,B02
201200018081,0,07,000,00,2,5,09,A01
201200018082,0,07,000,00,2,1,01,B02
201200018082,0,07,000,00,2,2,15,A01
201200018082,0,07,000,00,2,1,23,C03
201200018083,0,07,000,06,0,3,13,A01
201200018084,0,07,000,13,0,9,15,A01
201200018085,0,10,000,00,2,1,01,A01
201200018085,0,02,000,00,2,8,10,B02
201200018086,0,07,000,00,2,1,10,B02
201200018086,0,07,000,00,2,2,01,A01
201200018087,0,07,000,00,2,2,15,A01
201200018087,0,07,000,00,2,3,01,B02
201200018087,0,07,000,00,2,8,23,C03
201200018088,0,07,000,00,0,6,19,A01
201200018088,0,33,000,00,0,1,01,B02
201200018089,0,01,000,00,0,6,16,B02