Num_Acc,senc,catv,occutc,obs,obsm,choc,manv,num_veh
201200018089,0,07,000,00,2,1,01,A01
201200018090,0,02,000,00,0,4,15,B02
201200018090,0,13,000,00,2,2,17,A01
201200018091,0,07,000,00,2,1,01,A01
201200018091,0,10,000,00,2,3,10,B02
201200018092,0,30,000,02,0,1,01,A01
201200018093,0,07,000,02,0,9,17,A01
201200018094,0,07,000,16,0,9,13,A01
201200018095,0,07,000,00,0,1,13,A01
201200018095,0,07,000,00,0,8,01,B02
201200018096,0,10,000,00,0,1,01,B02
201200018096,0,07,000,00,0,7,01,A01
201200018097,0,07,000,08,0,9,14,A01
201200018098,0,07,000,00,0,1,01,A01
201200018098,0,02,000,00,0,1,13,B02
201200018099,0,33,000,13,0,1,01,A01
201200018100,0,07,000,08,0,3,01,A01
201200018101,0,07,000,02,0,1,01,A01
201200018102,0,07,000,00,2,2,01,A01
201200018102,0,32,000,00,2,1,05,B02
201200018103,0,07,000,00,1,2,01,A01
201200018104,0,07,000,00,2,8,01,A01
201200018104,0,10,000,00,2,1,01,B02
201200018105,0,07,000,00,1,2,01,A01
201200018106,0,01,000,00,0,4,01,B02
201200018106,0,07,000,00,9,2,02,A01
201200018107,0,07,000,02,0,3,13,A01
201200018108,0,33,000,00,2,1,13,A01
201200018108,0,07,000,00,2,1,01,B02
201200018109,0,07,000,00,2,2,01,A01
201200018109,0,02,000,00,2,4,01,B02
201200018110,0,30,000,01,0,1,01,A01
201200018111,0,31,000,00,2,1,01,A01
201200018111,0,02,000,00,2,1,01,B02
201200018112,0,07,000,00,2,1,11,A01
201200018112,0,07,000,00,2,1,01,B02
201200018113,0,10,000,00,2,2,15,A01
201200018113,0,33,000,00,2,7,21,B02
201200018114,0,07,000,00,2,1,11,A01
201200018114,0,10,000,00,2,3,01,B02
201200018115,0,07,000,16,0,3,01,A01
201200018116,0,30,000,08,0,1,01,A01
201200018117,0,17,000,00,2,2,01,A01
201200018117,0,07,000,00,2,5,19,B02
201200018118,1,14,000,00,0,8,13,A01
201200018118,0,17,000,00,2,3,01,B01
201200018119,0,15,000,00,2,3,01,C03
201200018119,0,15,000,00,2,3,01,B02
201200018119,0,15,000,00,2,3,13,A01
201200018120,0,07,000,15,0,9,01,A01
201200018121,0,07,000,00,2,3,01,A01
201200018121,0,30,000,00,2,5,01,B02
201200018122,0,07,000,00,1,1,13,A01
201200018123,0,07,000,02,0,2,01,A01
201200018124,0,10,000,00,2,1,19,A01
201200018124,0,07,000,00,2,6,01,B02
201200018125,0,07,000,13,0,3,13,A01
201200018126,0,07,000,02,0,2,01,A01
201200018127,0,07,000,13,0,2,14,A01
201200018128,0,33,000,00,2,1,17,A01
201200018128,0,07,000,00,2,3,01,B02
201200018129,0,07,000,00,2,2,01,B02
201200018129,0,07,000,00,2,3,16,A01
201200018130,0,07,000,00,2,3,01,B02
201200018130,0,10,000,00,2,2,19,A01
201200018131,0,07,000,00,2,2,17,A01
201200018132,0,07,000,06,0,3,13,A01
201200018133,0,33,000,00,6,1,01,A01
201200018134,0,07,000,00,2,4,13,A01
201200018134,0,14,000,00,2,2,01,B02
201200018135,0,36,000,00,9,0,01,A01
201200018136,0,07,000,00,2,7,21,A01
201200018136,0,07,000,00,1,8,02,B02
201200018137,0,30,000,00,2,3,01,A01
201200018137,0,07,000,00,2,3,01,B02
201200018138,0,07,000,03,0,1,01,A01
201200018139,0,07,000,00,2,8,01,A01
201200018139,0,07,000,00,2,8,01,B02
201200018140,0,07,000,00,1,3,01,A01
201200018141,0,07,000,00,2,3,01,A01
201200018141,0,33,000,00,2,1,01,B02
201200018142,0,33,000,00,2,1,01,B02
201200018142,0,01,000,00,2,7,01,A01
201200018143,0,31,000,00,2,1,01,A01
201200018143,0,07,000,00,2,2,15,B02
201200018144,0,07,000,00,2,2,15,A01
201200018144,0,33,000,00,2,1,16,B02
201200018145,0,03,000,00,2,3,19,A01
201200018145,0,07,000,00,2,2,00,B02
201200018146,0,30,000,00,2,1,01,A01
201200018146,0,10,000,00,2,8,01,B02
201200018147,0,07,000,00,2,7,17,A01
201200018147,0,07,000,00,2,1,01,B02
201200018148,0,07,000,00,2,1,01,B02
201200018148,0,07,000,00,2,5,01,A01
201200018149,0,07,000,02,0,7,14,A01
201200018150,0,14,000,00,2,3,13,A01
201200018150,0,33,000,00,2,1,01,B02
201200018150,0,33,000,00,2,1,01,C03
201200018151,0,10,000,00,1,2,01,A01
201200018152,0,33,000,00,6,9,01,A01
201200018153,0,01,000,00,0,1,01,B02
201200018153,0,10,000,00,0,3,15,A01
201200018154,0,33,000,00,2,1,17,A01
201200018154,0,07,000,00,2,8,15,B02
201200018155,0,07,000,00,2,3,01,A01
201200018155,0,15,000,00,2,3,00,B02
201200018156,0,01,000,00,2,8,15,A01
201200018156,0,07,000,00,2,2,01,B02
201200018157,0,33,000,00,2,1,01,B01
201200018157,0,07,000,00,2,2,15,A01
201200018158,0,07,000,00,2,1,01,B02
201200018158,0,07,000,00,2,7,13,A01
201200018159,0,36,000,00,0,8,01,A01
201200018160,0,33,000,03,0,8,13,A01
201200018161,0,02,000,12,0,1,01,A01
201200018162,0,33,000,13,0,8,01,A01
201200018163,0,33,000,00,0,4,01,B02
201200018163,0,33,000,00,2,1,01,A01
201200018164,0,07,000,00,2,5,01,A01
201200018164,0,07,000,00,2,1,01,B02
201200018165,0,01,000,00,2,5,19,A01
201200018165,0,07,000,00,2,1,01,B02
201200018166,0,07,000,01,0,3,01,A01
201200018167,0,07,000,01,0,9,13,A01
201200018168,0,02,000,00,2,1,01,B02
201200018168,0,07,000,00,2,1,15,A01
201200018169,0,07,000,02,0,2,01,A01
201200018170,0,07,000,02,0,1,01,A01
201200018171,0,07,000,00,2,8,17,A01
201200018171,0,10,000,00,2,3,01,B02
201200018171,0,14,000,00,2,3,01,C03
201200018172,0,10,000,00,2,2,19,A01
201200018172,0,07,000,00,2,1,01,B02
201200018173,0,14,000,00,0,1,16,A01
201200018173,0,01,000,00,0,8,01,B02
201200018174,0,31,000,00,2,7,23,B02
201200018174,0,14,000,00,2,4,04,A01
201200018175,0,07,000,00,1,4,04,A01
201200018176,0,07,000,02,0,3,19,A01
201200018177,0,07,000,02,0,6,19,A01
201200018178,0,07,000,00,2,3,11,C03
201200018178,0,07,000,00,2,1,01,B02
201200018178,0,07,000,00,2,1,13,A01
201200018179,0,07,000,06,0,3,01,A01
201200018180,0,07,000,00,2,1,13,A01
201200018180,0,07,000,00,2,1,01,B02
201200018181,0,07,000,02,0,4,15,B02
201200018181,0,07,000,00,2,1,01,A01
201200018182,0,31,000,02,0,1,14,A01
201200018183,0,07,000,13,0,2,01,A01
201200018184,0,07,000,08,0,8,01,A01
201200018185,0,10,000,00,2,1,01,A01
201200018185,0,01,000,00,2,8,15,B02
201200018186,0,10,000,08,0,1,00,A01
201200018187,0,30,000,00,2,1,01,A01
201200018187,0,07,000,00,2,0,01,B02
201200018188,0,07,000,06,0,2,01,A01
201200018189,0,33,000,16,0,1,00,A01
201200018190,0,07,000,13,2,2,13,A01
201200018190,0,07,000,00,2,1,01,B02
201200018191,0,33,000,08,0,1,17,A01
201200018192,0,07,000,02,0,8,01,A01
201200018193,0,30,000,00,2,1,13,A01
201200018193,0,10,000,00,2,3,01,B02
201200018194,0,30,000,01,0,2,01,A01
201200018195,0,33,000,02,0,1,01,A01
201200018196,0,10,000,00,2,3,17,A01
201200018196,0,07,000,00,2,3,01,B02
201200018197,0,07,000,02,0,1,01,A01
201200018198,0,10,000,06,0,7,01,A01
201200018199,0,33,000,08,0,1,01,A01
201200018200,0,07,000,12,0,8,01,A01
201200018201,0,07,000,00,2,3,13,B02
201200018201,0,10,000,00,2,3,01,A01
201200018202,0,15,000,02,0,1,01,A01
201200018203,0,01,000,00,2,6,13,B02
201200018203,0,07,000,00,2,2,17,A01
201200018204,0,30,000,03,0,3,01,A01
201200018205,0,02,000,00,2,1,01,B02
201200018205,0,15,000,00,2,6,01,A01
201200018206,0,07,000,08,0,2,01,A01
201200018207,0,07,000,16,0,2,01,A01
201200018208,0,10,000,13,0,1,17,A01
201200018209,0,17,000,13,0,1,01,A01
201200018210,0,07,000,00,2,2,01,A01
201200018210,0,07,000,00,2,1,01,B02
201200018211,0,33,000,13,0,1,01,A01
201200018212,0,33,000,00,0,6,01,A01
201200018212,0,14,000,00,2,5,17,B02
201200018213,0,30,000,00,2,1,01,A01
201200018213,0,07,000,00,0,7,01,B02
201200018214,0,07,000,00,2,1,01,C03
201200018214,0,07,000,00,2,1,13,B02
201200018214,0,17,000,02,2,3,21,A01
201200018215,0,07,000,00,2,1,01,B02
201200018215,0,07,000,00,2,8,01,A01
201200018216,0,07,000,00,2,8,01,A01
201200018216,0,07,000,00,2,1,01,B02
201200018217,0,07,000,00,2,3,01,B02
201200018217,0,07,000,00,2,3,17,A01
201200018218,0,07,000,16,0,9,01,A01
201200018219,0,33,000,16,0,7,01,A01
201200018220,0,07,000,00,0,8,01,B02
201200018220,0,07,000,00,2,1,01,A01
201200018221,0,33,000,01,2,2,17,A01
201200018221,0,07,000,00,2,8,15,B02
201200018222,0,17,000,00,2,3,15,A01
201200018222,0,33,000,00,2,1,01,B02
201200018223,0,31,000,08,0,1,01,A01
201200018224,0,36,000,10,0,1,01,A01
201200018225,0,07,000,00,2,1,17,A01
201200018225,0,21,000,00,0,4,15,B02
201200018226,0,07,000,00,2,2,01,A01
201200018226,0,07,000,00,2,1,15,B02
201200018227,0,07,000,00,2,8,01,C03
201200018227,0,07,000,00,2,3,01,B02
201200018227,0,33,000,00,2,1,17,A01
201200018228,0,07,000,00,1,3,01,A01
201200018229,0,07,000,16,0,9,01,A01
201200018230,0,07,000,00,2,1,01,B02
201200018230,0,07,000,00,2,1,15,A01
201200018231,0,07,000,12,0,1,01,A01
201200018232,0,21,000,00,2,7,01,A01
201200018232,0,07,000,00,2,1,16,B02
201200018233,0,14,000,00,0,4,01,A01
201200018233,0,02,000,00,2,1,01,B02
201200018234,0,01,000,01,0,1,01,B02
201200018234,0,15,000,00,0,4,23,A01
201200018235,0,07,000,00,0,0,09,B02
201200018235,0,07,000,00,2,3,01,C03
201200018235,0,21,000,00,2,3,03,A01
201200018236,0,07,000,00,2,2,13,A01
201200018236,0,07,000,00,2,1,01,B02
201200018237,0,02,000,00,2,1,01,A01
201200018238,0,30,000,00,2,0,01,A01
201200018239,0,02,000,00,2,8,09,A01
201200018240,0,07,000,00,2,1,13,B02
201200018240,0,07,000,00,2,1,01,A01
201200018241,0,07,000,00,2,3,21,A01
201200018241,0,07,000,00,2,3,01,B02
201200018242,0,07,000,00,2,1,13,A01
201200018242,0,07,000,00,2,3,01,B02
201200018243,0,07,000,00,1,4,04,A01
201200018244,0,07,000,13,0,9,14,A01
201200018245,0,07,000,00,2,1,02,A01
201200018245,0,07,000,00,0,4,15,B02
201200018246,0,07,000,00,2,1,01,A01
201200018246,0,15,000,00,2,8,15,B02
201200018247,0,31,000,00,0,0,01,A01
201200018248,0,03,000,00,2,1,01,A01
201200018248,0,07,000,00,2,4,01,B02
201200018249,0,07,000,00,6,0,21,A01
201200018250,0,30,000,16,0,7,01,A01
201200018251,0,07,000,00,1,1,01,A01
201200018252,0,07,000,00,2,3,01,B02
201200018252,0,07,000,00,2,5,15,A01
201200018253,0,07,000,00,0,7,01,A01
201200018253,0,01,000,00,2,1,16,B02
201200018254,0,33,000,00,2,1,01,B02
201200018254,0,02,000,00,2,8,01,A01
201200018255,0,07,000,06,0,1,01,A01
201200018256,0,14,000,00,2,5,01,B02
201200018256,0,07,000,06,2,1,01,A01
201200018256,0,14,000,00,2,7,01,C03
201200018257,0,07,000,00,1,4,04,A01
201200018258,0,07,000,03,0,3,17,A01
201200018258,0,07,000,00,2,4,17,B02
201200018258,0,15,000,00,2,2,01,C03
201200018259,0,30,000,00,2,1,01,B02
201200018259,0,07,000,00,2,6,04,A01
201200018260,0,07,000,00,2,3,01,A01
201200018260,0,02,000,00,2,2,19,B02
201200018261,0,33,000,00,2,1,13,A01
201200018261,0,07,000,00,2,3,01,B02
201200018262,0,99,000,01,0,1,01,A01
201200018263,0,07,000,00,2,1,13,A01
201200018263,0,10,000,00,2,3,01,B02
201200018264,0,14,000,00,2,7,19,B02
201200018264,0,33,000,00,2,1,01,A01
201200018265,0,07,000,00,2,3,13,A01
201200018265,0,15,000,00,2,3,01,B02
201200018266,0,07,000,00,2,2,01,A01
201200018266,0,07,000,00,2,3,15,B02
201200018267,0,07,000,00,2,3,01,B02
201200018267,0,07,000,00,2,3,01,A01
201200018268,0,07,000,03,0,9,13,A01
201200018269,0,07,000,00,1,2,01,A01
201200018270,0,07,000,00,9,1,01,A01
201200018271,0,07,000,00,0,1,01,B02
201200018271,0,07,000,00,0,4,02,A01
201200018272,0,39,000,00,1,3,01,A01
201200018273,0,07,000,00,2,1,01,B02
201200018273,0,07,000,00,2,1,13,A01
201200018274,0,07,000,00,2,1,01,A01
201200018274,0,07,000,00,2,4,01,B02
201200018275,0,33,000,13,0,1,13,A01
201200018276,0,02,000,00,0,8,01,A01
201200018277,0,07,000,00,2,1,01,B02
201200018277,0,07,000,00,2,1,13,A01
201200018278,0,07,000,00,2,3,01,B02
201200018278,0,07,000,00,2,3,01,A01
201200018279,0,17,000,16,0,3,01,A01
201200018280,0,07,000,00,2,3,17,A01
201200018280,0,10,000,00,2,3,01,B02
201200018281,0,07,000,00,2,1,01,B02
201200018281,0,07,000,00,2,7,13,A01
201200018282,0,07,000,00,2,1,01,B02
201200018282,0,07,000,00,2,1,17,A01
201200018283,0,07,000,00,2,8,19,B02
201200018283,0,10,000,00,2,1,01,A01
201200018284,0,07,000,00,1,7,09,A01
201200018285,0,07,000,00,2,3,13,A01
201200018285,0,17,000,00,2,3,01,B02
201200018286,0,07,000,02,0,1,13,A01
201200018287,0,07,000,00,2,3,09,A01
201200018287,0,30,000,00,2,1,01,B02
201200018288,0,30,000,00,2,1,01,B02
201200018288,0,07,000,00,2,3,13,A01
201200018289,0,33,000,00,0,3,01,B02
201200018289,0,07,000,00,0,3,19,A01
201200018290,0,03,000,02,0,1,01,A01
201200018291,1,15,000,00,2,0,01,B02
201200018291,0,02,000,00,2,1,16,A01
201200018292,0,33,000,06,0,1,01,A01
201200018293,0,07,000,02,0,8,15,B02
201200018293,2,07,000,00,2,1,17,A01
201200018294,0,07,000,00,1,1,13,A01
201200018295,0,01,000,00,0,0,13,B02
201200018295,0,21,000,00,2,6,01,A01
201200018296,0,02,000,04,0,1,01,A01
201200018297,0,30,000,00,2,1,01,B02
201200018297,0,07,000,00,2,7,15,A01
201200018298,0,07,000,00,1,2,01,A01
201200018299,0,30,000,00,2,1,01,A01
201200018299,0,07,000,00,2,3,09,B02
201200018300,0,02,000,00,0,8,01,A01
201200018301,0,30,000,00,2,1,01,B02
201200018301,0,07,000,00,2,1,01,A01
201200018302,0,07,000,03,1,2,14,A01
201200018303,0,07,000,00,0,3,13,A01
201200018303,0,10,000,00,0,6,01,B02
201200018303,0,07,000,00,2,1,01,C03
201200018304,0,07,000,00,1,3,09,A01
201200018305,0,07,000,00,0,6,11,A01
201200018305,0,33,000,00,2,2,17,B02
201200018306,0,07,000,03,2,1,17,A01
201200018306,0,07,000,03,0,4,02,B02
201200018307,0,07,000,00,2,3,13,A01
201200018307,0,07,000,00,2,3,01,B02
201200018308,0,10,000,13,0,8,01,B02
201200018308,0,07,000,00,2,5,14,A01
201200018309,0,07,000,00,2,3,13,A01
201200018309,0,33,000,00,2,1,01,B02
201200018310,0,07,000,00,2,3,00,B02
201200018310,0,34,000,00,2,0,00,A01
201200018311,0,33,000,06,0,3,00,A01
201200018312,0,31,000,00,2,1,01,B02
201200018312,0,07,000,06,2,1,13,A01
201200018313,0,07,000,00,2,1,01,A01
201200018313,0,07,000,00,2,7,13,B02
201200018313,0,07,000,00,0,0,01,C03
201200018314,0,01,000,00,0,0,21,A01
201200018314,0,07,000,00,0,0,15,B02
201200018315,0,07,000,13,0,3,01,A01
201200018316,0,07,000,00,2,3,01,A01
201200018316,0,07,000,00,2,3,01,B02
201200018317,0,10,000,00,2,3,01,B02
201200018317,0,07,000,00,2,3,13,A01
201200018318,0,33,000,00,0,0,01,A01
201200018319,0,07,000,03,0,9,13,A01
201200018320,0,07,000,00,2,3,09,A01
201200018320,0,33,000,00,2,1,01,B02
201200018321,0,33,000,02,0,1,01,A01
201200018322,0,07,000,06,2,1,01,B02
201200018322,0,07,000,00,2,1,13,A01
201200018322,0,07,000,00,2,5,21,C03
201200018323,0,07,000,13,0,6,00,A01
201200018324,0,07,000,00,2,2,19,A01
201200018324,0,07,000,00,2,5,23,B01
201200018324,0,07,000,00,2,3,01,C01
201200018325,0,33,000,12,0,1,01,A01
201200018326,0,07,000,00,2,1,01,C01
201200018326,0,07,000,00,2,8,16,D01
201200018326,0,33,000,00,2,1,01,A01
201200018326,0,07,000,00,2,7,15,B01
201200018327,0,07,000,00,2,1,13,A01
201200018327,0,07,000,00,2,1,01,B01
201200018328,0,36,000,06,0,3,01,A01
201200018329,0,01,000,00,0,0,01,A01
201200018330,0,33,000,00,2,7,13,A01
201200018330,0,07,000,00,2,2,01,B01
201200018331,0,07,000,00,2,2,01,B01
201200018331,0,07,000,13,2,1,13,A01
201200018332,0,36,000,06,0,1,01,A01
201200018333,0,07,000,00,0,1,23,C01
201200018333,0,16,000,00,0,4,15,A01
201200018333,0,07,000,00,2,1,17,B01
201200018334,0,07,000,00,2,1,13,A01
201200018334,0,07,000,00,2,3,01,B01
201200018335,0,07,000,00,2,5,15,B01
201200018335,0,07,000,00,2,2,01,C01
201200018335,0,07,000,14,0,3,17,A01
201200018336,0,10,000,00,2,1,13,A01
201200018336,0,10,000,00,2,1,02,C01
201200018336,0,07,000,00,2,1,01,B01
201200018337,0,07,000,00,2,2,01,B02
201200018337,0,02,000,00,2,8,16,A01
201200018338,0,33,000,01,0,1,01,A01
201200018339,0,07,000,00,2,3,13,A01
201200018339,0,07,000,00,2,3,01,B01
201200018340,0,07,000,00,2,8,15,B01
201200018340,0,33,000,00,2,7,17,A01
201200018341,0,07,000,00,0,1,01,A01
201200018342,0,07,000,00,2,8,01,C01
201200018342,0,07,000,00,2,3,13,A01
201200018342,0,15,000,00,2,3,01,B01
201200018343,0,10,000,00,2,2,19,A01
201200018343,0,07,000,00,2,1,23,C03
201200018343,0,07,000,00,2,1,01,B02
201200018344,0,07,000,00,2,3,13,A01
201200018344,0,07,000,00,2,2,21,B01
201200018345,0,07,000,00,2,1,01,B01
201200018345,0,07,000,00,2,2,19,A01
201200018346,0,07,000,00,2,1,01,B01
201200018346,0,10,000,00,2,3,15,A01
201200018347,0,02,000,13,0,1,01,C01
201200018347,0,02,000,00,2,1,01,A01
201200018347,0,07,000,00,2,3,15,B01
201200018348,0,07,000,00,0,4,02,B01
201200018348,0,07,000,00,2,1,02,A01
201200018349,0,07,000,00,1,2,01,A01
201200018350,0,07,000,00,2,1,05,B02
201200018350,0,07,000,00,2,1,01,A01
201200018351,0,30,000,00,2,1,15,A01
201200018351,0,07,000,00,2,2,01,B01
201200018352,0,30,000,00,2,1,17,C01
201200018352,0,30,000,00,2,1,17,B01
201200018352,0,07,000,00,2,3,01,A01
201200018353,0,10,000,06,0,1,01,A01
201200018354,0,33,000,00,0,0,13,A01
201200018355,0,07,000,00,2,1,01,B01
201200018355,0,10,000,00,2,1,13,A01
201200018356,0,31,000,02,0,1,01,A01
201200018357,0,07,000,00,,7,17,B02
201200018357,0,07,000,00,2,6,17,A01
201200018358,0,07,000,00,2,8,10,A01
201200018358,0,07,000,00,2,1,01,B02
201200018359,0,30,000,00,0,1,13,A01
201200018359,0,07,000,00,0,3,00,B02
201200018360,0,33,000,13,0,1,14,A01
201200018361,0,31,000,00,2,1,14,A01
201200018361,0,33,000,00,2,1,01,B02
201200018362,0,07,000,00,2,3,13,A01
201200018362,0,07,000,00,2,3,16,B02
201200018363,0,10,000,00,2,1,01,B02
201200018363,0,30,000,00,2,8,01,A01
201200018364,0,07,000,00,2,2,17,A01
201200018364,0,07,000,00,2,3,15,B01
201200018365,0,30,000,02,0,1,01,A01
201200018366,0,07,000,00,2,6,02,A01
201200018366,0,33,000,00,2,1,17,B02
201200018367,0,07,000,00,1,3,01,A01
201200018368,0,07,000,13,0,1,14,A01
201200018369,0,33,000,13,0,1,01,A01
201200018370,0,30,000,00,2,1,17,A01
201200018370,0,07,000,00,2,3,16,B02
201200018371,0,07,000,00,2,3,17,A01
201200018371,0,07,000,13,2,2,17,B02
201200018372,0,37,000,13,0,3,01,A01
201200018373,0,01,000,00,2,3,09,A01
201200018373,0,07,000,00,2,2,01,B02
201200018374,0,01,000,13,0,3,01,A01
201200018375,0,10,000,00,2,3,01,B02
201200018375,0,07,000,00,2,2,15,A01
201200018376,0,07,000,02,0,9,01,A01
201200018377,0,07,000,00,2,3,13,A01
201200018377,0,15,000,00,2,3,01,B02
201200018378,0,07,000,00,2,1,01,B01
201200018378,0,07,000,00,2,4,23,A01
201200018379,0,31,000,00,0,0,01,A01
201200018379,0,21,000,00,0,0,01,B02
201200018380,0,07,000,08,0,3,13,A01
201200018381,0,07,000,02,0,3,01,A01
201200018382,0,07,000,00,2,1,13,A01
201200018382,0,07,000,00,2,1,01,B02
201200018382,0,07,000,00,2,3,01,C03
201200018383,0,07,000,00,2,1,01,A01
201200018383,0,07,000,00,0,4,01,B02
201200018384,0,15,000,00,0,3,01,A01
201200018385,0,02,000,00,2,4,15,B02
201200018385,0,07,000,00,2,1,02,A01
201200018386,0,07,000,00,2,3,13,A01
201200018386,0,07,000,00,2,3,01,B02
201200018387,0,02,000,00,2,8,01,A01
201200018387,0,01,000,00,2,1,09,B01
201200018388,0,01,000,00,0,0,01,A01
201200018389,0,01,000,00,0,0,01,A01
201200018390,0,07,000,00,2,8,21,C01
201200018390,0,07,000,00,2,1,01,B01
201200018390,0,33,000,00,2,1,17,A01
201200018391,0,36,000,06,0,2,01,A01
201200018392,0,15,000,00,2,6,13,A01
201200018392,0,07,000,00,9,1,01,C03
201200018392,0,07,000,00,2,3,01,B02
201200018393,0,36,000,00,0,9,01,A01
201200018394,0,07,000,08,0,7,01,A01
201200018395,0,15,000,00,2,3,15,A01
201200018395,0,02,000,12,2,1,17,B02
201200018396,0,07,000,00,0,6,15,A01
201200018396,0,10,000,13,2,8,21,B02
201200018396,0,07,000,00,2,2,13,C03
201200018397,0,01,000,00,2,2,01,B02
201200018397,0,10,000,00,9,6,20,A01
201200018398,0,07,000,00,2,1,21,B02
201200018398,0,07,000,01,2,8,10,A01
201200018399,0,07,000,00,2,3,09,B02
201200018399,0,07,000,00,2,1,01,A01
201200018400,0,07,000,00,2,1,01,A01
201200018400,0,07,000,00,2,6,01,B02
201200018401,0,07,000,00,0,3,19,B02
201200018401,0,07,000,00,0,2,01,A01
201200018402,0,17,000,00,2,2,13,A01
201200018402,0,07,000,13,2,7,21,B02
201200018403,0,07,000,00,1,2,01,A01
201200018404,0,07,000,00,2,3,01,B02
201200018404,0,03,000,00,2,2,15,A01
201200018405,0,33,000,08,0,1,01,A01
201200018406,0,07,000,00,1,4,04,A01
201200018407,0,07,000,00,1,1,01,A01
201200018408,0,30,000,15,2,2,01,B02
201200018408,0,07,000,00,2,3,11,A01
201200018409,0,07,000,00,2,3,13,A01
201200018409,0,15,000,00,2,3,01,B02
201200018410,0,07,000,00,2,3,15,A01
201200018410,0,07,000,00,2,2,17,B02
201200018411,0,07,000,13,0,1,01,A01
201200018412,1,07,000,00,1,2,17,A01
201200018413,0,07,000,00,2,1,01,B02
201200018413,0,07,000,00,2,1,13,A01
201200018414,0,37,000,00,9,8,01,B02
201200018414,0,34,000,00,9,3,01,A01
201200018415,0,07,000,08,0,2,01,A01
201200018416,0,07,000,00,2,4,21,A01
201200018416,0,30,000,00,2,1,02,B02
201200018417,0,07,000,00,2,1,02,B02
201200018417,0,07,000,00,1,4,02,A01
201200018418,0,07,000,00,2,8,19,A01
201200018418,0,32,000,00,2,1,01,B02
201200018419,0,33,000,00,2,1,15,A01
201200018419,0,07,000,00,2,2,01,B02
201200018420,0,07,000,00,2,1,15,A01
201200018420,0,33,000,00,2,1,17,B02
201200018421,0,07,000,00,2,3,13,A01
201200018421,0,07,000,00,2,3,01,B02
201200018422,0,07,000,00,2,1,01,B02
201200018422,0,07,000,00,2,1,13,A01
201200018423,0,07,000,00,2,1,09,A01
201200018423,0,01,000,00,0,2,01,B02
201200018424,0,33,000,02,0,2,01,A01
201200018425,0,33,000,00,2,1,13,A01
201200018425,0,07,000,00,2,3,01,B02
201200018426,0,33,000,00,2,7,13,A01
201200018426,0,07,000,00,2,2,01,B02
201200018427,0,33,000,00,2,3,01,B02
201200018427,0,07,000,00,2,3,13,A01
201200018428,0,33,000,00,0,7,01,A01
201200018429,0,17,000,00,2,8,13,A01
201200018429,0,07,000,00,2,8,01,B02
201200018430,0,07,000,00,2,3,17,A01
201200018430,0,10,000,00,2,3,01,B02
201200018431,0,33,000,00,2,1,13,A01
201200018431,0,38,000,00,2,3,01,B02
201200018432,0,07,000,00,2,3,01,A01
201200018432,0,01,000,00,2,1,16,B02
201200018433,0,33,000,00,2,7,17,B02
201200018433,0,17,000,00,2,0,13,A01
201200018434,0,34,000,00,2,1,17,A01
201200018434,0,07,000,00,2,6,17,B02
201200018435,0,01,000,04,0,0,01,A01
201200018436,0,13,000,04,0,8,16,A01
201200018437,0,07,000,13,0,3,01,A01
201200018438,0,01,000,00,0,0,16,A01
201200018439,0,01,000,00,2,8,19,B02
201200018439,0,10,000,00,2,3,01,A01
201200018440,0,33,000,00,2,3,01,C03
201200018440,0,33,000,00,2,3,01,B02
201200018440,0,33,000,00,2,9,13,A01
201200018441,0,07,000,00,1,4,04,A01
201200018442,0,07,000,00,2,1,05,A01
201200018442,0,15,000,00,2,2,01,B02
201200018443,0,07,000,00,2,1,13,A01
201200018443,0,07,000,00,2,1,01,B02
201200018444,0,10,000,00,2,2,01,A01
201200018444,0,07,000,00,2,2,01,B02
201200018445,0,07,000,13,0,3,05,A01
201200018446,0,07,000,00,2,3,01,B02
201200018446,0,07,000,00,2,2,15,A01
201200018447,0,07,000,00,1,1,01,A01
201200018448,0,07,000,00,1,3,01,A01
201200018449,0,30,000,06,0,7,15,A01
201200018450,0,30,000,13,0,1,01,A01
201200018451,0,17,000,00,2,1,01,B02
201200018451,0,07,000,00,2,1,13,A01
201200018452,0,33,000,14,0,0,06,A01
201200018453,0,30,000,03,0,1,14,A01
201200018454,0,33,000,03,0,1,01,A01
201200018455,0,07,000,00,2,1,01,A01
201200018455,0,07,000,00,2,7,19,B02
201200018456,0,30,000,01,0,1,01,A01
201200018456,0,07,000,00,2,4,23,B02
201200018457,0,07,000,00,2,3,01,A01
201200018457,0,30,000,00,2,1,17,B02
201200018458,0,07,000,13,0,1,01,A01
201200018459,0,33,000,00,2,1,16,A01
201200018459,0,07,000,00,2,3,01,B02
201200018460,0,07,000,00,0,3,01,B02
201200018460,0,07,000,00,0,3,01,A01
201200018461,0,30,000,00,2,1,17,A01
201200018461,0,07,000,00,2,3,15,B02
201200018462,0,07,000,00,2,1,01,A01
201200018462,0,10,000,00,0,0,17,C03
201200018462,0,10,000,00,0,8,23,B02
201200018463,0,07,000,00,2,2,01,B02
201200018463,0,10,000,00,2,1,19,A01
201200018464,0,07,000,00,2,8,15,B02
201200018464,0,33,000,00,2,1,01,A01
201200018465,0,21,000,12,0,9,16,A01
201200018466,0,07,000,00,0,4,00,A01
201200018467,0,07,000,00,0,1,13,A01
201200018468,0,07,000,00,2,3,13,A01
201200018468,0,07,000,00,2,3,01,B02
201200018469,0,07,000,02,0,2,13,A01
201200018470,0,10,000,08,0,2,14,A01