Num_Acc,senc,catv,occutc,obs,obsm,choc,manv,num_veh
201200018871,0,07,000,00,2,3,03,A01
201200018872,0,07,000,00,2,1,02,A01
201200018872,0,03,000,00,2,4,02,B02
201200018873,0,10,000,00,2,3,12,A01
201200018873,0,32,000,00,2,1,18,B02
201200018874,0,30,000,00,2,8,01,B02
201200018874,0,14,000,00,2,7,17,A01
201200018875,0,10,000,00,2,2,21,A01
201200018875,0,01,000,00,2,6,02,B02
201200018876,0,07,000,00,0,0,00,A01
201200018876,0,30,000,00,2,1,01,B02
201200018877,0,07,000,00,2,1,01,B02
201200018877,0,07,000,00,2,4,10,A01
201200018878,0,07,000,08,6,3,01,A01
201200018879,0,33,000,00,0,0,01,A01
201200018880,0,10,000,00,0,6,17,B02
201200018880,0,33,000,00,0,7,17,A01
201200018881,0,07,000,00,1,1,01,A01
201200018882,0,07,000,00,2,3,01,B02
201200018882,0,07,000,00,2,1,01,A01
201200018883,0,30,000,00,2,1,13,A01
201200018883,0,07,000,00,2,1,01,B02
201200018884,0,07,000,00,2,2,01,B02
201200018884,0,07,000,00,2,2,15,A01
201200018885,0,07,000,04,0,7,13,A01
201200018886,0,02,000,00,0,8,00,A01
201200018887,0,01,000,00,0,7,01,A01
201200018887,0,07,000,00,1,3,19,B02
201200018888,0,10,000,00,2,2,02,B02
201200018888,0,07,000,00,2,3,10,A01
201200018889,0,02,000,00,2,3,01,A01
201200018890,0,07,000,00,2,2,01,A01
201200018890,0,07,000,00,2,3,01,B02
201200018891,0,07,000,01,2,3,01,A01
201200018891,0,07,000,00,2,2,15,B02
201200018891,0,07,000,00,0,3,24,C03
201200018892,0,07,000,00,0,1,01,B02
201200018892,0,30,000,00,0,7,15,A01
201200018893,0,33,000,00,2,3,01,A01
201200018893,0,07,000,00,2,5,09,B02
201200018894,0,07,000,00,0,2,01,A01
201200018895,0,07,000,00,2,7,16,B02
201200018895,0,07,000,00,0,2,01,A01
201200018896,0,07,000,00,2,3,01,B02
201200018896,0,03,000,00,2,2,15,A01
201200018897,0,13,000,00,2,4,01,C03
201200018897,0,07,000,00,2,1,01,A01
201200018897,0,07,000,00,2,9,01,B02
201200018898,0,07,000,00,2,1,01,A01
201200018898,0,07,000,00,2,7,15,B02
201200018899,0,33,000,00,0,8,01,A01
201200018900,0,07,000,00,2,1,01,A01
201200018900,0,07,000,00,2,1,13,B02
201200018901,0,07,000,00,2,1,15,B02
201200018901,0,33,000,00,2,1,01,A01
201200018902,0,07,000,00,2,3,13,A01
201200018902,0,33,000,00,2,1,01,B02
201200018903,0,07,000,06,0,3,01,A01
201200018904,0,07,000,00,2,7,01,B02
201200018904,0,02,000,00,2,3,09,A01
201200018905,0,07,000,01,0,2,01,B02
201200018906,0,33,000,00,0,8,01,A01
201200018907,0,07,000,15,0,9,01,A01
201200018908,0,07,000,00,2,3,01,B02
201200018908,0,07,000,00,2,1,19,A01
201200018909,0,15,000,00,2,8,13,A01
201200018909,0,07,000,00,2,2,01,B02
201200018910,0,01,000,13,0,1,01,A01
201200018911,0,30,000,00,2,1,01,B02
201200018911,2,07,000,00,2,1,05,A01
201200018912,0,07,000,02,0,1,21,A01
201200018913,0,02,000,00,2,1,01,B02
201200018913,0,07,000,00,2,2,06,A01
201200018914,0,33,000,00,5,7,01,A01
201200018915,0,07,000,00,2,1,01,B02
201200018915,0,07,000,00,2,1,13,A01
201200018915,0,07,000,00,2,2,01,D04
201200018915,0,02,000,00,2,1,01,C03
201200018916,0,07,000,00,2,1,01,B02
201200018916,0,15,000,00,2,6,15,A01
201200018917,0,07,000,00,2,3,19,A01
201200018917,0,33,000,00,2,7,01,B02
201200018918,0,07,000,00,1,2,01,A01
201200018919,0,07,000,02,0,3,13,A01
201200018920,0,07,000,00,2,3,01,B02
201200018920,0,10,000,00,2,1,15,A01
201200018921,0,07,000,00,2,1,02,A01
201200018921,0,21,000,00,2,5,15,B02
201200018922,0,30,000,00,0,3,01,A01
201200018923,0,07,000,15,0,1,13,A01
201200018924,0,07,000,02,0,3,13,A01
201200018925,0,07,000,02,0,7,01,A01
201200018926,0,07,000,08,2,7,01,A01
201200018926,0,07,000,13,2,1,01,B02
201200018927,0,07,000,02,0,1,19,A01
201200018928,0,33,000,00,2,2,01,B02
201200018928,0,07,000,00,2,2,15,A01
201200018929,0,07,000,00,0,1,13,A01
201200018930,2,07,000,02,0,7,01,A01
201200018931,0,07,000,00,2,1,01,B02
201200018931,0,07,000,00,2,7,19,A01
201200018932,0,10,000,00,2,3,01,B02
201200018932,0,07,000,00,2,3,13,A01
201200018933,0,07,000,00,1,1,01,A01
201200018934,0,33,000,03,0,1,11,A01
201200018935,0,07,000,00,2,2,17,A01
201200018935,0,07,000,00,2,3,15,B02
201200018936,0,07,000,00,2,8,09,A01
201200018936,0,31,000,00,2,7,02,B02
201200018937,0,07,000,00,2,3,16,A01
201200018937,0,07,000,00,2,2,01,B02
201200018938,0,07,000,00,2,3,12,A01
201200018938,0,33,000,00,2,2,12,B02
201200018939,2,07,000,00,2,1,01,A01
201200018939,0,07,000,00,2,8,01,B02
201200018940,0,35,000,00,2,1,19,B02
201200018940,0,07,000,00,2,3,01,A01
201200018941,0,01,000,00,2,7,01,B02
201200018941,0,07,000,00,2,3,09,A01
201200018942,0,01,000,00,2,1,01,A01
201200018942,0,10,000,00,9,8,01,B02
201200018943,0,14,000,00,5,3,01,A01
201200018944,0,07,000,00,2,1,01,A01
201200018944,0,07,000,00,2,8,01,B02
201200018945,0,07,000,00,9,2,01,A01
201200018945,0,01,000,00,0,4,01,B02
201200018946,0,07,000,00,2,3,01,B02
201200018946,0,02,000,00,2,1,05,A01
201200018947,0,14,000,00,2,3,13,A01
201200018947,0,07,000,00,2,3,05,B02
201200018948,0,07,000,00,2,1,16,A01
201200018948,0,07,000,00,2,1,01,B02
201200018949,0,33,000,00,2,1,01,B02
201200018949,0,07,000,00,2,2,19,A01
201200018950,0,07,000,00,1,2,01,A01
201200018951,0,33,000,00,2,1,13,A01
201200018951,0,33,000,00,2,8,10,B02
201200018952,0,07,000,00,2,1,17,A01
201200018952,0,07,000,00,2,1,01,B02
201200018953,0,07,000,00,2,1,19,A01
201200018953,0,10,000,00,2,3,01,B02
201200018954,0,07,000,02,0,3,01,A01
201200018955,0,07,000,13,0,1,01,A01
201200018956,0,07,000,00,2,5,01,B02
201200018956,0,07,000,00,2,2,13,A01
201200018957,0,01,000,00,2,1,01,B02
201200018957,0,07,000,00,2,2,15,A01
201200018958,1,07,000,00,1,2,01,A01
201200018959,0,30,000,00,2,8,16,A01
201200018959,0,07,000,00,2,3,00,B02
201200018960,0,07,000,06,0,2,01,A01
201200018961,0,10,000,00,1,2,01,A01
201200018962,0,10,000,00,2,1,13,A01
201200018962,0,07,000,00,2,1,01,B02
201200018962,0,07,000,00,0,8,01,C03
201200018963,0,07,000,13,0,2,01,A01
201200018964,0,33,000,13,0,1,01,A01
201200018965,0,07,000,06,0,3,01,A01
201200018966,0,07,000,00,2,1,01,A01
201200018966,0,07,000,00,2,7,01,B02
201200018967,0,07,000,00,2,3,13,A01
201200018967,0,07,000,00,2,3,01,B02
201200018968,0,07,000,00,1,1,01,A01
201200018969,0,07,000,00,2,7,01,A01
201200018969,0,14,000,00,2,1,01,B02
201200018970,0,07,000,00,2,6,15,A01
201200018970,0,33,000,00,2,1,01,B02
201200018971,0,07,000,00,0,2,01,A01
201200018971,0,30,000,00,0,1,15,B02
201200018972,0,07,000,01,0,2,00,A01
201200018972,0,07,000,00,0,6,24,B02
201200018973,0,07,000,00,2,3,13,A01
201200018973,0,10,000,00,2,2,21,B02
201200018974,0,10,000,00,2,2,01,A01
201200018974,0,07,000,13,2,3,19,B02
201200018975,0,33,000,00,0,0,01,A01
201200018976,0,01,000,00,0,8,02,B02
201200018976,0,07,000,00,9,7,02,A01
201200018977,0,01,000,00,0,8,13,A01
201200018977,0,33,000,00,0,1,17,B02
201200018978,0,07,000,00,2,3,01,B02
201200018978,0,07,000,00,2,3,01,A01
201200018979,0,33,000,00,2,1,01,B02
201200018979,0,07,000,00,2,3,19,A01
201200018980,0,07,000,00,2,4,01,B02
201200018980,0,07,000,00,2,1,17,A01
201200018981,0,30,000,00,0,0,01,A01
201200018982,0,07,000,00,9,3,01,A01
201200018982,0,01,000,00,2,8,01,B02
201200018983,0,31,000,00,2,2,01,A01
201200018983,0,01,000,00,2,1,01,B02
201200018984,0,33,000,00,2,5,01,A01
201200018985,0,37,000,08,0,3,15,A01
201200018986,0,07,000,00,1,4,04,A01
201200018987,0,33,000,00,2,7,17,A01
201200018987,0,07,000,00,2,6,15,B02
201200018988,0,07,000,00,2,3,23,B02
201200018988,0,31,000,00,2,7,21,A01
201200018989,0,01,000,00,2,8,15,B02
201200018989,0,07,000,00,9,3,01,A01
201200018990,0,01,000,06,0,0,01,A01
201200018991,0,07,000,00,2,6,01,B02
201200018991,0,07,000,00,2,2,15,A01
201200018992,0,07,000,00,1,3,01,A01
201200018993,0,10,000,00,0,5,02,B02
201200018993,0,07,000,00,0,3,02,A01
201200018994,0,07,000,00,2,3,01,B02
201200018994,0,07,000,00,2,3,01,A01
201200018995,0,30,000,08,0,1,01,A01
201200018996,0,07,000,00,5,1,00,B02
201200018997,0,30,000,00,0,2,01,A01
201200018998,0,07,000,00,2,1,02,A01
201200018998,0,14,000,00,0,4,00,B02
201200018999,0,07,000,13,0,2,01,A01
201200019000,0,07,000,00,2,1,01,B02
201200019000,0,02,000,00,2,1,13,A01
201200019001,0,10,000,00,0,0,01,A01
201200019002,0,07,000,00,2,3,01,A01
201200019002,0,01,000,00,2,8,15,B02
201200019003,0,07,000,13,0,2,01,A01
201200019004,0,36,000,00,0,2,01,A01
201200019005,0,02,000,00,2,1,01,B02
201200019005,1,07,000,00,2,3,13,A01
201200019006,0,07,000,06,,1,01,A01
201200019007,0,07,000,00,2,1,13,A01
201200019007,0,38,001,00,2,1,13,B02
201200019008,0,01,000,00,2,4,02,B02
201200019008,0,07,000,13,9,3,02,A01
201200019009,0,10,000,00,9,6,15,A01
201200019009,0,33,000,00,2,1,01,B02
201200019010,0,01,000,,1,1,01,A01
201200019011,0,07,000,00,2,1,23,A01
201200019011,0,33,000,14,0,1,01,B02
201200019012,1,10,000,00,2,2,01,A01
201200019012,0,01,000,00,2,4,01,B02
201200019013,0,07,000,00,2,8,00,B02
201200019013,0,07,000,00,2,1,01,A01
201200019014,0,07,000,00,2,1,01,B02
201200019014,0,07,000,00,2,1,01,A01
201200019015,0,02,000,00,2,3,13,A01
201200019015,0,07,000,00,2,3,01,B02
201200019016,0,07,000,00,2,2,02,A01
201200019016,0,30,000,00,2,4,02,B02
201200019017,0,07,000,00,1,2,01,A01
201200019018,0,07,000,00,2,2,01,B01
201200019018,0,21,000,00,2,1,15,A02
201200019019,0,30,000,00,2,3,15,A01
201200019019,0,37,001,00,2,1,17,B02
201200019020,0,33,000,00,2,1,02,A01
201200019020,0,07,000,00,2,5,15,B02
201200019021,0,10,000,00,2,1,02,B02
201200019021,0,07,000,03,0,6,02,A01
201200019022,0,07,000,06,0,1,01,A01
201200019023,0,07,000,08,0,0,01,A01
201200019024,0,33,000,00,2,1,02,A01
201200019024,0,07,000,00,2,6,02,B02
201200019025,0,33,000,03,0,7,01,A01
201200019026,0,17,000,02,0,1,14,A01
201200019027,0,07,000,13,0,2,01,A01
201200019028,0,33,000,00,2,0,00,A01
201200019028,0,07,000,00,0,1,01,B02
201200019029,1,07,000,00,1,4,01,A01
201200019030,0,07,000,00,0,8,15,A01
201200019030,0,14,000,00,0,3,01,B02
201200019031,0,02,000,00,2,1,01,A01
201200019031,0,07,000,00,2,2,15,B02
201200019032,0,07,000,02,0,1,01,A01
201200019033,0,07,000,08,0,2,01,A01
201200019034,0,07,000,00,0,1,01,B02
201200019034,0,07,000,00,0,7,19,A01
201200019035,0,10,000,00,0,2,01,A01
201200019035,0,01,000,00,0,4,01,B02
201200019036,0,14,000,00,1,8,00,A01
201200019037,0,01,000,00,2,8,01,A01
201200019037,0,07,000,00,2,1,01,B02
201200019038,0,07,000,13,0,8,01,B02
201200019038,0,07,000,00,2,1,19,A01
201200019039,0,33,000,00,2,1,01,B02
201200019039,0,07,000,00,2,8,19,A01
201200019040,0,10,000,00,2,7,15,A01
201200019040,0,33,000,00,2,1,01,B02
201200019041,0,07,000,02,0,1,01,A01
201200019042,0,07,000,00,2,1,01,B02
201200019042,0,07,000,00,2,2,01,A01
201200019043,0,07,000,13,0,1,01,A01
201200019044,0,07,000,00,2,1,01,B02
201200019044,0,30,000,00,2,1,05,A01
201200019045,0,30,000,00,0,0,01,A01
201200019046,0,01,000,00,0,7,01,A01
201200019047,0,07,000,00,0,0,00,A01
201200019048,0,07,000,00,2,7,01,B02
201200019048,0,31,000,00,2,7,19,A01
201200019049,0,07,000,13,0,1,01,A01
201200019050,0,01,000,00,2,8,01,B02
201200019050,0,10,000,00,2,2,01,A01
201200019051,0,07,000,16,0,9,01,A01
201200019052,0,31,000,00,2,1,01,B02
201200019052,0,01,000,00,2,8,15,A01
201200019053,0,07,000,00,2,2,01,A01
201200019053,0,02,000,00,2,8,15,B02
201200019054,0,07,000,00,2,3,01,A01
201200019054,0,07,000,00,2,3,01,B02
201200019055,0,07,000,00,0,9,00,A01
201200019056,0,07,000,00,2,3,15,B02
201200019056,0,33,000,00,2,1,17,A01
201200019057,0,07,000,00,2,3,13,A01
201200019057,0,07,000,00,2,3,01,B02
201200019058,0,07,000,00,2,3,13,A01
201200019058,0,16,000,00,2,3,01,B02
201200019059,0,10,000,00,2,1,01,B02
201200019059,0,07,000,00,2,7,13,A01
201200019060,0,07,000,02,0,7,01,A01
201200019061,0,01,000,00,2,7,01,A01
201200019061,0,21,000,00,2,3,01,B02
201200019062,0,07,000,00,2,1,15,A01
201200019062,0,33,000,00,2,1,01,B02
201200019063,0,07,000,00,9,2,02,A01
201200019063,0,01,000,00,0,4,00,B02
201200019064,0,14,000,02,0,1,13,A01
201200019065,0,31,000,06,0,1,01,A01
201200019066,0,07,000,00,2,2,15,A01
201200019066,0,07,000,00,2,2,01,B02
201200019067,0,07,000,00,1,1,14,A01
201200019068,0,30,000,00,2,3,13,A01
201200019068,0,14,000,00,2,8,01,B02
201200019069,0,30,000,08,0,1,01,A01
201200019070,0,33,000,13,0,1,01,A01
201200019071,0,07,000,00,2,8,21,A01
201200019071,0,33,000,00,,1,01,B02
201200019072,0,07,000,00,1,3,01,A01
201200019073,0,07,000,00,1,5,04,A01
201200019074,0,10,000,02,0,3,01,A01
201200019075,0,02,000,00,2,1,01,B02
201200019075,0,07,000,00,2,3,15,A01
201200019076,0,07,000,00,2,3,01,A01
201200019076,0,07,000,00,2,3,01,B02
201200019077,0,30,000,08,0,2,01,A01
201200019078,0,07,000,00,2,2,02,A01
201200019078,0,01,000,00,2,4,02,B02
201200019079,0,31,000,00,2,1,02,A01
201200019079,0,07,000,00,0,5,02,B02
201200019080,0,07,000,00,2,2,01,B02
201200019080,0,07,000,00,2,3,05,A01
201200019081,0,07,000,00,2,3,01,A01
201200019081,0,07,000,00,2,3,01,B02
201200019082,0,07,000,00,2,8,15,B02
201200019082,0,07,000,00,2,1,01,A01
201200019083,0,07,000,00,2,3,13,A01
201200019083,0,07,000,00,2,3,01,B02
201200019084,0,07,000,00,1,3,01,A01
201200019085,0,33,000,02,0,1,01,A01
201200019086,0,15,000,00,2,8,01,B02
201200019086,0,07,000,00,2,3,01,A01
201200019087,0,01,000,03,0,7,01,A01
201200019088,0,07,000,00,0,2,01,A01
201200019089,0,33,000,05,0,8,01,A01
201200019090,0,36,000,00,2,3,13,B02
201200019090,0,10,000,00,2,3,01,A01
201200019091,0,07,000,00,2,8,01,C03
201200019091,0,10,000,00,2,3,01,B02
201200019091,0,07,000,00,2,3,13,A01
201200019092,0,07,000,05,0,3,01,A01
201200019093,0,07,000,13,0,3,01,A01
201200019094,0,33,000,00,2,0,17,A01
201200019095,0,30,000,12,0,1,01,A01
201200019096,0,07,000,08,0,9,14,A01
201200019097,0,02,000,00,2,3,01,B02
201200019097,0,10,000,00,2,3,13,A01
201200019098,0,07,000,00,0,3,13,A01
201200019098,0,07,000,00,0,3,02,B02
201200019099,0,07,000,00,1,2,01,A01
201200019100,0,07,000,00,1,3,01,A01
201200019101,0,30,000,00,0,1,01,B02
201200019101,0,07,000,00,2,4,04,A01
201200019102,0,33,000,01,0,2,01,A01
201200019103,0,01,000,00,2,1,19,B02
201200019104,0,07,000,00,2,2,15,A01
201200019104,0,31,000,00,2,1,01,B02
201200019105,0,33,000,00,0,8,01,A01
201200019106,0,33,000,00,2,1,01,A01
201200019106,0,07,000,00,2,3,09,B02
201200019107,0,07,000,00,2,6,01,C03
201200019107,0,07,000,00,2,6,23,B02
201200019107,0,30,000,00,2,2,21,A01
201200019108,0,30,000,00,2,1,19,A01
201200019108,0,07,000,00,2,6,01,B02
201200019109,0,33,000,03,0,0,01,A01
201200019110,0,07,000,08,0,7,13,A01
201200019111,1,07,000,00,1,2,14,A01
201200019112,0,07,000,00,0,1,01,A01
201200019113,0,07,000,00,2,8,01,B02
201200019113,0,33,000,00,2,1,13,A01
201200019114,0,14,000,00,2,1,01,B02
201200019114,0,07,000,00,2,1,11,A01
201200019115,0,07,000,00,2,8,13,A01
201200019115,0,07,000,00,2,1,01,B02
201200019116,0,33,000,00,0,8,01,A01
201200019117,0,07,000,00,9,3,01,A01
201200019117,0,01,000,00,2,7,15,B02
201200019118,0,07,000,00,0,7,01,A01
201200019119,0,07,000,13,0,3,01,A01
201200019120,0,33,000,13,0,1,13,A01
201200019120,0,07,000,00,2,6,02,B02
201200019121,0,07,000,00,2,3,01,A01
201200019121,0,07,000,00,2,3,01,B02
201200019122,0,07,000,00,1,1,01,A01
201200019123,0,31,000,01,2,1,17,A01
201200019123,0,07,000,00,2,3,15,B02
201200019124,0,07,000,00,1,2,01,A01
201200019125,0,33,000,00,2,1,01,A01
201200019125,0,07,000,00,0,6,21,B02
201200019125,0,10,000,00,2,8,01,C03
201200019126,0,10,000,00,2,1,17,B02
201200019126,0,07,000,00,2,1,01,A01
201200019126,0,07,000,00,2,3,01,C03
201200019127,0,10,000,02,0,8,01,A01
201200019128,0,02,000,00,2,1,13,B02
201200019128,0,07,000,00,2,1,01,A01
201200019129,0,07,000,00,1,3,01,A01
201200019130,0,07,000,00,2,1,16,A01
201200019130,0,07,000,00,2,7,01,B02
201200019131,0,07,000,06,0,1,00,A01
201200019132,0,07,000,00,2,1,02,B02
201200019132,0,33,000,00,2,7,15,A01
201200019133,0,33,000,00,2,1,01,A01
201200019133,0,07,000,00,2,3,01,B02
201200019134,0,07,000,13,0,1,01,A01
201200019135,0,07,000,13,0,1,19,A01
201200019136,0,07,000,00,2,7,13,A01
201200019136,0,07,000,00,2,1,01,B02
201200019137,0,07,000,13,0,1,13,A01
201200019138,0,07,000,00,2,1,13,A01
201200019138,0,07,000,00,2,1,01,B02
201200019139,0,33,000,00,2,1,17,A01
201200019139,0,07,000,00,2,3,15,B02
201200019140,0,02,000,00,2,1,17,A01
201200019140,0,07,000,00,2,6,15,B02
201200019141,0,07,000,13,0,3,13,A01
201200019142,0,07,000,00,2,3,01,B02
201200019142,0,07,000,00,2,7,19,A01
201200019143,0,33,000,00,2,1,21,A01
201200019143,0,10,000,00,2,8,00,B02
201200019144,0,07,000,00,2,2,15,A01
201200019144,0,33,000,00,2,1,01,B02
201200019145,0,07,000,00,2,3,13,A01
201200019145,0,07,000,00,2,3,01,B02
201200019146,0,33,000,00,2,1,01,A01
201200019146,0,07,000,00,2,3,19,B02
201200019147,0,07,000,00,2,3,09,A01
201200019147,0,30,000,00,2,2,09,B02
201200019148,0,07,000,00,2,1,09,A01
201200019148,0,07,000,00,2,2,01,B02
201200019149,0,07,000,00,2,1,09,A01
201200019149,0,01,000,00,2,7,01,B02
201200019150,0,10,000,00,1,2,01,A01
201200019151,0,07,000,13,0,9,13,A01
201200019152,0,30,000,00,2,1,13,B02
201200019152,0,07,000,00,2,1,01,A01
201200019153,0,10,000,00,2,8,10,A01
201200019153,0,10,000,00,2,2,01,B02
201200019154,0,02,000,00,0,8,01,A01
201200019155,0,07,000,00,9,2,01,A01
201200019155,0,01,000,00,2,1,01,B02
201200019155,0,01,000,00,2,9,01,C03
201200019156,0,07,000,00,2,1,01,A01
201200019156,0,07,000,00,2,7,19,B02
201200019157,0,07,000,16,0,3,01,A01
201200019158,0,07,000,13,0,7,13,A01
201200019159,0,33,000,00,2,1,01,A01
201200019159,0,10,000,00,2,7,13,B02
201200019160,0,21,000,06,0,2,14,A01
201200019161,0,07,000,00,2,7,19,A01
201200019161,0,07,000,00,2,2,01,B02
201200019162,0,30,000,00,2,8,01,B02
201200019162,0,07,000,00,2,1,19,A01
201200019163,0,07,000,02,0,6,13,A01
201200019164,0,07,000,08,0,2,13,A01
201200019165,0,07,000,00,2,1,15,A01
201200019165,0,07,000,00,2,8,01,B02
201200019166,0,07,000,13,0,9,13,A01
201200019167,0,33,000,00,2,1,02,A01
201200019167,0,10,000,00,2,6,23,B02
201200019167,0,07,000,00,2,3,01,C03
201200019168,0,07,000,00,9,2,01,B02
201200019168,0,01,000,00,2,7,19,A01
201200019169,0,07,000,00,1,1,16,A01
201200019170,0,07,000,00,2,1,13,A01
201200019170,0,07,000,00,2,1,01,B02
201200019171,0,07,000,00,2,1,05,A01
201200019171,0,15,000,00,2,3,01,B02
201200019172,0,07,000,00,2,3,01,A01
201200019172,0,07,000,00,2,3,01,B02
201200019173,0,02,000,00,2,1,01,A01
201200019173,0,10,000,00,2,2,15,B02
201200019174,0,33,000,00,2,1,01,B02
201200019174,0,07,000,00,2,3,01,A01
201200019175,0,07,000,00,2,1,19,A01
201200019175,0,07,000,00,2,1,01,B02
201200019176,0,01,000,00,2,1,13,B02
201200019176,0,07,000,00,2,2,01,A01
201200019177,0,07,000,00,2,8,19,A01
201200019177,0,14,000,00,2,1,01,B02
201200019178,0,07,000,00,2,3,13,A01
201200019178,0,21,000,00,2,3,21,B02
201200019179,0,07,000,00,2,1,01,B02
201200019179,0,10,000,00,2,5,15,A01
201200019180,0,10,000,02,0,3,01,A01
201200019181,0,33,000,00,2,1,00,A01
201200019181,0,07,000,00,2,1,00,B02
201200019182,0,33,000,14,2,0,21,A01
201200019183,0,07,000,03,2,2,01,A01
201200019183,0,07,000,03,2,3,01,B02
201200019184,0,07,000,00,2,1,13,A01
201200019184,0,07,000,00,2,1,01,B02
201200019185,0,17,000,00,2,5,17,A01
201200019185,0,01,000,00,2,8,01,B02
201200019186,0,07,000,00,2,1,13,A01
201200019186,0,07,000,00,2,1,01,B02
201200019187,0,07,000,00,2,3,13,A01
201200019187,0,07,000,00,2,1,01,B02
201200019188,0,02,000,00,2,1,13,A01
201200019188,0,07,000,00,2,3,01,B02
201200019189,0,01,000,00,2,4,01,A01
201200019189,1,07,000,,9,,02,Z02
201200019190,0,07,000,00,2,3,19,A01
201200019190,0,30,000,00,2,1,21,B02
201200019191,0,07,000,00,1,2,01,A01
201200019192,0,33,000,00,6,1,00,A01
201200019193,0,14,000,00,0,1,01,D04
201200019193,0,10,000,00,0,4,01,C03
201200019193,0,07,000,00,0,4,00,B02
201200019193,0,07,000,00,0,1,01,A01
201200019194,0,07,000,00,1,3,01,A01
201200019195,0,10,000,02,0,1,01,A01
201200019196,0,33,000,15,0,1,01,A01
201200019197,0,07,000,02,0,1,13,A01
201200019198,0,33,000,00,2,2,01,A01
201200019198,0,07,000,00,2,3,01,B02
201200019199,0,33,000,00,2,1,13,A01
201200019199,0,07,000,00,2,1,01,B02
201200019200,0,21,000,00,0,4,01,B02
201200019200,0,07,000,00,2,1,01,A01
201200019201,0,07,000,00,0,4,23,A01
201200019201,0,33,000,00,0,1,01,B02
201200019202,0,07,000,00,2,8,01,B02
201200019202,0,15,000,00,2,3,16,A01
201200019203,0,31,000,06,0,2,14,A01
201200019204,0,07,000,00,2,1,01,B02
201200019204,0,10,000,00,2,1,01,A01
201200019205,0,07,000,16,0,9,01,A01
201200019206,0,31,000,16,0,1,01,A01
201200019207,0,07,000,02,0,1,01,A01
201200019208,0,07,000,00,2,8,01,B02
201200019208,0,31,000,00,2,2,19,A01
201200019209,0,33,000,00,0,0,01,A01
201200019210,0,07,000,00,2,3,01,A01
201200019210,0,01,000,00,2,7,19,B02
201200019211,0,07,000,00,2,3,01,B02
201200019211,0,07,000,00,2,3,13,A01
201200019212,0,07,000,00,2,3,01,B02
201200019212,0,99,000,00,2,2,01,A01
201200019213,0,07,000,00,2,1,01,B02
201200019213,0,07,000,00,2,1,05,A01
201200019214,0,10,000,13,0,2,01,A01
201200019215,0,01,000,00,2,8,19,A01
201200019215,0,10,000,00,2,3,01,B02
201200019216,0,10,000,08,0,1,19,A01
201200019217,0,07,000,00,1,1,01,A01
201200019218,0,30,000,00,2,1,01,B02
201200019218,0,30,000,00,2,1,01,A01
201200019219,0,07,000,00,2,1,15,A01
201200019219,0,31,000,00,2,1,01,B02
201200019220,0,07,000,02,0,1,01,A01
201200019221,0,33,000,13,0,7,00,A01
201200019222,0,33,000,13,0,7,01,A01
201200019223,0,07,000,06,0,9,01,A01
201200019224,0,07,000,00,2,4,23,A01
201200019224,0,07,000,00,2,1,01,B02
201200019225,0,07,000,00,2,7,10,A01
201200019225,0,07,000,00,2,1,01,B02
201200019226,0,10,000,02,0,8,13,A01
201200019227,0,07,000,08,0,3,01,A01
201200019228,0,07,000,00,1,2,01,A01
201200019229,0,07,000,00,1,3,01,A01
201200019230,0,07,000,00,2,8,01,A01
201200019230,0,01,000,00,2,8,16,B02
201200019231,0,07,000,02,0,3,01,A01
201200019231,0,07,000,00,0,5,03,B02
201200019232,0,07,000,02,0,1,01,A01
201200019233,0,07,000,02,2,1,14,A01
201200019234,0,10,000,00,0,8,15,A01
201200019234,0,33,000,00,2,9,17,B02
201200019235,0,07,000,02,0,1,01,A01
201200019236,0,07,000,02,0,7,01,A01
201200019237,0,07,000,00,2,1,01,B02
201200019237,0,07,000,00,2,8,01,C03
201200019237,0,07,000,00,2,1,05,A01
201200019238,0,07,000,00,1,1,01,A01
201200019239,0,07,000,00,2,1,01,B02
201200019239,0,07,000,00,0,8,15,A01
201200019240,0,10,000,00,2,1,01,B02
201200019240,0,10,000,00,2,7,19,A01
201200019241,0,07,000,02,0,1,13,A01
201200019242,0,07,000,00,2,1,01,B02
201200019242,0,07,000,00,2,1,01,D04
201200019242,0,07,000,00,2,1,23,C03
201200019242,0,07,000,00,2,1,15,A01
201200019243,0,33,000,00,5,1,01,A01
201200019244,0,07,000,00,2,3,16,A01
201200019244,0,07,000,00,2,2,15,B02
201200019245,0,10,000,00,2,3,05,A01
201200019245,0,33,000,00,2,7,05,B02
201200019246,0,01,000,00,0,0,01,A01
201200019247,0,10,000,00,2,7,17,B02
201200019247,0,31,000,00,2,3,17,A01
201200019248,0,10,000,13,0,0,01,A01
201200019249,0,33,000,06,0,1,01,A01
201200019250,0,07,000,04,0,1,01,B02
201200019250,0,07,000,00,0,3,01,C03
201200019250,0,07,000,00,0,1,01,A01
201200019251,0,07,000,00,1,1,01,A01
201200019252,0,07,000,00,1,1,01,A01
201200019253,0,10,000,00,1,0,15,A01
201200019254,0,07,000,13,0,1,01,A01
201200019255,0,07,000,00,2,2,15,A01
201200019255,0,33,000,00,2,1,01,B01
201200019256,0,07,000,00,2,7,15,A01
201200019256,0,33,000,00,2,2,01,B01
201200019257,0,07,000,00,1,2,01,A01
201200019258,0,07,000,00,0,1,01,A01
201200019259,0,07,000,00,1,1,01,A01
201200019260,0,07,000,00,1,1,01,A01
201200019261,0,03,000,00,2,3,13,A01