Num_Acc,senc,catv,occutc,obs,obsm,choc,manv,num_veh
201200019261,0,07,000,00,2,3,01,B01
201200019261,0,07,000,00,2,3,01,C01
201200019262,0,07,000,00,1,2,01,A01
201200019263,0,07,000,00,1,3,16,A01
201200019264,0,17,000,00,2,1,01,C03
201200019264,0,07,000,00,2,1,01,A01
201200019264,0,17,000,00,2,4,01,B02
201200019265,0,07,000,00,0,9,00,A01
201200019266,0,07,000,00,2,2,17,A01
201200019266,0,07,000,00,9,3,01,B02
201200019266,0,07,000,00,2,1,01,C03
201200019267,0,07,000,00,1,2,15,A01
201200019268,0,30,000,00,2,1,00,A01
201200019268,0,07,000,00,2,3,15,B02
201200019269,0,07,000,00,0,8,01,B02
201200019269,0,32,000,04,2,9,01,A01
201200019270,0,07,000,00,0,4,01,A01
201200019270,0,10,000,00,2,1,01,C03
201200019270,0,10,000,00,2,1,01,B02
201200019271,0,07,000,12,0,2,00,A01
201200019272,0,07,000,00,2,1,01,B02
201200019272,0,32,000,00,2,1,13,A01
201200019273,0,07,000,13,0,2,01,A01
201200019274,0,07,000,00,2,8,01,C03
201200019274,0,07,000,00,2,8,01,D04
201200019274,0,07,000,00,2,3,13,A01
201200019274,0,07,000,00,2,1,01,B02
201200019275,0,33,000,00,2,1,02,A01
201200019275,0,07,000,00,2,6,02,B02
201200019276,0,10,000,02,0,1,01,A01
201200019277,0,07,000,00,2,3,13,A01
201200019277,0,13,000,00,2,3,01,B02
201200019278,0,31,000,00,0,1,00,A01
201200019279,0,07,000,05,0,3,01,A01
201200019280,0,07,000,00,2,1,01,C03
201200019280,0,07,000,00,2,7,01,A01
201200019280,0,07,000,00,2,1,01,B02
201200019281,0,07,000,00,2,3,01,B02
201200019281,0,07,000,00,2,5,01,A01
201200019282,0,07,000,00,2,1,01,B02
201200019282,0,07,000,00,2,1,15,A01
201200019283,0,07,000,02,0,9,00,A01
201200019284,0,07,000,06,0,2,00,A01
201200019285,0,07,000,16,0,1,19,A01
201200019286,0,07,000,00,0,9,13,A01
201200019287,0,07,000,00,2,2,17,A01
201200019287,0,02,000,00,2,1,17,B02
201200019288,0,07,000,06,0,7,14,A01
201200019289,2,07,000,00,2,2,17,A01
201200019289,0,07,000,00,0,6,02,B02
201200019289,0,07,000,00,2,1,02,C03
201200019290,0,07,000,00,2,2,13,A01
201200019290,0,07,000,00,2,3,01,B02
201200019291,0,07,000,00,2,4,02,C03
201200019291,0,07,000,00,2,1,02,A01
201200019291,0,07,000,00,2,9,02,B02
201200019292,0,07,000,13,0,1,13,A01
201200019293,0,10,000,00,2,2,01,A01
201200019293,0,14,000,00,2,2,21,B02
201200019294,0,33,000,00,0,1,01,A01
201200019295,0,07,000,00,0,0,00,A01
201200019296,0,33,000,00,2,1,02,A01
201200019296,0,07,000,00,2,6,02,B02
201200019296,0,10,000,00,1,1,21,C03
201200019297,0,07,000,00,2,1,17,A01
201200019297,0,10,000,00,2,3,21,B02
201200019297,0,07,000,00,2,3,21,C03
201200019298,0,07,000,00,2,3,13,A01
201200019298,0,07,000,00,2,3,21,B02
201200019299,0,02,000,00,2,3,01,B02
201200019299,0,07,000,00,2,1,15,A01
201200019300,0,07,000,00,1,3,20,A01
201200019301,0,07,000,00,1,3,01,A01
201200019302,0,30,000,00,2,1,01,A01
201200019302,0,07,000,00,2,8,19,B02
201200019303,0,07,000,13,0,9,01,A01
201200019304,0,34,000,06,0,7,01,A01
201200019305,0,07,000,13,0,2,01,A01
201200019306,0,30,000,16,0,1,01,A01
201200019307,0,33,000,00,0,0,01,A01
201200019308,0,07,000,01,2,1,01,B02
201200019308,0,07,000,00,2,7,01,A01
201200019309,0,07,000,00,2,8,01,B02
201200019309,0,07,000,02,2,7,17,A01
201200019310,0,07,000,00,2,1,01,A01
201200019310,0,07,000,00,2,1,01,B02
201200019311,0,07,000,00,2,7,09,A01
201200019311,0,33,000,00,2,1,01,B02
201200019312,0,02,000,00,2,1,01,A01
201200019312,0,03,000,00,2,8,15,B02
201200019313,0,01,000,14,2,0,01,A01
201200019313,0,01,000,00,2,0,00,B02
201200019313,0,01,000,00,2,0,00,D04
201200019313,0,01,000,00,2,0,00,C03
201200019314,2,07,000,00,0,0,01,A01
201200019315,0,01,000,00,2,8,01,B02
201200019315,0,07,000,00,2,7,16,A01
201200019316,0,07,000,00,2,2,19,A01
201200019316,0,02,000,00,2,6,01,B02
201200019317,0,01,000,00,2,8,01,C03
201200019317,0,07,000,00,2,7,17,B02
201200019317,0,07,000,00,2,8,01,A01
201200019318,0,07,000,00,2,1,01,A01
201200019318,0,07,000,00,2,2,19,B02
201200019319,0,07,000,00,2,1,01,B02
201200019319,0,07,000,08,2,7,13,A01
201200019320,0,07,000,00,1,3,01,A01
201200019321,0,32,000,00,2,3,01,B02
201200019321,0,07,000,00,2,3,15,A01
201200019322,0,07,000,06,0,1,13,A01
201200019323,0,33,000,02,0,1,13,A01
201200019324,0,03,000,00,2,1,01,A01
201200019324,0,33,000,00,2,7,01,B02
201200019325,0,30,000,00,2,1,02,A01
201200019325,0,07,000,00,2,4,23,B02
201200019326,0,07,000,08,0,1,01,A01
201200019327,0,33,000,02,0,1,01,A01
201200019328,0,21,000,00,1,5,01,A01
201200019329,0,07,000,02,0,1,01,A01
201200019330,0,07,000,00,1,2,02,A01
201200019331,0,07,000,00,0,5,19,B02
201200019331,0,33,000,00,2,3,01,A01
201200019332,0,07,000,00,9,2,01,A01
201200019332,0,01,000,00,0,4,01,B02
201200019333,0,07,000,00,0,3,01,A01
201200019334,0,07,000,16,0,9,00,A01
201200019335,0,07,000,00,2,8,01,B02
201200019335,0,07,000,00,2,1,05,A01
201200019335,0,07,000,00,2,1,01,C03
201200019336,0,07,000,00,2,5,13,A01
201200019336,0,07,000,00,2,1,01,B02
201200019337,2,07,000,13,0,1,01,A01
201200019338,0,07,000,00,2,3,15,A01
201200019338,0,07,000,00,2,1,00,B02
201200019338,0,07,000,00,2,1,00,C03
201200019339,0,07,000,00,0,3,01,A01
201200019339,0,07,000,00,0,1,01,B02
201200019340,0,01,000,00,2,1,17,B02
201200019340,0,07,000,00,9,5,01,A01
201200019341,0,10,000,00,2,1,05,A01
201200019341,0,07,000,00,2,1,01,B02
201200019342,0,07,000,00,2,1,11,A01
201200019342,0,07,000,00,2,1,01,B02
201200019343,0,07,000,00,1,1,01,A01
201200019344,0,07,000,00,2,1,01,B02
201200019344,0,07,000,00,2,7,15,A01
201200019345,0,02,000,00,2,6,01,A01
201200019345,1,07,000,00,0,0,02,B01
201200019346,0,07,000,00,9,1,14,A01
201200019346,0,01,000,00,2,4,01,B02
201200019347,0,07,000,13,0,1,21,A01
201200019348,0,07,000,00,9,1,01,A01
201200019348,0,01,000,00,2,1,16,B02
201200019349,0,33,000,00,2,7,17,B02
201200019349,0,07,000,00,2,8,13,A01
201200019350,0,10,000,00,2,7,15,A01
201200019350,0,33,000,00,2,1,01,B02
201200019351,0,30,000,00,2,8,15,A01
201200019351,0,07,000,00,2,3,01,B02
201200019352,0,07,000,02,0,8,01,A01
201200019353,0,07,000,00,2,3,01,A01
201200019353,0,07,000,00,2,3,01,B02
201200019354,0,07,000,00,0,9,01,A01
201200019355,0,07,000,02,0,1,00,A01
201200019356,0,10,000,00,1,8,01,A01
201200019357,0,07,000,00,2,1,13,A01
201200019357,0,07,000,00,2,1,01,C03
201200019357,0,07,000,00,2,1,01,B02
201200019358,0,17,000,00,2,3,01,B02
201200019358,0,07,000,00,2,1,13,A01
201200019359,0,07,000,02,0,9,13,A01
201200019360,0,07,000,00,1,2,01,A01
201200019361,0,07,000,00,2,3,15,B02
201200019361,0,07,000,00,2,1,01,A01
201200019362,0,07,000,08,0,7,01,A01
201200019363,0,07,000,00,2,1,15,B02
201200019363,0,07,000,16,2,7,01,A01
201200019364,0,07,000,13,0,9,13,A01
201200019365,0,07,000,00,2,2,01,A01
201200019365,0,02,000,00,2,1,01,B02
201200019366,0,07,000,02,0,9,01,A01
201200019367,0,07,000,00,2,2,01,A01
201200019367,0,02,000,00,2,4,01,B02
201200019368,0,14,000,00,2,1,01,B02
201200019368,0,07,000,00,2,3,23,D04
201200019368,0,07,000,00,2,1,23,E05
201200019368,0,07,000,00,2,1,23,C03
201200019368,0,07,000,00,2,3,15,A01
201200019369,0,07,000,00,2,1,01,A01
201200019369,0,10,000,00,2,2,19,B02
201200019370,0,07,000,06,0,1,14,B02
201200019370,0,07,000,06,0,3,14,A01
201200019371,0,07,000,00,2,1,01,A01
201200019371,0,07,000,00,2,1,01,B02
201200019372,0,07,000,00,1,1,01,A01
201200019373,0,07,000,08,0,7,01,A01
201200019374,0,07,000,00,2,7,01,A01
201200019374,0,07,000,00,2,1,01,B02
201200019375,0,01,000,00,2,4,01,B02
201200019375,0,01,000,00,2,1,01,A01
201200019376,0,07,000,00,2,2,15,A01
201200019376,0,02,000,00,2,1,01,B02
201200019377,0,07,000,00,1,2,01,A01
201200019378,0,30,000,00,1,2,01,A01
201200019379,0,07,000,00,0,0,01,A01
201200019380,0,07,000,02,0,7,13,A01
201200019381,0,10,000,00,2,3,13,A01
201200019381,0,10,000,00,2,2,01,B02
201200019381,0,07,000,00,2,1,02,C03
201200019382,0,10,000,00,6,0,01,A01
201200019383,0,10,000,00,1,4,04,A01
201200019384,0,17,000,00,2,3,01,B02
201200019384,0,07,000,00,2,3,13,A01
201200019385,0,10,000,00,0,4,15,B02
201200019385,0,07,000,00,2,1,02,A01
201200019386,0,07,000,06,0,1,13,A01
201200019387,0,07,000,00,2,5,19,A01
201200019387,0,10,000,00,2,1,01,B02
201200019388,0,31,000,00,2,2,01,B02
201200019388,0,07,000,00,0,2,15,A01
201200019389,0,02,000,00,2,8,01,A01
201200019390,0,33,000,00,2,2,15,A01
201200019390,0,07,000,00,2,1,01,B02
201200019391,0,07,000,00,2,3,01,C03
201200019391,0,15,000,00,2,2,00,A01
201200019391,0,10,000,00,2,3,01,B02
201200019392,0,03,000,00,2,7,19,A01
201200019392,0,07,000,00,2,1,01,B02
201200019393,0,07,000,02,0,1,01,A01
201200019394,0,07,000,00,2,9,01,A01
201200019394,0,07,000,00,2,4,01,C03
201200019394,0,10,000,00,2,1,01,D04
201200019394,0,07,000,00,2,9,01,B02
201200019395,0,31,000,00,0,1,02,A01
201200019395,0,30,000,00,0,4,02,B02
201200019396,0,33,000,03,0,8,17,A01
201200019397,1,99,000,00,0,0,00,A01
201200019398,0,07,000,00,2,2,15,A01
201200019398,0,07,000,00,2,1,01,B02
201200019399,0,07,000,03,0,3,01,C03
201200019399,0,17,000,03,0,8,01,B02
201200019399,0,07,000,09,0,1,19,A01
201200019400,0,07,000,00,1,3,13,A01
201200019401,0,31,000,08,0,2,01,A01
201200019402,0,31,000,00,2,1,06,B02
201200019402,0,07,000,00,2,8,15,A01
201200019403,0,07,000,00,0,7,15,A01
201200019403,0,33,000,00,2,1,01,B02
201200019404,0,07,000,10,0,1,01,A01
201200019405,0,10,000,02,0,1,01,A01
201200019406,0,07,000,00,0,1,01,C03
201200019406,0,07,000,00,0,4,01,A01
201200019406,0,07,000,00,0,1,01,B02
201200019407,0,07,000,13,0,1,15,A01
201200019408,0,07,000,00,2,1,05,A01
201200019408,0,07,000,00,2,1,01,B02
201200019409,0,07,000,00,9,1,02,C03
201200019409,0,07,000,00,2,9,13,A01
201200019409,0,07,000,00,2,3,21,B02
201200019409,0,07,000,00,9,3,02,D04
201200019410,0,07,000,00,0,1,13,A01
201200019411,0,07,000,13,0,3,01,A01
201200019412,0,07,000,00,1,2,21,A01
201200019413,0,07,000,00,2,3,13,A01
201200019413,0,07,000,00,2,3,01,B02
201200019414,0,07,000,13,0,9,01,A01
201200019415,0,07,000,02,0,1,01,A01
201200019416,0,10,000,00,9,1,01,B02
201200019416,0,33,000,16,0,0,13,A01
201200019417,0,07,000,06,0,1,01,A01
201200019418,0,07,000,00,0,3,19,A01
201200019418,0,01,000,00,2,2,01,B02
201200019419,0,07,000,00,2,1,01,A01
201200019419,0,07,000,00,2,1,01,B02
201200019420,0,07,000,00,2,1,13,A01
201200019420,0,07,000,00,2,1,01,B02
201200019421,0,07,000,00,2,3,01,A01
201200019421,0,07,000,00,2,3,01,B02
201200019422,0,07,000,00,2,6,01,B02
201200019422,0,07,000,00,2,1,15,A01
201200019423,0,07,000,13,0,1,01,A01
201200019424,0,30,000,00,2,1,01,A01
201200019424,0,07,000,00,2,4,23,B02
201200019425,0,07,000,00,9,7,01,A01
201200019426,0,07,000,00,0,1,01,B02
201200019426,0,07,000,00,0,7,13,A01
201200019426,0,10,000,00,2,1,00,C03
201200019427,0,07,000,00,1,3,13,A01
201200019428,0,07,000,13,0,3,01,A01
201200019429,0,07,000,02,2,3,17,A01
201200019429,0,07,000,00,2,8,01,B02
201200019430,0,07,000,00,1,2,01,A01
201200019431,0,07,000,00,2,2,01,A01
201200019431,0,07,000,00,2,3,16,B02
201200019432,0,02,000,00,1,2,01,A01
201200019433,0,07,000,00,2,3,21,B02
201200019433,0,07,000,00,2,1,13,A01
201200019434,0,01,000,00,0,1,00,B02
201200019434,0,15,000,00,0,3,17,A01
201200019435,0,10,000,00,2,3,19,A01
201200019435,0,03,000,00,2,1,01,B02
201200019436,0,07,000,00,2,3,01,B02
201200019436,0,07,000,00,2,3,13,A01
201200019437,0,07,000,13,0,2,14,A01
201200019438,0,07,000,00,1,1,01,A01
201200019439,0,33,000,13,0,1,01,A01
201200019440,0,07,000,00,2,1,01,B02
201200019440,0,07,000,00,2,1,01,A01
201200019441,0,07,000,00,2,2,01,A01
201200019441,0,01,000,00,2,3,01,B02
201200019442,0,07,000,06,0,1,20,A01
201200019443,0,10,000,00,2,3,01,A01
201200019443,0,01,000,00,2,8,01,B02
201200019443,0,10,000,00,2,7,17,C03
201200019444,0,10,000,00,2,3,01,B02
201200019444,0,07,000,00,2,2,01,A01
201200019445,0,02,000,00,2,1,01,B02
201200019445,0,07,000,00,2,2,15,A01
201200019446,0,07,000,00,2,1,00,B02
201200019446,0,07,000,00,2,1,01,A01
201200019447,0,07,000,00,2,2,15,A01
201200019447,0,07,000,00,2,3,01,B02
201200019448,0,33,000,06,0,2,01,A01
201200019449,0,07,000,02,0,1,01,A01
201200019450,0,17,000,00,2,3,01,B02
201200019450,0,07,000,00,2,1,01,A01
201200019451,0,07,000,00,0,3,00,A01
201200019451,0,07,000,00,0,3,01,B02
201200019452,0,07,000,00,2,3,01,B02
201200019452,0,07,000,00,2,3,01,A01
201200019453,0,10,000,00,0,3,01,A01
201200019453,0,10,000,00,0,2,15,B02
201200019454,0,07,000,02,0,3,01,A01
201200019455,0,07,000,00,2,8,15,B02
201200019455,0,14,000,00,2,1,01,A01
201200019456,0,07,000,00,2,2,02,A01
201200019456,0,01,000,00,0,4,02,B02
201200019457,0,31,000,02,0,3,01,A01
201200019458,0,07,000,02,0,1,01,A01
201200019459,0,07,000,00,2,1,01,A01
201200019459,0,07,000,00,0,8,15,B02
201200019460,0,07,000,03,0,1,01,A01
201200019461,0,10,000,00,2,1,21,A01
201200019461,0,07,000,00,2,1,13,B02
201200019462,0,30,000,00,2,0,21,A01
201200019463,0,07,000,13,0,5,14,A01
201200019464,0,07,000,00,2,1,01,A01
201200019464,0,33,000,00,2,1,01,B02
201200019465,0,07,000,06,0,3,00,A01
201200019466,0,07,000,00,1,2,21,A01
201200019467,0,07,000,00,0,3,00,B02
201200019467,0,30,000,00,0,3,13,A01
201200019468,0,33,000,02,0,3,16,A01
201200019469,0,07,000,13,0,2,01,A01
201200019470,0,01,000,00,2,1,01,A01
201200019470,0,10,000,00,2,7,15,B02
201200019471,0,07,000,00,2,1,01,C03
201200019471,0,07,000,00,2,1,13,A01
201200019471,0,07,000,00,2,3,01,B02
201200019472,0,07,000,00,0,1,01,A01
201200019473,0,07,000,00,2,2,05,A01
201200019473,0,31,000,00,2,1,00,B02
201200019473,0,07,000,00,2,1,02,C03
201200019474,0,38,001,00,2,3,01,A01
201200019474,0,02,000,00,2,3,01,B02
201200019475,0,30,000,15,0,1,01,A01
201200019476,0,33,000,12,0,1,01,A01
201200019477,0,07,000,02,0,1,01,A01
201200019478,0,07,000,00,0,1,02,B02
201200019478,0,07,000,00,0,3,16,A01
201200019479,0,10,000,06,0,1,01,A01
201200019480,0,07,000,00,2,3,13,A01
201200019480,0,07,000,00,2,3,01,B02
201200019481,0,07,000,00,2,1,15,A01
201200019481,0,30,000,00,2,1,01,B02
201200019482,0,07,000,00,2,1,01,A01
201200019482,0,17,000,00,0,7,15,B02
201200019483,0,33,000,00,0,5,01,A01
201200019484,0,07,000,00,1,4,04,A01
201200019485,0,33,000,00,2,3,03,A01
201200019485,0,07,000,00,2,3,01,B02
201200019485,0,07,000,01,0,1,02,C03
201200019485,0,07,000,00,2,4,02,D04
201200019485,0,07,000,00,2,3,01,E05
201200019486,0,07,000,00,2,3,01,A01
201200019486,0,07,000,00,2,7,01,B02
201200019487,0,31,000,00,2,7,17,A01
201200019487,0,14,000,00,0,2,15,B02
201200019488,0,07,000,00,2,5,15,B02
201200019488,0,33,000,00,2,1,01,A01
201200019489,0,01,000,00,2,1,19,A01
201200019489,0,07,000,00,2,2,01,B02
201200019490,0,07,000,13,0,1,01,A01
201200019491,0,07,000,00,2,1,02,A01
201200019491,0,38,001,00,2,6,02,B02
201200019492,0,07,000,00,2,2,01,A01
201200019492,0,07,000,00,2,3,15,B02
201200019493,0,07,000,00,2,2,13,A01
201200019493,0,07,000,03,2,3,01,B02
201200019494,0,07,000,00,2,1,13,A01
201200019494,0,10,000,00,2,1,01,B02
201200019495,0,07,000,13,0,1,01,A01
201200019496,0,07,000,00,2,5,17,A01
201200019496,0,15,000,00,2,3,01,B02
201200019496,0,07,000,00,2,4,01,C03
201200019496,0,17,000,00,2,1,01,D04
201200019497,0,07,000,13,0,9,01,A01
201200019498,0,21,000,16,0,7,01,A01
201200019499,0,07,000,00,2,2,19,A01
201200019499,0,07,000,00,2,1,01,B02
201200019499,0,14,000,00,2,3,23,C03
201200019500,0,33,000,03,0,3,01,A01
201200019501,0,07,000,00,2,5,15,A01
201200019501,0,02,000,00,2,1,01,B02
201200019502,0,07,000,00,1,1,01,A01
201200019503,0,30,000,00,2,1,01,A01
201200019503,0,07,000,00,2,1,01,B02
201200019504,0,33,000,13,0,1,01,A01
201200019505,0,07,000,00,2,2,02,A01
201200019505,0,30,000,00,2,4,02,B02
201200019506,0,33,000,00,2,1,17,A01
201200019506,0,17,000,00,2,8,15,B02
201200019507,0,07,000,13,0,1,01,A01
201200019508,0,07,000,00,2,1,05,A01
201200019508,0,17,000,00,2,1,01,B02
201200019509,0,07,000,00,2,3,01,A01
201200019509,0,07,000,00,2,3,01,B02
201200019510,0,33,000,13,0,1,01,A01
201200019511,0,07,000,13,0,1,01,A01
201200019512,0,07,000,00,2,3,01,B02
201200019512,0,33,000,00,2,7,19,A01
201200019513,0,07,000,02,0,1,13,A01
201200019514,0,10,000,13,0,2,01,A01
201200019515,0,02,000,00,2,8,01,A01
201200019515,0,07,000,00,2,1,01,B02
201200019516,0,07,000,00,2,1,01,A01
201200019516,0,07,000,00,2,4,01,B02
201200019517,0,30,000,00,2,1,01,A01
201200019517,0,07,000,00,2,3,15,B02
201200019518,0,07,000,00,2,3,01,A01
201200019518,0,01,000,00,2,2,15,B02
201200019519,0,07,000,00,2,8,19,B02
201200019519,0,07,000,00,2,1,01,A01
201200019520,0,07,000,08,0,2,00,A01
201200019521,0,30,000,00,2,1,01,B02
201200019521,0,07,000,00,2,8,15,A01
201200019522,0,07,000,00,1,1,01,A01
201200019523,0,07,000,00,2,3,15,A01
201200019523,0,33,000,00,2,1,01,B02
201200019524,0,07,000,02,0,1,13,A01
201200019525,0,07,000,00,2,1,17,A01
201200019525,0,07,000,00,2,1,01,B02
201200019526,0,30,000,00,0,4,15,A01
201200019527,0,07,000,13,0,1,01,A01
201200019528,0,07,000,14,0,1,01,A01
201200019529,0,07,000,00,1,2,01,A01
201200019530,0,33,000,00,2,1,01,A01
201200019530,0,07,000,00,2,6,15,B02
201200019531,0,07,000,00,0,3,01,A01
201200019532,0,07,000,00,9,1,01,A01
201200019532,0,30,000,00,9,9,01,B02
201200019533,0,07,000,00,2,1,01,B02
201200019533,0,21,000,00,2,2,09,A01
201200019534,0,31,000,00,0,0,00,A01
201200019535,0,07,000,02,0,7,01,A01
201200019536,0,07,000,00,1,2,01,A01
201200019537,0,07,000,00,0,2,01,A01
201200019538,0,07,000,00,0,3,01,A01
201200019538,0,07,000,00,0,2,00,B02
201200019539,0,07,000,16,2,1,21,A01
201200019540,0,33,000,13,0,1,01,A01
201200019541,0,33,000,00,2,7,17,A01
201200019541,0,07,000,00,2,8,13,B02
201200019542,0,07,000,00,1,1,01,A01
201200019543,0,07,000,00,2,1,09,B02
201200019543,0,33,000,09,2,1,13,A01
201200019544,0,07,000,13,0,9,01,A01
201200019545,0,07,000,00,2,3,09,A01
201200019545,0,07,000,00,2,2,01,B02
201200019546,0,07,000,00,2,3,13,B02
201200019546,0,17,000,13,2,3,01,A01
201200019547,0,07,000,00,1,3,01,A01
201200019548,0,07,000,00,2,3,01,A01
201200019548,0,07,000,00,2,2,15,B02
201200019549,0,33,000,00,2,1,01,A01
201200019549,0,07,000,00,2,2,15,B02
201200019550,0,36,000,00,2,2,01,B02
201200019550,0,07,000,00,2,5,15,A01
201200019551,0,07,000,00,2,3,01,A01
201200019551,0,07,000,00,2,1,01,B02
201200019552,0,07,000,00,2,3,13,A01
201200019552,0,15,000,00,2,3,01,B02
201200019553,0,07,000,13,0,3,01,A01
201200019554,0,07,000,13,0,1,14,A01
201200019555,0,07,000,00,1,3,01,A01
201200019556,0,10,000,00,1,2,01,A01
201200019557,0,07,000,00,1,7,01,A01
201200019558,0,07,000,00,2,8,19,B02
201200019558,0,15,000,00,2,1,01,A01
201200019559,0,33,000,00,2,1,17,A01
201200019559,0,07,000,00,2,3,15,B02
201200019560,0,10,000,00,0,1,01,B02
201200019560,0,07,000,00,2,2,15,A01
201200019561,0,36,000,02,0,1,14,A01
201200019562,0,07,000,00,1,3,01,A01
201200019563,0,07,000,00,2,3,01,A01
201200019563,0,07,000,00,2,3,01,B02
201200019564,0,14,000,00,2,3,01,A01
201200019564,0,07,000,00,2,3,01,B02
201200019565,0,07,000,00,2,1,13,A01
201200019565,0,07,000,00,2,1,01,B02
201200019566,0,07,000,14,0,1,06,A01
201200019567,0,02,000,00,2,1,17,A01
201200019567,0,07,000,00,2,8,15,B02
201200019568,0,07,000,00,2,2,17,A01
201200019568,0,30,000,00,2,3,15,B02
201200019569,0,30,000,00,0,7,15,B02
201200019569,0,07,000,00,0,3,16,A01
201200019570,0,07,000,00,2,3,13,A01
201200019570,0,03,000,00,2,3,01,B02
201200019571,0,07,000,00,2,3,01,B02
201200019571,0,07,000,00,2,3,01,A01
201200019572,0,33,000,00,2,1,01,A01
201200019572,0,10,000,00,0,8,19,B02
201200019573,0,33,000,00,0,0,00,A01
201200019574,0,07,000,,2,1,01,B02
201200019574,0,02,000,00,2,3,00,A01
201200019575,0,33,000,02,0,9,01,A01
201200019576,0,07,000,16,0,9,01,A01
201200019577,0,10,000,00,2,3,01,B02
201200019577,0,07,000,00,2,1,15,A01
201200019578,0,14,000,00,2,1,01,B02
201200019578,0,07,000,00,2,3,15,A01
201200019579,0,07,000,00,0,3,01,A01
201200019580,2,07,000,00,2,2,15,A01
201200019580,0,07,000,00,2,3,01,B02
201200019581,0,33,000,13,0,1,01,A01
201200019582,0,07,000,00,2,1,15,A01
201200019582,0,33,000,00,2,1,01,B02
201200019583,0,07,000,06,0,7,16,A01
201200019584,0,07,000,02,0,1,16,A01
201200019585,0,33,000,03,0,0,00,A01
201200019586,0,14,000,00,2,1,01,A01
201200019586,0,07,000,00,2,3,01,B02
201200019587,0,15,000,03,0,9,01,A01
201200019588,0,02,000,00,2,1,01,B02
201200019588,0,07,000,00,0,8,09,A01
201200019589,0,07,000,00,0,9,01,A01
201200019590,0,07,000,00,2,1,13,A01
201200019590,0,07,000,00,2,1,01,B02
201200019591,0,33,000,00,0,7,01,A01
201200019592,0,30,000,00,0,2,02,A01
201200019592,0,10,000,00,0,6,02,B02
201200019593,0,07,000,00,1,4,20,A01
201200019594,0,07,000,00,2,1,00,B02
201200019594,0,07,000,00,2,3,01,A01
201200019595,0,07,000,00,0,6,02,B02
201200019595,0,10,000,08,0,2,17,A01
201200019596,0,07,000,00,1,1,01,A01
201200019597,0,33,000,03,0,1,01,A01
201200019598,0,07,000,00,2,1,13,A01
201200019598,0,07,000,00,2,3,01,B02
201200019599,0,31,000,11,0,1,01,A01
201200019600,0,07,000,02,0,2,01,A01
201200019601,0,07,000,00,2,1,01,C03
201200019601,0,14,000,00,2,7,13,A01
201200019602,0,33,000,13,0,1,01,A01
201200019603,0,07,000,00,2,2,01,B02
201200019603,0,17,000,00,2,2,05,A01
201200019604,0,07,000,00,2,6,13,A01
201200019604,0,07,000,00,2,6,01,B02
201200019604,0,07,000,00,2,2,17,C03
201200019605,0,10,000,06,0,1,19,A01
201200019606,0,99,000,01,0,3,13,A01
201200019607,0,38,011,00,0,7,01,A01
201200019608,0,07,000,00,2,3,16,B02
201200019608,0,07,000,00,2,1,13,A01
201200019609,0,07,000,08,0,6,11,A01
201200019610,0,07,000,02,0,1,01,A01
201200019611,0,07,000,00,1,7,01,A01
201200019612,0,07,000,00,2,1,01,A01
201200019612,0,07,000,00,2,1,01,B02
201200019613,0,07,000,00,2,1,13,A01
201200019613,0,07,000,00,2,1,01,B02
201200019614,0,07,000,13,0,1,01,A01
201200019615,0,36,000,00,0,0,00,A01
201200019616,0,33,000,10,0,7,01,A01
201200019617,0,07,000,00,0,1,01,A01
201200019618,0,33,000,00,2,7,01,A01
201200019618,0,07,000,00,2,3,23,B02
201200019619,0,07,000,10,0,2,14,A01
201200019620,0,14,000,00,2,1,21,B02
201200019620,0,07,000,00,2,1,01,A01
201200019621,0,07,000,00,2,1,01,A01
201200019621,0,07,000,00,0,8,19,B02
201200019622,0,07,000,00,2,3,13,A01
201200019622,0,07,000,00,2,2,01,B02
201200019623,0,02,000,00,0,8,15,A01
201200019623,0,33,000,00,2,1,01,B02
201200019624,0,07,000,00,0,1,01,A01
201200019625,0,10,000,00,2,8,13,A01
201200019625,0,15,000,00,2,8,01,B02
201200019625,0,07,000,00,2,3,01,C03
201200019626,0,07,000,13,0,8,01,A01
201200019627,0,07,000,00,2,1,00,B02
201200019627,0,10,000,00,2,1,00,A01
201200019628,0,07,000,00,2,1,09,A01
201200019628,0,07,000,00,2,1,01,B02
201200019629,0,07,000,09,0,1,01,A01
201200019630,0,07,000,00,2,3,15,A01
201200019630,0,02,000,00,2,1,01,B02
201200019631,0,33,000,00,0,1,01,A01
201200019632,0,07,000,00,2,8,15,A01
201200019632,0,33,000,00,2,1,01,B02
201200019633,0,07,000,00,0,1,14,A01
201200019634,0,21,000,00,2,2,15,A01
201200019634,0,07,000,00,2,1,01,B02
201200019635,0,01,000,00,2,8,10,A01
201200019635,0,07,000,00,0,7,17,B02
201200019636,0,07,000,00,2,1,13,A01
201200019636,0,38,001,00,2,1,01,B02
201200019637,0,07,000,14,0,3,13,A01
201200019638,0,07,000,16,0,1,01,A01
201200019639,0,07,000,13,0,1,01,A01
201200019640,0,07,000,06,0,3,01,A01
201200019641,0,07,000,08,0,9,01,A01
201200019642,0,15,000,00,2,3,01,A01
201200019642,0,07,000,00,2,3,09,B02
201200019643,0,07,000,00,2,7,15,A01
201200019643,0,07,000,00,2,2,01,B02
201200019644,0,07,000,00,2,8,01,A01
201200019644,0,07,000,00,2,3,01,B02
201200019645,0,07,000,16,0,3,01,A01
201200019646,0,07,000,00,2,3,13,A01