Num_Acc,senc,catv,occutc,obs,obsm,choc,manv,num_veh
201200019646,0,10,000,00,2,3,01,B02
201200019647,0,07,000,02,0,9,14,A01
201200019648,0,07,000,00,1,3,01,A01
201200019649,0,07,000,08,0,3,14,A01
201200019650,0,07,000,00,2,3,13,A01
201200019650,0,07,000,00,2,3,01,B02
201200019651,0,07,000,00,0,2,01,A01
201200019652,0,07,000,00,2,3,18,A01
201200019652,0,14,000,00,2,2,16,B02
201200019653,0,07,000,02,0,1,01,A01
201200019654,0,07,000,00,2,1,01,B02
201200019654,0,07,000,00,2,3,15,A01
201200019655,0,10,000,00,0,1,01,A01
201200019656,0,30,000,16,2,0,21,A01
201200019657,0,07,000,00,2,2,01,A01
201200019657,0,07,000,00,2,3,19,B02
201200019658,0,10,000,00,2,3,13,A01
201200019658,0,21,000,00,2,8,01,B02
201200019658,0,07,000,00,2,5,21,C03
201200019659,0,07,000,00,2,7,19,B02
201200019659,0,07,000,00,2,2,01,A01
201200019660,0,07,000,00,0,8,19,B02
201200019660,0,07,000,00,0,2,01,A01
201200019661,0,07,000,00,2,3,13,A01
201200019661,0,15,000,00,2,8,01,B02
201200019661,0,07,000,00,2,3,01,C03
201200019661,0,07,000,14,0,8,01,D04
201200019661,0,07,000,14,0,1,01,E05
201200019662,0,07,000,00,2,8,13,A01
201200019662,0,15,000,00,2,1,13,B02
201200019663,0,07,000,02,0,1,01,A01
201200019664,2,07,000,00,9,7,17,A01
201200019664,0,01,000,00,2,8,02,B02
201200019665,0,07,000,00,1,3,15,A01
201200019666,0,07,000,00,2,1,13,A01
201200019666,0,38,001,00,2,1,01,B02
201200019667,0,07,000,00,0,9,01,A01
201200019668,0,30,000,00,0,0,00,A01
201200019669,0,07,000,00,2,2,15,A01
201200019669,0,33,000,00,2,6,01,B02
201200019670,0,33,000,00,2,1,01,A01
201200019670,0,14,000,00,2,3,01,B02
201200019671,0,07,000,06,0,1,01,A01
201200019672,0,07,000,00,1,3,01,A01
201200019673,0,07,000,02,0,3,01,A01
201200019674,0,07,000,00,2,8,15,A01
201200019674,0,31,000,00,2,1,01,B02
201200019675,1,07,000,00,0,0,00,A01
201200019676,0,07,000,00,2,1,15,A01
201200019676,0,07,000,00,2,3,01,B02
201200019677,0,33,000,00,0,0,01,A01
201200019678,2,10,000,00,0,9,01,A01
201200019679,0,07,000,00,2,1,13,A01
201200019679,0,07,000,00,2,3,01,B02
201200019680,0,07,000,00,2,1,02,A01
201200019680,0,07,000,00,2,4,02,B02
201200019680,0,07,000,00,2,1,00,C03
201200019681,0,07,000,13,0,3,02,A01
201200019682,0,33,000,00,2,1,00,A01
201200019682,0,07,000,00,2,1,01,B02
201200019683,0,07,000,00,2,1,01,A01
201200019683,0,10,000,00,2,4,24,B02
201200019683,0,07,000,00,2,1,01,C03
201200019684,0,07,000,00,2,6,11,A01
201200019684,0,07,000,00,2,2,17,B02
201200019685,0,07,000,00,0,1,15,A01
201200019685,0,37,050,00,0,1,01,B02
201200019686,0,07,000,00,2,1,01,A01
201200019686,0,07,000,00,2,2,01,B02
201200019687,0,07,000,00,2,2,17,A01
201200019687,0,02,000,00,2,6,15,B02
201200019688,0,07,000,00,2,2,15,A01
201200019688,0,07,000,00,2,1,01,B02
201200019689,0,07,000,00,2,7,13,A01
201200019689,0,07,000,00,2,1,01,B02
201200019690,0,07,000,00,2,2,15,A01
201200019690,0,07,000,00,2,1,01,B02
201200019691,0,07,000,00,2,1,02,A01
201200019691,0,07,000,00,2,5,19,B02
201200019692,0,07,000,13,1,3,02,A01
201200019693,0,07,000,00,0,1,00,A01
201200019693,0,07,000,00,0,1,13,B02
201200019694,0,07,000,16,0,6,01,A01
201200019695,0,10,000,00,1,1,01,A01
201200019696,0,07,000,00,1,2,01,A01
201200019697,0,07,000,03,0,3,01,A01
201200019698,0,07,000,00,2,3,01,A01
201200019698,0,07,000,00,2,5,13,B02
201200019699,0,33,000,00,0,7,01,A01
201200019700,0,07,000,00,2,8,19,B02
201200019700,0,07,000,00,2,1,01,A01
201200019701,0,07,000,06,0,1,01,A01
201200019702,0,07,000,13,2,6,01,A01
201200019702,0,07,000,00,2,3,01,B02
201200019703,0,07,000,13,0,9,01,A01
201200019704,0,07,000,06,0,1,01,A01
201200019705,0,07,000,05,0,1,00,A01
201200019706,0,10,000,00,1,1,00,A01
201200019707,0,07,000,00,1,3,01,A01
201200019708,0,07,000,00,1,6,04,A01
201200019709,0,07,000,00,2,1,15,A01
201200019709,0,07,000,00,2,1,01,B02
201200019710,0,10,000,06,0,1,01,A01
201200019711,0,07,000,00,2,1,01,A01
201200019711,0,01,000,00,2,8,15,B02
201200019712,0,07,000,00,2,8,19,A01
201200019712,0,33,000,00,2,1,01,B02
201200019713,0,30,000,00,2,1,13,A01
201200019713,0,07,000,00,2,3,01,B02
201200019714,0,07,000,00,0,2,15,A01
201200019714,0,33,000,00,0,3,01,B02
201200019715,0,07,000,02,0,8,01,A01
201200019716,0,07,000,13,0,1,01,A01
201200019717,0,07,000,00,1,1,01,A01
201200019718,0,14,000,00,2,3,01,A01
201200019718,0,07,000,00,0,4,15,B02
201200019719,0,07,000,00,2,8,15,A01
201200019719,0,07,000,00,2,1,01,B02
201200019720,0,07,000,00,1,2,15,A01
201200019721,0,07,000,00,1,1,01,A01
201200019722,0,07,000,00,2,4,09,A01
201200019722,0,33,000,00,2,1,02,B02
201200019723,0,07,000,00,2,1,01,B02
201200019723,0,07,000,00,2,7,13,A01
201200019724,0,07,000,13,0,4,13,A01
201200019725,0,33,000,02,0,1,00,A01
201200019726,0,01,000,00,0,8,02,A01
201200019727,0,33,000,13,0,7,14,A01
201200019728,0,33,000,13,0,1,01,A01
201200019729,0,31,000,00,2,1,13,A01
201200019729,0,07,000,00,2,2,01,B02
201200019730,0,07,000,08,0,8,01,A01
201200019731,0,10,000,02,0,1,01,A01
201200019732,0,33,000,00,0,0,01,A01
201200019733,0,07,000,00,2,1,02,A01
201200019733,0,07,000,00,2,6,01,B02
201200019733,0,07,000,00,2,4,01,C03
201200019734,0,33,000,00,2,1,01,B02
201200019734,0,07,000,00,2,6,01,A01
201200019735,0,07,000,00,2,1,01,C03
201200019735,0,07,000,00,2,3,01,B02
201200019735,0,07,000,00,2,3,13,A01
201200019736,0,33,000,03,0,1,01,A01
201200019737,0,07,000,02,0,1,01,A01
201200019738,0,07,000,00,2,1,01,A01
201200019738,0,07,000,00,2,3,01,B02
201200019739,0,21,000,00,2,4,02,A01
201200019739,0,10,000,00,2,1,02,B02
201200019740,0,07,000,00,2,1,01,A01
201200019740,0,07,000,00,2,8,01,B02
201200019740,0,33,000,00,0,4,01,C03
201200019741,0,07,000,10,0,3,00,A01
201200019742,0,31,000,00,0,1,01,A01
201200019743,0,07,000,13,0,1,19,A01
201200019744,0,07,000,00,2,1,01,A01
201200019744,0,07,000,00,2,3,16,B02
201200019745,0,07,000,00,2,7,13,A01
201200019745,0,07,000,00,2,2,01,C03
201200019745,0,99,000,00,2,3,01,B02
201200019746,0,33,000,00,2,1,01,B02
201200019746,0,14,000,00,2,3,01,A01
201200019747,0,33,000,00,0,3,01,A01
201200019748,0,07,000,00,1,3,01,A01
201200019749,0,07,000,00,2,8,19,A01
201200019749,0,32,000,00,2,1,01,B02
201200019750,0,14,000,00,0,6,15,B02
201200019750,0,02,000,00,2,1,17,A01
201200019751,0,02,000,00,2,1,13,A01
201200019751,0,07,000,00,2,3,01,B02
201200019752,0,33,000,03,0,1,17,A01
201200019753,0,32,000,00,2,1,03,A01
201200019753,0,07,000,00,0,8,15,B02
201200019754,0,07,000,00,0,5,15,A01
201200019754,0,02,000,00,0,1,01,B02
201200019755,0,33,000,00,2,8,01,A01
201200019756,0,07,000,00,2,5,19,B02
201200019756,0,07,000,00,2,1,01,A01
201200019757,0,07,000,02,0,1,01,A01
201200019758,0,10,000,00,2,2,01,A01
201200019758,0,02,000,00,2,2,12,B02
201200019759,0,07,000,00,1,5,21,A01
201200019760,0,07,000,00,2,3,15,A01
201200019760,0,07,000,00,2,3,01,B02
201200019761,0,07,000,00,1,1,15,A01
201200019762,0,07,000,00,1,3,00,A01
201200019763,0,07,000,00,2,3,01,C03
201200019763,0,33,000,00,2,1,01,A01
201200019763,0,07,000,00,2,4,10,B02
201200019764,0,07,000,03,0,1,14,A01
201200019765,0,07,000,00,0,3,01,B02
201200019765,0,15,000,00,0,3,13,A01
201200019766,0,14,000,00,2,3,01,A01
201200019766,0,07,000,00,2,1,13,B02
201200019767,0,07,000,00,2,1,02,A01
201200019767,0,07,000,00,2,4,02,B02
201200019768,0,38,014,00,0,0,01,A01
201200019769,0,33,000,00,0,1,01,A01
201200019769,0,30,000,09,0,3,19,B02
201200019770,0,33,000,16,0,7,01,A01
201200019771,0,07,000,00,2,4,02,A01
201200019771,0,01,000,00,2,4,02,B02
201200019772,0,33,000,13,0,0,01,A01
201200019773,0,07,000,13,0,2,00,A01
201200019774,0,33,000,03,0,7,02,A01
201200019775,0,07,000,00,2,3,13,A01
201200019775,0,07,000,00,2,1,01,B02
201200019775,0,07,000,00,2,3,01,C03
201200019776,0,07,000,00,2,1,17,A01
201200019776,0,07,000,00,2,1,01,B02
201200019777,0,02,000,12,0,7,01,A01
201200019778,0,02,000,00,2,3,01,A01
201200019778,0,07,000,00,2,6,09,B02
201200019779,0,07,000,06,0,2,14,A01
201200019780,0,14,000,00,0,8,15,A01
201200019781,0,07,000,00,0,1,00,A01
201200019781,0,07,000,00,0,1,00,B02
201200019782,0,07,000,00,2,7,13,A01
201200019782,0,07,000,00,2,1,01,B02
201200019783,0,07,000,06,0,0,01,A01
201200019784,0,07,000,00,2,3,01,A01
201200019784,0,01,000,00,2,7,15,B02
201200019785,0,33,000,00,2,1,01,A01
201200019785,0,07,000,00,2,6,15,B02
201200019786,0,07,000,06,0,1,01,A01
201200019787,0,33,000,00,2,1,01,A01
201200019787,0,10,000,00,2,8,15,B02
201200019788,0,33,000,12,0,5,01,A01
201200019789,0,07,000,08,0,1,01,A01
201200019790,0,07,000,00,2,1,01,B02
201200019790,0,07,000,00,2,2,15,A01
201200019791,0,07,000,02,2,4,01,B02
201200019791,0,07,000,00,2,1,17,A01
201200019792,0,07,000,00,2,1,01,B02
201200019792,0,07,000,00,2,1,01,A01
201200019793,0,07,000,12,0,3,01,A01
201200019794,0,15,000,15,0,1,01,A01
201200019795,0,10,000,00,2,2,02,A01
201200019795,0,10,000,00,0,6,02,B02
201200019796,0,33,000,00,0,0,21,A01
201200019797,0,07,000,02,0,1,01,A01
201200019798,0,33,000,00,2,1,01,B02
201200019798,0,07,000,00,2,3,15,A01
201200019799,0,07,000,00,2,5,13,A01
201200019799,0,07,000,00,0,1,00,B02
201200019800,0,10,000,02,0,1,01,A01
201200019801,0,07,000,00,2,1,01,B02
201200019801,0,33,000,00,2,1,13,A01
201200019802,0,07,000,00,2,7,19,A01
201200019802,0,37,000,00,2,2,01,B02
201200019803,0,07,000,00,2,1,19,A01
201200019803,0,07,000,00,2,5,01,B02
201200019804,0,01,000,00,2,4,01,A01
201200019804,0,07,000,00,2,1,01,B02
201200019805,0,33,000,15,0,7,01,A01
201200019806,0,01,000,00,2,8,15,A01
201200019806,0,07,000,00,2,1,01,B02
201200019807,0,07,000,00,2,1,01,A01
201200019807,0,01,000,00,2,8,19,B02
201200019808,0,33,000,13,6,1,21,A01
201200019809,0,07,000,00,2,3,19,A01
201200019809,0,33,000,00,2,7,01,B02
201200019810,0,07,000,00,2,1,01,B02
201200019810,0,07,000,00,2,3,15,A01
201200019811,0,10,000,00,1,2,01,A01
201200019812,0,07,000,08,0,9,00,A01
201200019813,0,07,000,00,2,4,15,A01
201200019813,0,07,000,00,2,1,01,C03
201200019813,0,10,000,00,2,1,01,B02
201200019814,0,07,000,06,0,7,00,A01
201200019815,0,01,000,00,0,4,01,B02
201200019815,0,10,000,00,9,2,01,A01
201200019816,0,07,000,00,1,1,15,A01
201200019817,0,07,000,02,0,3,13,A01
201200019818,0,30,000,00,2,1,01,A01
201200019818,0,10,000,00,2,3,17,B02
201200019819,0,14,000,13,0,1,01,A01
201200019820,0,14,000,00,2,3,13,A01
201200019820,0,10,000,00,2,3,00,B02
201200019821,0,31,000,00,2,2,02,A01
201200019821,0,14,000,00,0,5,15,B02
201200019822,0,33,000,00,2,7,01,A01
201200019822,0,07,000,00,2,1,15,B02
201200019823,0,07,000,13,0,3,01,A01
201200019824,0,02,000,00,2,1,01,B02
201200019824,0,07,000,00,2,3,17,A01
201200019825,0,07,000,00,2,3,01,B02
201200019825,0,07,000,00,2,3,13,A01
201200019826,0,07,000,13,2,1,01,C03
201200019826,0,21,000,00,2,3,01,B02
201200019826,0,07,000,00,2,1,17,A01
201200019827,0,07,000,00,2,3,01,B02
201200019827,0,07,000,00,2,3,17,A01
201200019828,0,07,000,13,0,1,14,A01
201200019829,0,10,000,00,2,2,21,A01
201200019829,0,13,000,00,0,6,01,B02
201200019830,0,07,000,13,0,1,01,B02
201200019830,0,07,000,03,0,8,01,A01
201200019831,0,07,000,13,0,2,01,A01
201200019832,0,07,000,13,0,1,01,A01
201200019833,0,07,000,00,2,3,13,A01
201200019833,0,07,000,00,2,3,01,B02
201200019834,0,07,000,00,2,3,00,A01
201200019834,0,99,000,00,2,3,00,B02
201200019835,0,07,000,00,2,3,01,B02
201200019835,0,07,000,00,2,1,01,A01
201200019836,0,07,000,00,2,2,19,A01
201200019836,0,01,000,00,2,8,01,B02
201200019837,0,07,000,00,6,1,02,A01
201200019838,0,07,000,00,2,1,01,A01
201200019838,0,07,000,00,2,6,09,B02
201200019839,0,07,000,02,0,7,13,A01
201200019840,0,33,000,00,2,1,17,A01
201200019840,0,30,000,00,0,6,15,B02
201200019841,0,33,000,01,0,1,01,A01
201200019841,0,07,000,00,2,6,23,B02
201200019842,0,07,000,00,2,3,19,B02
201200019842,0,07,000,00,2,2,01,A01
201200019843,0,07,000,13,0,9,01,A01
201200019844,0,33,000,00,2,1,01,A01
201200019844,0,07,000,00,2,4,01,B02
201200019845,0,33,000,00,0,7,01,A01
201200019846,0,07,000,00,2,8,01,B02
201200019846,0,07,000,00,2,1,01,A01
201200019847,0,07,000,02,0,3,13,A01
201200019848,0,07,000,00,2,1,01,A01
201200019848,0,21,000,00,2,6,01,B02
201200019849,0,07,000,02,0,9,13,A01
201200019850,0,07,000,00,2,7,15,A01
201200019850,0,02,000,00,2,1,01,B02
201200019851,0,30,000,12,0,1,01,A01
201200019852,0,07,000,00,1,2,13,A01
201200019853,0,02,000,00,2,1,01,B02
201200019853,0,07,000,00,2,2,19,A01
201200019854,0,07,000,00,2,1,21,B02
201200019854,0,10,000,00,2,1,13,A01
201200019855,0,30,000,00,2,6,21,A01
201200019855,0,07,000,00,2,3,13,B02
201200019856,0,33,000,13,0,0,00,A01
201200019857,0,07,000,00,2,1,13,A01
201200019857,0,07,000,00,2,1,01,B02
201200019858,0,30,000,00,2,1,01,B02
201200019858,0,21,000,00,2,5,00,A01
201200019859,0,33,000,13,0,7,01,A01
201200019860,0,07,000,00,0,1,01,B02
201200019860,0,07,000,00,0,7,19,A01
201200019861,0,07,000,00,2,8,19,A01
201200019861,0,07,000,00,2,1,01,B02
201200019862,0,10,000,00,2,5,23,B02
201200019862,0,30,000,00,2,3,21,A01
201200019863,0,07,000,02,0,3,13,A01
201200019864,0,07,000,00,2,1,01,B02
201200019864,0,15,000,00,2,2,15,A01
201200019865,0,07,000,00,9,8,01,A01
201200019865,0,02,000,00,2,1,01,B02
201200019866,0,07,000,00,2,3,15,B02
201200019866,0,31,000,00,2,1,01,A01
201200019867,0,30,000,00,1,1,13,A01
201200019868,0,30,000,00,2,1,01,B02
201200019868,0,10,000,00,2,2,19,A01
201200019869,0,07,000,00,2,3,15,A01
201200019869,0,07,000,00,2,2,01,B02
201200019870,0,07,000,00,2,3,09,A01
201200019870,0,02,000,00,2,1,01,B02
201200019871,0,33,000,00,2,8,01,B02
201200019871,0,07,000,00,2,3,15,A01
201200019872,0,31,000,16,0,1,15,A01
201200019873,0,07,000,00,2,3,10,A01
201200019873,0,33,000,00,2,1,01,B02
201200019874,0,07,000,00,2,1,01,A01
201200019874,0,03,000,00,2,8,19,B02
201200019875,0,07,000,02,0,7,13,A01
201200019876,0,31,000,03,0,7,01,A01
201200019877,0,07,000,00,2,8,01,B02
201200019877,0,07,000,00,2,3,13,A01
201200019878,0,35,000,16,0,2,01,A01
201200019879,0,02,000,00,2,1,01,A01
201200019879,0,07,000,00,2,6,10,B02
201200019880,0,07,000,13,0,9,01,A01
201200019881,0,07,000,02,0,2,01,A01
201200019882,0,31,000,01,0,2,00,A01
201200019883,0,07,000,00,1,2,01,A01
201200019884,0,33,000,00,2,1,01,B02
201200019884,0,10,000,00,2,6,10,A01
201200019885,0,31,000,00,0,1,01,B02
201200019885,0,07,000,00,2,3,09,A01
201200019886,0,07,000,02,0,1,01,A01
201200019887,0,07,000,00,2,2,01,B02
201200019887,0,07,000,00,2,8,09,A01
201200019888,0,10,000,00,0,8,01,A01
201200019889,0,02,000,00,2,3,01,A01
201200019889,0,07,000,00,2,3,13,B02
201200019890,0,38,001,00,1,4,04,A01
201200019891,0,07,000,00,2,2,19,A01
201200019891,0,17,000,00,2,0,01,B02
201200019892,0,07,000,00,0,4,15,B02
201200019892,0,07,000,00,2,1,01,A01
201200019893,0,37,001,00,2,8,15,B02
201200019893,0,30,000,00,2,1,15,A01
201200019894,0,30,000,00,2,1,19,A01
201200019894,0,07,000,00,2,2,01,B02
201200019895,0,07,000,00,2,5,15,A01
201200019895,0,33,000,00,2,1,01,B02
201200019896,0,07,000,00,2,3,21,B02
201200019896,0,07,000,00,2,2,13,A01
201200019897,0,07,000,00,2,3,13,A01
201200019897,0,33,000,00,2,1,01,B02
201200019898,0,07,000,06,0,1,13,A01
201200019899,0,07,000,00,1,1,01,A01
201200019900,0,07,000,00,2,3,01,A01
201200019900,0,07,000,00,2,3,01,B02
201200019901,0,07,000,13,0,1,13,A01
201200019902,0,07,000,06,0,1,16,A01
201200019903,0,07,000,00,2,3,01,A01
201200019903,0,07,000,00,2,1,01,B02
201200019904,0,02,000,08,0,1,01,A01
201200019905,0,33,000,08,2,1,21,A01
201200019905,0,01,000,00,2,4,21,B02
201200019906,0,07,000,00,2,7,09,A01
201200019906,0,33,000,00,2,1,01,B02
201200019907,0,07,000,00,2,8,01,B02
201200019907,0,30,000,00,2,1,01,A01
201200019908,0,07,000,00,2,3,01,B02
201200019908,0,31,000,00,2,7,19,A01
201200019909,0,07,000,00,1,3,01,A01
201200019910,0,07,000,13,0,9,01,A01
201200019911,0,07,000,00,2,3,01,B02
201200019911,0,07,000,00,2,1,13,A01
201200019912,0,10,000,00,2,1,01,A01
201200019912,0,07,000,00,2,8,16,B02
201200019913,0,07,000,00,2,7,01,A01
201200019913,0,07,000,00,2,1,01,B02
201200019914,0,07,000,00,2,1,01,B02
201200019914,0,07,000,00,2,1,05,A01
201200019915,0,07,000,00,2,1,02,A01
201200019915,0,01,000,00,0,4,01,B02
201200019916,0,33,000,00,2,1,01,A01
201200019916,0,33,000,00,0,4,01,B02
201200019917,0,07,000,00,2,2,19,A01
201200019917,0,31,000,00,2,7,21,B02
201200019918,0,33,000,08,0,1,00,A01
201200019919,0,07,000,02,0,8,13,A01
201200019920,0,07,000,06,0,8,01,A01
201200019921,0,33,000,00,2,3,21,A01
201200019921,0,07,000,00,0,6,01,B02
201200019922,0,02,000,00,2,8,01,B02
201200019922,0,07,000,00,2,1,19,A01
201200019923,0,07,000,00,2,3,13,A01
201200019923,0,17,000,00,2,3,21,B02
201200019924,0,07,000,16,0,1,01,A01
201200019925,0,10,000,00,2,8,05,A01
201200019925,0,10,000,00,2,3,01,B02
201200019926,0,07,000,02,0,2,01,A01
201200019927,0,07,000,06,0,1,01,A01
201200019928,0,07,000,00,2,1,13,A01
201200019928,0,07,000,00,2,1,01,B02
201200019929,0,33,000,00,2,1,02,A01
201200019929,0,07,000,00,0,5,02,B02
201200019930,0,07,000,00,1,2,01,A01
201200019931,0,10,000,00,2,3,13,A01
201200019931,0,33,000,00,2,3,01,B02
201200019932,0,07,000,00,2,1,01,A01
201200019932,0,07,000,00,2,7,19,B02
201200019933,0,07,000,00,1,2,00,A01
201200019934,0,07,000,00,0,3,01,A01
201200019935,0,07,000,02,0,8,13,A01
201200019936,0,07,000,00,2,3,01,A01
201200019936,0,07,000,00,2,3,01,B02
201200019936,0,07,000,00,0,6,01,C03
201200019937,0,30,000,16,0,7,10,A01
201200019938,0,31,000,00,6,1,01,A01
201200019939,0,07,000,00,9,3,01,B02
201200019939,0,01,000,00,2,1,09,A01
201200019940,0,03,000,15,0,1,01,A01
201200019941,0,07,000,00,1,3,01,A01
201200019942,0,07,000,00,2,3,01,B02
201200019942,0,07,000,00,2,8,19,A01
201200019943,0,07,000,08,0,2,01,A01
201200019944,0,07,000,00,1,1,01,A01
201200019945,0,07,000,02,0,8,01,A01
201200019946,0,07,000,00,2,3,01,B02
201200019946,0,07,000,00,2,3,13,A01
201200019947,0,30,000,08,0,1,13,A01
201200019948,0,07,000,00,2,2,13,A01
201200019948,0,14,000,00,2,1,01,B02
201200019949,0,07,000,00,2,8,01,B02
201200019949,0,07,000,00,2,1,19,A01
201200019950,0,01,000,00,2,8,19,A01
201200019950,0,07,000,00,2,3,15,B02
201200019951,0,07,000,00,2,2,02,A01
201200019951,0,02,000,00,2,4,01,B02
201200019952,0,10,000,00,9,3,00,A01
201200019952,0,01,000,00,2,3,01,B02
201200019953,0,07,000,16,0,9,15,A01
201200019954,0,07,000,00,0,0,01,A01
201200019955,0,30,000,00,2,8,21,B02
201200019955,0,07,000,00,2,1,06,A01
201200019956,0,07,000,00,1,2,02,A01
201200019957,0,07,000,02,0,3,01,A01
201200019958,0,07,000,00,0,9,01,A01
201200019959,0,15,000,03,0,8,01,A01
201200019960,0,07,000,00,2,8,19,A01
201200019960,0,15,000,00,2,3,01,B02
201200019961,0,07,000,00,2,3,13,A01
201200019961,0,07,000,00,2,3,01,B02
201200019962,0,07,000,06,0,1,14,A01
201200019963,0,30,000,00,0,0,01,A01
201200019964,0,07,000,02,0,7,01,A01
201200019965,0,07,000,06,0,7,00,A01
201200019966,0,10,000,00,2,8,00,A01
201200019966,0,10,000,00,2,1,19,B02
201200019967,0,07,000,02,0,1,01,A01
201200019968,0,07,000,00,2,3,15,A01
201200019968,0,07,000,00,2,7,01,B02
201200019968,0,10,000,00,2,1,15,C03
201200019969,0,07,000,00,0,9,01,A01
201200019970,0,30,000,00,2,1,01,B02
201200019970,0,10,000,00,2,2,15,A01
201200019971,0,07,000,00,2,8,00,B02
201200019971,0,07,000,00,2,1,01,A01
201200019972,0,10,000,02,0,2,14,A01
201200019973,0,07,000,00,2,1,01,B02
201200019973,0,30,000,00,2,1,05,A01
201200019974,0,07,000,00,1,1,01,A01
201200019975,0,07,000,00,2,1,01,C03
201200019975,0,10,000,00,2,1,01,A01
201200019975,0,07,000,00,2,1,01,B02
201200019976,0,07,000,00,2,1,01,B02
201200019976,0,07,000,00,2,7,19,A01
201200019977,0,07,000,00,1,2,01,A01
201200019978,0,36,000,00,0,0,16,A01
201200019979,0,07,000,06,0,8,01,A01
201200019980,0,07,000,02,0,3,01,A01
201200019981,0,07,000,02,0,2,01,A01
201200019982,0,15,000,00,2,1,01,B02
201200019982,0,07,000,00,2,7,19,A01
201200019983,0,07,000,00,2,1,01,A01
201200019983,0,15,000,00,2,7,19,B02
201200019984,0,30,000,00,1,1,01,A01
201200019985,0,07,000,03,0,3,01,A01
201200019986,0,07,000,04,0,7,02,A01
201200019987,0,07,000,00,0,2,01,A01
201200019988,0,10,000,00,2,3,01,B02
201200019988,0,10,000,00,2,3,01,A01
201200019989,0,07,000,00,1,3,01,A01
201200019990,0,07,000,13,0,9,01,A01
201200019991,0,07,000,16,0,2,13,A01
201200019992,0,30,000,00,2,1,02,A01
201200019992,0,07,000,00,2,3,01,B02
201200019993,0,33,000,00,6,1,00,A01
201200019994,0,07,000,00,0,2,01,A01
201200019994,0,01,000,00,0,4,01,B02
201200019995,0,14,000,00,2,3,01,B02
201200019995,0,07,000,00,2,3,13,A01
201200019996,0,01,000,00,2,1,01,B02
201200019996,0,07,000,00,2,2,15,A01
201200019997,0,01,000,00,0,3,01,B02
201200019997,0,01,000,00,0,3,01,C03
201200019997,0,07,000,00,0,7,13,A01
201200019998,0,31,000,12,9,1,14,A01
201200019999,0,10,000,09,1,2,14,A01
201200020000,0,07,000,02,0,9,13,A01
201200020001,0,01,000,00,2,1,01,B02
201200020001,0,07,000,00,9,3,13,A01
201200020002,0,07,000,13,0,1,01,A01
201200020003,0,07,000,06,0,2,01,A01
201200020004,0,07,000,00,2,7,19,B02
201200020004,0,10,000,00,2,1,01,A01
201200020005,0,01,000,00,2,1,01,B02
201200020005,1,10,000,00,0,5,01,A01
201200020006,0,30,000,00,2,1,02,B02
201200020006,0,30,000,00,2,4,02,A01
201200020007,0,07,000,00,0,0,23,C03
201200020007,0,07,000,00,2,5,15,A01
201200020007,0,33,000,00,0,1,01,B02
201200020008,0,07,000,00,2,8,19,A01
201200020008,0,32,000,00,0,0,01,B02
201200020009,0,30,000,00,2,4,02,B02
201200020009,0,07,000,00,2,2,02,A01
201200020010,0,07,000,00,2,2,09,B02
201200020010,0,33,000,00,2,1,01,A01
201200020011,0,07,000,00,1,3,01,A01
201200020012,0,07,000,00,2,8,15,A01
201200020012,0,31,000,00,2,1,17,B02
201200020013,0,33,000,00,2,1,13,A01
201200020013,0,07,000,00,0,3,01,B02
201200020014,0,07,000,00,2,8,05,B02
201200020014,0,07,000,00,2,8,01,A01
201200020014,0,33,000,00,2,8,01,C03
201200020015,0,02,000,00,2,3,13,A01
201200020015,0,07,000,00,2,3,01,B02
201200020016,0,07,000,02,0,9,13,A01
201200020017,0,07,000,00,2,8,15,A01
201200020017,0,33,000,00,2,7,17,B02
201200020018,2,07,000,09,0,7,13,A01
201200020019,0,07,000,00,1,3,01,A01
201200020019,0,38,005,00,1,1,01,B02
201200020020,0,07,000,00,2,1,17,A01
201200020020,0,07,000,00,2,1,01,B02
201200020021,0,07,000,00,2,1,01,A01
201200020021,0,07,000,00,2,1,13,B02
201200020022,0,07,000,00,0,8,19,B02
201200020022,0,33,000,00,2,1,01,A01
201200020023,0,07,000,00,2,1,01,A01
201200020023,0,07,000,00,2,4,01,C03
201200020023,0,07,000,00,0,4,00,B02
201200020024,0,07,000,00,2,1,17,A01
201200020024,0,33,000,00,2,4,15,B02
201200020025,0,31,000,00,2,1,01,B02
201200020025,0,14,000,00,2,3,15,A01
201200020026,0,07,000,00,2,3,01,A01
201200020026,0,07,000,00,2,3,01,B02
201200020027,0,07,000,00,2,3,13,A01
201200020027,0,07,000,00,2,3,01,B02
201200020028,0,07,000,00,0,9,01,A01
201200020029,0,07,000,00,1,2,01,A01
201200020030,0,02,000,00,2,3,13,A01
201200020030,0,02,000,00,2,3,01,B02
201200020031,0,33,000,00,2,1,05,A01
201200020031,0,07,000,00,2,1,01,B02
201200020032,0,33,000,00,1,1,01,A01
201200020033,0,15,000,00,0,7,21,B02
201200020033,0,07,000,00,0,1,15,A01
201200020034,0,07,000,00,2,8,19,A01
201200020034,0,07,000,00,2,1,01,B02
201200020035,0,31,000,00,2,3,01,A01
201200020035,0,21,000,00,2,1,01,B02
201200020036,0,07,000,06,0,8,01,A01
201200020037,0,07,000,00,2,1,01,B02
201200020037,0,07,000,00,2,1,13,A01
201200020038,0,10,000,00,0,1,01,A01
201200020038,0,21,000,00,0,4,01,B02
201200020039,0,07,000,11,0,3,01,A01
201200020040,0,36,000,02,0,2,14,A01