Num_Acc,senc,catv,occutc,obs,obsm,choc,manv,num_veh
201200020041,0,07,000,00,2,1,13,A01
201200020041,0,07,000,00,2,1,01,B02
201200020042,0,07,000,08,0,3,01,A01
201200020043,0,07,000,02,0,3,01,A01
201200020044,0,30,000,03,0,7,14,A01
201200020045,0,33,000,02,0,1,01,A01
201200020046,0,03,000,00,2,8,01,B02
201200020046,0,07,000,00,2,2,19,A01
201200020047,0,38,001,00,2,3,01,B02
201200020047,0,07,000,00,2,3,13,A01
201200020048,0,07,000,00,2,3,01,C03
201200020048,0,07,000,00,2,1,01,B02
201200020048,0,07,000,00,2,3,13,A01
201200020049,0,02,000,00,2,1,01,B02
201200020049,0,07,000,00,0,3,15,A01
201200020050,0,21,000,00,2,3,15,B02
201200020050,0,01,000,00,2,1,01,A01
201200020051,0,10,000,00,2,3,01,B02
201200020051,0,30,000,00,2,3,05,A01
201200020052,0,07,000,06,0,1,01,A01
201200020053,0,07,000,00,2,2,01,B02
201200020053,0,07,000,00,2,2,13,A01
201200020054,0,07,000,02,0,8,01,A01
201200020055,0,07,000,00,0,3,01,A01
201200020055,0,07,000,00,0,3,01,B02
201200020056,0,07,000,01,0,4,00,B02
201200020056,0,30,000,00,0,1,01,A01
201200020057,0,07,000,00,1,2,01,A01
201200020058,0,07,000,00,2,5,16,B02
201200020058,0,33,000,00,2,1,02,A01
201200020059,0,07,000,06,0,3,01,A01
201200020060,0,07,000,02,0,5,13,A01
201200020061,0,07,000,02,0,1,00,A01
201200020062,0,07,000,00,2,1,01,A01
201200020062,0,07,000,00,0,7,09,B02
201200020063,0,07,000,00,2,2,01,A01
201200020063,0,07,000,00,2,8,19,B02
201200020064,0,07,000,00,1,1,16,A01
201200020065,0,07,000,13,0,3,13,A01
201200020066,0,10,000,00,2,1,01,A01
201200020066,0,10,000,00,2,4,02,B02
201200020067,0,10,000,00,2,3,17,B02
201200020067,0,07,000,00,2,3,13,A01
201200020068,0,07,000,02,0,8,14,A01
201200020069,0,07,000,00,2,7,14,A01
201200020069,0,07,000,03,2,8,01,B02
201200020070,0,33,000,00,2,1,01,B02
201200020070,0,07,000,00,2,7,19,A01
201200020071,0,33,000,00,0,8,21,A01
201200020072,0,02,000,00,0,0,01,C03
201200020072,0,07,000,00,2,1,17,A01
201200020072,0,07,000,00,2,1,01,B02
201200020073,0,10,000,00,1,3,20,A01
201200020074,0,07,000,00,2,7,01,B02
201200020074,0,07,000,00,2,3,19,A01
201200020075,0,01,000,00,2,8,15,A01
201200020075,0,07,000,00,2,1,19,B02
201200020076,0,33,000,00,2,1,17,B02
201200020076,0,07,000,00,2,3,11,A01
201200020077,0,07,000,06,0,5,01,A01
201200020078,0,07,000,00,2,3,15,A01
201200020078,0,07,000,00,0,2,17,B02
201200020079,0,39,000,00,4,1,01,B02
201200020079,0,07,000,00,0,7,01,A01
201200020080,0,07,000,13,0,1,01,A01
201200020081,0,07,000,00,2,3,15,A01
201200020081,0,32,000,00,2,1,01,B02
201200020082,0,07,000,08,0,1,01,A01
201200020083,0,07,000,00,2,8,15,A01
201200020083,0,02,000,00,2,1,01,B02
201200020084,0,07,000,00,0,3,13,A01
201200020084,0,07,000,00,0,3,01,B02
201200020085,0,07,000,02,0,1,00,A01
201200020086,0,07,000,00,1,3,15,A01
201200020087,0,07,000,00,1,2,01,A01
201200020088,0,07,000,13,0,9,01,A01
201200020089,0,07,000,00,2,1,14,B02
201200020089,0,07,000,00,2,6,15,A01
201200020090,0,21,000,00,0,6,01,B02
201200020090,0,07,000,00,2,1,02,A01
201200020091,0,33,000,00,2,1,01,B02
201200020091,0,07,000,00,2,5,19,A01
201200020092,0,10,000,00,0,0,01,A01
201200020093,0,07,000,00,2,7,01,B02
201200020093,0,07,000,00,2,1,01,A01
201200020094,0,07,000,00,2,3,01,B02
201200020094,0,07,000,00,2,3,01,A01
201200020095,0,33,000,00,2,1,01,A01
201200020095,0,07,000,00,2,3,15,B02
201200020096,0,07,000,00,2,1,05,B02
201200020096,0,07,000,00,2,1,05,A01
201200020097,0,07,000,00,2,2,15,A01
201200020097,0,07,000,00,2,1,01,B02
201200020098,0,07,000,00,2,2,01,A01
201200020098,0,07,000,00,2,3,16,B02
201200020099,0,07,000,00,2,2,01,A01
201200020099,0,07,000,00,2,3,01,B02
201200020100,0,32,000,00,2,1,02,B02
201200020100,0,20,000,00,2,6,02,A01
201200020100,0,14,000,14,0,6,02,C03
201200020101,0,07,000,13,0,1,01,A01
201200020102,0,07,000,00,2,1,01,B02
201200020102,0,07,000,00,0,1,01,A01
201200020103,0,07,000,00,1,1,01,A01
201200020104,0,33,000,06,0,1,01,A01
201200020105,0,07,000,00,2,1,13,A01
201200020105,0,13,000,00,2,1,01,B02
201200020106,0,07,000,00,2,3,01,C03
201200020106,0,07,000,00,2,3,13,A01
201200020106,0,07,000,00,2,3,01,B02
201200020107,0,07,000,00,2,1,01,B02
201200020107,0,15,000,02,0,1,01,A01
201200020108,0,33,000,02,0,7,01,A01
201200020109,0,07,000,00,2,3,13,A01
201200020109,0,33,000,00,2,1,01,B02
201200020110,0,07,000,00,2,1,01,B02
201200020110,0,02,000,00,2,8,09,A01
201200020111,0,33,000,00,2,4,02,B02
201200020111,0,33,000,00,2,1,02,A01
201200020112,0,33,000,00,0,2,01,A01
201200020112,0,07,000,00,0,3,15,B02
201200020113,0,07,000,06,0,7,01,A01
201200020114,0,30,000,00,2,1,01,A01
201200020114,0,14,000,00,2,2,15,B02
201200020115,0,07,000,02,0,9,01,A01
201200020116,0,07,000,16,0,0,01,A01
201200020117,0,33,000,00,6,2,01,A01
201200020118,0,07,000,00,0,7,19,A01
201200020118,0,07,000,00,2,3,01,B02
201200020119,0,07,000,00,1,6,01,A01
201200020120,0,07,000,03,9,1,01,A01
201200020121,0,33,000,14,0,2,14,A01
201200020122,0,33,000,00,2,1,17,A01
201200020122,0,07,000,00,2,3,15,B02
201200020123,0,33,000,00,2,1,02,A01
201200020123,0,15,000,00,2,5,02,B02
201200020124,0,21,000,00,2,8,15,A01
201200020124,0,31,000,00,2,1,17,B02
201200020125,0,07,000,08,0,3,01,A01
201200020126,0,07,000,00,2,1,19,A01
201200020126,0,33,000,00,2,7,01,B02
201200020127,0,30,000,08,0,7,01,A01
201200020128,0,07,000,00,1,1,01,A01
201200020129,0,07,000,02,2,5,13,A01
201200020129,0,07,000,00,2,2,01,B02
201200020130,0,07,000,13,0,1,01,A01
201200020131,0,07,000,00,2,3,13,A01
201200020131,0,07,000,00,2,6,01,B02
201200020131,0,33,000,00,2,1,01,C03
201200020132,0,07,000,00,2,3,13,A01
201200020132,0,07,000,00,2,1,01,B02
201200020133,0,07,000,00,2,8,15,A01
201200020133,0,30,000,00,2,7,17,B02
201200020134,0,33,000,00,0,2,01,A01
201200020135,0,07,000,00,9,7,15,A01
201200020135,0,01,000,00,2,1,01,B02
201200020136,0,33,000,00,2,1,13,A01
201200020136,0,07,000,00,2,1,01,B02
201200020137,0,30,000,00,2,3,16,A01
201200020137,0,07,000,00,2,2,01,B02
201200020138,0,30,000,00,0,0,02,A01
201200020139,0,07,000,08,0,8,01,A01
201200020140,0,07,000,00,2,3,15,A01
201200020140,0,33,000,00,2,1,01,B02
201200020141,0,07,000,00,2,7,17,A01
201200020141,0,31,000,00,2,7,13,B02
201200020142,0,07,000,00,2,3,13,A01
201200020142,0,10,000,00,2,3,01,B02
201200020143,0,02,000,00,2,7,13,A01
201200020143,0,07,000,00,9,2,19,B02
201200020144,0,07,000,00,1,3,01,A01
201200020145,0,33,000,00,2,1,01,A01
201200020145,0,07,000,00,2,2,15,B02
201200020146,0,07,000,00,0,7,15,A01
201200020146,0,33,000,00,0,3,01,B02
201200020147,0,07,000,00,2,3,15,A01
201200020147,0,07,000,00,2,8,01,B02
201200020148,0,07,000,00,2,2,09,A01
201200020148,0,02,000,00,2,1,21,B02
201200020148,0,07,000,00,2,1,23,C03
201200020149,0,02,000,00,2,1,01,A01
201200020149,0,07,000,00,0,3,15,B02
201200020150,0,01,000,00,5,1,01,B02
201200020151,0,07,000,00,2,3,13,A01
201200020151,0,07,000,00,2,8,01,B02
201200020152,0,07,000,00,2,3,01,B02
201200020152,0,07,000,00,2,3,13,A01
201200020153,0,13,000,13,0,1,01,A01
201200020154,1,07,000,00,1,3,01,A01
201200020155,0,07,000,07,0,1,01,A01
201200020156,0,07,000,05,0,2,01,A01
201200020157,0,07,000,06,0,1,13,A01
201200020158,0,07,000,00,2,3,05,A01
201200020158,0,33,000,00,0,1,01,B02
201200020159,0,07,000,00,2,3,19,A01
201200020159,0,33,000,00,2,1,01,B02
201200020160,0,07,000,00,2,2,01,A01
201200020160,0,30,000,00,2,1,15,B02
201200020161,0,33,000,07,0,1,01,A01
201200020162,0,07,000,00,2,6,17,A01
201200020162,0,33,000,00,2,1,17,B02
201200020163,0,07,000,00,9,4,20,A01
201200020163,0,01,000,00,2,1,01,B02
201200020164,0,07,000,00,2,3,13,A01
201200020164,0,07,000,00,2,8,01,B02
201200020165,0,34,000,00,5,3,01,A01
201200020166,0,10,000,00,2,6,13,A01
201200020166,0,10,000,00,2,1,01,B02
201200020167,0,07,000,00,2,3,05,A01
201200020167,0,07,000,00,2,3,01,B02
201200020168,0,07,000,00,0,6,10,A01
201200020168,0,33,000,00,2,1,17,B02
201200020169,0,30,000,12,0,1,01,A01
201200020170,0,33,000,03,0,8,13,A01
201200020171,0,33,000,10,2,8,18,A01
201200020171,0,07,000,00,2,7,16,B02
201200020172,0,07,000,00,2,1,01,A01
201200020172,0,07,000,00,2,1,01,B02
201200020173,0,07,000,06,0,2,01,A01
201200020174,0,07,000,00,2,3,01,A01
201200020174,0,07,000,00,2,3,01,B02
201200020175,0,07,000,00,2,1,13,A01
201200020175,0,14,000,00,2,1,01,B02
201200020176,0,07,000,00,2,3,13,A01
201200020176,0,07,000,00,2,6,01,B02
201200020177,0,33,000,00,2,1,02,A01
201200020177,0,31,000,00,2,4,02,B02
201200020178,0,33,000,16,0,0,01,A01
201200020179,0,10,000,00,1,4,04,A01
201200020180,0,07,000,00,1,3,15,A01
201200020181,0,07,000,00,1,1,15,A01
201200020182,0,07,000,00,2,1,13,A01
201200020182,0,07,000,00,2,1,21,B02
201200020182,0,07,000,00,2,1,00,C03
201200020182,0,07,000,00,2,6,21,D04
201200020183,0,33,000,14,0,0,01,A01
201200020184,0,02,000,00,2,0,01,A01
201200020184,0,14,000,00,2,3,15,B02
201200020185,0,07,000,00,1,1,01,A01
201200020186,0,07,000,00,1,3,01,A01
201200020187,0,07,000,00,2,3,05,B02
201200020187,0,07,000,00,2,3,01,A01
201200020188,0,15,000,00,2,1,01,C03
201200020188,0,07,000,00,2,1,01,B02
201200020188,0,07,000,00,2,8,09,A01
201200020189,0,07,000,00,2,3,13,A01
201200020189,0,14,000,00,2,3,01,B02
201200020190,0,07,000,00,9,0,02,A01
201200020190,0,01,000,00,2,4,02,B02
201200020191,1,99,000,00,1,0,00,Z02
201200020192,0,07,000,00,2,4,01,B02
201200020192,0,07,000,00,2,1,01,A01
201200020193,0,07,000,00,2,3,15,B02
201200020193,0,30,000,00,2,1,01,A01
201200020194,0,07,000,00,2,3,13,A01
201200020194,0,07,000,00,2,3,13,B02
201200020195,0,07,000,00,1,4,20,A01
201200020196,0,07,000,00,2,1,01,C03
201200020196,0,07,000,00,2,7,13,A01
201200020196,0,07,000,00,2,7,01,B02
201200020197,0,07,000,00,2,7,01,B02
201200020197,0,07,000,00,2,1,01,A01
201200020198,0,10,000,00,2,3,01,D04
201200020198,0,07,000,00,2,1,01,B02
201200020198,0,07,000,00,2,1,05,A01
201200020198,0,07,000,00,2,3,01,C03
201200020199,0,07,000,00,2,6,15,A01
201200020199,0,10,000,00,0,1,01,B02
201200020200,0,02,000,00,2,2,17,A01
201200020200,0,21,000,00,0,8,17,B02
201200020201,0,07,000,13,0,3,01,A01
201200020202,0,10,000,00,2,2,13,A01
201200020202,0,33,000,00,2,1,01,B02
201200020203,0,10,000,00,2,3,23,C03
201200020203,0,07,000,00,0,2,01,A01
201200020203,0,07,000,00,2,3,01,B02
201200020204,0,33,000,00,2,1,15,A01
201200020204,0,07,000,00,2,3,01,B02
201200020205,0,07,000,13,0,1,01,A01
201200020206,0,07,000,00,2,1,01,B02
201200020206,0,07,000,00,2,7,15,A01
201200020207,0,07,000,00,1,2,16,A01
201200020208,0,07,000,00,0,3,15,A01
201200020208,0,33,000,00,2,1,01,B02
201200020209,0,33,000,00,2,7,03,A01
201200020209,0,07,000,00,2,3,01,C03
201200020209,0,07,000,00,2,8,01,B02
201200020210,0,01,000,00,2,1,01,B02
201200020210,0,07,000,00,2,5,09,A01
201200020211,0,14,000,00,2,3,15,A01
201200020211,0,33,000,00,2,1,17,B02
201200020212,0,33,000,00,0,0,01,A01
201200020213,0,33,000,00,2,1,17,A01
201200020213,0,07,000,00,2,3,15,B02
201200020214,0,01,000,00,2,1,19,A01
201200020214,0,07,000,00,2,1,01,B02
201200020215,0,07,000,00,2,8,01,C03
201200020215,0,07,000,00,2,2,09,A01
201200020215,0,07,000,00,2,2,01,B02
201200020216,0,07,000,13,0,9,17,A01
201200020217,0,07,000,00,2,1,01,B02
201200020217,0,33,000,00,2,1,01,A01
201200020218,0,31,000,00,0,8,15,A01
201200020219,0,33,000,00,2,1,01,A01
201200020219,0,07,000,00,2,3,01,B02
201200020220,0,07,000,13,0,1,01,A01
201200020221,0,07,000,02,0,2,01,A01
201200020222,0,07,000,00,2,8,15,A01
201200020222,0,33,000,00,2,3,01,B02
201200020223,0,07,000,00,2,7,15,A01
201200020223,0,07,000,00,2,1,01,B02
201200020224,0,07,000,00,2,6,15,A01
201200020224,0,33,000,00,2,1,01,B02
201200020225,0,10,000,00,2,5,15,A01
201200020225,0,31,000,00,2,1,01,B02
201200020226,0,07,000,06,0,7,01,A01
201200020227,0,01,000,00,2,1,01,A01
201200020227,0,07,000,00,2,8,15,B02
201200020228,0,07,000,00,2,3,01,B02
201200020228,0,10,000,00,2,3,17,A01
201200020229,0,01,000,00,2,4,01,B02
201200020229,0,07,000,00,2,2,01,A01
201200020230,0,38,015,00,2,3,01,B02
201200020230,0,07,000,00,2,3,01,A01
201200020231,0,01,000,00,2,2,01,A01
201200020231,0,07,000,00,2,3,15,B02
201200020232,0,07,000,00,2,1,01,B02
201200020232,0,07,000,13,2,7,01,A01
201200020233,0,02,000,11,0,3,01,A01
201200020234,0,10,000,13,0,1,00,A01
201200020235,0,30,000,00,2,1,15,B02
201200020235,0,07,000,00,2,2,17,A01
201200020236,0,07,000,06,0,1,01,A01
201200020237,0,07,000,00,2,2,01,B02
201200020237,0,07,000,00,2,3,19,A01
201200020238,0,07,000,00,1,1,01,A01
201200020239,0,14,000,00,0,1,00,A01
201200020240,0,10,000,00,2,4,02,B02
201200020240,0,33,000,00,2,1,02,A01
201200020241,0,03,000,02,0,1,01,A01
201200020242,0,03,000,02,0,1,01,A01
201200020243,0,07,000,00,2,1,01,B02
201200020243,0,07,000,00,2,7,13,A01
201200020244,0,17,000,00,1,5,16,A01
201200020245,0,14,000,00,1,2,15,A01
201200020246,0,07,000,00,1,1,01,A01
201200020247,0,33,000,01,1,1,01,A01
201200020248,0,07,000,00,2,1,17,A01
201200020248,0,07,000,00,0,6,23,C03
201200020248,0,07,000,00,0,1,01,B02
201200020249,0,33,000,00,2,7,15,A01
201200020249,0,14,000,00,2,1,01,B02
201200020250,0,07,000,00,2,7,15,A01
201200020250,0,32,000,00,2,1,01,B02
201200020251,0,07,000,13,0,2,14,A01
201200020252,0,07,000,00,2,1,01,A01
201200020252,0,07,000,00,2,3,09,B02
201200020253,0,38,001,00,1,2,15,A01
201200020254,0,07,000,00,2,5,19,A01
201200020254,0,07,000,00,2,1,01,B02
201200020255,0,07,000,00,2,1,15,A01
201200020255,0,07,000,00,2,1,01,B02
201200020256,0,02,000,00,2,1,01,A01
201200020256,0,21,000,00,2,3,01,B02
201200020257,0,07,000,00,2,8,19,A01
201200020257,0,02,000,00,2,1,16,B02
201200020258,0,33,000,13,0,1,17,A01
201200020259,0,07,000,13,0,2,01,A01
201200020260,0,07,000,00,0,0,01,A01
201200020261,0,07,000,00,2,2,15,A01
201200020261,0,07,000,00,2,1,01,B02
201200020262,0,07,000,08,0,1,13,A01
201200020263,0,07,000,00,1,3,13,A01
201200020264,0,07,000,14,0,1,01,A01
201200020265,1,07,000,00,1,2,01,A01
201200020266,0,30,000,00,2,1,01,B02
201200020266,0,07,000,00,2,1,15,A01
201200020267,0,07,000,00,2,1,02,E05
201200020267,0,07,000,00,2,4,02,D04
201200020267,0,07,000,00,2,9,01,B02
201200020267,0,07,000,00,2,4,02,C03
201200020267,0,07,000,14,2,1,21,A01
201200020268,0,07,000,00,2,2,01,B02
201200020268,0,07,000,00,2,4,01,D04
201200020268,0,07,000,03,2,6,01,C03
201200020268,0,07,000,00,2,1,03,A01
201200020269,0,07,000,13,2,1,14,B02
201200020269,0,07,000,04,2,9,01,A01
201200020270,0,07,000,00,2,2,15,A01
201200020270,0,07,000,00,2,1,01,B02
201200020271,0,07,000,00,2,3,11,B02
201200020271,0,33,000,00,2,7,01,A01
201200020272,0,38,001,00,2,2,01,B02
201200020272,0,14,000,00,2,1,01,C03
201200020272,0,07,000,00,0,6,04,A01
201200020273,0,07,000,00,2,1,01,B02
201200020273,0,07,000,00,2,4,23,A01
201200020273,0,07,000,00,2,1,01,C03
201200020273,0,07,000,00,2,1,01,E05
201200020273,0,07,000,00,2,1,01,D04
201200020274,0,07,000,04,2,7,17,A01
201200020275,0,07,000,00,2,2,15,A01
201200020275,0,07,000,00,2,3,01,B02
201200020276,0,30,000,12,0,8,01,A01
201200020277,0,07,000,00,2,8,01,C03
201200020277,0,33,000,00,2,1,01,A01
201200020277,0,07,000,00,2,6,01,B02
201200020278,0,07,000,00,2,2,01,C03
201200020278,0,07,000,00,2,3,01,B02
201200020278,0,34,000,00,2,1,13,A01
201200020279,0,07,000,00,1,2,16,A01
201200020280,0,33,000,00,2,2,16,B02
201200020280,0,07,000,00,2,3,15,A01
201200020281,0,07,000,00,1,4,20,A01
201200020282,0,07,000,01,0,2,17,A01
201200020282,0,07,000,,2,3,22,B02
201200020283,0,07,000,06,0,1,01,A01
201200020284,0,30,000,00,5,1,00,A01
201200020285,0,30,000,00,0,0,00,A01
201200020286,0,07,000,06,0,3,01,A01
201200020287,0,33,000,03,0,1,01,A01
201200020288,0,10,000,00,2,0,01,B01
201200020288,0,31,000,00,2,1,01,A01
201200020289,0,31,000,00,2,1,13,B01
201200020289,0,07,000,00,2,3,15,A01
201200020290,0,02,000,00,0,0,01,A01
201200020291,0,07,000,00,2,1,17,A01
201200020291,0,07,000,00,2,3,01,B01
201200020292,0,07,000,00,2,6,01,A01
201200020292,0,30,000,00,2,1,01,B01
201200020293,0,07,000,13,0,2,13,A01
201200020294,0,07,000,00,2,4,02,B01
201200020294,0,07,000,00,2,1,02,A01
201200020295,0,07,000,13,0,2,01,A01
201200020296,0,33,000,03,0,1,01,A01
201200020297,0,30,000,00,0,4,18,A01
201200020297,0,01,000,00,2,4,14,B02
201200020298,0,07,000,00,2,5,15,B02
201200020298,0,33,000,00,2,1,01,A01
201200020299,0,17,000,13,2,6,01,C03
201200020299,0,17,000,00,0,0,01,A01
201200020300,0,07,000,00,0,7,19,A01
201200020300,0,30,000,00,2,1,01,B02
201200020301,0,33,000,00,2,1,02,A01
201200020301,0,07,000,00,0,5,01,B02
201200020302,0,07,000,00,9,2,01,A01
201200020302,0,01,000,00,2,1,00,B02
201200020303,0,33,000,03,0,2,17,A01
201200020304,0,07,000,00,2,1,02,A01
201200020304,0,16,000,00,2,6,02,B02
201200020305,0,07,000,00,2,3,01,B02
201200020305,0,07,000,00,2,1,13,A01
201200020306,0,30,000,00,0,0,21,A01
201200020307,0,10,000,00,2,1,02,A01
201200020307,0,07,000,00,2,4,02,B02
201200020308,0,07,000,00,0,9,01,A01
201200020309,0,07,000,00,0,0,23,C03
201200020309,0,07,000,00,0,4,23,B02
201200020309,0,07,000,01,0,1,02,A01
201200020310,0,07,000,00,2,3,13,A01
201200020310,0,07,000,00,2,2,05,B02
201200020311,0,07,000,15,0,1,01,A01
201200020312,0,33,000,00,2,1,01,B02
201200020312,0,07,000,00,2,6,20,A01
201200020313,0,33,000,00,2,9,01,B02
201200020313,0,07,000,00,2,2,01,C03
201200020313,0,07,000,00,2,1,13,A01
201200020314,0,33,000,00,0,0,01,A01
201200020315,0,07,000,03,0,1,01,A01
201200020316,0,07,000,00,2,1,01,C03
201200020316,0,14,000,00,2,3,01,B02
201200020316,0,07,000,00,2,7,17,A01
201200020317,0,07,000,00,2,8,01,B02
201200020317,0,37,000,00,2,3,01,A01
201200020318,0,07,000,16,0,9,01,A01
201200020319,0,07,000,02,0,3,01,A01
201200020320,0,07,000,03,0,7,01,A01
201200020321,0,34,000,00,2,1,02,A01
201200020321,0,07,000,00,2,8,02,B02
201200020322,0,07,000,00,0,9,14,A01
201200020323,0,33,000,00,2,9,01,B02
201200020323,0,07,000,00,2,1,15,A01
201200020324,0,07,000,08,0,8,01,A01
201200020325,0,07,000,00,1,2,01,A01
201200020326,0,07,000,02,0,8,14,A01
201200020327,0,07,000,00,2,3,01,B02
201200020327,0,07,000,06,2,3,01,A01
201200020328,0,30,000,00,2,1,13,A01
201200020328,0,07,000,00,2,2,01,B02
201200020329,0,13,000,00,2,3,01,A01
201200020329,0,07,000,00,2,8,01,B02
201200020330,0,07,000,00,0,4,23,C03
201200020330,0,07,000,00,0,4,23,B02
201200020330,0,07,000,00,2,1,01,A01
201200020331,0,02,000,00,0,1,14,A01
201200020332,0,07,000,00,0,8,01,B02
201200020332,0,02,000,00,2,1,00,A01
201200020333,0,33,000,00,2,1,01,B02
201200020333,0,10,000,00,2,5,10,A01
201200020334,0,07,000,00,2,3,01,C03
201200020334,0,07,000,00,2,7,15,A01
201200020334,0,07,000,00,2,1,01,B02
201200020335,0,01,000,00,2,4,13,B02
201200020335,0,01,000,00,2,8,01,C03
201200020335,0,07,000,00,2,2,17,A01
201200020336,0,07,000,00,0,3,13,A01
201200020337,0,07,000,00,0,3,01,A01
201200020338,0,07,000,00,2,7,19,A01
201200020338,0,07,000,00,2,1,01,B02
201200020339,0,07,000,07,0,1,01,A01
201200020340,0,07,000,02,0,9,01,A01
201200020341,0,07,000,00,2,8,13,A01
201200020341,0,33,000,00,2,8,01,B02
201200020342,0,10,000,00,0,6,01,A01
201200020342,0,33,000,00,2,1,02,B02
201200020343,0,07,000,00,2,3,01,B02
201200020343,0,07,000,00,2,3,17,A01
201200020344,0,07,000,00,2,1,13,A01
201200020344,0,07,000,00,2,1,01,B02
201200020345,0,07,000,16,0,9,01,A01
201200020346,0,07,000,02,0,1,01,A01
201200020347,0,07,000,00,2,3,01,B02
201200020347,0,07,000,00,2,3,01,A01
201200020348,0,15,000,00,2,7,15,A01
201200020348,0,02,000,00,2,1,01,B02
201200020349,0,17,000,00,2,8,01,B02
201200020349,0,07,000,00,2,3,13,A01
201200020350,0,07,000,00,2,8,15,B02
201200020350,0,02,000,00,2,1,17,A01
201200020351,0,07,000,02,0,1,01,A01
201200020352,0,07,000,00,1,1,01,A01
201200020353,0,07,000,00,2,3,13,A01
201200020353,0,07,000,00,2,3,01,B02
201200020354,0,07,000,00,2,4,02,A01
201200020354,0,33,000,00,2,1,01,B02
201200020355,0,07,000,00,9,2,01,A01
201200020355,0,01,000,00,2,4,01,B02
201200020356,0,07,000,13,0,9,01,A01
201200020357,0,07,000,00,0,2,01,A01
201200020358,0,10,000,00,0,8,17,A01
201200020358,0,33,000,00,0,1,01,B02
201200020359,0,33,000,03,0,7,14,A01
201200020360,0,07,000,03,0,9,01,A01
201200020361,0,07,000,01,1,1,02,A01
201200020362,0,07,000,00,2,3,01,B02
201200020362,0,07,000,00,2,2,01,A01
201200020362,0,07,000,00,2,3,01,C03
201200020363,0,07,000,00,2,1,13,A01
201200020363,0,07,000,00,2,1,01,B02
201200020364,0,33,000,00,0,8,00,A01
201200020365,0,07,000,00,0,9,01,A01
201200020366,0,07,000,13,0,8,00,A01
201200020367,0,07,000,00,2,3,01,B02
201200020367,0,10,000,00,2,3,01,A01
201200020368,0,14,000,00,2,3,01,B02
201200020368,0,07,000,00,2,6,19,A01
201200020369,0,07,000,00,2,1,13,A01
201200020369,0,14,000,00,2,3,21,B02
201200020370,0,15,000,00,2,8,16,A01
201200020370,0,07,000,00,2,1,21,B02
201200020371,0,07,000,00,2,1,01,B02
201200020371,0,07,000,00,2,7,13,A01
201200020372,0,33,000,00,2,1,02,B02
201200020372,0,07,000,00,0,6,15,A01
201200020373,0,01,000,00,2,7,19,B02
201200020373,0,14,000,00,9,1,01,A01
201200020374,0,07,000,00,2,1,01,B02
201200020374,0,07,000,00,2,7,01,A01
201200020375,0,02,000,00,2,1,01,A01
201200020375,0,07,000,00,2,3,15,B02
201200020376,0,07,000,16,0,9,01,A01
201200020377,0,07,000,16,0,9,00,A01
201200020378,0,07,000,00,0,5,00,A01
201200020379,0,07,000,00,0,9,01,A01
201200020380,0,07,000,00,2,8,01,B02
201200020380,0,07,000,00,2,2,02,A01
201200020381,0,07,000,00,2,1,01,B02
201200020381,0,07,000,00,2,2,13,A01
201200020382,0,07,000,00,2,2,19,B02
201200020382,0,33,000,00,2,3,21,A01
201200020383,0,07,000,00,2,3,01,B02
201200020383,0,07,000,00,2,1,15,A01
201200020384,0,07,000,13,0,1,21,A01
201200020385,0,07,000,00,2,1,01,A01
201200020385,0,07,000,00,2,1,15,B02
201200020386,0,07,000,00,2,2,15,A01
201200020386,0,01,000,00,2,6,15,B02
201200020387,0,14,000,00,2,1,01,B02
201200020387,0,10,000,00,2,3,15,A01
201200020388,0,07,000,00,2,1,01,B02
201200020388,0,07,000,00,2,7,19,A01
201200020389,0,07,000,00,1,1,01,A01
201200020390,0,30,000,12,0,8,01,A01
201200020391,0,30,000,00,2,1,02,A01
201200020391,0,01,000,00,0,4,02,B02
201200020392,0,02,000,00,2,1,01,B02
201200020392,0,07,000,00,2,7,19,A01
201200020393,0,07,000,00,2,3,02,A01
201200020394,0,33,000,00,2,1,01,B02
201200020394,0,07,000,00,2,8,09,A01
201200020395,0,33,000,00,2,2,13,A01
201200020395,0,07,000,00,2,1,01,B02
201200020396,0,07,000,00,2,3,13,A01
201200020396,0,07,000,00,2,3,01,B02
201200020397,0,01,000,00,2,1,01,B02
201200020397,0,10,000,00,2,5,17,A01
201200020397,0,01,000,00,2,1,01,C03
201200020397,0,01,000,00,2,1,01,D04
201200020398,0,07,000,00,9,3,15,A01
201200020398,0,33,000,00,9,8,01,B02
201200020399,0,07,000,00,2,2,01,A01
201200020399,0,07,000,00,2,3,01,B02
201200020400,0,07,000,00,2,3,21,B02
201200020400,2,10,000,00,2,8,13,A01
201200020401,0,07,000,00,2,6,01,C03
201200020401,0,99,000,00,2,1,13,A01
201200020401,0,07,000,00,2,8,23,D04
201200020401,0,07,000,00,2,3,01,B02
201200020402,0,33,000,00,0,2,17,A01
201200020402,0,07,000,00,0,6,01,B02
201200020403,0,33,000,00,2,1,17,A01
201200020403,0,10,000,00,2,7,15,B02
201200020404,0,07,000,00,1,2,13,A01
201200020405,0,07,000,00,2,1,01,A01
201200020405,0,07,000,00,2,1,01,B02
201200020406,0,15,000,00,2,1,00,C03
201200020406,0,07,000,01,2,3,00,B02
201200020406,0,10,000,01,2,2,15,A01
201200020407,0,07,000,06,0,2,01,A01
201200020408,0,07,000,00,0,6,01,B02
201200020408,0,36,000,13,0,3,02,A01
201200020409,0,38,001,00,2,1,01,B02
201200020409,0,07,000,00,2,1,13,A01
201200020410,0,07,000,00,2,7,13,A01