Num_Acc,senc,catv,occutc,obs,obsm,choc,manv,num_veh
201200020410,0,10,000,00,2,1,01,B02
201200020411,0,07,000,00,2,3,13,A01
201200020411,0,07,000,00,2,3,01,B02
201200020412,0,33,000,08,0,1,01,A01
201200020412,0,33,000,16,9,1,01,B02
201200020413,0,07,000,02,0,1,21,A01
201200020414,0,33,000,16,0,0,01,A01
201200020415,0,07,000,00,2,1,02,A01
201200020415,0,10,000,00,0,4,01,B02
201200020416,0,07,000,00,2,1,01,A01
201200020416,0,07,000,00,2,2,13,B02
201200020417,0,31,000,00,2,7,01,A01
201200020417,0,07,000,00,2,8,09,B02
201200020418,0,07,000,00,1,3,01,A01
201200020419,0,34,000,00,2,2,17,A01
201200020419,0,07,000,00,2,3,09,B02
201200020420,0,10,000,01,0,2,14,A01
201200020420,0,15,000,00,0,6,24,B02
201200020421,0,07,000,00,2,1,05,A01
201200020421,0,15,000,00,2,1,01,B02
201200020422,0,31,000,00,2,1,01,A01
201200020422,0,07,000,00,2,3,15,B02
201200020423,0,07,000,00,2,8,15,A01
201200020423,0,07,000,00,2,1,01,B02
201200020424,0,10,000,00,2,8,13,A01
201200020424,0,07,000,00,2,0,01,B02
201200020425,0,01,000,00,2,8,15,A01
201200020425,0,07,000,00,2,2,01,B02
201200020426,0,07,000,00,2,1,05,A01
201200020426,0,07,000,00,2,2,05,B02
201200020427,0,10,000,00,2,1,01,B02
201200020427,0,07,000,13,0,8,19,A01
201200020428,0,07,000,00,2,1,23,A01
201200020428,0,30,000,00,2,1,05,B02
201200020428,0,07,000,00,2,8,01,C03
201200020429,0,07,000,00,2,1,01,A01
201200020429,0,07,000,00,2,1,01,B02
201200020430,0,02,000,00,2,1,01,A01
201200020430,0,07,000,00,2,7,15,B02
201200020430,0,07,000,00,2,1,01,C03
201200020431,0,02,000,00,2,7,01,A01
201200020431,0,07,000,00,2,3,15,B02
201200020432,0,10,000,13,6,3,01,A01
201200020433,0,07,000,13,0,1,01,A01
201200020434,0,10,000,02,0,1,14,A01
201200020435,0,07,000,13,0,9,01,A01
201200020436,0,07,000,13,0,1,01,A01
201200020437,0,10,000,00,2,6,01,B02
201200020437,0,07,000,00,2,1,01,A01
201200020438,0,07,000,00,1,2,01,A01
201200020439,0,07,000,00,1,1,01,A01
201200020440,0,07,000,00,2,8,13,A01
201200020440,0,07,000,00,2,8,01,B02
201200020441,0,07,000,00,9,5,14,A01
201200020441,0,01,000,00,2,1,19,B02
201200020442,0,07,000,00,9,7,01,A01
201200020442,0,01,000,00,2,1,19,B02
201200020443,0,07,000,00,2,8,15,A01
201200020443,0,33,000,00,2,1,01,B02
201200020444,0,07,000,00,2,1,13,A01
201200020444,0,07,000,00,2,1,01,B02
201200020445,0,07,000,00,1,1,01,A01
201200020446,0,07,000,00,1,4,20,A01
201200020447,0,02,000,00,2,1,09,A01
201200020447,0,07,000,00,2,8,15,B01
201200020448,0,07,000,00,1,1,09,A01
201200020449,0,30,000,00,2,1,13,A01
201200020449,0,07,000,00,2,1,01,B01
201200020450,0,31,000,00,2,1,01,A01
201200020450,0,07,000,00,2,5,01,B01
201200020451,0,07,000,06,0,1,00,A01
201200020452,0,07,000,00,1,1,15,A01
201200020453,0,33,000,00,2,1,17,A01
201200020453,0,10,000,00,2,8,15,B01
201200020454,0,33,000,15,0,1,21,A01
201200020455,2,07,000,00,2,1,01,A01
201200020455,0,01,000,00,2,3,15,B01
201200020456,0,33,000,00,2,7,17,A01
201200020456,0,07,000,00,2,3,15,B01
201200020457,0,07,000,00,1,3,01,A01
201200020458,0,07,000,00,1,2,01,A01
201200020459,0,07,000,00,1,2,01,A01
201200020460,0,07,000,00,2,3,09,A01
201200020460,0,33,000,00,2,2,17,B01
201200020461,0,07,000,00,2,8,15,A01
201200020461,0,33,000,00,2,1,17,B01
201200020462,0,37,040,00,1,5,07,A01
201200020463,0,30,000,16,0,0,14,A01
201200020464,0,07,000,13,0,9,01,A01
201200020465,0,30,000,00,2,1,01,A01
201200020465,0,07,000,00,2,4,01,B01
201200020466,0,07,000,00,1,2,01,A01
201200020467,0,07,000,00,1,4,04,A01
201200020468,0,02,000,00,2,8,01,A01
201200020468,0,10,000,00,2,7,17,B01
201200020469,0,07,000,00,2,4,15,A01
201200020469,0,33,000,00,2,1,01,B01
201200020470,0,07,000,00,2,1,02,A01
201200020470,0,33,000,00,2,4,02,B01
201200020471,2,07,000,00,2,7,01,A01
201200020471,0,07,000,00,2,8,09,B01
201200020472,0,07,000,02,0,1,14,A01
201200020473,0,31,000,00,2,3,17,A01
201200020473,0,07,000,00,2,1,15,B01
201200020474,0,33,000,00,2,1,02,A01
201200020474,0,07,000,00,2,4,02,B01
201200020475,0,01,000,00,2,1,01,A01
201200020475,0,07,000,00,2,2,02,B01
201200020476,1,07,000,00,1,1,01,Z01
201200020477,0,07,000,00,9,3,22,A01
201200020477,0,01,000,01,0,1,01,B01
201200020478,0,30,000,06,0,1,13,A01
201200020479,0,30,000,00,2,7,07,A01
201200020479,0,07,000,00,2,3,15,B01
201200020480,0,07,000,00,2,3,13,A01
201200020480,0,07,000,00,2,3,01,B01
201200020481,0,07,000,00,2,8,09,A01
201200020481,0,15,000,00,2,2,01,B01
201200020482,0,07,000,01,0,2,14,A01
201200020483,0,07,000,08,0,1,13,A01
201200020484,0,07,000,00,2,8,09,A01
201200020484,0,02,000,00,2,1,01,B01
201200020485,0,07,000,14,2,1,02,A01
201200020485,0,07,000,00,2,4,01,B01
201200020486,0,02,000,00,2,1,17,A01
201200020486,0,07,000,00,2,3,15,B01
201200020487,0,07,000,00,2,1,01,A01
201200020487,0,02,000,00,2,1,01,B01
201200020488,0,33,000,13,0,1,01,A01
201200020489,2,07,000,00,1,1,00,A01
201200020490,0,07,000,00,1,6,01,A01
201200020491,0,10,000,01,1,2,01,A01
201200020492,0,02,000,00,2,1,01,A01
201200020492,0,07,000,00,2,3,15,B01
201200020493,0,07,000,00,1,1,01,A01
201200020494,0,07,000,00,1,1,01,A01
201200020495,0,30,000,01,2,1,16,A01
201200020495,0,07,000,00,2,2,24,B01
201200020496,0,07,000,00,1,7,01,A01
201200020497,0,07,000,00,1,1,01,A01
201200020498,0,07,000,00,1,1,01,A01
201200020499,0,07,000,00,2,7,04,A01
201200020499,0,02,000,00,2,1,01,B01
201200020500,0,10,000,00,2,1,01,A01
201200020500,0,07,000,00,2,7,01,B01
201200020501,0,33,000,00,2,1,01,A01
201200020501,0,07,000,,2,4,15,B01
201200020502,0,03,000,01,0,1,13,A01
201200020503,0,01,000,00,2,2,16,A01
201200020503,0,31,000,00,0,3,01,B01
201200020504,0,30,000,00,2,7,01,B01
201200020504,0,07,000,00,2,1,19,A01
201200020505,0,07,000,00,2,3,02,A01
201200020505,0,01,000,00,2,3,16,B01
201200020506,0,38,015,14,0,0,01,A01
201200020507,0,33,000,00,2,8,01,A01
201200020507,0,07,000,00,2,7,15,B01
201200020508,0,07,000,00,2,2,01,A01
201200020508,0,33,000,00,2,8,10,B01
201200020509,0,32,000,00,2,1,01,B01
201200020509,0,07,000,00,2,6,19,A01
201200020510,0,07,000,01,0,1,01,A01
201200020510,0,07,000,00,1,4,01,B01
201200020511,0,30,000,00,2,1,01,A01
201200020511,0,07,000,00,2,4,23,B01
201200020512,0,07,000,00,1,1,01,A01
201200020513,0,30,000,08,0,1,01,A01
201200020514,0,30,000,09,0,9,01,A01
201200020515,0,07,000,00,2,3,15,A01
201200020515,0,33,000,00,2,1,01,B01
201200020516,0,14,000,00,2,1,01,B02
201200020516,0,07,000,00,2,3,19,A01
201200020517,0,10,000,00,2,2,01,B02
201200020517,0,07,000,00,2,3,19,A01
201200020518,0,07,000,00,2,1,01,A01
201200020518,0,07,000,15,2,0,01,B02
201200020518,0,07,000,00,0,9,01,C03
201200020518,0,07,000,00,2,1,01,D04
201200020519,0,02,000,00,2,1,17,A01
201200020519,0,07,000,00,2,8,01,B02
201200020520,0,01,000,00,2,1,09,A01
201200020520,0,07,000,00,2,2,01,B02
201200020521,1,02,000,00,0,0,00,A01
201200020522,0,30,000,00,0,8,15,A01
201200020523,0,30,000,00,0,0,00,A01
201200020524,0,07,000,00,1,5,01,A01
201200020525,0,07,000,15,0,8,01,A01
201200020526,0,33,000,13,0,1,01,A01
201200020527,0,07,000,00,0,3,15,A01
201200020527,0,32,000,00,2,1,17,B02
201200020528,0,10,000,00,2,3,15,B02
201200020528,0,07,000,00,2,2,01,A01
201200020529,0,07,000,00,2,2,01,B02
201200020529,0,30,000,00,2,1,09,A01
201200020530,0,33,000,00,2,1,01,B02
201200020530,0,07,000,00,2,7,09,A01
201200020531,0,07,000,00,1,4,04,A01
201200020532,0,07,000,00,2,3,15,A01
201200020532,0,30,000,00,2,8,01,B01
201200020533,0,10,000,00,2,1,02,A01
201200020533,0,10,000,00,2,4,02,C01
201200020533,0,10,000,00,2,4,02,B01
201200020534,0,10,000,00,2,5,00,A01
201200020534,0,10,000,00,2,3,00,B01
201200020535,0,31,000,00,2,1,01,B01
201200020535,0,10,000,00,2,7,15,A01
201200020536,0,01,000,01,0,1,15,A01
201200020537,0,01,000,00,2,5,01,A01
201200020537,0,07,000,00,2,1,01,B01
201200020538,0,07,000,00,2,2,01,A01
201200020538,0,07,000,00,2,3,01,B01
201200020539,0,07,000,00,2,1,11,A01
201200020539,0,07,000,00,2,1,01,B01
201200020540,0,01,000,01,0,1,01,A01
201200020540,0,07,000,00,2,8,24,B01
201200020541,0,07,000,00,2,1,02,C01
201200020541,0,07,000,00,2,4,01,A01
201200020541,0,07,000,00,2,1,02,B01
201200020542,0,30,000,00,2,1,01,B01
201200020542,0,07,000,00,2,4,04,A01
201200020543,0,30,000,00,0,8,01,A01
201200020544,0,01,000,00,0,7,00,A01
201200020545,0,07,000,02,0,8,00,A01
201200020546,0,07,000,04,0,8,00,A01
201200020547,0,07,000,12,0,1,06,A01
201200020548,0,07,000,00,2,3,09,A01
201200020548,0,07,000,00,2,7,01,B01
201200020549,0,07,000,00,2,4,01,B01
201200020549,0,07,000,00,2,1,02,A01
201200020550,0,02,000,00,2,1,01,B01
201200020550,0,07,000,00,2,2,00,A01
201200020551,0,30,000,00,0,8,01,A01
201200020552,0,07,000,00,2,4,02,B01
201200020552,0,10,000,00,2,1,02,A01
201200020553,0,31,000,00,2,1,01,B01
201200020553,0,07,000,00,2,7,01,A01
201200020554,0,07,000,00,1,1,16,A01
201200020555,0,07,000,00,1,7,01,A01
201200020556,0,33,000,00,0,8,00,A01
201200020557,0,31,000,00,0,7,00,A01
201200020558,0,33,000,00,2,8,01,A01
201200020558,0,10,000,00,2,3,01,B01
201200020559,0,07,000,00,2,2,00,A01
201200020559,0,07,000,00,2,3,01,B01
201200020560,0,07,000,06,0,1,00,A01
201200020561,0,30,000,00,0,8,00,A01
201200020562,0,33,000,00,2,1,01,B01
201200020562,0,07,000,00,2,6,09,A01
201200020563,0,30,000,00,0,7,01,A01
201200020564,0,01,000,00,2,1,16,A01
201200020564,0,07,000,00,2,2,15,B01
201200020565,0,07,000,00,0,8,13,A01
201200020565,0,07,000,00,2,8,01,B01
201200020566,0,07,000,00,2,4,02,C01
201200020566,0,07,000,00,2,4,01,B01
201200020566,0,10,000,00,2,1,02,A01
201200020567,0,07,000,00,0,3,01,B01
201200020567,0,07,000,00,0,3,13,A01
201200020568,0,02,000,00,0,7,01,A01
201200020569,0,01,000,00,2,1,01,B01
201200020569,0,07,000,00,2,3,09,A01
201200020570,0,01,000,08,0,1,00,A01
201200020571,0,02,000,00,0,5,01,A01
201200020572,0,07,000,01,0,2,01,A01
201200020573,0,07,000,00,1,1,01,A01
201200020574,0,07,000,00,2,3,01,B01
201200020574,0,07,000,00,2,1,01,A01
201200020575,0,07,000,00,1,1,01,A01
201200020576,0,30,000,00,0,8,01,A01
201200020577,0,07,000,00,2,1,09,A01
201200020577,0,07,000,00,2,2,01,B01
201200020578,0,01,000,00,2,1,01,A01
201200020578,0,07,000,00,2,1,01,B01
201200020579,0,07,000,13,0,1,00,A01
201200020580,0,07,000,00,2,2,01,A01
201200020580,0,07,000,00,2,3,01,B01
201200020581,0,10,000,00,1,2,00,A01
201200020582,0,07,000,12,0,1,00,A01
201200020583,0,07,000,00,2,3,01,B01
201200020583,0,07,000,00,2,7,17,A01
201200020584,0,07,000,00,2,4,01,B01
201200020584,0,10,000,00,2,1,02,A01
201200020585,0,07,000,00,2,4,02,B01
201200020585,0,07,000,00,2,1,02,A01
201200020586,0,10,000,02,0,1,01,A01
201200020587,0,33,000,12,0,8,01,A01
201200020588,0,33,000,12,0,8,01,A01
201200020589,0,15,000,00,0,7,01,A01
201200020590,0,07,000,11,0,1,01,A01
201200020591,0,07,000,00,2,2,15,B01
201200020591,0,31,000,00,2,1,01,A01
201200020592,0,07,000,00,1,0,01,A01
201200020592,0,07,000,00,1,3,01,B01
201200020593,0,31,000,00,0,7,01,A01
201200020594,0,07,000,00,2,1,01,A01
201200020594,0,30,000,00,2,4,01,B01
201200020595,0,30,000,00,0,7,00,A01
201200020596,0,07,000,00,1,3,01,A01
201200020597,0,07,000,00,2,6,13,B01
201200020597,0,07,000,00,2,1,01,A01
201200020598,0,07,000,06,0,1,13,A01
201200020599,0,07,000,00,0,1,01,A01
201200020600,0,07,000,00,2,4,23,A01
201200020600,0,02,000,00,2,1,01,B01
201200020601,0,02,000,00,2,1,01,B01
201200020601,0,07,000,00,2,1,01,A01
201200020602,0,02,000,00,2,0,00,A01
201200020603,0,07,000,00,2,1,10,A01
201200020603,0,02,000,00,2,1,01,B01
201200020604,0,07,000,00,1,1,01,A01
201200020605,0,07,000,00,0,4,01,A01
201200020605,0,07,000,00,2,1,01,B01
201200020606,0,07,000,00,2,8,01,B01
201200020606,0,02,000,00,2,7,17,A01
201200020607,0,07,000,00,2,7,01,A01
201200020608,0,07,000,00,2,4,01,A01
201200020608,0,07,000,00,2,1,01,B01
201200020609,0,01,000,00,2,1,09,B01
201200020609,0,07,000,00,2,3,01,A01
201200020610,0,07,000,00,2,4,01,C01
201200020610,0,07,000,00,2,1,01,A01
201200020610,0,07,000,00,2,4,01,B01
201200020611,0,07,000,00,2,1,00,A01
201200020611,0,37,000,,2,1,01,B02
201200020612,0,07,000,16,0,2,01,A01
201200020613,0,03,000,00,2,3,01,A01
201200020613,0,07,000,00,2,3,01,B01
201200020614,0,07,000,00,1,1,01,A01
201200020615,0,07,000,00,2,1,01,B01
201200020615,0,07,000,00,2,2,01,A01
201200020616,0,03,000,08,0,1,00,A01
201200020617,0,07,000,00,2,1,01,B01
201200020617,0,33,000,00,2,4,01,A01
201200020618,0,07,000,00,1,1,01,A01
201200020619,0,07,000,00,2,1,01,A01
201200020619,0,07,000,00,2,4,01,B01
201200020619,0,07,000,00,2,4,01,D01
201200020619,0,07,000,00,2,4,01,C01
201200020620,0,07,000,00,2,4,00,B01
201200020620,0,07,000,00,2,1,01,A01
201200020621,0,07,000,00,1,1,01,A01
201200020622,0,02,000,00,0,0,01,A01
201200020623,0,07,000,16,0,0,01,A01
201200020624,0,31,000,00,0,0,00,A01
201200020625,0,32,000,16,0,7,01,A01
201200020626,0,07,000,00,2,1,00,B01
201200020626,0,01,000,00,2,1,00,A01
201200020627,0,07,000,13,0,1,01,A01
201200020628,0,31,000,00,0,0,00,A01
201200020629,0,33,000,00,2,1,02,A01
201200020629,0,07,000,00,2,4,02,B01
201200020630,1,07,000,00,1,1,01,A01
201200020631,0,07,000,00,2,2,01,A01
201200020631,0,01,000,00,2,1,01,B01
201200020632,0,07,000,00,2,1,01,A01
201200020632,0,07,000,00,2,4,01,B01
201200020633,0,07,000,00,2,3,13,A01
201200020633,0,07,000,00,2,3,01,B01
201200020634,0,07,000,00,2,1,00,A01
201200020634,0,31,000,00,0,3,01,B01
201200020635,0,07,000,00,2,4,01,A01
201200020635,0,10,000,00,2,1,01,B01
201200020636,0,07,000,05,0,1,01,A01
201200020637,0,07,000,16,0,7,01,A01
201200020638,0,07,000,00,2,1,01,A01
201200020638,0,07,000,00,2,4,00,B01
201200020639,0,01,000,00,2,1,01,A01
201200020639,0,07,000,00,2,2,15,B01
201200020640,0,33,000,00,2,1,17,B01
201200020640,0,07,000,00,2,8,15,A01
201200020641,0,32,000,16,0,7,01,A01
201200020642,0,07,000,00,2,3,13,A01
201200020642,0,30,000,00,2,3,17,B01
201200020643,0,07,000,00,1,1,20,A01
201200020644,0,01,000,00,2,1,01,B01
201200020644,0,07,000,00,2,1,01,A01
201200020645,0,31,000,16,0,0,01,A01
201200020646,0,07,000,00,1,0,01,A01
201200020647,0,07,000,00,2,1,01,A01
201200020647,0,07,000,00,0,8,01,B01
201200020648,0,01,000,00,0,7,00,B01
201200020648,0,07,000,00,2,1,00,A01
201200020649,0,33,000,00,2,1,01,B01
201200020649,0,07,000,00,2,3,01,A01
201200020650,0,07,000,12,0,0,21,A01
201200020651,0,07,000,00,2,1,01,A01
201200020651,0,07,000,00,2,4,01,B01
201200020652,0,07,000,00,2,1,01,A01
201200020652,0,07,000,00,2,4,01,C01
201200020652,0,07,000,00,2,4,01,B01
201200020653,0,07,000,00,2,1,01,B01
201200020653,0,07,000,00,2,1,09,A01
201200020654,0,07,000,00,1,2,00,A01
201200020655,0,02,000,16,0,8,01,A01
201200020656,0,07,000,00,2,4,13,A01
201200020656,0,33,000,00,2,2,01,B01
201200020657,0,07,000,00,0,1,01,A01
201200020657,0,07,000,00,0,4,01,B01
201200020658,0,07,000,00,2,2,14,A01
201200020658,0,07,000,00,2,3,01,B01
201200020659,0,07,000,00,2,1,01,A01
201200020659,0,10,000,00,2,4,01,C01
201200020659,0,07,000,00,2,4,01,B01
201200020660,0,07,000,00,1,1,01,A01
201200020661,0,07,000,00,2,1,00,A01
201200020661,0,07,000,00,2,1,01,C01
201200020661,0,07,000,00,2,4,00,B01
201200020662,0,34,000,00,0,0,01,A01
201200020662,0,07,000,00,0,0,01,B01
201200020663,0,07,000,00,2,5,01,A01
201200020663,1,07,000,00,2,1,19,B01
201200020664,0,07,000,13,0,1,14,A01
201200020665,0,37,001,00,2,1,01,B01
201200020665,0,07,000,00,2,4,01,A01
201200020666,0,02,000,00,2,1,17,B01
201200020666,0,07,000,00,2,8,00,A01
201200020667,0,02,000,00,0,0,01,A01
201200020668,0,07,000,13,0,1,14,A01
201200020669,0,07,000,12,0,0,01,A01
201200020670,0,01,000,00,2,8,01,B01
201200020670,0,07,000,00,2,1,01,A01
201200020671,0,07,000,00,0,7,01,A01
201200020672,0,01,000,00,2,1,15,A01
201200020672,0,07,000,00,2,1,01,B01
201200020673,0,07,000,00,2,2,13,A01
201200020673,0,33,000,00,2,6,01,B01
201200020674,0,07,000,06,0,1,13,A01
201200020675,0,07,000,00,1,1,01,A01
201200020676,0,07,000,00,2,1,05,B01
201200020676,0,07,000,00,2,1,01,A01
201200020677,0,02,000,00,1,1,01,A01
201200020678,0,07,000,00,2,2,01,B01
201200020678,0,02,000,00,2,1,01,A01
201200020679,0,07,000,00,2,1,01,A01
201200020679,0,01,000,00,2,4,01,B01
201200020680,0,33,000,00,2,1,01,A01
201200020680,0,07,000,00,2,4,01,B01
201200020681,0,33,000,06,0,1,01,A01
201200020682,0,07,000,00,2,3,13,B01
201200020682,0,07,000,00,2,3,01,A01
201200020683,0,07,000,00,2,1,01,B01
201200020683,0,07,000,00,2,1,15,A01
201200020684,0,07,000,00,2,4,01,C01
201200020684,0,07,000,00,2,4,01,B01
201200020684,0,07,000,00,2,1,01,A01
201200020685,0,07,000,00,2,1,09,A01
201200020685,0,33,000,00,2,8,01,B01
201200020686,0,07,000,02,0,1,01,A01
201200020687,0,07,000,00,2,4,00,B01
201200020687,0,07,000,00,2,1,00,A01
201200020688,0,07,000,00,2,4,01,B01
201200020688,0,07,000,00,2,1,01,A01
201200020689,2,07,000,00,2,1,00,B01
201200020689,0,07,000,00,2,1,00,A01
201200020690,0,33,000,00,2,3,01,B01
201200020690,0,07,000,00,2,1,01,A01
201200020691,0,07,000,00,2,3,13,A01
201200020691,0,31,000,00,2,5,17,B01
201200020692,0,07,000,00,1,1,01,A01
201200020693,0,07,000,00,2,1,00,A01
201200020693,0,33,000,00,2,4,00,B01
201200020694,0,01,000,00,2,7,01,B01
201200020694,0,07,000,00,2,1,01,A01
201200020695,0,07,000,06,0,1,01,A01
201200020696,0,07,000,00,2,4,01,C01
201200020696,0,07,000,00,2,1,01,A01
201200020696,0,07,000,00,2,4,01,B01
201200020697,0,07,000,00,0,4,00,B01
201200020697,0,37,000,00,2,1,00,A01
201200020698,0,30,000,00,0,0,00,A01
201200020699,0,07,000,06,0,3,01,A01
201200020700,0,02,000,00,2,4,01,B01
201200020700,0,07,000,00,2,1,01,A01
201200020701,0,33,000,00,2,4,01,B01
201200020701,0,07,000,00,2,1,01,A01
201200020702,0,07,000,00,2,9,01,C01
201200020702,0,07,000,00,2,1,01,A01
201200020702,0,07,000,00,2,1,13,B01
201200020703,0,02,000,00,0,8,01,A01
201200020704,0,31,000,16,0,7,01,A01
201200020705,0,07,000,00,2,4,01,C01
201200020705,0,07,000,00,2,4,01,B01
201200020705,0,07,000,00,2,1,01,A01
201200020706,0,33,000,00,2,3,01,B01
201200020706,0,31,000,00,2,7,01,A01
201200020706,0,07,000,00,2,3,01,C01
201200020707,0,07,000,00,0,4,00,B01
201200020707,0,02,000,00,2,1,00,A01
201200020708,0,07,000,00,2,1,01,C01
201200020708,0,07,000,00,2,4,01,B01
201200020708,0,07,000,00,2,1,01,A01
201200020709,0,07,000,00,2,1,01,B01
201200020709,0,07,000,00,2,7,01,A01
201200020710,0,07,000,03,0,1,14,A01
201200020711,0,10,000,00,2,1,00,A01
201200020711,0,01,000,00,2,7,00,B01
201200020712,0,30,000,16,0,7,01,A01
201200020713,0,33,000,00,2,1,01,B01
201200020713,0,07,000,00,2,3,09,A01
201200020714,0,01,000,00,2,2,01,A01
201200020714,0,07,000,00,2,3,01,B01
201200020715,0,38,000,00,1,0,01,A01
201200020716,0,07,000,00,2,1,01,A01
201200020716,0,07,000,00,2,4,01,B01
201200020717,0,07,000,00,2,1,01,A01
201200020717,0,07,000,00,2,4,01,B01
201200020717,0,07,000,00,2,4,01,C01
201200020718,0,07,000,00,2,4,01,A01
201200020718,0,07,000,00,2,1,01,B01
201200020719,0,32,000,00,2,4,00,B01
201200020719,0,07,000,00,2,1,00,A01
201200020720,0,07,000,00,2,1,01,C01
201200020720,0,07,000,00,2,4,01,A01
201200020720,0,07,000,00,2,1,01,B01
201200020721,0,07,000,13,0,7,00,A01
201200020722,0,07,000,00,2,8,01,A01
201200020722,0,10,000,00,2,5,09,B01
201200020723,0,07,000,00,0,4,00,A01
201200020723,0,38,000,00,2,1,01,B01
201200020724,0,07,000,00,2,1,01,A01
201200020724,0,07,000,00,2,4,01,B01
201200020725,0,07,000,00,2,4,01,B01
201200020725,0,07,000,00,2,1,01,A01
201200020726,0,01,000,00,0,0,01,A01
201200020727,0,07,000,00,1,1,00,A01
201200020728,0,07,000,04,0,3,01,A01
201200020728,0,07,000,00,2,1,01,B01
201200020729,0,07,000,00,2,1,01,A01
201200020729,0,07,000,00,2,4,01,B01
201200020729,0,07,000,00,2,4,01,C01
201200020730,0,07,000,02,0,1,01,A01
201200020731,0,30,000,00,0,7,00,A01
201200020732,0,07,000,00,2,5,01,B01
201200020732,0,07,000,00,2,1,15,A01
201200020733,0,07,000,00,2,8,15,A01
201200020733,0,33,000,00,2,7,01,B01
201200020734,0,07,000,00,2,3,22,A01
201200020734,0,01,000,01,0,1,01,B01
201200020735,0,07,000,00,2,1,01,A01
201200020735,0,32,000,00,2,8,01,B01
201200020736,0,07,000,01,0,2,01,A01
201200020737,0,30,000,16,0,0,01,A01
201200020738,0,07,000,00,2,1,01,B01
201200020738,0,07,000,00,2,4,23,C01
201200020738,0,07,000,00,0,4,23,A01
201200020738,0,07,000,00,2,4,23,D01
201200020739,0,07,000,00,1,1,01,A01
201200020740,0,07,000,00,2,4,01,B01
201200020740,0,07,000,00,2,1,01,A01
201200020741,0,30,000,00,2,1,01,A01
201200020741,0,07,000,00,2,4,23,B01
201200020742,1,07,000,00,2,1,01,Z01
201200020742,0,07,000,00,2,1,15,B01
201200020743,0,07,000,00,2,1,01,C01
201200020743,0,07,000,00,2,4,23,A01
201200020743,0,07,000,00,2,4,23,B01
201200020744,0,07,000,00,2,1,00,A01
201200020744,0,07,000,00,2,1,00,B01
201200020745,0,02,000,08,0,1,01,A01
201200020746,0,07,000,00,1,1,01,A01
201200020747,0,07,000,00,2,4,01,A01
201200020747,0,07,000,00,2,1,01,B01
201200020748,0,07,000,00,2,4,01,B01
201200020748,0,07,000,00,2,1,01,A01
201200020749,0,01,000,00,2,2,01,B01
201200020749,0,07,000,00,2,3,06,A01
201200020750,0,07,000,00,2,1,15,A01
201200020750,0,01,000,00,2,1,01,B01
201200020751,0,31,000,00,2,1,01,B01
201200020751,0,07,000,00,2,6,01,A01
201200020752,0,33,000,00,2,1,01,B01
201200020752,0,07,000,00,2,7,00,A01
201200020753,0,33,000,00,2,1,01,A01
201200020753,0,07,000,00,2,4,01,B01
201200020754,0,33,000,00,2,1,13,A01
201200020754,0,07,000,00,2,1,01,B01
201200020755,0,07,000,00,2,1,00,A01
201200020755,0,30,000,00,2,1,00,B01
201200020756,0,07,000,00,2,3,05,A01
201200020756,0,07,000,00,2,1,01,B01
201200020757,0,07,000,00,1,1,00,A01
201200020758,0,32,000,00,0,7,01,A01
201200020759,0,07,000,00,0,0,01,A01
201200020760,0,07,000,08,0,1,14,A01
201200020761,0,01,000,16,0,0,01,A01
201200020762,0,33,000,00,2,1,02,B01
201200020762,0,07,000,00,2,2,10,A01
201200020763,0,07,000,00,2,1,00,A01
201200020763,0,07,000,00,2,1,00,B01
201200020764,0,01,000,00,2,3,13,B01
201200020764,0,07,000,00,2,2,17,A01
201200020765,0,31,000,16,0,0,00,A01
201200020766,0,07,000,00,9,9,09,A01
201200020767,0,31,000,00,2,1,00,A01
201200020767,0,07,000,00,2,0,16,B01
201200020768,0,03,000,00,2,2,15,A01
201200020768,0,33,000,00,2,1,01,B01
201200020769,0,07,000,00,2,0,15,A01
201200020769,0,32,000,00,2,0,01,B01
201200020770,0,07,000,00,2,4,02,A01
201200020770,0,02,000,00,2,1,02,B01
201200020771,0,32,000,00,2,1,01,A01
201200020771,0,07,000,00,2,4,01,B01
201200020772,0,07,000,00,1,4,04,A01
201200020773,0,30,000,16,0,0,00,A01
201200020774,0,07,000,06,0,1,01,A01
201200020775,0,07,000,00,1,1,01,A01
201200020776,0,01,000,00,2,0,19,B01
201200020776,0,32,000,00,2,1,01,A01
201200020777,0,07,000,00,2,2,15,A01
201200020777,0,01,000,00,2,1,01,B01
201200020778,0,07,000,00,2,2,15,A01
201200020778,0,01,000,00,2,1,01,B01
201200020779,0,07,000,16,0,9,01,A01
201200020780,0,07,000,00,0,0,00,A01
201200020780,0,01,000,00,0,0,00,B01
201200020781,1,02,000,00,1,1,03,A01
201200020782,0,07,000,00,2,4,02,B01
201200020782,0,33,000,00,2,1,02,A01
201200020783,0,07,000,00,2,2,15,B01
201200020783,0,07,000,00,2,1,01,A01
201200020784,0,07,000,00,1,4,04,A01
201200020785,0,07,000,00,0,1,00,B01
201200020785,0,07,000,00,0,1,00,D01
201200020785,0,07,000,00,0,0,00,A01
201200020785,0,07,000,00,0,4,00,C01
201200020786,0,31,000,00,2,1,18,A01
201200020786,0,07,000,00,2,0,16,B01
201200020787,0,07,000,00,2,4,02,B01
201200020787,0,30,000,00,2,1,02,A01
201200020788,0,37,001,00,2,1,01,A01
201200020788,0,02,000,00,2,1,13,B01
201200020789,0,07,000,00,1,1,01,A01
201200020790,0,31,000,00,0,0,00,A01