Num_Acc,senc,catv,occutc,obs,obsm,choc,manv,num_veh
201200020791,0,36,000,00,2,1,02,A01
201200020791,0,07,000,00,0,0,02,B01
201200020792,0,32,000,00,0,0,01,A01
201200020793,0,07,000,00,2,2,15,A01
201200020793,0,33,000,00,2,1,01,B01
201200020794,0,01,000,00,2,0,15,A01
201200020794,0,07,000,00,2,3,01,B01
201200020795,0,30,000,00,0,1,00,A01
201200020795,0,07,000,00,0,5,00,B01
201200020796,0,07,000,00,9,1,02,A01
201200020796,0,01,000,00,2,2,02,B01
201200020797,0,30,000,00,2,1,02,A01
201200020797,1,07,000,00,0,0,00,B01
201200020798,0,01,000,00,2,4,23,A01
201200020798,0,07,000,00,2,0,01,B01
201200020799,0,01,000,00,1,1,01,A01
201200020800,0,07,000,00,0,0,04,A01
201200020801,0,07,000,15,0,1,01,A01
201200020802,0,30,000,00,2,1,21,B01
201200020802,0,07,000,00,2,2,15,A01
201200020803,0,30,000,00,0,7,00,A01
201200020804,0,07,000,00,1,4,04,A01
201200020805,0,30,000,00,0,0,00,A01
201200020806,0,01,000,00,0,0,00,A01
201200020807,0,07,000,00,2,1,02,A01
201200020807,0,01,000,00,2,7,02,B01
201200020808,0,01,000,00,2,7,01,B01
201200020808,0,07,000,00,2,1,00,A01
201200020809,0,33,000,00,2,1,01,A01
201200020809,0,07,000,00,2,7,15,B01
201200020810,0,13,000,00,0,7,00,A01
201200020811,0,07,000,00,2,1,01,A01
201200020811,0,07,000,00,0,4,01,B01
201200020811,0,07,000,00,2,4,01,C01
201200020811,0,07,000,00,2,4,01,D01
201200020811,0,07,000,00,2,4,01,E01
201200020812,0,07,000,00,1,1,03,A01
201200020813,0,30,000,00,0,0,01,A01
201200020814,0,01,000,00,2,7,15,A01
201200020814,0,07,000,00,2,1,01,B01
201200020815,0,02,000,00,0,0,01,A01
201200020816,0,07,000,00,0,1,05,A01
201200020816,0,33,000,00,2,1,00,B01
201200020817,0,07,000,00,2,0,16,B01
201200020817,0,07,000,00,2,0,02,A01
201200020818,0,37,000,00,1,1,01,A01
201200020819,0,07,000,00,2,3,09,A01
201200020819,0,33,000,00,2,2,01,B01
201200020820,0,07,000,00,2,3,01,A01
201200020820,0,02,000,00,2,1,01,B01
201200020821,0,30,000,00,2,1,02,A01
201200020821,0,07,000,00,0,4,02,B01
201200020822,0,07,000,00,2,3,02,A01
201200020822,0,07,000,00,2,0,00,B01
201200020823,0,07,000,00,2,4,01,B01
201200020823,0,07,000,00,2,1,01,A01
201200020824,0,02,000,16,0,0,01,A01
201200020825,0,02,000,00,2,1,01,A01
201200020825,0,07,000,00,2,4,01,B01
201200020826,0,07,000,00,2,3,00,B01
201200020826,0,32,000,00,2,0,00,A01
201200020827,0,07,000,00,0,0,15,A01
201200020827,0,33,000,00,0,0,02,B01
201200020828,0,07,000,00,2,1,01,A01
201200020828,0,33,000,00,2,7,01,B01
201200020829,0,32,000,00,2,1,01,B01
201200020829,0,07,000,00,2,1,15,A01
201200020830,0,07,000,00,2,2,17,B01
201200020830,0,20,000,00,2,6,01,A01
201200020831,0,07,000,00,0,0,00,A01
201200020831,0,01,000,00,2,0,00,B01
201200020832,0,07,000,00,2,0,15,A01
201200020832,0,30,000,00,2,1,02,B01
201200020833,0,07,000,00,2,1,00,A01
201200020833,0,07,000,00,2,4,01,B01
201200020834,0,33,000,16,0,0,01,A01
201200020835,0,32,000,00,0,0,00,A01
201200020836,0,02,000,00,2,1,01,B01
201200020836,0,07,000,00,2,3,15,A01
201200020837,0,01,000,00,1,0,00,A01
201200020838,0,32,000,00,2,1,00,B01
201200020838,0,33,000,00,2,1,00,A01
201200020839,0,07,000,00,1,1,01,A01
201200020840,0,37,001,00,0,0,00,B01
201200020840,0,32,000,00,0,0,00,A01
201200020841,0,07,000,03,0,2,01,A01
201200020842,0,01,000,00,1,1,01,A01
201200020843,0,34,000,00,0,0,01,A01
201200020844,0,02,000,00,2,1,01,B01
201200020844,0,07,000,00,2,7,15,A01
201200020845,0,07,000,00,0,0,00,A01
201200020845,0,02,000,00,0,0,00,B01
201200020846,0,07,000,00,2,3,01,B01
201200020846,0,07,000,00,2,2,12,A01
201200020847,0,07,000,00,2,1,16,A01
201200020847,0,07,000,00,2,0,02,C01
201200020847,0,07,000,00,2,2,02,B01
201200020848,0,07,000,00,2,1,01,A01
201200020848,0,32,000,00,2,1,00,B01
201200020849,0,30,000,14,0,1,01,A01
201200020850,0,01,000,00,2,0,00,V01
201200020850,0,07,000,00,9,0,02,A01
201200020851,0,07,000,00,2,1,09,B01
201200020851,0,07,000,00,2,2,01,A01
201200020852,0,07,000,00,0,0,00,B01
201200020852,0,32,000,00,2,1,00,A01
201200020853,0,07,000,07,0,0,01,A01
201200020854,0,14,000,00,2,1,01,A01
201200020854,0,07,000,00,2,4,01,C01
201200020854,0,07,000,00,2,4,01,B01
201200020855,0,07,000,00,0,0,02,A01
201200020855,0,13,000,00,0,0,02,B01
201200020856,0,07,000,00,1,4,01,A01
201200020856,0,07,000,00,2,1,01,B01
201200020857,0,07,000,00,2,1,01,B01
201200020857,0,07,000,00,2,1,01,A01
201200020858,0,07,000,00,2,4,01,A01
201200020858,0,07,000,00,2,1,01,B01
201200020859,0,07,000,00,2,1,01,A01
201200020859,0,01,000,00,2,7,01,B01
201200020860,0,07,000,00,0,0,00,A01
201200020861,0,07,000,00,2,3,01,B01
201200020861,0,01,000,00,2,2,01,A01
201200020862,0,01,000,00,2,0,02,B01
201200020862,0,07,000,00,0,8,02,A01
201200020863,0,30,000,16,0,0,01,A01
201200020864,0,07,000,00,0,0,00,B01
201200020864,0,30,000,00,0,0,00,A01
201200020865,0,07,000,00,2,1,01,B01
201200020865,0,30,000,00,2,1,17,A01
201200020866,0,30,000,00,0,0,02,B01
201200020866,0,07,000,00,2,0,00,A01
201200020867,0,07,000,00,0,0,01,A01
201200020868,0,07,000,00,2,1,09,A01
201200020868,0,30,000,00,2,1,01,B01
201200020869,0,07,000,00,0,0,00,A01
201200020870,1,07,000,00,1,1,01,A01
201200020871,0,07,000,00,2,3,11,A01
201200020871,0,33,000,00,2,2,01,B01
201200020872,0,07,000,00,2,1,00,B01
201200020872,0,07,000,00,2,2,00,A01
201200020873,0,07,000,00,2,7,15,A01
201200020873,0,33,000,00,2,1,01,B01
201200020874,0,30,000,00,0,0,00,A01
201200020875,0,07,000,00,2,1,05,A01
201200020875,0,07,000,00,2,1,01,B01
201200020876,0,07,000,00,2,4,00,B01
201200020876,0,07,000,00,2,1,00,A01
201200020877,0,07,000,00,2,1,01,A01
201200020877,0,01,000,00,2,4,01,B01
201200020878,0,07,000,00,0,0,00,A01
201200020878,0,30,000,00,0,0,00,B01
201200020879,0,07,000,00,0,9,00,A01
201200020880,0,07,000,00,1,1,01,A01
201200020881,0,07,000,12,0,9,01,A01
201200020882,0,07,000,08,0,1,01,A01
201200020883,0,07,000,00,1,3,01,A01
201200020884,0,07,000,00,2,7,01,A01
201200020884,0,13,000,00,2,1,01,B01
201200020885,0,07,000,00,2,1,01,A01
201200020885,0,15,000,00,2,4,01,B01
201200020886,0,07,000,00,2,0,01,B01
201200020886,0,07,000,00,2,8,01,C01
201200020886,0,07,000,00,2,8,13,A01
201200020887,0,07,000,00,2,1,01,A01
201200020887,0,07,000,00,0,4,01,C01
201200020887,0,07,000,00,0,4,01,B01
201200020888,0,07,000,05,0,0,00,A01
201200020889,0,33,000,00,2,7,02,B01
201200020889,0,07,000,00,2,8,15,A01
201200020890,0,07,000,00,0,4,02,B01
201200020890,0,07,000,00,2,1,00,A01
201200020890,0,07,000,00,2,4,00,C01
201200020891,0,07,000,00,9,4,04,A01
201200020891,0,01,000,00,2,1,01,B01
201200020892,0,07,000,10,0,7,00,A01
201200020893,0,07,000,00,0,0,00,A01
201200020894,0,07,000,00,1,1,00,A01
201200020895,0,30,000,00,2,1,01,A01
201200020895,0,07,000,00,2,4,01,B01
201200020896,0,07,000,00,2,1,01,A01
201200020897,0,30,000,00,2,1,01,A01
201200020897,0,33,000,00,2,4,01,B01
201200020898,0,07,000,00,1,1,01,A01
201200020899,0,07,000,00,1,1,01,A01
201200020900,0,07,000,00,2,1,01,B01
201200020900,0,07,000,00,2,1,13,A01
201200020901,0,02,000,00,2,1,00,D01
201200020901,0,07,000,00,2,1,00,A01
201200020901,0,07,000,00,2,4,00,B01
201200020901,0,07,000,00,2,4,00,C01
201200020902,0,07,000,00,1,1,01,A01
201200020903,0,07,000,00,1,1,09,A01
201200020904,0,07,000,00,0,0,01,A01
201200020905,0,07,000,06,0,7,00,A01
201200020906,0,07,000,00,2,1,00,A01
201200020906,0,07,000,00,2,1,00,B01
201200020907,0,07,000,00,2,8,00,A01
201200020907,0,33,000,00,2,7,00,B01
201200020908,0,33,000,08,0,1,00,A01
201200020909,0,01,000,00,2,3,01,A01
201200020909,1,10,000,00,9,0,17,B01
201200020910,0,01,000,00,2,1,00,B01
201200020910,0,07,000,00,2,7,00,A01
201200020911,0,07,000,00,2,1,00,B01
201200020911,0,07,000,00,2,8,00,A01
201200020912,0,07,000,00,1,7,01,A01
201200020913,0,07,000,00,2,2,00,B01
201200020913,0,32,000,00,2,1,00,A01
201200020914,0,07,000,00,2,1,13,B01
201200020914,0,07,000,00,2,7,01,A01
201200020915,0,07,000,06,0,1,00,A01
201200020916,0,07,000,00,2,1,01,B01
201200020916,0,07,000,00,2,7,15,A01
201200020917,0,01,000,00,2,0,12,B01
201200020917,0,07,000,00,2,8,17,A01
201200020918,0,03,000,00,9,0,00,A01
201200020918,0,01,000,00,2,0,00,B01
201200020919,0,07,000,00,2,0,00,E01
201200020919,0,07,000,00,2,0,00,C01
201200020919,0,07,000,00,2,0,00,D01
201200020919,0,07,000,00,2,0,00,B01
201200020919,0,07,000,00,2,0,00,A01
201200020920,0,02,000,00,0,0,00,A01
201200020921,0,07,000,13,0,9,01,A01
201200020922,0,30,000,00,0,0,00,A01
201200020923,0,01,000,01,0,1,01,B01
201200020923,0,07,000,00,2,8,24,A01
201200020924,0,07,000,00,2,6,01,B01
201200020924,0,31,000,00,2,9,01,A01
201200020925,0,07,000,00,2,0,00,A01
201200020925,0,07,000,00,0,0,00,B01
201200020926,0,07,000,00,2,3,01,B01
201200020926,0,30,000,00,2,1,01,A01
201200020927,0,07,000,08,0,1,01,A01
201200020928,0,33,000,00,0,7,01,A01
201200020929,0,07,000,00,2,0,00,A01
201200020929,0,07,000,00,0,0,00,B01
201200020929,0,07,000,00,0,0,00,C01
201200020930,0,30,000,00,0,0,00,A01
201200020930,0,07,000,00,0,0,00,B01
201200020931,0,07,000,00,0,4,01,A01
201200020931,0,07,000,00,0,1,00,B01
201200020932,0,07,000,00,2,1,01,A01
201200020932,0,32,000,00,2,5,01,B01
201200020933,0,07,000,00,1,1,01,A01
201200020934,0,07,000,00,1,0,00,A01
201200020935,1,10,000,00,1,0,00,Z01
201200020936,0,07,000,00,2,6,11,A01
201200020936,0,33,000,00,0,0,00,B01
201200020937,0,07,000,00,2,2,01,B01
201200020937,0,30,000,00,2,1,03,A01
201200020938,0,07,000,00,2,3,15,B01
201200020938,0,33,000,00,2,1,21,A01
201200020939,0,01,000,00,0,0,01,A01
201200020940,0,33,000,00,2,1,17,A01
201200020940,0,07,000,00,2,3,15,B01
201200020941,0,07,000,00,2,0,00,B01
201200020941,0,30,000,00,2,0,00,A01
201200020942,0,30,000,00,2,8,01,A01
201200020942,0,07,000,00,2,3,01,B01
201200020943,0,07,000,00,0,0,00,A01
201200020943,0,30,000,00,0,0,00,B01
201200020944,0,31,000,00,0,0,01,B01
201200020944,0,07,000,00,0,0,00,C01
201200020944,0,07,000,00,0,0,00,A01
201200020945,0,01,000,00,0,6,02,B01
201200020945,0,07,000,00,0,1,16,A01
201200020946,0,01,000,01,0,0,01,A01
201200020946,0,07,000,00,2,1,01,B01
201200020947,0,07,000,08,0,1,01,A01
201200020948,0,07,000,00,0,1,01,A01
201200020949,0,01,000,00,2,1,01,A01
201200020949,0,07,000,00,2,2,01,B01
201200020950,0,30,000,00,0,0,00,B01
201200020950,0,07,000,00,0,0,00,A01
201200020951,0,07,000,00,0,0,01,B01
201200020951,0,01,000,00,2,1,01,A01
201200020952,0,07,000,00,2,1,01,B01
201200020952,0,07,000,00,2,4,02,C01
201200020952,0,07,000,00,2,1,01,A01
201200020953,0,31,000,00,0,0,23,B01
201200020953,1,07,000,00,0,2,14,Z01
201200020954,0,07,000,00,2,3,22,A01
201200020954,0,01,000,01,0,1,01,B01
201200020955,0,01,000,00,0,0,01,A01
201200020956,0,31,000,00,2,1,01,B01
201200020956,0,07,000,00,2,3,10,A01
201200020957,0,07,000,00,2,4,01,B01
201200020957,0,07,000,00,2,1,01,A01
201200020958,0,07,000,00,2,8,10,A01
201200020958,0,07,000,00,2,1,01,B01
201200020959,0,07,000,09,0,1,01,A01
201200020960,0,07,000,00,2,1,01,B01
201200020960,0,07,000,00,2,6,01,A01
201200020961,0,07,000,00,2,7,00,D01
201200020961,0,34,000,12,0,8,01,A01
201200020961,0,07,000,00,2,7,00,C01
201200020961,0,07,000,00,2,7,00,B01
201200020962,0,07,000,00,2,4,01,B01
201200020962,0,07,000,00,2,1,01,A01
201200020963,0,33,000,05,0,0,21,B01
201200020963,0,07,000,00,0,0,09,A01
201200020964,0,33,000,00,2,7,17,A01
201200020964,0,07,000,00,2,8,15,B01
201200020965,0,32,000,00,2,1,01,A01
201200020965,0,07,000,00,2,7,01,B01
201200020966,0,30,000,00,2,1,01,B01
201200020966,0,07,000,00,2,7,01,A01
201200020967,0,32,000,00,2,0,01,A01
201200020967,0,07,000,00,2,4,01,B01
201200020968,0,02,000,00,2,1,13,A01
201200020968,0,07,000,00,2,1,01,B01
201200020969,0,07,000,00,2,7,01,B01
201200020969,0,07,000,00,2,1,01,A01
201200020970,0,10,000,00,0,2,02,A01
201200020970,0,07,000,00,0,4,02,D01
201200020970,0,07,000,00,0,6,02,B01
201200020970,0,07,000,00,0,4,02,C01
201200020971,0,01,000,00,2,1,01,B01
201200020971,0,07,000,00,0,0,00,A01
201200020972,0,30,000,01,0,1,02,A01
201200020973,0,07,000,01,0,8,00,A01
201200020973,0,02,000,00,2,2,01,B01
201200020974,0,07,000,00,2,6,02,A01
201200020974,0,07,000,07,0,1,02,B01
201200020975,0,01,000,00,0,7,02,B01
201200020975,0,30,000,00,9,0,02,A01
201200020976,0,07,000,14,0,0,00,A01
201200020977,0,33,000,00,2,0,01,B01
201200020977,0,07,000,13,0,0,01,A01
201200020978,0,07,000,07,0,9,01,A01
201200020979,0,07,000,00,2,8,01,A01
201200020979,0,07,000,06,2,1,01,B01
201200020980,0,07,000,00,2,1,00,A01
201200020980,0,07,000,00,2,1,00,B01
201200020981,0,07,000,00,1,1,00,A01
201200020982,0,07,000,00,1,1,00,A01
201200020983,0,01,000,00,2,0,00,A01
201200020983,0,01,000,00,2,0,00,B01
201200020984,0,07,000,00,2,8,01,B02
201200020984,0,07,000,00,2,7,12,A01
201200020985,0,07,000,04,0,3,01,A01
201200020986,0,33,000,01,0,1,01,A01
201200020986,0,10,000,00,0,6,24,B02
201200020987,0,07,000,04,0,3,01,A01
201200020988,0,07,000,04,0,3,13,A01
201200020989,0,07,000,07,0,3,02,A01
201200020990,0,07,000,13,0,2,14,A01
201200020991,0,07,000,00,9,3,00,A01
201200020991,0,33,000,00,0,2,00,B01
201200020992,0,30,000,00,1,1,00,A01
201200020993,0,33,000,00,2,3,00,B01
201200020993,0,07,000,00,9,2,00,A01
201200020994,1,99,000,00,1,0,00,Z01
201200020995,0,07,000,00,0,4,01,B01
201200020995,0,02,000,00,2,1,01,A01
201200020996,0,07,000,00,2,2,00,B01
201200020996,0,07,000,00,2,3,00,A01
201200020997,0,07,000,00,1,1,01,A01
201200020998,0,07,000,00,2,3,13,A01
201200020998,0,07,000,00,2,3,01,B01
201200020999,0,02,000,00,1,1,01,A01
201200021000,0,07,000,00,0,8,17,A01
201200021001,0,02,000,00,0,0,00,B01
201200021001,0,07,000,00,0,0,00,A01
201200021002,0,02,000,00,2,1,01,B01
201200021002,0,07,000,00,2,1,15,A01
201200021003,0,10,000,00,2,3,12,B01
201200021003,0,07,000,00,0,2,19,A01
201200021004,0,02,000,00,0,0,00,A01
201200021004,0,02,000,00,0,0,00,B01
201200021005,0,07,000,00,2,1,01,A01
201200021005,0,07,000,00,2,4,01,B01
201200021006,0,02,000,00,2,4,00,B01
201200021006,0,02,000,00,2,1,01,A01
201200021007,0,07,000,00,2,4,01,B01
201200021007,0,14,000,00,2,1,00,A01
201200021008,0,33,000,00,0,0,00,A01
201200021009,0,07,000,00,2,1,01,A01
201200021009,0,07,000,00,2,1,01,B01
201200021010,0,31,000,00,2,1,15,A01
201200021010,0,07,000,00,2,3,01,B01
201200021011,0,07,000,00,0,0,00,A01
201200021012,0,07,000,00,0,7,01,A01
201200021013,0,07,000,00,0,0,00,B01
201200021013,0,02,000,00,0,0,00,A01
201200021014,0,02,000,00,2,1,17,A01
201200021014,0,10,000,00,2,2,00,B01
201200021015,0,07,000,00,0,0,00,A01
201200021015,0,07,000,00,0,0,00,B01
201200021016,0,07,000,00,2,1,01,B01
201200021016,0,07,000,00,2,1,01,A01
201200021017,0,07,000,00,0,0,00,A01
201200021017,0,07,000,00,0,0,00,B01
201200021018,0,07,000,00,0,1,00,A01
201200021019,0,07,000,00,0,0,00,A01
201200021020,0,07,000,00,0,0,00,A01
201200021021,0,07,000,00,0,0,00,A01
201200021021,0,07,000,00,0,0,00,B01
201200021022,0,07,000,01,0,0,00,A01
201200021023,0,07,000,00,0,0,00,A01
201200021023,0,07,000,00,0,0,00,B01
201200021024,0,07,000,00,0,0,00,B01
201200021024,0,07,000,00,0,0,00,A01
201200021025,0,33,000,00,0,0,00,B01
201200021025,0,07,000,00,0,0,00,A01
201200021026,0,02,000,00,0,0,00,A01
201200021027,0,07,000,00,4,1,01,A01
201200021027,0,07,000,00,2,1,01,B01
201200021028,0,02,000,00,1,1,01,A01
201200021029,0,02,000,00,2,1,01,B01
201200021029,0,07,000,00,2,2,17,A01
201200021030,0,07,000,00,2,8,15,A01
201200021030,0,07,000,00,2,1,01,B01
201200021031,1,10,000,00,2,4,00,A01
201200021031,0,30,000,00,2,1,01,B01
201200021032,0,07,000,09,0,1,01,A01
201200021033,0,07,000,00,2,1,01,A01
201200021033,0,07,000,00,2,4,00,B01
201200021034,0,10,000,00,0,1,01,A01
201200021035,0,02,000,00,0,1,01,A01
201200021036,0,07,000,00,2,1,01,B01
201200021036,0,07,000,00,2,3,11,A01
201200021037,0,31,000,00,0,7,01,A01
201200021038,0,07,000,00,1,1,01,A01
201200021039,0,02,000,01,0,1,15,A01
201200021039,0,07,000,00,2,3,01,B01
201200021040,0,07,000,00,9,4,01,B01
201200021040,0,01,000,00,2,1,01,A01
201200021041,0,07,000,00,2,1,01,C01
201200021041,0,07,000,00,2,4,00,A01
201200021041,0,07,000,00,2,1,01,B01
201200021042,0,30,000,00,0,2,00,A01
201200021043,0,07,000,00,2,3,17,A01
201200021043,0,07,000,00,2,1,01,B01
201200021044,0,07,000,00,2,4,01,B01
201200021044,0,30,000,00,2,1,01,A01
201200021045,0,07,000,00,1,1,00,A01
201200021046,0,02,000,00,0,2,00,B01
201200021046,0,07,000,00,2,2,00,A01
201200021047,0,30,000,00,2,1,01,B01
201200021047,0,07,000,00,2,1,15,A01
201200021048,0,07,000,00,2,7,14,A01
201200021048,0,07,000,00,2,1,01,B01
201200021049,0,07,000,00,1,1,00,A01
201200021050,0,07,000,00,2,2,16,A01
201200021050,0,30,000,00,2,1,01,B01
201200021051,0,32,000,00,1,1,01,A01
201200021052,0,07,000,00,2,1,09,A01
201200021052,0,07,000,00,0,8,01,B01
201200021053,0,07,000,00,2,3,15,A01
201200021053,0,01,000,00,2,1,01,B01
201200021054,0,07,000,00,0,4,01,B01
201200021054,0,07,000,00,2,1,01,A01
201200021055,0,07,000,00,0,0,00,A01
201200021055,0,03,000,00,0,0,00,B01
201200021056,0,07,000,00,0,0,00,A01
201200021057,0,07,000,00,2,1,01,B01
201200021057,0,07,000,00,2,1,05,A01
201200021058,0,10,000,00,2,1,15,A01
201200021058,0,02,000,00,2,1,01,B01
201200021059,0,07,000,00,2,1,01,A01
201200021059,0,07,000,00,0,4,01,B01
201200021060,0,10,000,00,2,1,15,A01
201200021060,0,01,000,00,2,1,01,B01
201200021061,0,07,000,00,2,2,01,B01
201200021061,0,07,000,00,2,1,15,A01
201200021062,0,01,000,00,0,0,00,B01
201200021062,0,01,000,00,0,0,00,A01
201200021063,0,02,000,00,2,1,17,A01
201200021063,0,07,000,00,2,8,01,B01
201200021064,0,07,000,00,1,1,01,A01
201200021065,0,10,000,00,2,1,13,A01
201200021065,0,07,000,00,2,1,01,B01
201200021066,0,07,000,00,1,1,01,A01
201200021067,0,02,000,00,2,4,01,B01
201200021067,0,07,000,00,2,1,01,A01
201200021068,0,07,000,00,2,1,01,B01
201200021068,0,17,000,00,2,8,15,A01
201200021069,0,31,000,00,2,1,17,B01
201200021069,0,07,000,00,2,8,15,A01
201200021070,0,07,000,00,2,2,15,A01
201200021070,0,33,000,00,2,1,01,B01
201200021071,0,07,000,00,9,3,09,A01
201200021071,0,01,000,00,2,1,01,B01
201200021072,0,15,000,10,0,1,01,A01
201200021073,0,15,000,04,0,1,13,A01
201200021074,0,07,000,00,2,7,17,C03
201200021074,0,14,000,00,2,4,02,B02
201200021074,0,15,000,00,2,1,02,A01
201200021075,0,07,000,04,0,7,01,A01
201200021076,0,07,000,00,2,4,01,C03
201200021076,0,10,000,03,2,1,02,A01
201200021076,0,07,000,04,2,4,02,B02
201200021077,0,07,000,03,0,1,01,A01
201200021078,0,07,000,04,0,8,17,A01
201200021079,0,10,000,00,2,2,19,A01
201200021079,0,02,000,00,2,1,01,B02
201200021080,0,10,000,00,1,1,01,A01
201200021081,0,07,000,00,2,3,19,A01
201200021081,0,33,000,00,2,1,17,B02
201200021082,0,30,000,00,2,1,01,A01
201200021082,0,07,000,00,2,3,01,B02
201200021083,0,07,000,00,2,3,15,A01
201200021083,0,30,000,00,2,1,17,B02
201200021084,0,15,000,00,2,1,21,B02
201200021084,0,07,000,00,2,1,13,A01
201200021085,0,07,000,00,2,3,01,A01
201200021085,0,07,000,00,2,3,01,B02
201200021086,0,33,000,00,0,7,01,B02
201200021086,0,07,000,00,2,1,09,A01
201200021087,0,10,000,02,0,3,13,A01
201200021088,0,07,000,02,0,1,01,A01
201200021089,0,07,000,13,0,1,01,A01
201200021090,0,07,000,02,0,7,01,A01
201200021091,0,31,000,08,0,1,01,A01
201200021092,0,36,000,00,0,0,20,A01
201200021093,0,10,000,00,2,7,15,A01
201200021093,0,07,000,00,2,1,01,B02
201200021094,0,07,000,05,0,2,14,A01
201200021095,0,07,000,02,2,2,01,A01
201200021095,0,15,000,00,2,3,01,B02
201200021096,0,33,000,00,2,3,01,B02
201200021096,0,07,000,00,2,1,15,A01
201200021097,0,07,000,06,2,3,16,B02
201200021097,0,36,000,00,2,3,01,A01
201200021098,0,02,000,00,2,1,01,A01
201200021098,0,07,000,00,2,8,15,B02
201200021099,0,07,000,00,2,7,09,B02
201200021099,0,33,000,00,2,8,01,A01
201200021100,0,07,000,02,0,1,01,A01
201200021101,0,33,000,08,0,1,01,A01
201200021102,0,07,000,00,2,1,01,B02
201200021102,0,30,000,00,1,1,01,A01
201200021103,0,07,000,00,2,2,21,A01
201200021104,0,07,000,13,0,2,00,A01
201200021105,0,07,000,16,0,3,14,A01
201200021106,0,14,000,13,0,3,13,A01
201200021107,0,21,000,00,2,6,15,A01
201200021107,0,07,000,00,2,1,17,B02
201200021108,0,07,000,06,0,3,01,A01
201200021109,0,33,000,00,2,1,01,B02
201200021109,0,07,000,00,2,5,01,A01
201200021110,0,07,000,00,2,1,01,C03
201200021110,0,10,000,00,2,1,01,B02
201200021110,0,17,000,00,2,1,01,A01
201200021111,0,07,000,00,2,2,01,A01
201200021111,0,07,000,00,2,8,01,B02
201200021112,0,07,000,00,2,2,00,B02
201200021112,0,30,000,00,2,1,00,A01
201200021113,0,07,000,00,2,1,01,B02
201200021113,0,07,000,00,2,3,19,A01
201200021114,0,07,000,00,0,3,15,A01
201200021114,0,17,000,00,0,1,01,B02
201200021115,0,10,000,02,0,3,00,A01
201200021116,0,07,000,00,2,8,15,B02
201200021116,0,33,000,00,2,1,17,A01
201200021117,0,30,000,02,0,1,01,A01
201200021118,0,30,000,00,2,7,15,A01
201200021118,0,07,000,00,2,3,01,B02
201200021119,0,14,000,00,2,2,01,A01
201200021119,0,10,000,00,2,1,01,B02
201200021120,0,07,000,16,0,9,01,A01
201200021121,0,07,000,13,0,1,01,A01
201200021122,0,14,000,02,0,3,01,A01
201200021123,0,07,000,00,2,1,15,A01
201200021123,0,07,000,00,2,1,01,B02
201200021124,0,16,000,00,2,8,13,A01
201200021124,0,07,000,00,2,8,01,B02
201200021125,0,07,000,00,2,3,10,A01
201200021125,0,33,000,00,2,1,01,B02
201200021126,0,03,000,00,2,7,01,A01
201200021126,0,07,000,00,2,1,01,B02
201200021127,0,07,000,13,0,8,13,A01
201200021128,0,07,000,00,2,1,01,B02
201200021128,0,32,000,00,2,1,05,A01
201200021129,0,07,000,08,0,9,01,A01
201200021130,0,07,000,02,0,8,01,A01
201200021131,0,07,000,00,2,2,15,A01
201200021131,0,33,000,00,2,1,01,B02
201200021132,0,30,000,08,0,1,00,A01
201200021133,0,33,000,09,0,1,01,A01
201200021134,0,07,000,00,2,1,01,A01
201200021134,0,17,000,00,2,4,02,B02
201200021135,0,07,000,13,0,1,01,A01
201200021136,0,07,000,00,2,1,00,B02
201200021136,0,07,000,00,2,1,01,A01
201200021137,0,07,000,02,0,3,01,A01
201200021138,0,07,000,13,0,1,01,A01
201200021139,0,07,000,02,0,1,01,A01
201200021140,0,07,000,15,0,1,01,A01
201200021141,0,10,000,03,0,3,02,A01
201200021142,0,10,000,00,0,1,23,A01
201200021142,0,07,000,00,2,1,01,B02
201200021143,0,07,000,14,0,1,02,C03
201200021143,0,07,000,04,0,6,01,B02
201200021143,0,07,000,04,2,2,17,A01
201200021144,0,10,000,03,0,7,00,A01
201200021145,0,07,000,04,0,1,01,A01
201200021145,0,07,000,00,2,3,01,B02
201200021146,0,15,000,13,0,1,01,A01
201200021147,0,07,000,00,2,4,02,B02
201200021147,0,07,000,00,2,1,02,A01
201200021148,0,33,000,00,2,1,03,A01
201200021148,0,07,000,00,0,6,01,B02
201200021149,0,07,000,13,0,5,00,A01
201200021150,0,33,000,00,0,9,01,A01
201200021151,0,15,000,01,1,2,14,A01
201200021152,0,17,000,04,0,8,00,A01
201200021153,0,07,000,00,2,3,05,A01
201200021153,0,07,000,00,2,3,05,B02
201200021154,0,07,000,00,2,3,05,A01
201200021154,0,99,000,00,2,3,01,B02
201200021155,0,30,000,06,0,1,01,A01
201200021156,0,02,000,00,2,1,01,B02
201200021156,0,07,000,00,2,7,15,A01
201200021157,0,07,000,00,2,6,15,B02
201200021157,0,32,000,00,2,1,13,A01
201200021158,0,07,000,00,2,2,02,B02
201200021158,0,32,000,00,2,4,23,A01
201200021159,0,14,000,00,2,4,24,C03
201200021159,0,07,000,00,0,1,09,A01
201200021159,0,07,000,01,2,5,01,B02
201200021160,0,07,000,00,2,3,13,A01
201200021160,0,07,000,00,2,3,01,B02
201200021161,0,33,000,00,2,5,01,A01
201200021161,0,07,000,00,2,6,19,B02
201200021162,0,31,000,13,0,7,14,A01
201200021163,0,07,000,00,2,1,01,B02
201200021163,0,07,000,00,2,2,10,A01
201200021164,0,07,000,13,0,7,14,A01
201200021165,0,15,000,08,0,3,01,A01