Num_Acc,senc,catv,occutc,obs,obsm,choc,manv,num_veh
201200021531,0,07,000,00,2,1,01,C03
201200021531,0,07,000,00,2,1,01,B02
201200021531,0,07,000,00,2,1,01,A01
201200021532,0,07,000,00,2,3,10,A01
201200021532,0,33,000,00,2,2,17,B02
201200021533,0,07,000,00,1,7,01,A01
201200021534,0,07,000,00,0,1,01,B02
201200021534,0,13,000,00,2,1,13,A01
201200021535,0,01,000,00,0,4,02,B02
201200021535,0,07,000,00,2,1,02,A01
201200021536,0,33,000,02,0,3,00,A01
201200021537,0,07,000,00,2,3,13,A01
201200021537,0,07,000,00,2,3,17,B02
201200021538,0,07,000,00,2,1,01,B02
201200021538,0,10,000,00,2,2,15,A01
201200021539,0,31,000,00,2,1,01,B02
201200021539,0,07,000,00,2,7,15,A01
201200021540,0,33,000,00,9,1,13,A01
201200021541,0,07,000,00,2,1,01,B02
201200021541,0,10,000,00,2,1,13,A01
201200021542,0,33,000,00,0,7,17,A01
201200021543,0,01,000,00,2,6,01,B02
201200021543,0,07,000,00,2,3,01,A01
201200021544,0,07,000,02,0,1,13,A01
201200021545,0,07,000,00,1,3,01,A01
201200021546,0,17,000,00,1,3,01,A01
201200021546,0,07,000,00,1,1,01,B02
201200021547,0,07,000,00,2,3,17,A01
201200021547,0,07,000,00,2,8,01,B02
201200021547,0,07,000,00,2,3,01,C03
201200021548,0,02,000,01,0,1,02,B02
201200021548,0,07,000,00,0,6,23,A01
201200021549,0,01,000,00,2,8,01,A01
201200021549,0,07,000,00,2,7,17,B02
201200021550,0,34,000,00,0,9,13,A01
201200021551,0,34,000,00,2,1,01,A01
201200021551,0,07,000,00,0,4,00,B02
201200021552,0,01,000,00,1,1,21,A01
201200021553,0,07,000,13,2,7,17,B02
201200021553,0,10,000,12,2,8,17,A01
201200021554,0,07,000,00,2,3,01,A01
201200021554,0,07,000,00,2,6,01,B02
201200021555,0,07,000,00,2,1,02,A01
201200021555,0,07,000,00,2,4,02,B02
201200021556,0,07,000,00,2,3,13,A01
201200021556,0,07,000,00,2,3,01,B02
201200021557,0,33,000,00,2,1,17,A01
201200021557,0,07,000,00,2,3,01,C03
201200021557,0,07,000,00,2,3,01,B02
201200021558,0,07,000,00,1,3,01,A01
201200021559,0,30,000,00,1,1,01,A01
201200021560,0,30,000,01,0,2,01,A01
201200021561,0,07,000,00,2,1,01,A01
201200021561,0,07,000,00,2,1,01,B02
201200021562,0,33,000,00,2,2,13,A01
201200021562,0,07,000,00,2,2,01,B02
201200021563,0,07,000,00,2,1,10,A01
201200021563,0,07,000,00,2,1,01,B02
201200021564,0,07,000,02,0,5,01,A01
201200021565,0,07,000,01,0,4,13,A01
201200021565,0,15,000,00,0,5,23,C03
201200021565,0,07,000,00,2,1,13,B02
201200021566,0,10,000,00,0,4,23,B02
201200021566,0,07,000,00,0,6,23,A01
201200021566,0,07,000,00,2,1,01,C03
201200021567,0,07,000,00,2,4,13,A01
201200021567,0,07,000,00,2,1,01,B02
201200021568,0,07,000,00,2,3,01,A01
201200021568,0,07,000,00,2,1,05,B02
201200021569,0,33,000,00,0,7,01,A01
201200021570,0,01,000,00,2,7,01,B02
201200021570,0,07,000,00,2,3,09,A01
201200021571,0,07,000,00,2,3,01,B02
201200021571,0,07,000,00,2,3,13,A01
201200021572,0,07,000,00,1,3,01,A01
201200021573,0,07,000,00,2,1,01,B02
201200021573,0,07,000,00,2,3,15,A01
201200021574,0,07,000,00,2,1,01,B02
201200021574,0,10,000,00,2,7,15,A01
201200021575,0,07,000,00,2,1,13,A01
201200021575,0,07,000,00,2,1,01,B02
201200021576,0,02,000,00,2,1,01,B02
201200021576,0,07,000,00,2,7,15,A01
201200021577,0,36,000,02,0,3,17,A01
201200021578,0,07,000,13,0,9,01,A01
201200021579,0,17,000,00,2,1,01,B02
201200021579,0,07,000,00,2,1,13,A01
201200021580,0,10,000,00,2,2,01,A01
201200021580,0,01,000,00,2,8,10,B02
201200021581,0,07,000,00,2,3,01,B02
201200021581,0,07,000,00,2,2,09,A01
201200021582,0,10,000,00,2,1,01,A01
201200021582,0,10,000,00,2,7,01,B02
201200021583,0,33,000,00,0,0,15,A01
201200021584,0,30,000,00,2,3,17,B02
201200021584,0,07,000,00,2,5,01,A01
201200021585,0,10,000,12,0,2,01,A01
201200021586,0,33,000,00,2,2,01,B02
201200021586,0,07,000,00,2,6,11,A01
201200021587,0,07,000,00,2,1,01,B02
201200021587,0,33,000,00,2,1,17,A01
201200021588,0,07,000,00,2,3,01,B02
201200021588,0,07,000,00,2,3,13,A01
201200021589,0,32,000,00,9,1,21,A01
201200021590,0,07,000,00,2,1,15,A01
201200021590,0,30,000,00,2,1,01,B01
201200021591,0,07,000,00,2,8,15,B01
201200021591,0,02,000,00,2,7,17,A01
201200021592,0,07,000,00,2,1,15,A01
201200021592,0,02,000,00,2,1,01,B01
201200021593,0,07,000,00,2,2,15,A01
201200021593,0,01,000,00,2,1,01,B01
201200021594,0,10,000,00,2,4,23,B01
201200021594,0,10,000,00,2,1,01,A01
201200021595,0,07,000,00,1,1,01,A01
201200021596,0,10,000,00,1,7,16,A01
201200021597,0,07,000,00,2,4,02,B01
201200021597,0,07,000,00,2,1,01,A01
201200021597,0,07,000,00,2,4,02,C01
201200021598,0,02,000,00,2,1,02,A01
201200021598,0,07,000,00,2,4,02,B01
201200021599,0,31,000,00,1,1,01,A01
201200021599,0,07,000,00,2,8,23,B01
201200021600,0,33,000,12,0,8,01,A01
201200021601,0,07,000,00,2,1,09,A01
201200021601,0,07,000,00,2,2,01,B01
201200021602,0,07,000,00,2,1,01,A01
201200021602,0,07,000,00,2,4,02,B01
201200021602,0,38,010,00,2,6,23,C01
201200021603,0,10,000,00,1,4,23,A01
201200021603,0,10,000,00,2,1,02,B01
201200021604,0,07,000,00,2,2,01,B01
201200021604,0,07,000,00,2,3,09,A01
201200021605,0,07,000,00,2,1,02,A01
201200021605,0,02,000,00,2,4,23,B01
201200021605,0,07,000,00,2,4,23,C01
201200021606,1,07,000,00,2,1,01,Z01
201200021606,0,30,000,00,2,7,01,B01
201200021607,0,07,000,00,2,2,13,A01
201200021607,0,32,000,00,2,1,01,B01
201200021608,0,07,000,00,2,1,09,A01
201200021608,0,07,000,00,2,1,01,B01
201200021609,0,10,000,00,1,1,01,A01
201200021610,0,10,000,00,2,1,02,A01
201200021610,0,07,000,00,2,4,23,B01
201200021611,0,07,000,00,1,4,04,A01
201200021612,0,07,000,08,0,9,01,A01
201200021613,0,07,000,00,2,1,09,A01
201200021613,0,01,000,00,2,4,02,B01
201200021614,0,07,000,00,2,3,17,A01
201200021614,0,30,000,00,2,8,15,B01
201200021615,0,07,000,00,1,1,01,A01
201200021616,0,07,000,00,2,4,02,D01
201200021616,0,07,000,00,2,4,02,B01
201200021616,0,07,000,00,2,1,01,A01
201200021616,0,07,000,00,2,4,02,C01
201200021617,0,07,000,00,1,1,01,A01
201200021618,0,07,000,00,1,1,01,A01
201200021619,0,07,000,00,2,1,01,B01
201200021619,0,07,000,00,2,2,09,A01
201200021620,0,07,000,00,2,3,01,B01
201200021620,0,07,000,00,2,2,15,A01
201200021621,0,07,000,00,2,1,01,A01
201200021621,0,07,000,00,2,2,01,B01
201200021622,0,07,000,00,2,1,01,B01
201200021622,0,07,000,00,2,3,09,A01
201200021623,0,02,000,00,2,1,01,B01
201200021623,0,07,000,00,2,3,09,A01
201200021624,0,02,000,00,2,1,01,B01
201200021624,0,07,000,00,2,2,01,A01
201200021625,0,07,000,00,0,4,01,B01
201200021625,0,10,000,00,2,1,01,A01
201200021626,0,07,000,00,2,1,05,A01
201200021626,0,07,000,00,2,1,01,B01
201200021627,0,07,000,00,2,1,15,A01
201200021627,0,02,000,00,2,1,01,B01
201200021628,1,07,000,00,1,0,01,Z01
201200021629,0,07,000,00,2,2,15,A01
201200021629,0,30,000,00,2,1,01,B01
201200021630,0,07,000,00,2,4,02,A01
201200021630,0,07,000,00,2,4,02,B01
201200021630,0,07,000,00,2,4,02,C01
201200021631,1,07,000,01,1,1,01,Z01
201200021632,0,07,000,08,0,1,01,A01
201200021633,0,07,000,00,2,2,02,A01
201200021633,0,07,000,00,2,4,20,B01
201200021634,0,07,000,15,1,1,01,Z01
201200021635,0,07,000,00,1,1,15,A01
201200021636,0,07,000,00,2,8,09,A01
201200021636,0,30,000,00,2,1,01,B01
201200021637,0,07,000,15,0,1,01,A01
201200021638,0,07,000,00,2,3,09,A01
201200021638,0,30,000,00,2,1,01,B01
201200021639,0,07,000,00,2,4,02,B01
201200021639,0,07,000,00,2,1,01,A01
201200021640,0,07,000,00,2,1,01,A01
201200021640,0,07,000,00,2,1,01,B01
201200021641,0,02,000,00,1,1,01,A01
201200021642,0,02,000,00,2,0,02,B01
201200021642,0,07,000,00,2,7,17,A01
201200021643,0,02,000,01,0,1,01,A01
201200021644,0,07,000,00,2,0,22,A01
201200021644,0,01,000,01,0,0,01,B01
201200021645,0,07,000,00,2,8,13,A01
201200021645,0,99,000,00,2,8,01,B01
201200021646,0,07,000,08,0,1,01,A01
201200021647,0,31,000,00,2,1,17,A01
201200021647,0,07,000,00,2,3,15,B01
201200021648,0,07,000,00,2,6,01,B01
201200021648,0,07,000,00,2,1,01,A01
201200021649,1,07,000,00,1,1,01,Z01
201200021650,0,07,000,00,2,1,01,B01
201200021650,0,07,000,00,2,1,15,A01
201200021651,0,07,000,00,2,4,01,B01
201200021651,0,30,000,00,2,1,01,A01
201200021652,0,07,000,00,2,8,15,A01
201200021652,0,02,000,00,2,9,17,B01
201200021653,0,07,000,00,2,5,01,B01
201200021653,0,07,000,00,2,1,19,A01
201200021654,0,01,000,00,2,1,01,B01
201200021654,0,07,000,00,2,1,15,A01
201200021655,0,02,000,00,0,0,01,A01
201200021656,0,31,000,00,2,1,01,B01
201200021656,0,07,000,00,2,2,15,A01
201200021657,0,07,000,00,1,1,01,A01
201200021658,0,30,000,00,2,1,19,A01
201200021658,0,07,000,00,2,6,01,B01
201200021659,0,07,000,00,1,1,16,A01
201200021660,0,03,000,00,1,2,16,A01
201200021661,0,02,000,00,1,1,01,A01
201200021662,0,07,000,01,2,1,01,A01
201200021662,0,07,000,00,2,6,24,B01
201200021662,0,07,000,00,2,3,01,C01
201200021663,0,07,000,00,1,1,16,A01
201200021664,0,31,000,00,2,1,17,B01
201200021664,0,07,000,00,2,3,15,A01
201200021664,0,07,000,00,2,6,02,C01
201200021665,0,07,000,00,1,2,01,A01
201200021666,0,07,000,00,1,1,01,A01
201200021667,0,07,000,00,2,3,19,A01
201200021667,0,07,000,00,2,1,01,B01
201200021668,0,07,000,00,2,3,01,B01
201200021668,0,07,000,00,2,1,09,A01
201200021669,0,07,000,00,2,1,01,A01
201200021669,0,07,000,00,2,1,01,B01
201200021669,0,07,000,00,2,4,01,C01
201200021670,0,07,000,00,2,1,01,A01
201200021670,0,07,000,00,2,4,01,C01
201200021670,0,07,000,00,2,4,01,B01
201200021671,0,07,000,00,2,4,01,C01
201200021671,0,07,000,00,2,1,01,B01
201200021671,0,07,000,00,2,1,01,A01
201200021672,0,07,000,00,2,3,22,A01
201200021672,0,01,000,01,0,1,01,B01
201200021673,0,07,000,00,1,1,15,A01
201200021674,0,07,000,00,2,3,02,B01
201200021674,0,07,000,00,2,1,02,A01
201200021675,0,07,000,00,2,1,09,A01
201200021675,0,02,000,00,2,7,01,B01
201200021676,0,07,000,00,2,1,15,A01
201200021676,0,30,000,00,2,1,01,B01
201200021677,0,07,000,00,2,1,01,B01
201200021677,0,07,000,00,2,7,19,A01
201200021678,0,07,000,00,2,1,15,A01
201200021678,0,30,000,00,2,1,16,B01
201200021679,0,02,000,00,2,1,01,B01
201200021679,0,07,000,00,2,8,09,A01
201200021680,0,01,000,00,2,0,00,B01
201200021680,0,01,000,00,2,0,00,A01
201200021681,0,07,000,00,1,1,01,A01
201200021682,0,07,000,00,1,1,01,A01
201200021683,0,02,000,00,2,4,15,B01
201200021683,0,07,000,00,2,1,01,A01
201200021684,0,07,000,00,2,3,19,A01
201200021684,0,33,000,00,2,1,01,B01
201200021685,0,07,000,00,1,1,01,A01
201200021686,0,07,000,00,2,4,01,B01
201200021686,0,07,000,00,2,1,01,A01
201200021687,0,07,000,00,2,4,20,B01
201200021687,0,07,000,00,2,1,01,A01
201200021687,0,07,000,01,0,4,24,C01
201200021688,0,07,000,06,0,1,01,A01
201200021689,0,30,000,00,2,1,01,B01
201200021689,0,07,000,00,2,3,15,A01
201200021690,0,02,000,00,2,4,01,B01
201200021690,0,07,000,00,2,1,01,A01
201200021691,0,03,000,00,2,1,15,A01
201200021691,0,31,000,00,2,1,16,B01
201200021692,0,07,000,00,2,1,01,A01
201200021692,0,07,000,00,2,3,09,B01
201200021693,0,07,000,00,1,3,01,A01
201200021694,0,07,000,00,1,1,01,A01
201200021695,0,30,000,00,2,1,01,A01
201200021695,0,07,000,00,2,3,15,B01
201200021696,0,30,000,00,1,1,17,A01
201200021697,0,07,000,00,2,1,02,A01
201200021697,0,07,000,00,2,4,01,B01
201200021698,0,07,000,00,2,1,15,A01
201200021698,0,30,000,00,2,7,01,B01
201200021699,0,07,000,00,2,4,01,B01
201200021699,0,07,000,00,2,4,01,C01
201200021699,1,07,000,00,2,1,01,Z01
201200021700,0,07,000,00,1,8,01,A01
201200021701,0,30,000,00,2,4,01,B02
201200021701,0,07,000,00,2,2,01,A01
201200021702,0,07,000,00,2,7,15,A01
201200021702,0,30,000,00,0,1,01,B02
201200021703,0,07,000,00,2,2,17,A01
201200021703,0,07,000,00,0,4,02,B02
201200021704,0,07,000,08,0,5,01,A01
201200021705,0,14,000,00,2,3,01,A01
201200021705,0,07,000,00,2,1,01,B02
201200021706,0,03,000,00,1,8,01,B02
201200021707,0,07,000,00,2,7,13,A01
201200021707,0,10,000,00,2,1,01,B02
201200021708,0,33,000,06,0,1,13,A01
201200021709,0,07,000,00,2,3,01,B02
201200021709,0,01,000,00,2,1,15,A01
201200021710,0,07,000,00,2,1,05,A01
201200021710,0,02,000,00,2,1,01,B02
201200021711,0,07,000,00,1,0,00,A01
201200021712,0,07,000,00,1,1,01,A01
201200021713,0,07,000,00,1,3,15,A01
201200021714,0,03,000,00,1,6,04,A01
201200021715,0,07,000,00,1,1,00,A01
201200021716,0,02,000,00,2,8,05,A01
201200021716,0,07,000,00,2,3,01,B01
201200021717,0,07,000,00,0,2,02,B01
201200021717,0,30,000,00,0,8,02,A01
201200021718,0,30,000,00,0,7,01,A01
201200021719,0,10,000,06,0,3,05,A01
201200021720,0,33,000,08,0,3,19,A01
201200021721,0,07,000,07,0,1,00,A01
201200021722,0,07,000,00,1,2,01,B01
201200021723,0,07,000,00,1,6,04,A01
201200021724,0,02,000,00,0,0,01,A01
201200021725,0,07,000,13,0,2,01,A01
201200021726,0,07,000,12,0,2,14,A01
201200021727,0,07,000,00,2,3,01,B01
201200021727,0,07,000,00,2,2,15,A01
201200021728,0,07,000,00,2,3,11,A01
201200021728,0,33,000,00,2,1,01,B01
201200021729,0,07,000,00,2,2,02,A01
201200021729,0,10,000,00,0,6,16,B01
201200021730,0,14,000,00,0,0,01,A01
201200021731,0,07,000,14,0,2,01,B01
201200021731,0,07,000,00,2,3,01,A01
201200021732,0,07,000,06,0,3,00,A01
201200021733,0,02,000,15,0,3,00,A01
201200021734,0,07,000,00,2,0,02,B01
201200021734,0,07,000,00,2,1,02,A01
201200021734,0,07,000,00,0,4,02,C01
201200021735,0,14,000,00,2,5,02,A01
201200021735,0,02,000,00,0,3,02,B01
201200021736,0,07,000,00,1,8,01,A01
201200021737,0,07,000,02,0,3,13,A01
201200021738,0,15,000,02,0,1,01,A01
201200021739,0,10,000,00,2,5,16,A01
201200021739,0,01,000,00,2,1,01,B02
201200021740,0,33,000,00,2,1,01,B02
201200021740,0,10,000,00,2,8,19,A01
201200021741,0,07,000,00,2,1,01,A01
201200021741,0,07,000,00,2,3,15,B02
201200021742,0,07,000,00,2,1,05,A01
201200021742,0,07,000,00,2,1,01,B01
201200021743,0,07,000,00,2,3,09,A01
201200021743,0,01,000,00,2,2,17,B01
201200021744,0,07,000,00,2,3,09,A01
201200021744,0,33,000,00,2,5,01,B01
201200021745,0,07,000,00,2,3,15,A01
201200021745,0,33,000,00,2,1,01,B01
201200021746,0,07,000,00,2,7,09,A01
201200021746,0,33,000,00,2,3,21,B01
201200021747,0,01,000,00,2,1,01,B01
201200021747,0,03,000,00,2,7,15,A01
201200021748,0,07,000,00,2,1,01,A01
201200021748,0,07,000,00,2,2,15,B01
201200021749,0,36,000,00,2,1,01,B01
201200021749,0,07,000,01,2,8,01,A01
201200021750,0,30,000,00,2,1,01,A01
201200021750,0,07,000,00,2,8,15,B01
201200021751,0,02,000,00,2,1,02,B01
201200021751,0,07,000,00,0,0,05,C01
201200021751,1,07,000,00,2,5,14,A01
201200021752,0,01,000,00,2,8,01,B01
201200021752,0,10,000,00,2,1,15,A01
201200021753,0,14,000,00,2,4,01,A01
201200021753,0,02,000,00,2,1,02,B01
201200021754,0,07,000,00,1,2,01,A01
201200021755,0,07,000,00,1,1,01,A01
201200021756,0,07,000,00,2,5,16,A01
201200021756,0,01,000,00,2,1,01,B01
201200021757,0,10,000,06,1,7,01,A01
201200021758,0,07,000,00,1,2,00,A01
201200021759,0,07,000,00,1,1,01,A01
201200021760,0,07,000,00,2,1,01,B01
201200021760,0,07,000,00,2,3,09,A01
201200021761,0,07,000,07,2,7,01,A01
201200021761,0,07,000,00,2,1,01,B01
201200021762,0,07,000,00,2,6,23,B01
201200021762,0,03,000,00,2,2,02,A01
201200021763,0,07,000,00,2,1,13,A01
201200021763,0,38,001,00,2,1,01,B01
201200021764,0,07,000,00,1,3,01,A01
201200021765,0,30,000,00,0,0,01,A01
201200021766,0,07,000,00,2,5,15,B01
201200021766,0,34,000,00,2,1,01,A01
201200021767,0,02,000,00,2,2,01,B01
201200021767,0,07,000,00,2,3,20,A01
201200021768,0,07,000,01,0,3,13,A01
201200021769,0,07,000,00,2,1,13,A01
201200021769,0,07,000,00,2,1,01,B01
201200021770,0,07,000,08,0,1,14,A01
201200021771,0,10,000,00,2,1,01,A01
201200021771,0,07,000,00,2,8,01,B01
201200021772,0,07,000,00,1,1,01,A01
201200021773,0,30,000,00,2,0,00,A01
201200021773,0,01,000,00,2,0,01,B01
201200021774,0,30,000,00,2,0,01,A01
201200021774,0,07,000,00,2,4,23,C01
201200021774,0,07,000,00,2,1,01,B01
201200021775,0,07,000,07,2,1,01,B01
201200021775,0,07,000,00,2,1,15,A01
201200021776,1,07,000,00,2,2,02,Z01
201200021776,0,07,000,06,2,4,01,B01
201200021777,0,07,000,01,0,1,13,A01
201200021778,1,07,000,00,1,0,01,Z01
201200021779,0,32,000,00,2,6,02,B01
201200021779,0,07,000,00,2,2,17,A01
201200021780,0,10,000,03,0,1,13,A01
201200021781,0,07,000,12,2,8,01,B01
201200021781,0,07,000,00,2,1,01,A01
201200021782,0,07,000,00,2,2,01,B01
201200021782,0,30,000,00,2,3,14,A01
201200021783,0,07,000,00,2,2,01,A01
201200021783,0,07,000,00,2,8,01,B01
201200021784,0,07,000,00,1,2,01,A01
201200021785,0,07,000,00,2,1,01,B01
201200021785,0,07,000,07,2,7,01,A01
201200021785,0,07,000,00,2,1,23,C01
201200021786,0,07,000,11,2,2,17,A01
201200021786,0,07,000,00,2,3,15,B01
201200021787,0,07,000,00,2,1,15,A01
201200021787,0,33,000,00,2,2,17,B01
201200021788,0,07,000,00,2,2,16,A01
201200021788,0,01,000,00,2,8,19,B01
201200021789,0,07,000,00,1,2,01,A01
201200021790,0,07,000,00,2,3,01,B01
201200021790,0,07,000,00,2,1,01,A01
201200021791,0,10,000,00,2,2,01,B01
201200021791,0,30,000,00,2,1,15,A01
201200021792,0,02,000,00,2,1,02,A01
201200021792,0,07,000,00,2,4,01,B01
201200021793,0,07,000,11,2,1,05,A01
201200021793,0,17,000,00,2,8,01,B01
201200021794,0,07,000,00,1,3,01,A01
201200021795,0,07,000,00,1,4,04,A01
201200021796,0,07,000,00,1,4,04,A01
201200021797,0,07,000,00,2,1,05,A01
201200021797,0,34,000,00,2,1,01,B01
201200021798,0,02,000,00,2,1,01,A01
201200021798,0,01,000,00,2,1,01,B01
201200021799,0,07,000,00,1,1,01,A01
201200021800,0,10,000,00,1,0,01,A01
201200021801,0,07,000,00,1,2,01,A01
201200021802,0,03,000,00,2,4,23,B01
201200021802,1,07,000,00,2,1,02,Z01
201200021803,0,01,000,00,2,1,01,B01
201200021803,0,07,000,00,2,2,15,A01
201200021804,0,07,000,08,0,1,01,A01
201200021805,0,10,000,00,2,1,01,A01
201200021805,0,01,000,00,2,5,01,B01
201200021806,0,30,000,01,0,1,00,A01
201200021807,0,07,000,00,2,4,23,F02
201200021807,0,07,000,04,2,4,23,E01
201200021807,0,07,000,00,2,4,02,B01
201200021807,0,07,000,04,2,5,01,C01
201200021807,0,14,000,00,2,1,02,A01
201200021807,0,07,000,00,2,4,02,D01
201200021808,0,33,000,00,2,1,01,B01
201200021808,0,10,000,00,2,8,15,A01
201200021809,0,07,000,00,2,1,01,B01
201200021809,0,07,000,00,2,2,15,A01
201200021810,0,07,000,00,1,2,01,A01
201200021811,0,07,000,00,2,1,01,B01
201200021811,0,07,000,00,2,5,15,A01
201200021812,0,07,000,03,0,1,14,A01
201200021813,0,07,000,00,2,8,01,C01
201200021813,0,37,002,00,2,3,23,D01
201200021813,0,07,000,00,2,2,00,A01
201200021813,0,07,000,00,2,8,01,B01
201200021814,0,07,000,00,2,1,01,B01
201200021814,0,07,000,13,2,7,13,A01
201200021815,0,07,000,00,2,5,15,A01
201200021815,0,31,000,00,2,1,01,B01
201200021816,0,33,000,00,2,1,01,A01
201200021816,0,10,000,00,2,1,15,B01
201200021817,0,07,000,00,2,5,01,B01
201200021817,0,07,000,00,2,1,01,A01
201200021818,0,07,000,00,2,4,23,C01
201200021818,0,07,000,00,2,4,23,E01
201200021818,0,10,000,00,2,1,02,A01
201200021818,0,07,000,00,2,4,23,D01
201200021818,0,07,000,00,2,4,23,B01
201200021819,0,07,000,00,2,7,15,B01
201200021819,0,07,000,00,2,1,01,A01
201200021820,0,07,000,00,2,3,13,A01
201200021820,0,07,000,00,2,8,01,B01
201200021821,0,01,000,00,2,2,15,B01
201200021821,0,30,000,00,2,3,01,A01
201200021822,0,07,000,02,0,8,14,A01
201200021823,0,07,000,00,2,3,15,A01
201200021823,0,07,000,00,2,1,17,C01
201200021823,0,07,000,00,2,7,01,B01
201200021824,1,07,000,00,2,0,00,A01
201200021824,0,01,000,00,2,0,01,B01
201200021825,0,01,000,00,2,1,19,B01
201200021825,0,07,000,00,2,3,01,A01
201200021826,0,01,000,00,1,1,01,A01
201200021827,0,07,000,00,1,3,01,A01
201200021828,0,07,000,00,1,1,01,A01
201200021829,0,07,000,00,1,1,01,A01
201200021830,0,07,000,13,0,2,14,A01
201200021831,0,07,000,00,1,1,01,A01
201200021832,0,07,000,02,0,1,01,A01
201200021833,0,07,000,00,1,2,01,A01
201200021834,1,07,000,00,1,1,16,Z01
201200021835,0,01,000,00,0,1,21,B02
201200021835,0,10,000,00,0,8,01,A01
201200021836,0,01,000,00,2,3,01,B02
201200021836,0,07,000,00,9,5,04,A01
201200021837,0,07,000,00,2,2,15,A01
201200021837,0,33,000,00,2,1,01,B02
201200021838,0,07,000,00,1,1,01,A01
201200021839,0,07,000,13,0,0,01,A01
201200021840,0,07,000,00,2,8,01,A01
201200021840,0,07,000,00,2,1,19,B01
201200021841,0,30,000,00,2,1,13,A01
201200021841,0,07,000,00,2,3,01,B01
201200021842,0,10,000,00,1,3,01,A01
201200021843,0,07,000,00,2,3,19,A01
201200021843,0,07,000,00,2,2,01,B01
201200021844,0,30,000,00,2,7,21,A01
201200021844,0,07,000,00,2,1,15,B01
201200021845,0,07,000,00,2,1,05,A01
201200021845,0,07,000,00,2,1,01,B01
201200021845,0,07,000,00,2,1,01,C01
201200021846,0,02,000,00,0,0,01,A01
201200021847,0,07,000,00,1,1,01,A01
201200021848,0,31,000,00,2,2,17,A01
201200021848,0,07,000,00,2,1,15,B01
201200021849,0,01,000,00,2,1,01,A01
201200021849,0,07,000,00,2,8,24,B01
201200021850,0,07,000,06,0,9,21,A01
201200021851,0,07,000,00,2,7,01,B01
201200021851,0,07,000,00,2,1,01,A01
201200021852,0,07,000,00,1,8,01,A01
201200021853,0,07,000,00,1,4,04,A01
201200021854,0,07,000,00,2,3,15,A01
201200021854,0,30,000,00,2,1,01,B01
201200021855,0,07,000,00,1,3,15,A01
201200021856,0,07,000,00,1,2,01,A01
201200021857,0,07,000,00,1,3,01,A01
201200021858,0,07,000,08,0,1,01,A01
201200021859,0,07,000,02,0,9,13,A01
201200021860,0,01,000,00,2,1,01,B01
201200021860,0,07,000,00,9,3,09,A01
201200021861,0,07,000,00,1,1,01,A01
201200021862,0,38,001,00,0,0,00,A01
201200021862,0,02,000,00,0,8,01,B01
201200021863,0,03,000,00,2,1,13,A01
201200021863,0,07,000,00,2,1,01,B01
201200021863,0,13,000,00,2,3,21,C01
201200021864,0,07,000,00,1,1,00,A01
201200021865,0,07,000,08,0,3,14,A01
201200021866,0,07,000,00,2,3,01,A01
201200021866,0,31,000,00,2,1,17,B01
201200021867,0,07,000,04,0,8,11,A01
201200021868,0,07,000,00,0,0,09,B01
201200021868,0,31,000,00,0,0,16,A01
201200021869,0,07,000,08,0,1,00,A01
201200021870,0,10,000,00,1,4,04,A01
201200021871,0,07,000,00,2,1,15,A01
201200021871,0,07,000,00,2,2,21,B01
201200021872,0,07,000,00,1,4,04,A01
201200021873,0,02,000,08,0,1,14,A01
201200021874,0,07,000,00,2,1,15,A01
201200021874,0,07,000,00,2,8,01,B01
201200021875,0,30,000,00,2,4,15,B01
201200021875,0,07,000,00,2,2,15,A01
201200021876,0,03,000,05,0,1,14,A01
201200021877,0,07,000,00,1,1,15,A01
201200021878,0,33,000,16,0,8,21,B01
201200021878,0,07,000,00,0,0,09,A01
201200021879,0,37,001,00,1,7,01,A01
201200021880,0,07,000,00,2,3,13,A01
201200021880,0,07,000,00,2,3,01,B01
201200021881,0,07,000,00,9,2,16,A01
201200021881,0,01,000,00,2,4,01,B01
201200021882,0,33,000,00,2,3,13,A01
201200021882,0,07,000,00,2,8,01,B01
201200021883,0,07,000,00,2,3,19,A01
201200021883,0,02,000,00,2,1,01,B01
201200021884,0,33,000,00,2,1,01,B01
201200021884,0,07,000,00,2,3,19,A01
201200021885,0,07,000,09,2,1,01,B01
201200021885,0,07,000,00,2,2,19,A01
201200021886,0,02,000,00,0,1,21,A01
201200021887,0,30,000,00,2,1,01,B01
201200021887,0,07,000,00,2,3,09,A01
201200021888,0,36,000,00,0,9,01,A01
201200021889,0,07,000,00,2,1,05,A01
201200021889,0,07,000,00,2,1,01,B01
201200021889,0,07,000,00,2,1,01,C01
201200021890,0,07,000,00,2,3,15,A01
201200021890,0,30,000,00,2,4,02,B01
201200021891,0,10,000,00,2,3,09,A01
201200021891,0,07,000,00,2,2,01,B01
201200021892,0,07,000,00,2,1,09,A01
201200021892,0,07,000,09,2,1,01,B01
201200021893,0,07,000,13,0,7,14,A01
201200021894,0,07,000,00,2,2,01,A01
201200021894,0,30,000,00,2,8,10,B01
201200021895,0,30,000,07,0,1,01,A01
201200021896,0,30,000,07,0,7,01,A01
201200021897,0,02,000,00,0,2,01,A01
201200021898,0,07,000,00,2,1,01,A01
201200021898,0,01,000,00,2,5,19,B01
201200021899,0,07,000,00,2,4,23,A01
201200021899,0,07,000,00,2,4,23,B01
201200021899,1,07,000,00,0,0,01,Z01
201200021900,0,02,000,00,2,1,02,A01
201200021900,0,07,000,00,2,4,23,B01