Num_Acc,senc,catv,occutc,obs,obsm,choc,manv,num_veh
201200023026,0,33,000,00,0,8,01,A01
201200023027,0,07,000,00,1,3,02,A01
201200023028,0,07,000,00,2,3,19,A01
201200023028,0,07,000,06,2,2,01,B02
201200023029,0,07,000,13,0,2,15,A01
201200023030,0,07,000,08,0,3,01,A01
201200023031,0,07,000,00,2,1,01,B02
201200023031,0,07,000,00,2,1,13,A01
201200023032,0,10,000,00,2,3,01,A01
201200023032,0,07,000,00,2,3,01,B02
201200023033,0,33,000,00,2,1,17,A01
201200023033,0,10,000,00,0,8,15,B02
201200023034,0,07,000,00,2,1,15,B02
201200023034,0,33,000,00,2,1,01,A01
201200023035,0,14,000,00,2,7,15,A01
201200023035,0,33,000,00,2,1,01,B02
201200023036,0,33,000,08,0,1,01,A01
201200023037,0,07,000,00,2,2,17,A01
201200023037,0,02,000,00,2,3,15,B02
201200023038,0,07,000,00,2,6,15,B02
201200023038,0,14,000,00,2,1,17,A01
201200023039,0,30,000,06,2,3,18,A01
201200023039,0,10,000,00,2,2,16,B02
201200023040,0,07,000,13,0,1,01,A01
201200023041,0,07,000,02,0,1,01,A01
201200023042,0,07,000,06,2,1,01,A01
201200023042,0,03,000,03,2,7,01,B02
201200023043,0,07,000,03,2,3,17,A01
201200023043,0,07,000,04,0,8,01,B02
201200023044,0,07,000,04,0,6,01,A01
201200023045,0,07,000,04,0,3,21,A01
201200023046,0,07,000,01,0,1,02,A01
201200023046,0,07,000,00,0,0,01,B02
201200023047,0,07,000,13,0,1,01,A01
201200023048,0,17,000,00,0,3,01,B02
201200023048,0,07,000,00,2,2,17,A01
201200023049,0,15,000,00,0,0,01,B02
201200023049,0,15,000,00,2,1,01,A01
201200023050,0,07,000,04,2,1,02,A01
201200023050,0,17,000,00,0,6,02,B02
201200023051,0,07,000,04,0,1,01,A01
201200023052,0,07,000,00,2,4,23,B02
201200023052,0,17,000,00,2,1,02,A01
201200023052,0,07,000,00,2,7,13,C03
201200023052,0,07,000,00,2,1,01,D04
201200023053,0,07,000,00,2,1,01,A01
201200023053,0,17,000,00,0,0,01,B02
201200023054,0,07,000,03,0,3,02,A01
201200023055,0,07,000,04,0,1,01,A01
201200023056,0,07,000,00,0,3,17,A01
201200023057,0,07,000,00,0,3,01,A01
201200023058,0,07,000,00,2,3,13,A01
201200023058,0,07,000,00,2,8,01,B02
201200023058,0,07,000,00,2,3,01,C03
201200023059,0,07,000,00,2,7,00,A01
201200023059,0,07,000,00,2,1,01,B02
201200023060,0,07,000,00,2,1,01,B02
201200023060,0,07,000,00,2,1,00,A01
201200023061,0,07,000,02,0,9,01,A01
201200023062,0,10,000,02,0,1,01,A01
201200023063,0,07,000,00,2,1,17,A01
201200023063,0,07,000,00,0,4,01,B02
201200023064,0,07,000,16,0,1,00,A01
201200023065,0,07,000,00,2,3,02,A01
201200023065,0,10,000,00,2,1,01,B02
201200023066,0,33,000,00,2,1,01,B02
201200023066,0,02,000,00,2,8,15,A01
201200023067,0,07,000,00,1,3,01,A01
201200023068,0,07,000,00,2,1,01,B02
201200023068,0,07,000,00,2,1,13,A01
201200023069,0,07,000,00,2,3,01,B02
201200023069,0,07,000,00,2,2,13,A01
201200023070,0,07,000,02,0,1,01,A01
201200023071,0,07,000,00,2,1,13,A01
201200023071,0,07,000,00,2,1,01,B02
201200023071,0,10,000,00,2,8,01,C03
201200023072,0,07,000,00,2,3,13,A01
201200023072,0,21,000,00,2,1,21,B02
201200023073,0,07,000,08,0,9,13,A01
201200023074,0,07,000,00,2,1,15,A01
201200023074,0,07,000,00,2,1,01,B02
201200023075,0,07,000,00,0,8,15,A01
201200023075,0,33,000,00,2,7,02,B02
201200023076,0,10,000,00,1,4,20,A01
201200023077,0,02,000,00,2,7,21,A01
201200023077,0,07,000,00,2,8,15,B02
201200023078,0,07,000,00,1,5,01,A01
201200023079,0,01,000,00,2,1,01,B02
201200023079,0,07,000,00,2,6,09,A01
201200023080,0,07,000,00,2,6,01,B01
201200023080,0,07,000,00,2,1,01,A01
201200023081,0,07,000,00,1,1,01,A01
201200023082,0,07,000,00,0,8,01,B01
201200023082,0,02,000,00,2,1,09,A01
201200023083,0,07,000,00,2,1,01,A01
201200023083,0,07,000,00,2,1,01,B01
201200023083,0,07,000,00,0,4,00,C01
201200023084,0,07,000,00,2,1,02,A01
201200023084,0,07,000,00,0,4,02,B01
201200023085,0,07,000,00,2,1,02,A01
201200023085,0,02,000,00,0,4,02,B01
201200023086,0,07,000,00,0,3,13,A01
201200023086,0,07,000,00,2,3,01,B01
201200023087,0,10,000,00,2,1,01,A01
201200023087,0,07,000,00,2,4,02,B01
201200023087,0,07,000,00,0,4,02,C01
201200023088,0,07,000,00,1,1,15,A01
201200023089,0,07,000,00,2,4,23,A01
201200023089,0,07,000,00,2,1,01,B01
201200023090,0,34,000,00,2,8,01,B01
201200023090,0,07,000,00,2,1,01,A01
201200023091,0,32,000,00,2,8,02,A01
201200023091,0,07,000,00,2,5,02,B01
201200023092,0,07,000,00,1,1,01,A01
201200023093,0,31,000,00,2,7,17,A01
201200023093,0,07,000,00,0,6,15,B01
201200023094,0,07,000,01,0,1,14,A01
201200023094,0,07,000,06,0,4,24,B01
201200023095,0,10,000,00,1,6,04,A01
201200023096,0,01,000,00,1,1,01,A01
201200023097,0,07,000,12,0,7,01,B01
201200023097,0,07,000,00,2,1,01,A01
201200023098,0,07,000,00,2,8,07,A01
201200023098,0,37,015,00,2,2,01,B01
201200023099,0,07,000,00,2,1,15,A01
201200023099,0,02,000,00,2,0,01,B01
201200023100,0,07,000,00,2,1,23,B01
201200023100,0,07,000,00,2,1,15,A01
201200023101,0,07,000,00,1,2,15,A01
201200023102,0,10,000,00,2,1,01,A01
201200023102,0,33,000,00,0,4,23,B01
201200023103,0,33,000,00,2,1,23,A01
201200023103,0,33,000,00,2,4,02,B01
201200023104,0,07,000,00,2,3,01,B01
201200023104,0,07,000,00,2,2,01,A01
201200023105,0,07,000,00,2,8,16,A01
201200023105,0,33,000,00,2,7,01,B01
201200023106,0,07,000,00,2,3,15,A01
201200023106,0,32,000,00,2,3,17,B01
201200023107,0,07,000,08,0,1,01,A01
201200023108,0,07,000,00,1,1,01,A01
201200023109,0,07,000,00,2,8,15,A01
201200023109,0,33,000,00,2,7,17,B01
201200023110,0,07,000,00,2,3,15,A01
201200023110,0,30,000,00,2,7,01,B01
201200023111,0,07,000,01,1,4,04,A01
201200023112,0,07,000,14,0,1,06,A01
201200023113,2,07,000,00,1,1,15,A01
201200023114,0,07,000,00,1,1,01,A01
201200023115,0,07,000,00,2,6,10,A01
201200023115,0,33,000,00,2,1,01,B01
201200023116,0,07,000,00,2,1,01,A01
201200023116,0,07,000,00,2,3,01,B01
201200023117,0,33,000,00,2,4,01,A01
201200023117,1,07,000,00,2,1,01,Z01
201200023118,0,07,000,00,2,4,02,B01
201200023118,0,07,000,00,2,4,01,C01
201200023118,1,07,000,00,2,1,01,Z01
201200023119,0,07,000,00,2,3,09,A01
201200023119,0,07,000,00,2,2,01,B01
201200023120,0,34,000,00,2,1,06,A01
201200023120,0,34,000,00,2,1,06,B01
201200023121,0,07,000,00,2,1,01,A01
201200023121,0,07,000,00,2,4,02,B01
201200023121,0,07,000,00,0,4,02,C01
201200023122,1,07,000,00,2,1,15,Z01
201200023122,0,07,000,00,2,5,01,B01
201200023123,0,07,000,00,2,3,09,A01
201200023123,0,01,000,00,2,7,01,B01
201200023124,0,07,000,00,2,8,15,A01
201200023124,0,37,003,00,2,1,07,B01
201200023125,0,07,000,00,2,1,19,A01
201200023125,0,33,000,00,2,0,01,B01
201200023126,0,30,000,00,2,6,01,A01
201200023126,0,07,000,00,2,3,01,B01
201200023127,0,01,000,00,2,1,13,A01
201200023127,0,10,000,00,2,3,01,B01
201200023128,0,07,000,00,2,7,01,A01
201200023128,0,07,000,00,2,1,01,B01
201200023129,0,07,000,00,2,8,15,A01
201200023129,0,01,000,00,2,1,01,B01
201200023130,0,30,000,00,2,3,17,A01
201200023130,0,07,000,00,2,5,15,B01
201200023131,0,07,000,00,1,1,16,A01
201200023132,0,07,000,00,2,1,01,A01
201200023132,0,33,000,00,2,7,01,B01
201200023133,0,07,000,00,1,8,15,A01
201200023134,0,07,000,00,2,5,01,A01
201200023134,0,33,000,00,2,1,01,B01
201200023135,0,07,000,00,2,1,01,A01
201200023135,0,07,000,01,2,1,24,B01
201200023136,0,07,000,00,1,1,01,A01
201200023137,0,13,000,00,2,1,01,B01
201200023137,0,13,000,00,2,8,01,A01
201200023138,0,07,000,00,2,1,01,A01
201200023138,0,07,000,00,2,1,01,B01
201200023138,0,07,000,00,0,4,23,C01
201200023139,0,07,000,00,0,0,15,A01
201200023139,0,02,000,06,2,1,21,B01
201200023140,0,07,000,00,2,3,01,A01
201200023140,0,02,000,00,2,1,01,B01
201200023141,0,07,000,00,2,6,01,A01
201200023141,0,07,000,00,2,2,00,B01
201200023142,0,30,000,00,2,1,17,A01
201200023142,0,07,000,00,0,3,15,B01
201200023143,0,02,000,00,2,1,19,A01
201200023143,0,07,000,00,2,7,01,B01
201200023144,0,10,000,00,2,3,16,A01
201200023144,0,01,000,00,2,1,01,B01
201200023145,0,34,000,00,2,1,01,A01
201200023145,0,07,000,00,2,2,09,B01
201200023146,0,30,000,00,4,8,15,A01
201200023146,0,40,020,00,2,1,01,B01
201200023147,0,07,000,00,1,1,01,A01
201200023148,1,02,000,00,1,0,01,Z01
201200023149,0,10,000,00,2,1,01,A01
201200023149,0,07,000,00,2,8,01,B01
201200023150,0,07,000,00,1,1,01,A01
201200023151,0,07,000,00,4,8,15,A01
201200023151,0,40,000,07,2,1,01,B01
201200023152,0,07,000,00,1,7,01,A01
201200023153,0,02,000,00,2,1,01,B01
201200023153,0,10,000,00,2,3,01,A01
201200023154,0,07,000,00,2,1,02,A01
201200023154,0,07,000,00,0,4,02,C01
201200023154,0,07,000,00,2,4,02,B01
201200023155,0,07,000,00,2,3,01,B01
201200023155,0,07,000,00,2,1,01,A01
201200023156,0,07,000,00,2,8,15,B01
201200023156,0,01,000,00,2,1,17,A01
201200023157,0,07,000,00,2,1,01,A01
201200023157,0,02,000,00,2,4,01,B01
201200023158,0,07,000,00,2,3,01,B01
201200023158,0,01,000,00,2,7,01,A01
201200023159,0,31,000,15,0,2,21,A01
201200023159,1,07,000,00,0,0,10,Z01
201200023160,0,07,000,00,1,1,01,A01
201200023161,0,30,000,00,2,5,01,B01
201200023161,0,07,000,00,2,2,01,A01
201200023162,0,07,000,00,2,1,09,B01
201200023162,0,07,000,00,0,8,09,A01
201200023163,0,30,000,00,2,3,01,B01
201200023163,0,07,000,00,2,2,12,A01
201200023164,0,07,000,00,2,1,01,B01
201200023164,0,07,000,00,2,1,01,C01
201200023164,0,07,000,00,2,1,09,A01
201200023165,0,07,000,00,2,4,23,B01
201200023165,0,07,000,00,2,1,23,A01
201200023166,0,40,000,00,1,1,01,A01
201200023167,0,33,000,00,2,1,00,A01
201200023167,0,32,000,00,2,1,01,B01
201200023168,0,07,000,00,2,2,01,A01
201200023168,0,07,000,00,0,5,01,B01
201200023169,0,33,000,00,2,6,01,A01
201200023169,1,10,000,00,2,1,16,Z01
201200023170,0,30,000,16,0,0,09,A01
201200023171,0,02,000,00,2,1,01,B01
201200023171,0,07,000,00,2,1,15,A01
201200023172,0,07,000,00,2,5,23,A01
201200023172,0,30,000,00,2,1,01,B01
201200023173,1,07,000,00,2,1,02,A01
201200023173,0,07,000,00,0,4,02,B01
201200023174,0,07,000,00,0,4,23,B01
201200023174,0,07,000,00,2,1,02,A01
201200023175,0,07,000,00,1,4,04,A01
201200023176,0,07,000,01,0,1,01,A01
201200023177,0,30,000,00,2,1,21,B01
201200023177,0,07,000,00,2,7,05,A01
201200023178,0,07,000,13,5,1,01,A01
201200023179,0,33,000,00,2,1,17,A01
201200023179,0,02,000,00,2,4,15,B01
201200023180,0,32,000,00,2,1,01,B01
201200023180,0,07,000,00,2,3,15,A01
201200023181,0,07,000,00,2,3,01,A01
201200023181,0,01,000,00,0,4,15,B01
201200023182,0,07,000,00,2,1,01,A01
201200023182,0,07,000,00,2,8,01,B01
201200023183,0,30,000,00,2,9,17,A01
201200023183,0,07,000,00,2,4,10,B01
201200023184,0,07,000,00,2,1,13,A01
201200023184,0,07,000,00,2,3,01,B01
201200023185,0,07,000,01,0,7,01,A01
201200023186,0,07,000,00,2,1,01,A01
201200023186,0,07,000,00,0,4,23,B01
201200023187,0,07,000,00,2,8,05,A01
201200023187,1,07,000,00,2,0,00,B01
201200023188,0,02,000,00,2,1,17,B01
201200023188,0,14,000,00,2,8,15,A01
201200023189,0,07,000,00,1,3,01,A01
201200023190,0,07,000,06,2,4,10,A01
201200023190,0,07,000,00,2,1,01,B01
201200023191,0,07,000,00,2,1,01,B01
201200023191,0,07,000,00,2,1,01,A01
201200023192,0,07,000,00,1,1,01,A01
201200023193,0,31,000,00,2,2,01,A01
201200023193,0,03,000,00,2,3,01,B01
201200023194,0,07,000,00,0,1,15,B01
201200023194,0,30,000,00,2,1,01,A01
201200023195,0,07,000,00,2,1,01,B01
201200023195,0,07,000,00,2,1,09,A01
201200023196,0,07,000,00,2,2,15,A01
201200023196,0,30,000,00,2,1,01,B01
201200023197,0,07,000,00,1,1,01,A01
201200023198,0,07,000,00,4,7,01,A01
201200023198,0,40,001,00,2,1,01,B01
201200023199,0,07,000,00,1,2,00,A01
201200023200,0,03,000,00,2,8,11,B01
201200023200,0,07,000,00,2,2,01,A01
201200023201,0,07,000,13,0,1,01,A01
201200023202,0,14,000,00,2,3,22,A01
201200023202,0,03,000,00,2,1,17,B01
201200023203,0,07,000,00,2,3,01,B01
201200023203,0,07,000,00,2,1,01,A01
201200023204,0,03,000,00,2,1,01,A01
201200023204,0,07,000,00,2,7,16,B01
201200023205,0,07,000,00,0,6,01,B01
201200023205,0,07,000,00,2,2,03,A01
201200023206,0,07,000,00,1,3,01,A01
201200023207,0,07,000,00,2,1,01,B01
201200023207,2,07,000,00,2,1,13,A01
201200023208,0,32,000,00,2,1,01,A01
201200023208,0,10,000,00,2,7,15,B01
201200023209,1,07,000,00,2,8,04,A01
201200023209,0,03,000,00,2,1,01,B01
201200023210,0,07,000,00,1,1,01,A01
201200023211,0,07,000,00,2,1,02,B01
201200023211,0,07,000,00,0,4,02,C01
201200023211,0,07,000,00,2,1,02,A01
201200023212,0,07,000,00,2,1,01,B01
201200023212,0,07,000,00,2,1,16,A01
201200023213,0,40,000,00,2,1,01,B01
201200023213,0,07,000,00,4,7,01,A01
201200023214,0,07,000,06,0,3,13,A01
201200023215,0,10,000,00,2,3,16,A01
201200023215,0,02,000,00,2,7,01,B01
201200023216,0,07,000,00,1,1,01,A01
201200023217,0,07,000,15,4,8,09,A01
201200023217,0,40,000,00,2,1,01,B01
201200023218,0,30,000,16,0,1,01,A01
201200023219,0,02,000,00,2,1,05,A01
201200023219,0,07,000,00,2,1,01,B01
201200023220,0,07,000,00,1,4,04,A01
201200023221,1,07,000,00,1,1,00,A01
201200023222,0,07,000,00,1,1,01,A01
201200023223,0,07,000,00,1,2,16,A01
201200023224,0,07,000,00,2,3,15,B01
201200023224,0,01,000,00,2,1,13,A01
201200023225,2,07,000,01,0,1,00,A01
201200023226,0,07,000,00,1,8,01,A01
201200023227,0,07,000,00,2,1,02,A01
201200023227,0,07,000,00,0,4,09,B01
201200023228,1,07,000,00,1,1,15,A01
201200023229,0,07,000,00,2,4,02,C01
201200023229,0,07,000,00,2,1,02,B01
201200023229,0,07,000,00,2,1,02,A01
201200023230,0,31,000,00,2,1,09,B01
201200023230,0,10,000,00,2,7,01,A01
201200023231,0,07,000,13,0,9,14,A01
201200023232,0,07,000,04,0,3,01,A01
201200023233,0,07,000,00,0,9,01,A01
201200023234,0,07,000,00,2,3,09,A01
201200023234,0,07,000,00,2,2,01,B01
201200023235,0,33,000,00,0,0,11,A01
201200023236,0,30,000,01,0,7,02,A01
201200023237,0,07,000,00,2,2,09,A01
201200023237,0,07,000,00,2,3,01,B01
201200023238,0,30,000,00,2,3,01,A01
201200023238,0,07,000,00,2,1,01,B01
201200023238,0,31,000,01,0,4,00,C01
201200023238,0,07,000,01,0,4,00,D01
201200023239,0,07,000,02,0,1,01,A01
201200023240,0,07,000,00,1,4,04,A01
201200023241,0,30,000,00,2,1,01,A01
201200023241,0,07,000,00,0,8,15,B01
201200023242,0,07,000,00,0,0,01,A01
201200023243,0,33,000,00,2,1,01,B01
201200023243,0,07,000,00,2,7,00,A01
201200023244,0,01,000,00,2,7,01,A01
201200023244,0,20,000,00,9,1,01,B01
201200023245,0,07,000,00,1,4,04,A01
201200023246,0,33,000,00,2,1,02,A01
201200023246,0,07,000,00,0,4,02,B01
201200023247,0,07,000,00,2,2,00,A01
201200023247,0,07,000,00,2,3,00,B01
201200023248,0,07,000,00,2,2,02,A01
201200023248,0,07,000,00,0,6,02,B01
201200023248,0,07,000,00,0,4,02,C01
201200023249,0,07,000,00,9,1,02,A01
201200023249,0,30,000,00,0,4,02,B01
201200023250,0,07,000,00,2,3,16,A01
201200023250,0,02,000,00,2,3,01,B01
201200023251,0,07,000,00,2,1,01,A01
201200023251,0,07,000,00,0,4,01,B01
201200023252,0,07,000,00,1,1,01,A01
201200023253,0,30,000,00,0,1,01,A01
201200023254,0,10,000,13,0,1,01,A01
201200023255,0,07,000,00,1,1,01,A01
201200023256,0,07,000,13,0,2,01,A01
201200023257,0,30,000,00,0,0,00,A01
201200023258,0,01,000,00,2,1,01,B01
201200023258,0,07,000,00,9,3,09,A01
201200023259,0,30,000,12,0,1,00,A01
201200023260,0,07,000,00,2,1,01,A01
201200023260,0,07,000,00,0,4,01,B01
201200023261,0,07,000,00,2,1,01,A01
201200023261,0,07,000,00,0,5,01,B01
201200023262,0,02,000,00,0,0,01,A01
201200023263,0,07,000,00,2,3,19,A01
201200023263,0,02,000,00,2,1,01,B01
201200023264,0,30,000,12,0,1,01,A01
201200023265,0,07,000,13,0,1,02,A01
201200023266,0,07,000,01,0,0,00,A01
201200023266,0,07,000,00,1,2,01,B01
201200023267,0,07,000,00,2,1,02,A01
201200023267,0,07,000,00,2,4,02,B01
201200023267,0,07,000,00,2,4,02,C01
201200023268,0,07,000,00,2,6,15,A01
201200023268,0,33,000,00,2,1,01,B01
201200023269,0,30,000,00,2,1,17,A01
201200023269,0,07,000,00,2,3,15,B01
201200023270,0,07,000,00,2,2,15,A01
201200023270,0,07,000,00,2,1,01,B01
201200023271,0,07,000,13,0,7,01,A01
201200023272,0,07,000,00,1,4,04,A01
201200023273,0,30,000,07,0,1,13,A01
201200023274,0,10,000,01,9,3,00,A01
201200023274,0,01,000,01,0,3,01,P01
201200023275,0,07,000,01,0,2,01,A01
201200023276,0,07,000,00,2,8,13,A01
201200023276,0,07,000,00,2,3,00,B01
201200023277,0,02,000,00,2,1,16,A01
201200023277,0,07,000,00,2,2,16,B01
201200023278,0,07,000,00,0,3,11,A01
201200023278,0,33,000,00,2,1,21,B01
201200023279,0,07,000,00,9,2,17,A01
201200023279,0,01,000,00,2,3,02,B01
201200023280,0,07,000,08,0,2,01,A01
201200023281,0,07,000,13,0,2,02,A01
201200023282,0,07,000,13,0,2,14,A01
201200023283,0,07,000,13,0,1,01,A01
201200023284,0,30,000,00,0,7,01,A01
201200023285,0,07,000,03,0,1,01,A01
201200023286,0,07,000,01,0,3,01,A01
201200023287,0,30,000,00,0,7,01,A01
201200023288,0,07,000,03,0,0,01,A01
201200023289,0,07,000,14,2,1,01,A01
201200023289,0,31,000,00,2,4,02,B01
201200023290,0,07,000,00,2,1,01,B01
201200023290,0,07,000,00,2,2,01,A01
201200023291,0,02,000,00,1,1,00,A01
201200023292,0,07,000,00,2,1,01,A01
201200023292,0,14,000,00,0,3,20,B01
201200023293,0,07,000,08,0,8,01,A01
201200023294,0,07,000,00,2,5,01,A01
201200023294,0,07,000,00,2,6,01,B01
201200023295,0,03,000,01,0,1,02,A01
201200023296,0,30,000,00,2,1,13,A01
201200023296,0,07,000,00,2,3,01,B01
201200023297,0,07,000,00,2,4,01,A01
201200023297,0,07,000,00,0,4,01,B01
201200023298,0,07,000,00,2,9,00,A01
201200023298,0,07,000,00,2,3,00,B01
201200023298,0,07,000,00,2,6,00,C01
201200023299,0,15,000,00,2,7,09,A01
201200023299,0,33,000,00,2,1,01,B01
201200023300,0,07,000,13,2,9,01,A01
201200023300,0,07,000,00,0,7,01,B01
201200023301,0,07,000,02,0,1,01,A01
201200023302,0,07,000,00,1,1,01,A01
201200023303,0,10,000,00,2,1,01,A01
201200023303,0,07,000,00,2,3,01,B01
201200023304,0,07,000,01,2,5,11,A01
201200023304,0,07,000,00,2,6,23,B01
201200023305,0,07,000,00,1,3,00,A01
201200023306,0,07,000,00,2,8,01,A01
201200023306,0,02,000,00,2,1,01,B01
201200023307,0,10,000,00,1,2,15,A01
201200023308,0,07,000,00,2,8,09,A01
201200023308,0,01,000,00,2,1,01,B01
201200023309,0,07,000,00,9,6,00,A01
201200023309,0,31,000,00,2,1,00,B01
201200023310,0,07,000,00,2,1,00,A01
201200023310,0,07,000,00,0,1,01,B01
201200023311,0,07,000,00,1,2,00,A01
201200023312,0,30,000,00,0,0,01,A01
201200023313,0,07,000,00,2,1,02,A01
201200023313,0,10,000,00,2,4,02,B01
201200023314,0,07,000,00,2,2,01,A01
201200023314,0,07,000,00,2,2,01,B01
201200023315,0,31,000,00,2,1,01,A01
201200023315,0,07,000,00,0,5,00,B01
201200023316,0,30,000,06,2,8,17,A01
201200023316,0,07,000,00,0,6,15,B01
201200023317,0,07,000,03,0,2,17,A01
201200023318,0,30,000,00,0,0,00,A01
201200023319,0,07,000,03,2,2,03,A01
201200023319,0,07,000,00,0,6,02,B01
201200023320,0,07,000,13,2,2,14,A01
201200023320,0,07,000,13,2,6,01,B01
201200023321,0,30,000,00,2,1,01,A01
201200023321,0,07,000,00,9,5,01,B01
201200023322,0,02,000,00,0,0,01,A01
201200023323,0,07,000,00,1,1,15,A01
201200023324,0,07,000,03,0,9,00,A01
201200023325,0,35,000,16,0,0,01,A01
201200023326,0,07,000,03,0,2,01,A01
201200023327,0,07,000,00,0,0,11,A01
201200023327,0,07,000,04,0,3,21,B02
201200023328,0,14,000,14,0,3,14,A01
201200023329,0,07,000,04,6,3,01,A01
201200023330,0,07,000,00,0,1,00,A01
201200023331,0,17,000,00,2,0,01,B02
201200023331,0,07,000,13,0,1,01,A01
201200023332,0,17,000,00,0,0,01,A01
201200023333,0,07,000,00,6,3,01,A01
201200023334,0,07,000,04,0,1,00,A01
201200023335,0,07,000,04,0,3,01,A01
201200023336,0,07,000,00,2,2,02,B02
201200023336,0,07,000,00,2,4,02,A01
201200023337,0,07,000,00,2,1,02,A01
201200023337,0,17,000,00,0,4,01,B02
201200023338,0,07,000,00,2,1,01,B02
201200023338,0,07,000,00,2,7,13,A01
201200023339,0,30,000,00,0,1,01,A01
201200023340,0,07,000,00,1,4,04,A01
201200023341,0,34,000,03,0,3,13,A01
201200023342,0,07,000,00,2,3,23,B02
201200023342,0,30,000,00,2,7,01,A01
201200023343,0,33,000,00,0,7,01,A01
201200023344,0,07,000,06,0,2,01,A01
201200023345,0,07,000,00,9,1,00,C03
201200023345,0,07,000,00,2,2,17,B02
201200023345,0,07,000,03,0,2,01,D04
201200023345,0,07,000,00,9,1,01,E05
201200023345,0,07,000,00,2,2,05,A01
201200023346,0,07,000,03,0,1,01,D04
201200023346,0,10,000,00,9,1,01,A01
201200023346,0,07,000,00,2,3,01,C03
201200023346,0,07,000,01,0,1,01,B02
201200023347,0,07,000,00,2,1,01,J10
201200023347,0,07,000,00,9,0,21,G07
201200023347,0,07,000,00,2,4,21,K11
201200023347,0,07,000,00,9,3,21,I09
201200023347,0,07,000,00,9,0,21,N14
201200023347,0,07,000,00,2,4,21,F06
201200023347,0,07,000,00,9,1,01,H08
201200023347,0,07,000,13,0,1,21,C03
201200023347,2,07,000,00,2,1,21,B02
201200023347,0,07,000,00,9,4,21,L12
201200023347,0,07,000,03,0,1,21,D04
201200023347,0,07,000,00,9,0,21,M13
201200023347,0,07,000,00,9,0,21,E05
201200023347,0,07,000,03,0,1,01,A01
201200023348,0,15,000,00,0,6,01,A01
201200023348,0,10,000,00,2,3,01,B02
201200023349,0,10,000,03,0,1,06,A01
201200023350,0,16,000,00,0,0,01,C03
201200023350,0,07,000,00,2,3,11,A01
201200023350,0,07,000,00,2,5,01,B02
201200023351,0,07,000,13,0,2,21,A01
201200023352,0,07,000,00,0,4,01,A01
201200023352,0,07,000,00,2,1,02,B02
201200023353,0,07,000,01,0,7,00,A01
201200023354,0,07,000,09,0,1,00,A01
201200023355,0,07,000,03,0,1,00,A01
201200023356,0,07,000,00,2,2,15,A01
201200023356,0,07,000,00,2,1,01,B01
201200023357,0,07,000,13,0,9,01,A01
201200023358,0,07,000,00,1,1,00,A01
201200023359,0,07,000,00,2,3,15,A01
201200023359,0,30,000,00,2,3,01,B01
201200023360,0,07,000,00,2,2,16,A01
201200023360,0,07,000,00,2,6,01,B01
201200023361,0,07,000,00,0,9,00,A01
201200023362,0,07,000,00,1,8,01,A01
201200023363,0,07,000,00,1,1,20,A01
201200023364,0,07,000,00,2,4,02,A01
201200023364,1,07,000,00,0,0,00,B01
201200023365,0,07,000,13,0,9,00,A01
201200023366,0,07,000,16,0,9,16,A01
201200023367,0,30,000,16,0,3,01,A01
201200023368,0,07,000,00,2,1,11,A01
201200023368,0,33,000,00,2,9,01,B01
201200023369,0,07,000,00,2,2,01,A01
201200023369,0,21,000,00,2,4,01,B01
201200023370,0,30,000,00,0,0,01,A01
201200023371,0,07,000,00,2,1,01,A01
201200023371,0,07,000,00,2,1,01,B01
201200023371,0,07,000,00,2,4,01,C01
201200023372,0,30,000,00,0,7,14,A01
201200023373,0,07,000,03,0,9,14,A01
201200023374,0,07,000,00,2,3,09,A01
201200023374,0,02,000,00,2,8,00,B01
201200023375,0,07,000,00,2,3,09,A01
201200023375,0,07,000,00,2,1,01,B01
201200023376,0,07,000,00,2,7,00,B01
201200023376,0,07,000,00,2,3,13,A01
201200023377,0,07,000,05,0,9,00,A01
201200023378,0,33,000,00,0,0,00,A01
201200023379,0,07,000,13,0,1,01,A01
201200023380,0,07,000,02,0,0,00,A01
201200023381,0,01,000,00,2,1,17,A01
201200023381,0,07,000,00,2,3,15,B01
201200023382,0,07,000,01,0,2,14,A01
201200023383,0,02,000,09,0,9,01,A01
201200023384,0,07,000,00,2,1,01,B01
201200023384,0,03,000,00,2,2,15,A01
201200023385,0,38,026,03,2,2,01,A01
201200023385,0,07,000,11,2,4,01,B01
201200023386,0,07,000,00,1,2,00,A01
201200023387,0,02,000,00,0,0,00,A01
201200023388,0,07,000,00,2,1,02,A01
201200023388,0,07,000,00,2,4,02,B01
201200023388,0,07,000,00,2,4,02,C01
201200023389,0,07,000,00,2,2,10,A01
201200023389,0,33,000,00,2,3,01,B01
201200023390,0,30,000,00,0,0,00,A01
201200023391,0,07,000,00,2,2,17,A01
201200023391,0,01,000,00,2,4,01,B01
201200023392,0,07,000,00,1,2,00,A01
201200023393,0,07,000,00,2,1,00,A01
201200023393,0,07,000,00,2,4,00,B01
201200023394,0,31,000,00,0,8,01,A01
201200023395,0,01,000,09,0,1,02,A01
201200023396,0,07,000,13,0,1,00,A01
201200023397,0,07,000,13,0,1,01,A01
201200023398,0,07,000,00,2,1,01,A01
201200023398,0,14,000,00,2,4,01,B01
201200023399,0,07,000,06,0,1,01,A01
201200023400,0,33,000,03,0,8,01,A01
201200023401,0,07,000,00,2,1,02,A01
201200023401,0,07,000,00,2,4,00,B01
201200023401,0,07,000,00,2,4,00,C01
201200023402,0,07,000,00,0,3,01,B01