Num_Acc,senc,catv,occutc,obs,obsm,choc,manv,num_veh
201200023402,0,07,000,00,2,3,15,A01
201200023403,0,07,000,13,0,1,14,A01
201200023404,0,02,000,12,0,1,02,A01
201200023405,0,31,000,00,0,1,00,A01
201200023406,0,07,000,00,2,2,15,A01
201200023406,0,02,000,00,2,1,01,B01
201200023407,0,07,000,03,0,2,17,A01
201200023408,0,07,000,03,0,0,01,A01
201200023409,0,32,000,12,0,1,00,A01
201200023410,0,30,000,00,0,5,00,A01
201200023411,0,07,000,01,0,1,14,A01
201200023412,0,07,000,01,0,9,14,A01
201200023413,0,01,000,00,2,4,00,B01
201200023413,0,07,000,00,2,1,01,A01
201200023414,0,03,000,08,0,2,00,A01
201200023415,0,30,000,03,0,1,01,A01
201200023416,0,07,000,00,2,7,17,A01
201200023416,0,01,000,00,2,8,01,B01
201200023417,0,33,000,00,0,0,01,A01
201200023418,0,33,000,00,0,0,01,A01
201200023419,0,07,000,08,0,9,00,A01
201200023420,0,07,000,03,2,7,01,A01
201200023420,0,07,000,00,2,1,01,B01
201200023421,0,30,000,00,2,9,01,A01
201200023421,0,10,000,00,2,6,15,B01
201200023422,0,02,000,00,0,0,00,A01
201200023423,0,01,000,00,1,0,00,A01
201200023424,0,07,000,08,0,9,00,A01
201200023425,0,07,000,00,2,2,15,A01
201200023425,0,07,000,00,2,8,01,B01
201200023426,0,07,000,06,0,5,13,A01
201200023427,0,07,000,00,2,2,15,A01
201200023427,0,07,000,00,2,1,01,B01
201200023428,0,37,001,00,2,2,09,A01
201200023428,0,07,000,00,2,4,09,B01
201200023429,0,07,000,07,0,2,01,A01
201200023430,0,07,000,13,0,1,01,A01
201200023431,0,07,000,00,2,2,01,B01
201200023431,0,07,000,00,2,1,15,A01
201200023432,0,07,000,09,0,1,01,A01
201200023433,0,07,000,00,2,7,15,A01
201200023433,0,33,000,00,2,1,01,B01
201200023434,0,02,000,00,0,1,01,A01
201200023435,0,30,000,16,0,7,16,A01
201200023436,0,07,000,00,2,0,00,A01
201200023436,0,30,000,00,2,0,00,B01
201200023437,0,33,000,00,1,1,01,A01
201200023438,0,07,000,00,0,0,12,A01
201200023439,0,32,000,00,0,0,01,A01
201200023440,0,07,000,07,0,1,14,A01
201200023441,0,07,000,00,2,3,16,A01
201200023441,0,07,000,00,2,3,01,B01
201200023442,0,07,000,00,2,7,01,B01
201200023442,0,01,000,00,2,1,00,A01
201200023443,0,07,000,08,0,3,00,A01
201200023444,0,07,000,00,2,4,23,B01
201200023444,0,30,000,00,2,3,01,A01
201200023445,0,07,000,00,1,0,00,A01
201200023446,0,33,000,00,0,0,14,A01
201200023447,0,07,000,00,2,4,00,B01
201200023447,0,07,000,00,2,1,00,A01
201200023448,0,07,000,00,2,3,15,B01
201200023448,0,07,000,00,2,1,01,A01
201200023449,0,07,000,01,0,2,13,A01
201200023450,0,07,000,15,2,7,17,A01
201200023450,0,07,000,00,2,8,00,B01
201200023451,0,03,000,16,0,1,01,A01
201200023452,0,07,000,00,2,1,02,B01
201200023452,0,07,000,00,0,4,02,A01
201200023453,0,07,000,00,0,4,11,A01
201200023453,0,07,000,00,2,1,01,B01
201200023453,0,07,000,00,2,1,01,C01
201200023454,0,33,000,00,0,8,17,A01
201200023455,0,07,000,00,2,3,01,B01
201200023455,0,07,000,00,2,2,01,A01
201200023456,0,10,000,00,0,0,19,A01
201200023456,0,01,000,00,0,0,01,B01
201200023457,0,02,000,00,0,0,01,A01
201200023458,0,14,000,00,2,7,12,A01
201200023458,0,07,000,03,2,8,01,B01
201200023459,0,07,000,00,1,4,20,A01
201200023460,0,33,000,00,2,1,00,B01
201200023460,0,10,000,00,2,7,15,A01
201200023461,0,07,000,06,0,1,13,A01
201200023462,0,07,000,00,2,0,00,B01
201200023462,0,07,000,00,2,0,00,A01
201200023463,0,07,000,13,0,2,00,A01
201200023464,0,02,000,00,0,8,01,A01
201200023465,0,07,000,13,0,1,21,A01
201200023466,0,02,000,00,2,2,00,A01
201200023466,0,07,000,00,2,3,01,B01
201200023467,0,07,000,00,2,4,02,B01
201200023467,0,07,000,00,2,3,01,A01
201200023468,0,07,000,00,2,3,02,A01
201200023468,0,33,000,00,2,4,01,B01
201200023469,0,07,000,00,2,8,02,A01
201200023469,0,02,000,00,2,8,01,B01
201200023470,0,02,000,00,0,8,01,A01
201200023471,1,07,000,00,1,1,01,A01
201200023472,0,30,000,11,0,9,01,A01
201200023473,0,07,000,00,2,2,00,B01
201200023473,0,07,000,03,2,1,00,A01
201200023474,0,07,000,04,0,1,01,A01
201200023475,0,30,000,00,0,0,00,A01
201200023476,0,07,000,00,2,3,00,A01
201200023476,0,37,001,13,2,3,01,B01
201200023477,1,07,000,00,1,0,00,X01
201200023478,0,07,000,00,1,2,01,A01
201200023479,0,02,000,11,0,1,00,A01
201200023480,0,07,000,09,2,1,00,A01
201200023481,0,07,000,00,1,1,15,A01
201200023482,0,07,000,00,2,7,00,A01
201200023482,0,07,000,00,2,3,16,B01
201200023483,0,07,000,00,1,3,02,B01
201200023484,0,07,000,00,1,0,01,A01
201200023485,0,07,000,00,0,9,00,A01
201200023486,0,07,000,00,2,2,15,A01
201200023486,0,07,000,00,2,3,01,B01
201200023487,0,07,000,00,2,1,02,A01
201200023487,0,07,000,00,2,4,02,B01
201200023487,0,07,000,00,2,4,02,C01
201200023488,0,07,000,00,1,4,04,A01
201200023489,0,07,000,00,1,3,02,A01
201200023490,0,07,000,03,0,2,13,A01
201200023491,0,07,000,00,0,0,09,A01
201200023491,0,33,000,00,0,0,01,B01
201200023492,0,07,000,11,0,1,00,A01
201200023493,0,10,000,00,1,4,04,A01
201200023494,0,07,000,00,1,3,00,A01
201200023495,0,07,000,00,2,7,22,B01
201200023495,0,32,000,01,0,1,18,A01
201200023496,0,07,000,00,2,1,02,A01
201200023496,0,07,000,01,0,1,16,B01
201200023497,0,07,000,00,1,2,01,A01
201200023498,0,07,000,00,1,3,16,A01
201200023499,0,01,000,00,2,7,01,B01
201200023499,0,07,000,00,2,3,16,A01
201200023500,0,07,000,00,1,1,01,A01
201200023501,0,07,000,13,0,1,16,A01
201200023502,0,02,000,00,0,0,00,A01
201200023503,0,07,000,03,2,4,02,A01
201200023503,0,07,000,03,2,1,02,B01
201200023504,0,07,000,00,1,3,09,A01
201200023505,0,07,000,00,1,4,00,A01
201200023506,0,30,000,00,2,7,01,B01
201200023506,0,07,000,00,2,3,09,A01
201200023507,0,30,000,00,2,7,02,B01
201200023507,0,07,000,00,2,8,02,A01
201200023508,0,07,000,00,2,7,00,A01
201200023508,0,37,001,00,2,1,00,B01
201200023509,0,07,000,00,0,0,01,A01
201200023510,0,30,000,00,0,0,01,A01
201200023511,0,07,000,00,2,8,15,A01
201200023511,0,02,000,00,2,1,01,B01
201200023512,0,07,000,00,2,1,09,A01
201200023512,0,07,000,00,2,7,01,B01
201200023512,0,07,000,00,2,8,23,C01
201200023513,0,07,000,05,0,3,13,A01
201200023514,0,02,000,00,0,0,00,A01
201200023515,0,07,000,00,1,5,04,A01
201200023516,0,07,000,00,2,3,17,A01
201200023516,0,33,000,00,0,3,17,B01
201200023517,0,07,000,00,2,1,01,B01
201200023517,0,07,000,00,2,1,06,A01
201200023518,0,30,000,00,0,8,15,A01
201200023519,0,07,000,00,2,1,05,A01
201200023519,0,07,000,00,2,1,01,B01
201200023520,0,07,000,03,0,1,00,A01
201200023521,0,07,000,13,0,0,14,A01
201200023522,0,30,000,00,0,0,21,A01
201200023523,0,07,000,00,1,1,15,A01
201200023524,0,07,000,00,2,1,02,A01
201200023525,0,07,000,13,0,9,14,A01
201200023526,0,07,000,00,0,0,01,A01
201200023527,0,07,000,13,0,1,14,A01
201200023528,0,10,000,00,0,8,15,A01
201200023528,0,33,000,00,2,1,15,B02
201200023529,0,07,000,06,0,9,01,A01
201200023530,0,07,000,00,0,7,01,B02
201200023530,0,30,000,00,0,1,19,A01
201200023531,0,07,000,12,0,2,01,A01
201200023532,0,07,000,00,2,7,15,B02
201200023532,0,07,000,00,2,1,01,A01
201200023533,0,07,000,02,0,1,19,A01
201200023534,0,07,000,00,2,1,02,A01
201200023534,0,07,000,00,2,4,02,B01
201200023535,0,07,000,00,2,7,14,A01
201200023535,0,07,000,00,2,3,01,B01
201200023536,0,07,000,00,2,3,09,A01
201200023536,0,33,000,00,2,7,01,B01
201200023537,0,02,000,00,1,0,01,A01
201200023538,0,07,000,00,1,1,01,A01
201200023539,0,10,000,00,2,1,02,A01
201200023539,0,07,000,00,2,4,02,B01
201200023540,0,07,000,00,2,3,15,B01
201200023540,0,02,000,00,2,3,17,A01
201200023541,0,07,000,00,2,1,02,C01
201200023541,0,07,000,00,2,9,02,B01
201200023541,1,07,000,00,2,1,02,A01
201200023542,0,07,000,00,2,1,02,A01
201200023542,0,07,000,00,2,4,02,B01
201200023543,0,07,000,00,2,3,05,A01
201200023543,0,30,000,00,2,1,01,B01
201200023544,0,07,000,00,1,1,01,A01
201200023545,1,07,000,00,1,0,01,A01
201200023546,0,33,000,00,2,4,02,B01
201200023546,0,07,000,00,2,1,02,A01
201200023547,0,07,000,12,0,1,16,A01
201200023548,0,01,000,00,2,1,01,B01
201200023548,0,07,000,00,2,1,09,A01
201200023549,0,10,000,00,2,3,01,B01
201200023549,0,07,000,00,2,1,15,A01
201200023550,0,10,000,00,0,9,01,A01
201200023551,0,07,000,00,2,4,02,B01
201200023551,0,07,000,00,2,1,02,A01
201200023552,1,13,000,00,2,0,00,A01
201200023552,0,02,000,00,2,8,02,B01
201200023553,0,10,000,00,2,3,09,A01
201200023553,0,31,000,00,2,8,01,B01
201200023554,0,07,000,00,1,2,01,A01
201200023555,0,07,000,00,2,5,04,A01
201200023555,0,32,000,00,2,0,01,B01
201200023556,0,30,000,00,2,1,16,B01
201200023556,0,07,000,00,2,1,01,A01
201200023557,0,07,000,00,1,1,01,A01
201200023558,0,07,000,00,2,4,02,C01
201200023558,0,07,000,00,2,1,02,A01
201200023558,0,07,000,00,2,9,02,B01
201200023559,0,07,000,00,2,4,02,C01
201200023559,0,07,000,00,2,1,02,A01
201200023559,0,07,000,00,2,4,02,B01
201200023560,0,33,000,00,2,1,01,B01
201200023560,0,07,000,00,2,8,10,A01
201200023561,0,07,000,06,2,6,01,B01
201200023561,0,07,000,00,2,1,01,A01
201200023561,0,07,000,00,2,1,01,C01
201200023562,1,03,000,00,1,0,01,A01
201200023563,0,30,000,00,2,7,09,A01
201200023563,0,07,000,00,2,8,01,B01
201200023564,0,07,000,00,2,1,02,A01
201200023564,0,07,000,00,2,4,02,B01
201200023565,0,07,000,00,2,1,09,A01
201200023565,0,07,000,00,2,3,01,B01
201200023566,0,33,000,00,2,1,01,B01
201200023566,0,07,000,00,2,2,15,A01
201200023567,0,02,000,00,2,0,01,B01
201200023567,0,07,000,00,2,5,04,A01
201200023568,0,07,000,00,2,1,13,A01
201200023568,0,10,000,00,2,8,01,B01
201200023569,0,07,000,00,2,1,02,A01
201200023569,0,07,000,00,2,4,02,B01
201200023569,0,07,000,00,2,4,02,C01
201200023570,0,02,000,00,2,7,17,A01
201200023570,0,07,000,00,2,3,01,B01
201200023571,0,07,000,00,2,2,02,B01
201200023571,0,01,000,00,2,0,10,A01
201200023572,0,07,000,00,2,3,15,A01
201200023572,0,30,000,00,2,9,05,B01
201200023573,0,07,000,00,1,2,01,A01
201200023574,0,07,000,00,2,3,13,A01
201200023574,0,07,000,00,2,3,01,B01
201200023575,0,30,000,00,2,0,17,A01
201200023575,0,07,000,00,2,3,15,B01
201200023576,0,07,000,00,2,1,13,A01
201200023576,0,07,000,00,2,3,01,B01
201200023577,0,07,000,14,0,1,13,A01
201200023578,0,07,000,00,1,1,01,A01
201200023579,0,07,000,00,2,3,15,B01
201200023579,0,02,000,00,2,0,17,A01
201200023580,0,30,000,00,2,0,13,A01
201200023580,0,07,000,00,2,3,01,B01
201200023581,0,07,000,00,2,2,01,B01
201200023581,0,07,000,00,2,3,00,A01
201200023582,0,07,000,00,2,0,02,A01
201200023582,0,07,000,00,2,1,02,B01
201200023583,0,07,000,00,2,0,09,A01
201200023583,0,33,000,00,2,7,01,B01
201200023584,0,07,000,00,2,2,01,B01
201200023584,0,07,000,00,2,3,15,A01
201200023585,1,07,000,00,1,0,01,Z01
201200023586,0,07,000,00,2,1,01,B01
201200023586,0,07,000,00,2,1,05,A01
201200023587,0,07,000,00,1,1,01,A01
201200023588,0,02,000,00,2,1,02,A01
201200023588,0,07,000,00,0,6,02,B01
201200023589,0,07,000,01,0,2,14,A01
201200023590,0,07,000,06,0,1,13,A01
201200023591,0,07,000,00,2,2,09,A01
201200023591,0,07,000,00,2,3,01,B01
201200023592,0,07,000,08,0,1,01,A01
201200023593,0,07,000,00,2,3,15,B01
201200023593,0,07,000,00,2,3,15,A01
201200023594,0,07,000,00,1,3,01,A01
201200023595,0,07,000,00,0,4,02,B01
201200023595,0,07,000,00,2,1,02,A01
201200023596,0,07,000,00,1,3,01,A01
201200023597,0,30,000,00,2,1,01,A01
201200023597,0,07,000,00,2,1,01,B01
201200023598,0,07,000,00,1,1,01,B01
201200023598,0,07,000,00,2,1,02,A01
201200023599,0,07,000,00,1,2,21,A01
201200023600,0,07,000,00,2,3,15,B01
201200023600,0,07,000,00,2,2,01,A01
201200023601,0,07,000,00,1,3,01,A01
201200023602,0,33,000,00,2,1,01,C01
201200023602,0,07,000,00,2,2,09,A01
201200023602,0,07,000,00,2,1,01,B01
201200023603,0,07,000,00,1,1,01,A01
201200023604,0,07,000,00,0,4,02,B01
201200023604,0,07,000,00,2,1,02,A01
201200023605,0,07,000,00,1,2,01,A01
201200023606,0,07,000,00,2,3,19,A01
201200023606,0,31,000,00,2,1,01,B01
201200023607,0,07,000,00,2,2,01,B01
201200023607,0,07,000,00,2,3,15,A01
201200023608,0,20,000,00,1,1,01,A01
201200023609,0,07,000,08,2,1,01,B01
201200023609,0,07,000,11,2,4,19,A01
201200023610,0,07,000,00,1,2,01,A01
201200023611,0,07,000,00,1,4,23,C01
201200023611,0,07,000,00,2,1,02,A01
201200023611,0,07,000,00,2,4,23,B01
201200023612,0,07,000,00,2,1,02,A01
201200023612,0,07,000,00,2,4,23,C01
201200023612,0,33,000,00,2,4,23,B01
201200023613,0,07,000,00,1,3,01,A01
201200023614,0,07,000,00,2,1,02,A01
201200023614,0,07,000,00,0,4,02,B01
201200023615,0,07,000,00,2,1,02,B01
201200023615,0,07,000,00,0,4,02,C01
201200023615,0,07,000,00,2,1,02,A01
201200023616,0,07,000,00,2,3,01,B01
201200023616,0,07,000,00,2,3,13,A01
201200023617,0,07,000,00,1,1,01,A01
201200023618,0,07,000,00,0,4,01,C01
201200023618,0,07,000,00,2,1,02,A01
201200023618,0,07,000,00,2,1,02,B01
201200023619,0,07,000,01,0,4,02,C01
201200023619,0,07,000,00,2,1,02,B01
201200023619,0,07,000,01,0,1,02,A01
201200023620,0,07,000,00,2,1,01,B01
201200023620,0,07,000,00,2,8,15,A01
201200023621,0,07,000,00,0,4,15,B01
201200023621,0,07,000,00,2,1,02,A01
201200023622,0,07,000,00,2,3,23,C01
201200023622,0,31,000,00,2,7,03,B01
201200023622,0,07,000,00,2,6,15,A01
201200023623,0,07,000,00,1,2,01,A01
201200023624,0,07,000,00,0,4,02,B01
201200023624,0,07,000,00,2,1,02,A01
201200023625,0,10,000,00,0,4,01,B01
201200023625,0,14,000,00,2,1,02,A01
201200023626,0,07,000,00,1,1,01,A01
201200023627,0,07,000,00,0,4,23,B01
201200023627,1,07,000,00,2,1,13,A01
201200023628,0,07,000,00,2,1,01,B01
201200023628,0,07,000,00,2,2,15,A01
201200023629,0,07,000,00,2,3,15,B01
201200023629,0,33,000,00,2,2,17,A01
201200023630,0,07,000,13,0,2,02,A01
201200023631,0,07,000,00,2,4,02,A01
201200023631,0,07,000,00,2,1,00,B01
201200023632,0,01,000,00,2,1,05,B01
201200023632,0,07,000,00,2,2,16,A01
201200023633,0,07,000,00,2,3,16,A01
201200023633,0,07,000,00,2,2,02,B01
201200023634,0,07,000,07,0,1,02,A01
201200023635,0,01,000,00,2,2,05,A01
201200023635,0,37,001,00,2,2,02,B01
201200023636,0,07,000,00,2,2,08,A01
201200023636,0,07,000,00,2,7,02,B01
201200023637,0,07,000,00,2,5,16,B01
201200023637,0,33,000,00,2,1,02,A01
201200023638,0,07,000,00,2,7,02,B01
201200023638,0,07,000,00,2,1,09,A01
201200023639,0,33,000,00,2,1,02,B01
201200023639,0,07,000,00,2,3,15,A01
201200023640,0,03,000,00,1,2,02,A01
201200023641,1,07,000,00,2,3,02,A01
201200023641,0,07,000,00,2,3,02,B01
201200023642,1,07,000,00,1,1,00,Z01
201200023643,0,07,000,00,2,1,02,A01
201200023643,0,07,000,00,2,4,02,B01
201200023644,1,30,000,00,1,1,01,Z01
201200023645,0,07,000,00,2,7,02,B01
201200023645,0,07,000,00,2,1,09,A01
201200023646,0,07,000,00,2,1,02,B01
201200023646,0,07,000,00,2,1,05,A01
201200023647,0,07,000,06,2,1,02,A01
201200023648,0,07,000,00,2,4,01,B01
201200023648,0,07,000,00,2,1,01,A01
201200023649,0,07,000,00,0,1,01,A01
201200023650,0,03,000,00,1,1,01,A01
201200023651,0,07,000,00,2,8,09,A01
201200023651,0,32,000,00,2,1,01,B01
201200023652,1,07,000,00,1,1,01,Z01
201200023653,0,07,000,00,2,1,01,A01
201200023653,0,07,000,00,2,0,01,B01
201200023654,0,07,000,00,1,3,01,A01
201200023655,0,10,000,00,2,3,11,A01
201200023655,0,33,000,00,2,7,01,B01
201200023656,0,07,000,00,2,1,01,B01
201200023656,0,07,000,00,2,8,01,A01
201200023657,0,07,000,00,2,8,05,A01
201200023657,0,07,000,00,2,3,01,B01
201200023658,0,33,000,00,2,8,01,B01
201200023658,0,07,000,00,2,1,16,A01
201200023659,0,30,000,00,2,1,01,B01
201200023659,0,01,000,00,2,1,05,A01
201200023660,0,30,000,00,2,8,02,B01
201200023660,0,10,000,00,2,3,13,A01
201200023661,0,07,000,12,0,1,01,A01
201200023662,0,07,000,00,2,7,01,A01
201200023662,0,10,000,00,2,1,01,B01
201200023663,0,10,000,01,2,1,01,B01
201200023663,0,07,000,01,2,8,01,A01
201200023664,0,07,000,00,2,5,00,B01
201200023664,0,13,000,00,2,3,11,A01
201200023665,0,10,000,00,2,2,00,A01
201200023665,0,07,000,00,0,8,15,B01
201200023666,0,07,000,00,2,2,01,B01
201200023666,0,07,000,00,2,7,15,A01
201200023667,0,33,000,00,2,1,01,B01
201200023667,0,07,000,00,2,1,15,A01
201200023668,0,07,000,00,1,2,01,A01
201200023669,0,07,000,00,0,4,23,B01
201200023669,0,14,000,00,2,1,01,A01
201200023670,0,33,000,00,2,1,02,A01
201200023670,0,10,000,00,0,4,01,B01
201200023671,0,07,000,08,0,2,02,A01
201200023672,0,07,000,00,2,2,02,B01
201200023672,0,07,000,00,2,8,11,A01
201200023673,0,07,000,00,2,2,16,A01
201200023673,0,07,000,00,2,6,02,B01
201200023674,0,33,000,01,0,1,02,A01
201200023675,0,07,000,00,2,2,15,A01
201200023675,0,01,000,00,2,1,01,B01
201200023676,0,07,000,00,0,1,01,A01
201200023677,0,07,000,00,2,1,02,A01
201200023677,0,07,000,00,2,4,02,B01
201200023678,0,07,000,00,2,1,02,A01
201200023678,0,01,000,00,2,1,19,B01
201200023679,0,07,000,00,1,1,02,A01
201200023680,0,07,000,00,2,3,02,B01
201200023680,0,07,000,00,2,2,15,A01
201200023681,0,34,000,00,2,2,02,A01
201200023681,0,07,000,00,2,3,16,B01
201200023682,0,07,000,00,2,2,00,B01
201200023682,0,01,000,00,2,1,19,A01
201200023683,0,30,000,00,2,1,01,B01
201200023683,0,07,000,00,2,1,19,A01
201200023684,0,07,000,00,2,7,01,B01
201200023684,0,01,000,00,2,8,15,A01
201200023685,0,30,000,12,0,8,01,A01
201200023686,0,07,000,00,2,1,02,A01
201200023686,0,07,000,00,2,4,02,B01
201200023686,0,07,000,00,0,4,02,C01
201200023687,0,07,000,12,0,1,01,A01
201200023688,0,07,000,06,0,3,01,A01
201200023689,0,07,000,00,2,7,01,A01
201200023689,0,10,000,00,2,1,01,B01
201200023690,0,32,000,00,2,1,01,B01
201200023690,0,07,000,00,2,3,19,A01
201200023691,0,01,000,00,0,0,02,C01
201200023691,0,10,000,00,2,0,02,A01
201200023691,0,01,000,00,0,0,02,B01
201200023692,0,10,000,00,2,0,15,A01
201200023692,0,07,000,00,2,1,01,B01
201200023693,0,07,000,00,1,7,01,A01
201200023694,0,10,000,00,2,1,01,B01
201200023694,0,07,000,08,2,7,01,A01
201200023695,1,07,000,00,0,0,00,Z01
201200023695,0,07,000,13,2,1,01,A01
201200023696,0,07,000,00,1,4,20,A01
201200023697,0,07,000,00,2,1,01,A01
201200023697,0,07,000,00,2,6,00,B01
201200023698,0,07,000,00,0,4,02,C01
201200023698,0,07,000,00,2,1,02,A01
201200023698,0,07,000,00,2,1,02,B01
201200023699,0,33,000,14,0,0,01,A01
201200023700,0,07,000,00,2,1,01,B01
201200023700,0,07,000,00,2,1,19,A01
201200023700,0,07,000,00,2,1,01,C01
201200023701,0,07,000,00,1,4,04,A01
201200023702,0,07,000,01,2,1,01,B01
201200023702,0,07,000,00,2,1,15,A01
201200023703,0,07,000,00,2,0,00,A01
201200023703,0,07,000,00,0,4,00,B01
201200023704,0,02,000,00,2,3,01,A01
201200023704,0,14,000,00,2,0,01,B01
201200023705,0,07,000,00,1,7,01,A01
201200023706,0,07,000,00,2,5,23,B01
201200023706,0,07,000,00,2,4,23,C01
201200023706,0,33,000,00,2,8,01,A01
201200023707,2,07,000,00,2,0,00,A01
201200023707,0,30,000,00,0,4,23,B01
201200023708,0,07,000,00,2,1,01,A01
201200023708,0,07,000,00,2,4,01,B01
201200023709,0,07,000,00,0,4,02,B01
201200023709,0,07,000,00,2,1,02,A01
201200023710,0,07,000,00,2,3,11,A01
201200023710,0,32,000,00,2,1,01,B01
201200023711,0,13,000,06,2,1,05,A01
201200023711,0,07,000,00,2,8,00,B01
201200023711,0,07,000,00,0,2,00,C01
201200023712,0,33,000,00,2,1,15,A01
201200023712,0,07,000,00,2,3,01,B01
201200023713,0,01,000,00,2,1,01,B01
201200023713,0,07,000,00,2,1,19,A01
201200023714,0,33,000,00,2,1,01,B01
201200023714,0,07,000,00,2,5,10,A01
201200023715,0,07,000,00,2,1,02,A01
201200023715,0,03,000,00,2,4,02,B01
201200023716,0,07,000,00,1,8,01,A01
201200023717,0,07,000,00,2,2,01,B01
201200023717,0,07,000,01,2,4,04,A01
201200023718,0,07,000,00,2,1,01,A01
201200023718,0,07,000,00,0,4,01,C01
201200023718,0,07,000,00,2,4,01,B01
201200023719,0,07,000,00,2,2,02,A01
201200023719,0,07,000,00,2,1,16,B01
201200023720,0,07,000,00,2,1,01,A01
201200023720,0,07,000,00,2,3,01,B01
201200023721,0,07,000,00,2,1,09,A01
201200023721,0,30,000,00,2,7,01,B01
201200023722,0,01,000,00,0,0,00,A01
201200023723,0,07,000,00,0,4,01,B01
201200023723,0,07,000,00,2,1,01,A01
201200023724,0,07,000,00,2,1,01,B01
201200023724,0,07,000,00,2,1,15,A01
201200023725,0,07,000,00,2,2,00,A01
201200023725,0,01,000,00,2,3,00,B01
201200023726,0,07,000,00,2,7,01,B01
201200023726,0,07,000,00,2,3,15,A01
201200023727,0,07,000,00,2,1,15,B01
201200023727,0,07,000,00,2,1,01,A01
201200023728,0,33,000,12,0,7,06,A01
201200023729,0,07,000,08,0,3,00,A01
201200023730,0,33,000,06,0,8,00,A01
201200023731,0,10,000,00,2,3,15,A01
201200023731,0,33,000,07,2,1,01,B01
201200023732,1,07,000,00,1,1,01,A01
201200023733,0,07,000,00,0,4,23,B01
201200023733,0,07,000,00,2,1,01,A01
201200023734,0,07,000,00,1,3,01,A01
201200023735,0,14,000,00,1,2,01,A01
201200023736,0,07,000,06,2,7,01,A01
201200023736,0,07,000,00,2,1,01,B01
201200023737,0,07,000,00,0,9,02,A01
201200023738,0,07,000,00,2,1,02,A01
201200023738,0,07,000,00,0,4,01,B01
201200023739,0,07,000,11,0,7,15,A01
201200023740,0,07,000,00,0,1,02,B01
201200023740,0,07,000,00,0,4,02,C01
201200023740,0,07,000,00,0,0,02,A01
201200023741,1,07,000,00,1,0,00,A01
201200023742,0,30,000,00,0,0,00,A01
201200023743,0,07,000,02,0,1,01,A01
201200023744,0,10,000,00,0,2,00,B01
201200023744,0,30,000,00,0,0,00,A01
201200023745,0,07,000,00,2,2,02,A01
201200023745,0,33,000,00,2,1,02,B01
201200023746,0,33,000,00,2,1,02,B01
201200023746,0,33,000,00,2,1,02,A01
201200023747,0,07,000,00,2,7,01,A01
201200023748,0,07,000,00,2,1,15,A01
201200023748,0,07,000,00,2,1,01,B01
201200023749,0,07,000,00,0,9,00,A01
201200023750,0,37,001,00,0,0,00,A01
201200023750,0,07,000,01,2,0,00,B01
201200023751,0,07,000,00,1,1,02,A01
201200023752,0,07,000,00,0,1,02,A01
201200023753,0,33,000,00,0,4,01,B01
201200023753,0,33,000,00,2,1,02,A01
201200023754,1,07,000,00,1,2,01,A01
201200023755,0,07,000,00,2,1,02,C01
201200023755,0,07,000,00,2,4,01,B01
201200023755,0,07,000,00,0,0,05,A01
201200023756,0,10,000,00,2,1,02,A01
201200023756,0,07,000,00,2,4,02,B01
201200023756,0,07,000,00,2,4,02,C01
201200023757,0,07,000,00,2,8,02,A01
201200023757,0,34,000,00,2,7,02,B01
201200023758,0,33,000,00,2,1,02,B01
201200023758,0,07,000,00,2,4,15,A01
201200023759,1,07,000,00,1,1,01,A01
201200023760,0,01,000,00,2,4,11,A01
201200023760,0,07,000,00,2,3,02,B01
201200023761,0,33,000,00,2,1,01,B01
201200023761,0,07,000,00,0,2,10,A01
201200023762,0,07,000,08,0,0,00,A01
201200023763,0,30,000,00,0,1,00,A01
201200023763,0,07,000,00,9,7,00,B01
201200023764,0,14,000,00,0,0,00,B01
201200023764,0,30,000,01,0,0,00,A01
201200023765,0,33,000,00,2,1,17,A01
201200023765,0,07,000,00,0,6,15,B01
201200023766,0,07,000,00,0,1,00,B01
201200023766,0,07,000,00,0,4,02,A01
201200023767,0,30,000,00,2,0,05,A01
201200023767,0,07,000,00,2,1,09,B01
201200023768,0,07,000,00,0,6,00,B01
201200023768,0,07,000,00,0,3,00,A01
201200023769,0,07,000,00,2,8,09,B01
201200023769,0,07,000,00,0,2,00,A01
201200023770,0,10,000,00,2,3,01,B01
201200023770,0,07,000,00,2,3,13,A01
201200023771,0,07,000,00,0,3,00,B01
201200023771,0,33,000,00,0,7,00,A01
201200023772,0,07,000,00,0,1,00,A01
201200023773,0,07,000,14,0,1,01,A01
201200023774,0,03,000,00,0,7,16,B01
201200023774,0,02,000,00,2,3,18,A01
201200023775,0,07,000,00,2,2,15,A01
201200023775,0,07,000,00,0,1,02,B01
201200023776,0,10,000,07,2,9,01,B01
201200023776,0,07,000,00,2,9,02,C01
201200023776,0,10,000,00,2,1,02,D01
201200023776,0,07,000,00,2,4,02,A01
201200023777,0,07,000,00,2,4,02,C01
201200023777,0,07,000,00,0,1,00,A01
201200023777,0,07,000,00,2,0,02,B01
201200023778,0,33,000,00,2,1,00,B01
201200023778,0,07,000,00,2,3,00,A01
201200023779,0,07,000,00,0,1,00,A01
201200023779,0,07,000,00,0,3,00,B01
201200023780,0,30,000,00,0,0,00,A01
201200023780,1,99,000,00,0,0,00,B01
201200023781,0,07,000,00,0,0,00,B01
201200023781,0,01,000,00,0,0,00,A01
201200023782,0,35,000,00,9,0,00,A01
201200023783,0,07,000,00,2,3,00,A01
201200023783,0,07,000,00,0,0,09,B01