Num_Acc,senc,catv,occutc,obs,obsm,choc,manv,num_veh
201200023784,0,07,000,00,9,8,00,B01
201200023784,0,02,000,00,0,1,00,A01
201200023785,0,07,000,00,2,1,15,A01
201200023785,0,33,000,00,2,1,00,B01
201200023786,0,01,000,00,0,7,00,B01
201200023786,0,07,000,00,9,3,09,A01
201200023787,0,07,000,02,0,1,00,A01
201200023788,0,07,000,00,0,9,00,A01
201200023789,0,10,000,00,9,0,01,A01
201200023789,0,33,000,00,2,0,00,B01
201200023790,0,07,000,00,2,1,01,B01
201200023790,0,30,000,00,2,1,00,A01
201200023791,0,30,000,00,0,1,00,A01
201200023792,0,30,000,00,0,7,16,A01
201200023793,0,07,000,06,0,1,00,B01
201200023793,0,07,000,00,2,1,00,A01
201200023794,0,07,000,00,2,7,02,B01
201200023794,0,07,000,00,2,1,02,C01
201200023794,0,07,000,00,2,1,02,A01
201200023795,0,07,000,00,0,4,23,B01
201200023795,0,07,000,00,2,1,01,A01
201200023796,0,02,000,00,0,1,00,A01
201200023796,0,07,000,00,2,1,02,B01
201200023797,0,30,000,00,2,1,01,B01
201200023797,0,07,000,00,2,5,15,A01
201200023798,0,07,000,00,2,4,02,B01
201200023798,0,07,000,00,0,4,00,C01
201200023798,0,07,000,00,2,1,01,A01
201200023799,0,07,000,06,0,1,00,A01
201200023800,0,07,000,00,2,1,02,A01
201200023800,0,07,000,00,2,4,02,B01
201200023800,0,07,000,00,0,4,02,C01
201200023801,0,02,000,00,0,1,17,B01
201200023801,0,07,000,00,2,3,15,A01
201200023802,0,37,005,00,1,7,09,A01
201200023803,0,07,000,15,0,1,00,A01
201200023804,0,33,000,00,1,1,01,A01
201200023805,0,07,000,15,0,2,00,A01
201200023806,0,32,000,00,2,7,01,B01
201200023806,0,07,000,00,9,1,00,A01
201200023807,0,07,000,00,2,1,05,B01
201200023807,0,07,000,00,2,1,01,A01
201200023808,0,07,000,00,2,1,09,A01
201200023808,0,01,000,00,2,0,02,B01
201200023809,0,01,000,00,2,1,05,A01
201200023809,0,07,000,00,2,0,09,B01
201200023810,0,07,000,00,2,8,00,B01
201200023810,0,02,000,12,2,1,15,A01
201200023811,0,07,000,00,0,1,01,B01
201200023811,0,07,000,00,2,1,00,A01
201200023812,0,30,000,00,2,4,01,A01
201200023812,0,07,000,00,2,3,01,B01
201200023813,0,07,000,03,1,1,01,A01
201200023814,0,01,000,00,2,7,01,A01
201200023814,0,10,000,00,2,1,01,B01
201200023815,0,30,000,00,0,8,00,A01
201200023816,0,07,000,00,2,6,24,B01
201200023816,1,07,000,00,2,1,00,A01
201200023817,0,07,000,00,0,3,01,B01
201200023817,0,31,000,00,2,2,12,A01
201200023818,0,07,000,00,2,3,09,A01
201200023818,0,32,000,00,2,5,00,B01
201200023819,0,07,000,00,2,4,01,B01
201200023819,0,14,000,00,2,2,01,A01
201200023820,0,07,000,00,1,2,00,A01
201200023821,0,07,000,00,2,1,02,A01
201200023821,0,02,000,00,2,7,02,B01
201200023822,0,07,000,00,2,3,01,A01
201200023822,0,07,000,00,2,3,01,B01
201200023823,0,30,000,00,2,0,01,B01
201200023823,0,07,000,00,2,0,15,A01
201200023824,0,07,000,00,2,2,01,B01
201200023824,2,07,000,00,2,1,19,A01
201200023825,0,07,000,02,0,2,01,A01
201200023826,0,07,000,00,2,1,01,B01
201200023826,2,07,000,00,2,1,05,A01
201200023827,0,10,000,06,0,1,01,A01
201200023828,0,07,000,02,0,3,12,A01
201200023829,0,07,000,00,0,1,15,A01
201200023829,0,07,000,00,2,2,14,B01
201200023830,0,07,000,00,0,8,01,B01
201200023830,0,32,000,00,2,1,01,A01
201200023831,0,07,000,00,0,4,00,C01
201200023831,0,07,000,00,2,4,02,B01
201200023831,0,07,000,00,2,1,00,A01
201200023832,0,07,000,00,1,1,01,A01
201200023833,0,07,000,00,2,2,16,B01
201200023833,0,07,000,00,2,3,09,A01
201200023834,0,07,000,00,0,1,01,A01
201200023835,0,07,000,13,0,9,00,A01
201200023836,0,07,000,08,2,1,01,B01
201200023836,0,07,000,08,2,8,01,A01
201200023837,0,15,000,00,9,1,15,A01
201200023837,0,33,000,00,9,1,01,B01
201200023838,0,07,000,00,2,1,15,A01
201200023838,0,07,000,00,0,1,00,B01
201200023839,0,07,000,00,2,8,01,B01
201200023839,0,14,000,00,2,1,02,A01
201200023840,0,07,000,00,2,5,00,A01
201200023840,0,31,000,00,2,3,00,B01
201200023841,0,02,000,00,0,2,00,A01
201200023841,0,07,000,00,0,3,01,B01
201200023842,0,02,000,00,0,0,00,A01
201200023843,0,07,000,00,1,1,01,A01
201200023844,0,07,000,00,2,5,16,A01
201200023844,0,37,001,00,2,3,16,B01
201200023845,0,07,000,00,2,0,00,A01
201200023845,0,07,000,00,0,0,01,B01
201200023846,0,01,000,00,2,0,02,A01
201200023846,0,07,000,00,0,4,01,B01
201200023847,0,07,000,00,1,2,00,A01
201200023848,0,07,000,00,2,1,01,A01
201200023848,0,31,000,00,2,8,01,B01
201200023849,0,07,000,00,1,1,01,A01
201200023850,0,07,000,00,1,0,00,A01
201200023851,0,15,000,00,0,4,01,B01
201200023851,0,07,000,00,9,1,00,A01
201200023852,0,99,000,00,2,2,02,A01
201200023852,0,07,000,00,2,1,01,B01
201200023853,0,07,000,00,1,0,01,A01
201200023854,0,07,000,00,1,0,01,A01
201200023855,0,17,000,00,2,2,01,B01
201200023855,0,07,000,07,2,7,01,A01
201200023856,0,01,000,00,0,0,19,B01
201200023856,0,07,000,00,9,2,01,A01
201200023857,0,07,000,02,0,9,01,A01
201200023858,0,07,000,00,2,1,01,B01
201200023858,0,07,000,00,2,2,00,A01
201200023859,0,07,000,00,2,1,00,A01
201200023859,0,01,000,00,2,0,00,B01
201200023860,0,07,000,00,1,1,01,A01
201200023861,0,07,000,00,2,5,01,A01
201200023861,0,07,000,00,2,1,09,B01
201200023862,0,07,000,00,2,3,01,B01
201200023862,0,07,000,00,2,2,15,A01
201200023863,0,07,000,00,0,0,00,B01
201200023863,0,07,000,03,0,2,18,A01
201200023864,0,33,000,00,2,1,17,A01
201200023864,0,07,000,00,2,1,17,B01
201200023865,0,07,000,00,2,3,13,A01
201200023865,0,07,000,00,2,2,01,B01
201200023866,0,07,000,00,2,4,02,B01
201200023866,0,07,000,00,2,1,02,A01
201200023867,0,07,000,00,2,1,01,B01
201200023867,0,16,000,00,2,3,09,A01
201200023868,0,07,000,00,2,2,16,A01
201200023868,0,01,000,00,2,4,01,B01
201200023869,0,38,001,00,2,2,01,A01
201200023869,0,37,005,00,0,4,01,B01
201200023870,0,07,000,00,2,2,16,A01
201200023870,0,31,000,00,2,8,01,B01
201200023871,0,30,000,00,2,1,01,B01
201200023871,0,07,000,00,2,3,15,A01
201200023872,0,07,000,13,2,3,11,A01
201200023872,0,07,000,00,2,7,17,B01
201200023873,0,07,000,00,2,6,16,A01
201200023873,0,30,000,00,2,4,15,B01
201200023874,0,07,000,00,2,1,00,A01
201200023874,0,07,000,00,2,2,15,B01
201200023875,0,07,000,00,2,2,15,A01
201200023875,0,33,000,00,2,8,01,B01
201200023876,2,33,000,00,0,8,02,A01
201200023877,0,20,000,00,2,2,01,A01
201200023877,0,34,000,01,0,3,01,B01
201200023878,0,07,000,00,2,4,01,C01
201200023878,0,07,000,00,2,1,00,A01
201200023878,0,07,000,00,2,4,00,B01
201200023879,0,07,000,01,0,4,04,A01
201200023880,0,15,000,00,2,2,12,A01
201200023880,0,07,000,00,2,3,01,B01
201200023881,0,07,000,00,2,2,16,B01
201200023881,0,01,000,00,2,1,19,A01
201200023882,0,07,000,00,2,1,17,A01
201200023882,0,07,000,00,2,3,01,B01
201200023883,0,07,000,13,6,9,01,A01
201200023884,0,07,000,00,2,3,02,B01
201200023884,0,07,000,00,2,1,15,A01
201200023885,0,07,000,06,0,1,01,A01
201200023886,0,30,000,00,2,1,01,A01
201200023886,0,07,000,00,0,4,01,B01
201200023887,0,07,000,00,1,1,16,A01
201200023888,0,07,000,00,2,1,21,B01
201200023888,0,07,000,00,2,1,01,A01
201200023889,0,10,000,00,2,1,01,B01
201200023889,0,07,000,08,2,2,09,A01
201200023890,0,14,000,00,2,1,01,A01
201200023890,0,07,000,00,2,4,01,B01
201200023890,0,07,000,00,0,4,01,D01
201200023890,0,07,000,00,2,4,01,C01
201200023891,0,07,000,08,0,1,14,A01
201200023892,0,07,000,00,2,0,02,A01
201200023892,0,30,000,00,2,4,02,B01
201200023893,0,07,000,06,0,2,02,A01
201200023894,0,33,000,00,0,8,01,A01
201200023895,0,07,000,06,0,6,19,A01
201200023896,0,07,000,00,2,4,02,B01
201200023896,0,07,000,00,2,1,02,A01
201200023897,0,07,000,00,2,1,02,A01
201200023897,0,07,000,00,2,4,02,B01
201200023897,0,07,000,00,0,4,02,C01
201200023898,0,07,000,00,2,1,01,B01
201200023898,0,07,000,08,2,7,14,A01
201200023899,0,07,000,00,1,1,02,A01
201200023900,0,33,000,00,2,5,01,B01
201200023900,0,07,000,00,2,3,01,A01
201200023901,0,07,000,00,2,2,02,B01
201200023901,0,01,000,00,2,1,11,A01
201200023902,0,07,000,00,1,1,02,A01
201200023903,0,07,000,01,1,1,01,A01
201200023904,0,07,000,00,2,1,01,B01
201200023904,0,07,000,00,2,2,15,A01
201200023905,0,32,000,00,2,1,01,A01
201200023905,0,07,000,00,2,3,01,B01
201200023906,0,07,000,00,1,1,02,A01
201200023907,0,07,000,00,2,1,01,A01
201200023907,0,07,000,00,0,4,01,B01
201200023908,0,14,000,00,2,8,15,A01
201200023908,0,33,000,00,2,6,02,B01
201200023909,0,07,000,00,2,1,02,B01
201200023909,0,02,000,00,2,1,02,A01
201200023910,0,07,000,00,0,6,01,B01
201200023910,0,30,000,00,2,1,15,A01
201200023911,0,07,000,00,2,4,02,B01
201200023911,0,07,000,00,2,1,02,A01
201200023912,0,34,000,00,2,1,09,A01
201200023912,0,10,000,00,2,6,09,B01
201200023913,0,37,001,00,1,3,01,A01
201200023914,0,07,000,13,0,0,00,A01
201200023915,0,07,000,02,0,1,00,A01
201200023916,0,07,000,00,1,1,15,A01
201200023917,0,07,000,00,0,1,02,A01
201200023918,0,07,000,00,1,1,16,A01
201200023919,0,07,000,00,1,1,01,A01
201200023920,0,99,000,06,0,1,01,A01
201200023921,0,07,000,00,2,1,02,A01
201200023921,0,07,000,00,2,4,23,B01
201200023921,0,10,000,00,2,3,17,C01
201200023922,0,07,000,00,2,5,15,A01
201200023922,0,07,000,07,2,1,01,B01
201200023923,0,07,000,00,2,0,01,C01
201200023923,0,07,000,00,2,4,01,B01
201200023923,0,07,000,00,2,1,01,A01
201200023924,0,07,000,03,0,3,00,A01
201200023925,0,07,000,00,2,1,15,A01
201200023925,0,07,000,00,2,1,01,B01
201200023926,0,07,000,00,2,2,01,B01
201200023926,0,07,000,00,2,3,01,A01
201200023927,0,07,000,15,0,1,01,A01
201200023928,0,07,000,00,1,0,01,A01
201200023929,0,07,000,08,0,1,00,A01
201200023930,0,07,000,00,2,4,23,B01
201200023930,0,07,000,00,2,1,02,A01
201200023930,0,07,000,00,2,4,23,C01
201200023930,0,07,000,00,2,6,15,D01
201200023931,0,07,000,02,0,0,00,A01
201200023932,0,07,000,02,0,1,01,A01
201200023933,0,07,000,00,2,7,15,A01
201200023933,0,07,000,00,2,1,01,B01
201200023934,0,07,000,00,1,1,01,A01
201200023935,0,07,000,00,1,2,01,A01
201200023936,0,07,000,00,2,1,20,A01
201200023936,0,02,000,00,2,8,20,B01
201200023937,0,37,001,00,2,2,01,A01
201200023937,0,07,000,00,2,6,16,B01
201200023938,0,07,000,00,2,3,23,A01
201200023938,0,07,000,00,2,8,16,B01
201200023939,0,07,000,08,0,3,01,A01
201200023940,0,07,000,00,2,3,01,A01
201200023940,0,02,000,00,2,6,01,B01
201200023941,0,07,000,00,2,6,10,B01
201200023941,0,33,000,00,2,8,01,A01
201200023942,0,07,000,10,0,1,00,A01
201200023943,0,07,000,00,2,1,00,B01
201200023943,0,07,000,00,2,1,15,A01
201200023944,0,07,000,00,0,1,02,A01
201200023945,2,07,000,00,2,1,01,A01
201200023945,0,07,000,00,2,7,01,B01
201200023946,0,33,000,00,2,4,02,A01
201200023946,0,07,000,00,0,4,00,B01
201200023947,0,15,000,00,2,1,01,A01
201200023947,0,30,000,00,2,4,01,B01
201200023948,0,07,000,00,1,8,02,A01
201200023949,0,02,000,07,0,1,13,A01
201200023950,0,34,000,06,0,1,06,A01
201200023951,0,07,000,00,2,1,01,A01
201200023951,0,07,000,00,0,8,01,B02
201200023952,0,03,000,13,0,1,01,A01
201200023953,0,07,000,00,1,1,15,A01
201200023954,0,07,000,02,0,8,01,A01
201200023955,0,10,000,00,2,8,15,A01
201200023955,0,31,000,00,2,7,17,B02
201200023956,0,02,000,08,0,1,01,A01
201200023957,0,07,000,00,2,1,01,A01
201200023957,0,01,000,00,2,1,01,B02
201200023958,0,07,000,00,2,1,01,B02
201200023958,0,07,000,00,2,7,19,A01
201200023959,0,07,000,00,1,4,04,A01
201200023960,0,07,000,00,2,1,13,A01
201200023960,0,07,000,00,2,3,01,B02
201200023961,0,07,000,00,2,4,01,A01
201200023961,0,07,000,00,2,3,01,B02
201200023962,0,07,000,13,0,5,01,A01
201200023963,0,07,000,13,0,3,01,A01
201200023964,0,10,000,00,2,2,15,A01
201200023964,0,02,000,00,2,1,01,B02
201200023965,0,07,000,06,0,1,13,A01
201200023966,0,07,000,16,0,7,01,A01
201200023967,0,07,000,02,0,1,01,A01
201200023968,0,07,000,16,0,2,14,A01
201200023969,0,07,000,02,0,8,13,A01
201200023970,0,07,000,15,0,7,13,A01
201200023971,0,07,000,08,0,9,01,A01
201200023972,0,07,000,02,0,1,01,A01
201200023973,0,07,000,13,0,2,01,A01
201200023974,0,07,000,13,0,7,01,A01
201200023975,0,17,000,00,0,4,02,B02
201200023975,0,10,000,00,2,1,02,A01
201200023976,0,17,000,00,1,1,01,B02
201200023976,0,07,000,00,1,1,01,C03
201200023976,0,07,000,00,1,1,01,D04
201200023976,0,07,000,00,1,1,01,E05
201200023976,0,07,000,00,1,2,01,A01
201200023977,0,07,000,04,0,3,01,A01
201200023978,0,07,000,04,0,1,11,A01
201200023979,0,14,000,00,0,4,00,C03
201200023979,0,07,000,00,2,1,02,B02
201200023979,0,07,000,04,2,1,01,A01
201200023980,0,07,000,00,2,2,14,B02
201200023980,0,17,000,00,2,8,01,A01
201200023981,0,07,000,04,0,1,21,A01
201200023982,0,07,000,00,2,1,02,A01
201200023982,0,17,000,00,0,4,02,B02
201200023983,0,07,000,04,0,3,01,A01
201200023984,0,17,000,00,0,0,01,B02
201200023984,0,17,000,04,2,1,21,A01
201200023985,0,07,000,13,0,9,01,A01
201200023986,0,33,000,00,0,0,01,A01
201200023987,0,07,000,00,2,1,17,B02
201200023987,0,07,000,00,0,8,15,A01
201200023988,0,30,000,00,2,1,02,A01
201200023988,0,07,000,00,0,4,02,B02
201200023989,0,33,000,03,0,1,01,A01
201200023990,0,07,000,13,2,6,01,A01
201200023990,0,07,000,00,2,1,09,B02
201200023991,0,33,000,00,2,1,13,A01
201200023991,0,07,000,00,2,5,15,B02
201200023992,0,31,000,13,0,0,00,A01
201200023993,0,07,000,00,2,3,15,A01
201200023993,0,07,000,00,2,2,01,B02
201200023994,0,07,000,13,0,1,01,A01
201200023995,0,07,000,00,2,6,01,A01
201200023995,0,10,000,00,2,1,01,B02
201200023996,0,07,000,07,0,9,19,A01
201200023997,0,33,000,00,0,8,16,A01
201200023998,0,07,000,00,2,1,01,B02
201200023998,0,07,000,00,2,3,19,A01
201200023999,0,07,000,06,0,1,14,A01
201200024000,0,10,000,16,0,9,19,A01
201200024001,0,07,000,00,2,7,15,A01
201200024001,0,07,000,00,2,2,21,C03
201200024001,0,07,000,00,2,1,01,B02
201200024002,0,07,000,00,2,1,13,A01
201200024002,0,07,000,00,2,1,01,B02
201200024003,0,31,000,00,2,1,00,A01
201200024003,0,10,000,00,2,1,00,B02
201200024004,0,07,000,13,0,1,01,A01
201200024005,0,07,000,00,2,3,01,B02
201200024005,0,07,000,00,2,2,19,A01
201200024006,0,31,000,00,2,1,09,B02
201200024006,0,10,000,00,2,6,01,A01
201200024007,0,07,000,01,0,2,01,A01
201200024008,0,07,000,00,2,3,01,A01
201200024008,0,07,000,00,2,3,01,B02
201200024009,0,07,000,00,2,2,15,A01
201200024009,0,07,000,00,2,1,01,B02
201200024010,0,10,000,02,0,3,01,A01
201200024011,0,10,000,02,0,8,01,A01
201200024012,0,07,000,00,0,1,01,B02
201200024012,0,10,000,00,0,2,20,A01
201200024013,0,07,000,00,1,1,01,A01
201200024014,0,33,000,00,2,1,01,B02
201200024014,0,07,000,00,2,1,13,A01
201200024015,0,07,000,00,2,1,13,A01
201200024015,0,07,000,00,2,1,01,B02
201200024016,0,07,000,00,2,1,01,B02
201200024016,0,07,000,00,2,1,13,A01
201200024017,0,07,000,00,2,8,01,B02
201200024017,0,07,000,00,2,1,13,A01
201200024017,0,07,000,00,2,3,01,C03
201200024018,0,33,000,13,0,8,01,A01
201200024019,0,33,000,00,2,3,13,A01
201200024019,0,07,000,00,2,3,01,B02
201200024020,0,07,000,00,2,1,17,A01
201200024020,0,07,000,15,2,1,01,B02
201200024021,0,07,000,02,0,2,01,A01
201200024022,0,07,000,01,0,2,02,B02
201200024023,0,07,000,00,1,2,01,A01
201200024024,0,07,000,00,2,3,00,A01
201200024024,1,07,000,00,2,1,15,B01
201200024025,0,07,000,01,0,1,01,A01
201200024026,0,01,000,00,2,1,02,A01
201200024027,0,07,000,03,0,1,19,A01
201200024028,0,17,000,03,0,0,01,A01
201200024029,0,07,000,00,2,1,09,A01
201200024029,0,01,000,00,2,4,02,B01
201200024030,0,07,000,00,2,1,01,B01
201200024030,0,07,000,00,2,1,05,A01
201200024031,0,07,000,00,2,9,02,B01
201200024031,0,07,000,00,2,1,02,A01
201200024031,0,10,000,00,2,4,02,C01
201200024032,0,07,000,00,2,1,01,B01
201200024032,0,07,000,00,2,2,15,A01
201200024033,0,02,000,00,0,1,05,A01
201200024033,0,07,000,00,0,0,23,B01
201200024034,0,07,000,00,0,4,00,B01
201200024034,0,07,000,06,9,1,02,A01
201200024034,0,07,000,01,0,1,00,C01
201200024035,0,07,000,00,0,4,02,B01
201200024035,0,02,000,00,2,1,02,A01
201200024036,0,07,000,00,2,1,02,A01
201200024036,0,07,000,00,2,4,02,B01
201200024037,0,30,000,00,1,1,03,A01
201200024038,0,07,000,00,2,1,01,A01
201200024038,0,07,000,00,2,5,01,B01
201200024039,0,07,000,00,2,1,02,A01
201200024039,0,07,000,00,2,4,02,B01
201200024040,0,03,000,00,2,4,23,C01
201200024040,0,07,000,00,2,4,23,B01
201200024040,0,07,000,00,2,4,23,A01
201200024040,0,99,000,00,0,1,02,D01
201200024041,0,07,000,00,2,5,02,B01
201200024041,0,07,000,00,2,2,02,A01
201200024042,0,07,000,06,2,2,01,A01
201200024042,0,07,000,06,2,3,01,B01
201200024043,0,07,000,00,9,2,01,A01
201200024043,0,01,000,00,2,8,19,B01
201200024044,0,07,000,01,2,2,02,A01
201200024044,0,07,000,01,2,6,02,B01
201200024045,0,10,000,13,0,9,00,A01
201200024046,0,07,000,13,0,1,00,A01
201200024047,0,07,000,00,0,4,02,A01
201200024047,0,07,000,00,2,1,02,B01
201200024048,0,07,000,13,0,1,01,A01
201200024049,0,01,000,00,2,6,01,B01
201200024049,0,07,000,00,2,3,01,A01
201200024050,0,07,000,00,2,3,05,A01
201200024050,0,07,000,01,0,6,20,B02
201200024050,0,07,000,00,0,4,24,C03
201200024051,0,07,000,00,2,3,09,A01
201200024051,0,33,000,00,0,5,02,B02
201200024052,0,33,000,00,2,1,01,A01
201200024052,0,07,000,00,2,3,15,B02
201200024053,0,07,000,00,9,7,01,A01
201200024053,0,01,000,00,2,1,19,B02
201200024054,0,07,000,00,0,1,01,A01
201200024054,0,07,000,00,0,1,13,B02
201200024055,0,35,000,00,2,3,19,A01
201200024055,0,07,000,00,2,2,01,B02
201200024056,0,30,000,00,2,1,09,A01
201200024056,0,07,000,00,2,6,09,B02
201200024057,0,07,000,02,0,9,01,A01
201200024058,0,07,000,00,2,8,15,B01
201200024058,0,07,000,00,2,1,01,A01
201200024059,0,07,000,00,2,1,01,B01
201200024059,0,07,000,00,2,4,04,A01
201200024060,0,30,000,00,2,1,00,A01
201200024060,0,07,000,00,2,6,00,B01
201200024061,0,07,000,00,1,0,00,B01
201200024062,0,07,000,00,2,1,01,A01
201200024062,0,33,000,00,2,4,01,B01
201200024063,0,07,000,00,1,0,01,A01
201200024064,0,33,000,00,0,8,01,B01
201200024064,1,07,000,00,2,1,01,Z01
201200024065,0,33,000,00,2,1,17,A01
201200024065,0,10,000,00,2,1,00,B01
201200024066,0,07,000,00,2,7,15,A01
201200024066,0,32,000,00,2,1,01,B01
201200024067,0,07,000,00,0,5,00,B01
201200024067,0,30,000,00,2,0,00,A01
201200024068,0,02,000,00,0,1,00,A01
201200024069,0,02,000,00,2,6,13,A01
201200024069,0,07,000,00,2,1,05,B01
201200024070,0,07,000,00,2,1,00,A01
201200024070,0,07,000,00,2,4,00,B01
201200024071,0,07,000,00,2,9,05,A01
201200024071,0,07,000,00,2,8,23,B01
201200024071,0,07,000,00,2,1,16,C01
201200024072,0,07,000,00,2,1,09,A01
201200024072,0,33,000,00,2,7,01,B01
201200024073,0,33,000,00,2,4,00,B01
201200024073,0,07,000,00,2,1,00,A01
201200024074,0,07,000,00,2,7,15,A01
201200024074,0,31,000,00,2,1,01,B01
201200024075,0,07,000,00,2,1,01,B01
201200024075,0,07,000,00,2,4,01,C01
201200024075,0,07,000,00,2,1,01,A01
201200024076,0,01,000,00,2,0,01,B01
201200024076,0,07,000,00,2,8,09,A01
201200024077,0,07,000,00,1,6,15,A01
201200024078,0,01,000,00,2,0,00,A01
201200024078,1,07,000,00,2,0,00,Z01
201200024079,0,02,000,00,2,4,01,B01
201200024079,0,07,000,00,2,2,01,A01
201200024080,0,07,000,00,2,7,00,A01
201200024080,0,32,000,00,2,1,00,B01
201200024081,0,07,000,00,2,0,00,A01
201200024081,0,33,000,00,2,0,00,B01
201200024082,0,31,000,00,2,1,01,B01
201200024082,0,07,000,00,2,2,09,A01
201200024083,0,33,000,00,2,3,00,A01
201200024083,0,07,000,00,2,3,00,B01
201200024084,0,07,000,00,1,4,04,A01
201200024085,0,07,000,00,2,1,01,B01
201200024085,0,07,000,00,2,1,15,A01
201200024086,0,07,000,00,2,4,01,A01
201200024086,0,07,000,00,2,4,01,B01
201200024086,0,07,000,00,2,4,01,C01
201200024087,0,33,000,11,0,3,00,C01
201200024087,0,07,000,00,0,0,11,B01
201200024087,0,37,001,00,0,0,00,A01
201200024088,0,10,000,00,2,1,00,B01
201200024088,0,07,000,00,2,1,00,A01
201200024089,0,07,000,00,2,7,19,A01
201200024089,0,33,000,00,2,1,01,B01
201200024090,0,33,000,00,2,1,01,B01
201200024090,0,13,000,00,2,1,00,A01
201200024091,0,07,000,00,2,5,00,B01
201200024091,0,07,000,00,2,6,00,C01
201200024091,0,14,000,00,2,6,00,D01
201200024091,0,07,000,00,2,9,00,A01
201200024092,0,07,000,00,2,2,10,A01
201200024092,0,33,000,00,2,1,01,B01
201200024093,0,31,000,00,2,7,18,B01
201200024093,0,07,000,00,2,1,15,A01
201200024094,0,31,000,00,2,1,01,B01
201200024094,0,07,000,00,2,3,15,A01
201200024095,0,07,000,00,2,1,23,C01
201200024095,0,07,000,00,2,8,01,B01
201200024095,0,07,000,00,2,1,09,A01
201200024096,0,32,000,00,2,3,01,A01
201200024096,0,07,000,00,2,0,15,B01
201200024097,0,07,000,08,0,9,01,A01
201200024098,0,07,000,08,0,9,06,A01
201200024099,0,07,000,00,2,1,00,A01
201200024099,0,07,000,00,2,4,00,B01
201200024100,1,01,000,00,1,0,00,Z01
201200024101,0,07,000,09,0,1,00,A01
201200024102,0,38,001,00,1,1,01,A01
201200024103,0,07,000,00,2,8,11,A01
201200024103,0,33,000,00,2,2,01,B01
201200024104,0,07,000,00,2,9,15,A01
201200024104,0,40,001,00,2,8,01,B01
201200024105,0,32,000,00,2,7,01,A01
201200024105,0,07,000,00,2,5,23,B01
201200024106,1,07,000,00,1,0,04,Z01
201200024107,0,07,000,00,1,2,01,A01
201200024108,0,13,000,00,2,1,09,A01
201200024108,0,07,000,00,2,9,24,B01
201200024109,0,07,000,00,1,0,01,A01
201200024110,0,07,000,00,2,1,01,B01
201200024110,0,31,000,00,2,1,15,A01
201200024111,0,07,000,00,1,2,01,A01
201200024112,0,32,000,00,2,2,17,A01
201200024112,0,07,000,00,2,6,15,B01
201200024113,0,07,000,09,0,7,14,A01
201200024114,0,02,000,00,2,1,17,A01
201200024114,0,07,000,00,2,1,15,B01
201200024115,0,30,000,00,2,9,01,B01
201200024115,1,07,000,00,2,0,15,Z01
201200024116,0,07,000,00,2,1,01,A01
201200024116,0,07,000,00,2,1,01,B01
201200024116,0,07,000,00,2,4,01,C01
201200024117,2,07,000,00,1,0,00,Z01
201200024118,0,02,000,01,0,1,01,A01
201200024119,0,07,000,00,1,1,00,A01
201200024120,0,07,000,01,1,3,00,A01
201200024121,0,07,000,00,2,3,15,A01
201200024121,0,33,000,00,2,1,01,B01
201200024122,0,01,000,00,2,1,00,B01
201200024122,0,07,000,00,2,1,00,A01
201200024123,0,07,000,00,2,1,00,A01
201200024123,0,33,000,00,0,0,00,B01
201200024124,1,07,000,00,2,1,01,Z01
201200024124,0,02,000,01,2,4,01,B01
201200024124,0,07,000,00,2,7,00,C01
201200024125,0,07,000,00,1,0,01,A01
201200024126,0,07,000,00,2,1,00,B01
201200024126,0,15,000,00,2,1,00,A01
201200024126,0,13,000,00,2,4,00,C01
201200024127,0,07,000,00,1,0,15,A01
201200024128,0,07,000,00,2,7,12,A01
201200024128,0,02,000,00,2,3,01,B01
201200024129,0,02,000,14,0,0,01,A01
201200024130,0,33,000,00,2,1,01,A01
201200024130,0,07,000,00,2,4,23,B01
201200024131,0,07,000,00,0,0,15,B01
201200024131,0,07,000,15,0,1,17,A01
201200024132,0,33,000,00,2,0,15,C01
201200024132,0,36,000,00,2,0,15,A01
201200024132,0,07,000,00,2,0,01,B01
201200024133,0,07,000,00,2,3,01,B01
201200024133,0,07,000,00,2,1,15,A01
201200024134,0,33,000,00,2,1,01,A01
201200024134,0,07,000,00,2,4,01,B01
201200024135,0,07,000,00,2,1,00,B01
201200024135,0,07,000,00,2,1,00,A01
201200024136,0,07,000,00,2,0,00,A01
201200024136,0,30,000,00,2,1,00,B01
201200024137,0,30,000,00,2,1,00,B01
201200024137,0,07,000,00,2,1,00,A01
201200024138,0,07,000,00,2,2,09,B01
201200024138,0,07,000,00,2,3,14,A01
201200024139,0,14,000,00,2,0,00,A01
201200024139,0,33,000,00,4,0,00,B01
201200024140,0,07,000,00,1,0,01,A01
201200024141,0,07,000,00,2,1,09,A01
201200024141,0,31,000,00,2,7,01,B01
201200024142,0,37,001,00,1,0,01,A01
201200024143,0,10,000,00,2,4,00,A01
201200024144,1,07,000,00,0,0,00,Z01
201200024144,0,07,000,00,2,3,01,C01
201200024144,0,07,000,00,2,5,01,A01
201200024144,0,33,000,00,2,1,01,B01
201200024145,0,07,000,00,2,1,00,B01
201200024145,0,07,000,00,2,4,00,A01
201200024146,0,02,000,00,2,0,01,B01
201200024146,0,07,000,00,2,6,15,A01
201200024147,0,33,000,00,2,1,01,B01
201200024147,0,07,000,00,2,3,15,A01
201200024148,0,07,000,00,0,0,00,B01
201200024148,0,07,000,00,2,0,00,A01
201200024149,0,07,000,00,2,0,00,B01
201200024149,0,07,000,00,2,0,00,A01
201200024150,0,07,000,00,2,1,01,A01