Num_Acc,senc,catv,occutc,obs,obsm,choc,manv,num_veh
201200024484,0,07,000,00,1,2,01,A01
201200024485,0,33,000,00,2,1,02,B01
201200024485,0,07,000,00,2,4,02,A01
201200024486,0,30,000,00,2,1,15,A01
201200024486,0,07,000,00,2,3,01,B01
201200024487,0,07,000,00,2,2,16,A01
201200024487,0,31,000,00,2,8,01,B01
201200024488,0,15,000,00,2,2,02,B01
201200024488,0,07,000,00,2,6,02,A01
201200024489,0,07,000,00,2,2,17,B01
201200024489,0,07,000,00,2,9,13,A01
201200024490,0,07,000,00,2,1,00,A01
201200024490,0,31,000,00,0,0,00,B01
201200024491,0,07,000,00,1,1,01,A01
201200024492,0,32,000,00,2,0,00,A01
201200024492,0,07,000,00,2,0,00,B01
201200024493,0,01,000,00,2,0,00,B01
201200024493,0,07,000,00,2,0,00,A01
201200024494,0,02,000,00,2,4,02,B01
201200024494,0,07,000,00,2,1,02,A01
201200024495,0,33,000,00,2,1,00,A01
201200024495,0,07,000,00,2,0,00,B01
201200024495,0,33,000,00,0,0,06,C01
201200024496,0,30,000,00,0,0,00,A01
201200024496,0,07,000,00,2,0,00,B01
201200024497,0,07,000,00,0,0,00,A01
201200024498,0,07,000,00,1,2,15,A01
201200024499,0,07,000,00,2,1,02,A01
201200024499,0,07,000,00,2,9,02,B01
201200024499,0,07,000,00,2,4,02,C01
201200024500,0,33,000,00,2,1,02,A01
201200024500,0,07,000,00,2,5,02,B01
201200024501,0,07,000,00,2,9,02,B01
201200024501,0,07,000,00,2,4,02,C01
201200024501,0,10,000,00,2,1,02,A01
201200024501,0,07,000,00,2,5,02,D01
201200024502,0,07,000,00,2,0,00,A01
201200024502,0,07,000,00,2,0,00,C01
201200024502,0,33,000,00,2,0,00,B01
201200024503,0,30,000,00,2,1,11,A01
201200024503,0,07,000,00,2,1,23,B01
201200024504,0,07,000,00,2,1,00,A01
201200024504,0,33,000,00,2,0,00,B01
201200024505,0,02,000,00,2,1,05,A01
201200024505,0,07,000,00,2,6,01,B01
201200024506,1,07,000,00,2,0,00,Z01
201200024506,0,31,000,00,2,0,00,B01
201200024507,0,30,000,00,0,0,00,A01
201200024508,0,07,000,00,2,2,11,B01
201200024508,0,33,000,00,2,1,01,A01
201200024509,0,07,000,00,0,0,00,B01
201200024509,0,33,000,00,2,1,00,A01
201200024510,0,07,000,00,2,4,02,D01
201200024510,0,07,000,00,2,9,03,A01
201200024510,0,07,000,00,2,9,02,C01
201200024510,0,07,000,00,2,1,01,B01
201200024511,0,03,000,00,1,3,01,A01
201200024512,0,33,000,00,2,8,01,B01
201200024512,0,07,000,08,2,1,15,A01
201200024513,0,30,000,00,1,0,02,A01
201200024514,0,07,000,00,2,1,00,B01
201200024514,2,07,000,00,2,2,13,Z01
201200024515,0,37,001,00,2,5,02,C01
201200024515,0,07,000,00,2,4,02,B01
201200024515,0,07,000,00,2,9,02,A01
201200024516,0,07,000,00,1,1,00,A01
201200024517,0,30,000,00,2,1,00,B01
201200024517,0,14,000,00,2,4,02,A01
201200024518,0,07,000,00,2,4,02,A01
201200024518,0,07,000,00,2,1,02,B01
201200024519,0,07,000,00,2,3,15,A01
201200024519,0,31,000,00,2,1,01,B01
201200024520,0,07,000,00,2,4,02,B01
201200024520,0,14,000,00,2,2,02,A01
201200024521,0,07,000,00,1,1,01,A01
201200024522,0,37,001,00,1,5,01,A01
201200024523,0,07,000,00,2,0,00,A01
201200024524,0,07,000,00,1,0,01,A01
201200024525,0,33,000,00,2,3,01,B01
201200024525,0,07,000,00,2,5,12,A01
201200024526,0,07,000,00,2,0,00,C01
201200024526,0,07,000,00,2,0,00,A01
201200024526,0,07,000,00,2,0,00,B01
201200024527,0,33,000,08,0,0,00,A01
201200024528,0,32,000,00,2,8,13,B01
201200024528,0,07,000,00,2,3,13,A01
201200024529,0,01,000,00,1,1,00,A01
201200024530,0,07,000,00,2,6,00,C01
201200024530,0,07,000,00,2,4,00,B01
201200024530,0,07,000,00,2,1,00,A01
201200024531,0,07,000,00,1,1,00,A01
201200024532,0,02,000,00,1,1,00,A01
201200024533,0,32,000,00,0,0,00,B01
201200024533,0,07,000,00,0,0,00,A01
201200024534,0,01,000,00,2,1,01,B01
201200024534,0,07,000,00,2,3,00,A01
201200024535,0,07,000,03,0,9,02,A01
201200024536,0,10,000,00,2,0,00,B01
201200024536,0,07,000,00,2,1,00,A01
201200024536,0,07,000,00,2,0,00,C01
201200024537,0,02,000,00,2,1,01,A01
201200024537,0,07,000,00,2,2,15,B01
201200024538,0,07,000,04,0,9,01,A01
201200024539,0,07,000,00,0,0,00,A01
201200024540,0,07,000,00,2,0,00,B01
201200024540,0,10,000,00,0,0,00,C01
201200024540,0,07,000,00,0,0,00,A01
201200024541,0,07,000,00,2,0,00,C01
201200024541,0,07,000,00,2,0,00,B01
201200024541,0,07,000,00,0,0,00,A01
201200024542,0,07,000,00,1,0,00,A01
201200024543,0,07,000,00,1,0,15,A01
201200024544,0,32,000,00,2,1,01,B01
201200024544,0,37,001,00,2,2,01,A01
201200024545,0,07,000,00,2,8,11,A01
201200024545,0,33,000,00,2,1,01,B01
201200024546,0,07,000,00,2,9,01,B01
201200024546,0,07,000,00,2,1,01,A01
201200024547,0,07,000,00,2,2,01,B01
201200024547,0,01,000,00,2,1,19,A01
201200024548,1,07,000,00,2,0,02,Z01
201200024548,0,33,000,06,0,8,02,A01
201200024549,0,07,000,00,2,0,00,B01
201200024549,0,33,000,00,2,1,17,A01
201200024550,0,07,000,00,2,8,01,B01
201200024550,0,07,000,00,2,1,00,A01
201200024551,0,07,000,00,2,0,00,A01
201200024551,0,07,000,00,2,0,00,B01
201200024552,0,07,000,00,0,5,02,E01
201200024552,0,07,000,03,0,8,02,B01
201200024552,0,07,000,04,0,4,02,D01
201200024552,2,07,000,00,2,1,00,Z01
201200024552,0,07,000,03,2,0,02,C01
201200024553,0,07,000,00,2,0,00,A01
201200024553,0,33,000,00,2,0,00,B01
201200024554,0,07,000,00,0,0,00,A01
201200024554,0,07,000,00,2,0,00,B01
201200024555,0,34,000,00,2,9,02,B01
201200024555,0,07,000,00,2,3,01,A01
201200024556,0,30,000,08,0,9,02,A01
201200024557,0,07,000,00,1,2,01,A01
201200024558,0,07,000,00,2,8,13,A01
201200024558,0,07,000,00,2,1,01,B01
201200024559,0,07,000,00,1,4,02,B01
201200024559,0,07,000,00,2,1,02,A01
201200024560,0,30,000,00,1,1,01,A01
201200024561,0,07,000,00,2,2,01,C03
201200024561,0,07,000,00,2,3,05,A01
201200024561,0,07,000,00,2,8,01,B02
201200024562,0,07,000,00,2,3,15,B02
201200024562,0,30,000,00,2,1,17,A01
201200024563,0,07,000,00,2,3,01,B02
201200024563,0,07,000,00,2,3,13,A01
201200024564,0,07,000,02,0,1,16,A01
201200024565,0,07,000,02,0,1,14,A01
201200024566,0,07,000,00,2,2,01,A01
201200024566,0,02,000,00,2,3,19,B02
201200024567,0,14,000,00,1,4,04,A01
201200024568,0,38,001,09,2,3,21,B02
201200024568,0,33,000,00,2,1,13,A01
201200024569,0,07,000,13,6,2,01,A01
201200024570,0,07,000,00,2,1,01,B02
201200024570,0,07,000,00,2,6,15,A01
201200024571,0,07,000,00,1,2,01,A01
201200024572,0,07,000,00,2,3,01,A01
201200024572,0,07,000,00,2,3,01,B02
201200024572,0,07,000,00,2,8,01,C03
201200024573,0,07,000,00,2,4,00,A01
201200024573,0,07,000,00,2,1,00,B02
201200024573,0,15,000,00,2,0,00,C03
201200024574,0,07,000,00,9,1,01,A01
201200024574,0,07,000,00,9,1,01,B02
201200024575,0,17,000,00,0,0,00,A01
201200024576,0,07,000,05,5,1,00,A01
201200024577,0,17,000,00,0,4,01,A01
201200024577,0,07,000,00,2,1,02,B02
201200024577,0,07,000,14,0,1,01,C03
201200024577,0,07,000,14,0,1,01,D04
201200024577,0,07,000,03,0,1,01,E05
201200024578,0,07,000,00,2,1,01,A01
201200024578,0,07,000,00,2,4,01,B02
201200024578,0,07,000,00,0,5,01,C03
201200024578,0,07,000,00,0,5,00,D04
201200024578,0,07,000,00,0,7,00,E05
201200024578,0,07,000,00,2,2,01,F06
201200024578,0,07,000,00,0,4,00,G07
201200024578,0,07,000,00,0,6,00,H08
201200024578,0,07,000,00,0,5,00,I09
201200024578,0,07,000,00,0,4,00,J10
201200024578,0,07,000,00,0,3,01,K11
201200024578,0,07,000,00,0,3,01,L12
201200024578,0,07,000,00,0,3,00,M13
201200024578,0,07,000,00,2,1,01,N14
201200024578,0,07,000,00,0,6,01,O15
201200024578,0,07,000,00,0,3,01,P16
201200024578,0,07,000,00,0,2,01,Q17
201200024578,0,10,000,00,2,1,01,R18
201200024579,0,07,000,13,0,6,00,A01
201200024580,0,07,000,04,0,1,01,A01
201200024581,0,07,000,00,1,3,01,A01
201200024582,0,33,000,00,0,8,01,A01
201200024583,1,99,000,00,1,1,00,Z02
201200024584,0,10,000,00,1,1,15,A01
201200024585,0,30,000,00,2,8,13,A01
201200024585,0,07,000,00,2,8,01,B02
201200024586,0,07,000,00,2,5,15,A01
201200024586,0,07,000,00,2,1,01,B02
201200024587,0,10,000,00,2,1,01,B02
201200024587,0,07,000,02,0,1,17,A01
201200024588,0,07,000,00,2,3,01,B02
201200024588,0,38,000,00,2,8,01,C03
201200024588,0,07,000,00,2,3,11,A01
201200024589,0,07,000,03,0,2,01,A01
201200024590,0,07,000,02,0,4,01,A01
201200024591,0,07,000,00,1,7,16,A01
201200024592,0,14,000,00,1,1,01,A01
201200024593,0,07,000,00,1,2,01,A01
201200024594,0,07,000,00,1,7,01,A01
201200024595,0,07,000,03,0,1,13,A01
201200024596,0,10,000,00,2,1,17,A01
201200024596,0,07,000,13,2,1,01,B01
201200024597,0,07,000,00,1,1,01,A01
201200024598,0,07,000,00,2,7,17,A01
201200024598,0,30,000,13,2,8,01,B01
201200024599,0,07,000,13,0,1,14,A01
201200024600,0,07,000,00,2,3,13,A01
201200024600,0,30,000,00,2,1,01,B01
201200024601,0,07,000,00,2,1,02,A01
201200024601,0,07,000,00,2,4,01,B01
201200024602,0,07,000,06,0,1,19,A01
201200024603,0,01,000,00,2,8,02,B01
201200024603,0,07,000,00,2,2,02,A01
201200024604,0,07,000,00,2,3,01,C01
201200024604,0,07,000,00,2,1,05,A01
201200024604,0,07,000,00,2,1,01,B01
201200024605,0,07,000,00,2,3,15,B01
201200024605,0,30,000,00,2,2,17,A01
201200024606,0,07,000,00,1,1,01,A01
201200024607,0,07,000,00,2,3,09,A01
201200024607,0,30,000,00,2,1,01,B01
201200024608,0,07,000,00,2,2,15,B01
201200024608,0,02,000,00,2,1,18,A01
201200024609,0,30,000,00,2,2,17,B01
201200024609,0,07,000,00,2,3,15,A01
201200024610,0,07,000,00,2,7,00,A01
201200024610,0,07,000,00,2,3,01,B01
201200024611,0,30,000,00,2,7,01,B01
201200024611,0,10,000,00,2,7,15,A01
201200024612,0,07,000,00,0,1,13,A01
201200024612,0,10,000,00,0,1,21,B02
201200024613,0,07,000,00,1,1,01,A01
201200024614,0,07,000,02,0,1,01,A01
201200024615,0,14,000,00,0,1,17,A01
201200024616,0,07,000,00,0,4,02,B02
201200024616,0,07,000,00,2,1,02,A01
201200024617,0,07,000,00,2,7,01,B02
201200024617,0,07,000,00,2,7,19,A01
201200024618,0,02,000,01,0,1,14,A01
201200024619,0,07,000,00,2,1,17,A01
201200024619,0,07,000,00,2,4,01,B02
201200024619,0,15,000,00,2,2,01,C03
201200024620,0,07,000,00,2,2,13,A01
201200024620,0,14,000,00,2,2,01,B02
201200024621,0,07,000,06,0,0,01,A01
201200024622,0,07,000,13,0,1,01,A01
201200024623,0,01,000,06,0,0,01,A01
201200024624,0,10,000,00,1,1,01,A01
201200024625,0,10,000,00,2,2,19,B02
201200024625,0,07,000,00,2,1,01,A01
201200024626,0,07,000,00,2,1,01,B02
201200024626,0,07,000,00,2,1,13,A01
201200024627,0,07,000,06,0,2,01,A01
201200024628,0,21,000,00,2,6,15,B02
201200024628,0,07,000,00,2,2,17,A01
201200024629,0,32,000,00,2,3,01,B01
201200024629,0,07,000,00,2,2,09,A01
201200024630,0,10,000,00,1,7,01,A01
201200024631,0,01,000,00,2,7,00,B01
201200024631,0,07,000,00,2,2,01,A01
201200024632,0,01,000,00,2,1,01,A01
201200024632,0,07,000,00,0,2,01,B01
201200024633,0,07,000,00,2,3,00,A01
201200024633,0,07,000,00,2,3,01,B01
201200024634,0,07,000,00,1,4,04,A01
201200024635,0,07,000,00,2,4,01,B01
201200024635,0,07,000,00,2,1,01,A01
201200024636,0,07,000,00,1,5,01,A01
201200024637,0,07,000,00,2,1,01,A01
201200024637,0,07,000,00,2,4,01,B01
201200024637,0,07,000,00,2,5,01,C01
201200024638,0,07,000,00,1,1,01,A01
201200024639,0,07,000,00,2,2,15,A01
201200024639,0,02,000,00,2,1,17,B01
201200024640,0,07,000,00,1,3,15,A01
201200024641,0,07,000,00,2,7,01,A01
201200024641,0,02,000,00,2,8,18,B01
201200024642,0,07,000,00,2,8,15,B01
201200024642,0,33,000,00,2,1,17,A01
201200024643,0,07,000,00,2,1,01,A01
201200024643,0,07,000,00,2,4,23,B01
201200024644,0,07,000,00,2,8,15,A01
201200024644,0,02,000,00,2,1,17,B01
201200024645,0,07,000,00,2,4,02,B01
201200024645,0,10,000,00,2,1,02,A01
201200024646,0,07,000,00,2,3,01,A01
201200024646,0,02,000,00,2,1,15,B01
201200024647,0,01,000,00,1,1,01,A01
201200024648,0,07,000,00,2,3,15,A01
201200024648,0,31,000,00,0,6,01,B01
201200024649,0,01,000,00,0,1,01,A01
201200024649,0,07,000,00,2,2,01,B01
201200024650,0,07,000,00,1,2,01,A01
201200024651,0,07,000,00,0,3,01,B01
201200024651,0,02,000,00,2,1,17,A01
201200024652,0,07,000,00,0,0,16,A01
201200024652,0,02,000,00,2,1,01,B01
201200024653,0,07,000,00,2,1,01,A01
201200024653,0,07,000,02,0,1,01,B01
201200024654,0,07,000,00,2,1,01,A01
201200024654,0,01,000,00,0,1,01,B01
201200024655,0,07,000,00,1,1,01,A01
201200024656,0,07,000,00,2,1,02,A01
201200024656,0,10,000,00,2,4,02,D01
201200024656,0,07,000,00,2,4,02,C01
201200024656,0,03,000,00,2,4,02,B01
201200024657,0,31,000,15,0,1,01,A01
201200024658,0,30,000,00,2,1,02,A01
201200024658,0,07,000,00,2,4,02,B01
201200024659,0,07,000,00,2,4,01,B01
201200024659,0,07,000,00,0,4,01,D01
201200024659,0,07,000,00,2,4,01,C01
201200024659,0,07,000,00,2,1,01,A01
201200024660,0,01,000,00,0,1,01,B01
201200024660,0,07,000,00,2,3,14,A01
201200024661,0,30,000,00,2,8,15,A01
201200024661,0,07,000,00,2,1,01,B01
201200024662,0,10,000,00,1,3,15,A01
201200024663,0,07,000,00,1,1,01,A01
201200024664,0,07,000,01,0,3,13,A01
201200024665,0,01,000,00,2,4,15,A01
201200024665,0,07,000,00,2,1,01,B01
201200024666,0,07,000,00,2,2,01,B01
201200024666,0,07,000,00,2,3,16,A01
201200024667,0,30,000,00,1,1,01,A01
201200024668,0,33,000,08,2,1,13,A01
201200024668,0,07,000,00,2,7,01,B01
201200024669,0,33,000,05,0,9,01,A01
201200024670,0,07,000,00,2,6,01,B01
201200024670,0,31,000,00,2,1,01,A01
201200024671,0,07,000,00,2,1,16,A01
201200024671,0,01,000,00,2,1,19,B01
201200024672,0,07,000,00,2,3,10,A01
201200024672,0,32,000,00,2,1,01,B01
201200024673,1,01,000,00,0,0,00,Z01
201200024674,0,07,000,05,0,3,01,A01
201200024675,0,01,000,00,2,1,01,B01
201200024675,0,07,000,00,2,7,01,A01
201200024676,0,07,000,00,2,3,10,A01
201200024676,0,33,000,00,2,1,17,B01
201200024677,0,07,000,00,0,8,01,B01
201200024677,0,07,000,00,2,1,01,A01
201200024678,0,02,000,00,2,1,01,A01
201200024678,0,07,000,00,0,3,01,B01
201200024679,1,07,000,00,2,1,01,Z01
201200024679,0,07,000,00,0,4,01,A01
201200024680,0,15,000,00,2,1,01,A01
201200024680,0,10,000,00,2,4,01,B01
201200024680,0,07,000,00,0,4,01,C01
201200024680,0,07,000,00,2,6,01,D01
201200024680,0,07,000,00,2,4,01,E01
201200024681,0,10,000,00,2,1,01,A01
201200024681,0,07,000,00,1,4,23,B01
201200024682,0,07,000,00,2,8,01,A01
201200024682,0,02,000,00,2,1,01,B01
201200024683,0,07,000,00,2,5,16,A01
201200024683,0,01,000,00,2,1,01,B01
201200024684,0,07,000,00,2,1,01,A01
201200024685,0,07,000,00,0,5,23,B01
201200024685,0,10,000,00,2,3,01,A01
201200024686,0,07,000,00,1,1,01,A01
201200024687,0,07,000,00,0,3,01,A01
201200024687,0,01,000,00,2,2,01,B01
201200024688,0,07,000,00,2,3,01,A01
201200024688,0,32,000,00,2,3,01,B01
201200024689,0,07,000,00,1,1,01,A01
201200024690,0,07,000,01,0,2,11,A01
201200024690,0,14,000,00,0,6,23,B01
201200024691,0,07,000,00,1,1,01,A01
201200024692,0,07,000,00,2,2,01,B01
201200024692,0,02,000,00,2,1,01,A01
201200024693,0,07,000,00,2,1,17,A01
201200024693,0,07,000,00,2,3,01,B01
201200024694,0,07,000,00,2,8,01,B01
201200024694,0,30,000,00,2,1,17,A01
201200024695,0,33,000,00,2,4,02,B01
201200024695,0,07,000,00,2,1,02,A01
201200024696,0,07,000,00,2,9,01,B01
201200024696,0,07,000,00,2,1,01,A01
201200024697,0,01,000,00,2,1,01,A01
201200024697,0,01,000,00,0,0,01,B01
201200024698,0,07,000,00,2,4,02,B01
201200024698,0,10,000,00,2,4,02,C01
201200024698,0,07,000,00,2,1,02,A01
201200024699,0,07,000,00,1,1,01,A01
201200024700,0,07,000,00,2,4,01,B01
201200024700,0,13,000,00,0,4,23,C01
201200024700,0,10,000,00,2,1,01,A01
201200024701,0,03,000,00,1,1,01,A01
201200024702,0,07,000,00,1,1,01,A01
201200024703,0,07,000,06,0,1,01,A01
201200024704,0,07,000,02,0,9,14,A01
201200024705,0,33,000,00,0,5,13,A01
201200024706,0,07,000,00,2,2,00,A01
201200024706,0,02,000,00,2,1,00,B02
201200024707,0,07,000,00,0,9,13,A01
201200024708,0,07,000,06,0,3,13,A01
201200024709,0,10,000,00,0,0,16,A01
201200024710,0,01,000,01,0,8,01,B01
201200024710,1,07,000,00,0,7,01,Z01
201200024711,0,07,000,08,0,1,06,A01
201200024712,0,07,000,00,2,1,09,A01
201200024712,0,01,000,00,2,1,01,B01
201200024713,0,07,000,00,2,6,01,A01
201200024713,0,30,000,00,2,3,15,B01
201200024714,0,07,000,00,0,6,01,C01
201200024714,0,02,000,00,2,1,15,B01
201200024714,0,33,000,00,2,1,01,A01
201200024715,0,07,000,01,0,9,01,A01
201200024716,0,07,000,00,1,2,01,A01
201200024717,0,31,000,00,2,1,12,A01
201200024717,0,07,000,00,0,3,01,B01
201200024718,0,07,000,00,1,1,10,A01
201200024719,0,01,000,00,2,1,01,A01
201200024719,0,07,000,00,2,1,01,B01
201200024720,0,07,000,00,0,8,01,B01
201200024720,0,30,000,00,2,1,01,A01
201200024721,0,07,000,00,1,1,01,A01
201200024722,0,10,000,00,2,1,02,A01
201200024722,0,07,000,00,0,4,01,B01
201200024723,0,07,000,00,2,7,01,A01
201200024723,0,07,000,00,2,1,01,B01
201200024724,0,10,000,00,2,1,15,A01
201200024724,0,07,000,00,0,3,01,B01
201200024725,0,07,000,00,2,2,01,B01
201200024725,0,07,000,00,2,6,15,A01
201200024726,0,10,000,06,0,1,01,A01
201200024727,0,07,000,00,2,3,09,A01
201200024727,0,30,000,00,2,0,02,B01
201200024728,0,07,000,00,2,1,01,B01
201200024728,0,07,000,00,2,1,15,A01
201200024729,0,07,000,01,0,2,00,A01
201200024730,0,07,000,00,0,8,15,A01
201200024730,0,07,000,00,2,1,01,B01
201200024731,0,07,000,00,1,1,15,A01
201200024732,0,07,000,00,2,1,01,B01
201200024732,0,07,000,07,0,7,01,A01
201200024733,0,07,000,00,2,1,02,A01
201200024733,0,07,000,00,0,4,01,B01
201200024734,0,07,000,00,1,2,15,A01
201200024735,0,07,000,00,2,1,02,A01
201200024735,0,07,000,00,0,4,01,B01
201200024736,0,33,000,00,2,1,01,A01
201200024736,0,33,000,00,0,1,15,B01
201200024737,0,33,000,00,0,9,01,B01
201200024737,0,07,000,00,2,1,15,A01
201200024738,0,07,000,00,0,4,23,B01
201200024738,0,07,000,00,2,1,01,A01
201200024739,0,07,000,00,1,1,01,A01
201200024740,0,02,000,00,0,6,01,B01
201200024740,0,07,000,00,2,1,15,A01
201200024741,0,07,000,00,0,7,12,A01
201200024741,0,02,000,00,2,1,01,B01
201200024742,2,07,000,14,0,1,01,A01
201200024743,0,07,000,00,1,8,15,A01
201200024744,0,07,000,00,1,3,02,A01
201200024745,0,32,000,00,2,8,01,A01
201200024745,0,07,000,00,2,1,01,B01
201200024746,0,07,000,00,2,3,01,A01
201200024746,0,01,000,00,0,7,01,B01
201200024747,0,07,000,00,2,2,15,A01
201200024747,0,33,000,00,2,1,01,B01
201200024748,0,02,000,00,0,3,01,B01
201200024748,0,07,000,00,2,2,16,A01
201200024749,0,30,000,00,2,1,01,B01
201200024749,0,10,000,00,0,3,09,A01
201200024750,0,07,000,00,2,1,02,A01
201200024750,0,07,000,00,2,4,02,B01
201200024751,0,07,000,00,1,1,15,A01
201200024752,0,40,000,00,1,1,01,A01
201200024753,0,38,016,00,2,2,01,A01
201200024753,0,07,000,00,2,3,01,B01
201200024754,0,30,000,00,0,7,01,A01
201200024754,1,07,000,00,2,0,00,Z01
201200024755,0,02,000,00,0,0,01,B01
201200024755,2,07,000,00,0,0,24,Z01
201200024756,0,30,000,00,2,1,00,B01
201200024756,0,07,000,00,0,3,01,A01
201200024757,0,30,000,00,1,7,02,A01
201200024758,0,07,000,00,2,4,02,C01
201200024758,0,07,000,00,2,1,02,A01
201200024758,0,07,000,00,2,1,02,B01
201200024759,0,07,000,00,2,1,02,A01
201200024759,0,07,000,00,2,4,02,B01
201200024759,0,07,000,00,0,4,02,C01
201200024760,0,07,000,00,2,0,02,B01
201200024760,0,01,000,00,0,1,01,A01
201200024761,0,01,000,00,2,1,01,B01
201200024761,0,10,000,00,2,1,15,A01
201200024762,0,02,000,00,2,1,01,B01
201200024762,0,07,000,00,0,5,15,A01
201200024763,0,07,000,00,2,1,02,A01
201200024763,0,31,000,00,0,4,02,B01
201200024764,0,10,000,00,0,4,01,B01
201200024764,0,07,000,00,2,1,02,A01
201200024765,0,07,000,00,2,4,02,B01
201200024765,0,07,000,00,2,1,02,A01
201200024766,0,33,000,00,0,4,01,B01
201200024766,0,07,000,00,0,1,01,A01
201200024767,0,07,000,00,2,1,01,B01
201200024767,0,07,000,00,0,3,15,A01
201200024768,0,30,000,00,0,7,01,B01
201200024768,0,02,000,00,2,1,01,A01
201200024769,0,02,000,14,0,3,01,A01
201200024770,0,02,000,00,2,1,01,A01
201200024770,0,07,000,00,2,1,16,B01
201200024771,0,07,000,15,0,1,14,A01
201200024772,0,10,000,00,1,1,01,A01
201200024773,0,33,000,00,2,8,01,B01
201200024773,0,07,000,00,2,1,15,A01
201200024774,0,01,000,00,0,9,19,B01
201200024774,0,07,000,00,2,1,01,A01
201200024775,0,07,000,00,0,6,01,C01
201200024775,0,02,000,00,2,2,02,A01
201200024775,0,07,000,00,0,0,01,B01
201200024776,0,07,000,00,2,7,15,A01
201200024776,0,30,000,00,2,1,01,B01
201200024777,0,33,000,00,0,9,15,A01
201200024778,0,07,000,00,1,1,01,A01
201200024779,0,07,000,00,2,1,15,A01
201200024779,0,01,000,00,0,0,01,B01
201200024780,0,07,000,00,0,4,02,C01
201200024780,0,07,000,00,2,1,02,A01
201200024780,0,07,000,00,2,4,02,B01
201200024781,0,07,000,00,2,3,01,A01
201200024781,0,33,000,00,2,4,01,B01
201200024782,0,07,000,00,0,5,15,A01
201200024782,0,30,000,00,2,1,01,B01
201200024783,0,07,000,08,0,1,01,A01
201200024784,0,33,000,00,2,1,01,A01
201200024784,0,07,000,00,0,7,15,B01
201200024785,0,07,000,00,2,4,02,C01
201200024785,0,07,000,00,0,4,01,D01
201200024785,0,07,000,00,2,1,02,A01
201200024785,0,07,000,00,2,4,02,B01
201200024786,0,07,000,00,1,1,01,A01
201200024787,0,07,000,00,1,3,19,A01
201200024788,0,07,000,00,0,5,01,A01
201200024788,0,02,000,00,2,1,02,B01
201200024789,0,07,000,08,0,3,01,A01
201200024790,0,02,000,00,2,1,01,B01
201200024790,0,10,000,00,2,7,16,A01
201200024791,0,07,000,00,2,1,01,B01
201200024791,0,07,000,06,2,8,01,A01
201200024792,0,01,000,00,0,8,13,A01
201200024792,0,07,000,00,2,1,01,B01
201200024793,0,07,000,00,2,6,04,A01
201200024793,0,31,000,00,2,2,01,B01
201200024794,0,07,000,00,0,3,10,B01
201200024794,0,03,000,00,2,1,15,A01
201200024795,0,07,000,00,0,4,01,C01
201200024795,0,07,000,00,2,1,02,A01
201200024795,0,07,000,00,2,4,02,B01
201200024796,1,07,000,00,0,0,00,Z01
201200024796,0,07,000,07,0,1,00,A01
201200024797,0,07,000,00,2,2,01,A01
201200024797,0,02,000,00,2,1,01,B01
201200024798,0,07,000,00,2,2,09,A01
201200024798,0,30,000,00,0,8,01,B01
201200024799,0,02,000,01,0,1,01,A01
201200024800,0,07,000,00,9,2,15,A01
201200024800,0,01,000,00,2,1,02,B01
201200024801,0,33,000,00,2,1,01,B01
201200024801,0,07,000,00,0,8,01,A01
201200024802,0,33,000,00,0,3,02,B01
201200024802,0,07,000,00,0,3,15,A01
201200024803,0,07,000,00,0,4,01,B01
201200024803,0,07,000,00,2,2,02,A01
201200024804,0,07,000,04,2,7,15,A01
201200024804,0,15,000,00,0,3,01,B01
201200024804,1,99,000,00,0,0,00,Z01
201200024805,0,07,000,08,0,0,00,A01
201200024806,1,07,000,00,1,0,15,Z01
201200024807,0,07,000,00,2,1,02,A01
201200024807,0,07,000,00,0,4,02,B01
201200024808,0,07,000,00,2,1,01,B01
201200024808,0,07,000,00,0,8,15,A01
201200024809,0,01,000,00,1,1,01,A01
201200024810,0,07,000,00,1,2,09,A01
201200024811,0,07,000,00,1,2,15,A01
201200024812,0,07,000,00,2,1,01,A01
201200024812,0,07,000,00,2,9,01,B01
201200024813,0,07,000,00,0,4,02,B01
201200024813,0,10,000,00,2,1,02,A01
201200024814,0,30,000,00,2,1,01,B01
201200024814,1,99,000,00,0,0,00,Z01
201200024815,0,07,000,00,1,1,01,A01
201200024816,0,40,000,00,1,1,01,A01
201200024817,0,07,000,00,4,3,17,A01
201200024817,0,40,000,00,0,1,02,B01
201200024818,0,07,000,00,2,1,02,A01
201200024818,0,07,000,00,2,4,23,B01
201200024819,0,40,000,00,1,1,02,A01
201200024820,0,37,029,00,1,1,01,A01
201200024821,0,07,000,00,2,3,01,B01
201200024821,0,07,000,00,0,5,15,A01
201200024822,0,07,000,00,1,1,15,A01
201200024823,0,07,000,00,2,3,01,A01
201200024823,0,07,000,00,2,9,15,B01
201200024823,0,07,000,00,2,8,15,C01
201200024824,0,02,000,00,2,7,01,B01
201200024824,0,07,000,00,2,3,09,A01
201200024825,0,33,000,00,0,1,01,B01
201200024825,0,30,000,00,2,1,01,A01
201200024826,0,07,000,08,0,1,14,A01
201200024827,0,10,000,00,1,1,01,A01
201200024828,0,30,000,00,2,1,01,A01
201200024828,0,07,000,00,2,1,01,B01
201200024829,0,37,010,00,1,2,16,A01
201200024830,0,02,000,00,2,1,05,A01
201200024830,0,07,000,00,2,1,01,B01
201200024831,0,07,000,00,1,3,16,A01
201200024832,0,07,000,00,2,3,01,B01
201200024832,0,07,000,00,2,3,15,A01
201200024833,0,30,000,00,2,1,01,A01