Num_Acc,senc,catv,occutc,obs,obsm,choc,manv,num_veh
201200025184,0,07,000,14,0,9,00,A01
201200025185,0,30,000,00,2,1,01,A01
201200025185,0,07,000,00,2,8,15,B01
201200025186,0,31,000,00,0,1,17,B01
201200025186,0,14,000,00,0,3,16,A01
201200025187,0,07,000,00,2,3,15,A01
201200025187,0,34,000,00,2,1,21,B01
201200025188,0,07,000,11,0,8,13,A01
201200025189,0,07,000,00,2,1,01,A01
201200025189,0,30,000,00,2,8,01,B01
201200025190,0,01,000,00,0,0,01,A01
201200025190,1,07,000,00,0,0,01,Z01
201200025191,0,07,000,00,2,4,02,A01
201200025191,0,07,000,00,2,1,02,B01
201200025192,0,02,000,00,0,7,01,A01
201200025193,0,07,000,00,0,3,01,B01
201200025193,1,07,000,00,2,0,00,A01
201200025194,0,07,000,00,1,1,01,A01
201200025195,0,07,000,00,0,1,13,A01
201200025196,0,01,000,00,2,9,15,B01
201200025196,0,07,000,00,2,3,01,A01
201200025197,0,30,000,00,2,6,01,A01
201200025197,0,07,000,00,2,2,16,B01
201200025198,1,07,000,00,2,1,01,Z01
201200025198,0,03,000,00,2,7,01,B01
201200025199,0,10,000,00,2,7,16,B01
201200025199,0,02,000,01,2,8,01,A01
201200025200,0,07,000,00,2,8,11,A01
201200025200,0,31,000,01,2,1,01,B01
201200025201,0,07,000,00,2,1,15,A01
201200025201,0,07,000,00,2,1,01,B01
201200025202,0,07,000,00,2,2,01,B01
201200025202,0,07,000,00,2,2,01,A01
201200025203,0,34,000,00,2,1,01,A01
201200025203,0,07,000,00,2,4,01,B01
201200025204,0,07,000,00,2,7,01,A01
201200025204,0,01,000,00,2,9,01,B01
201200025205,0,37,062,00,1,2,01,A01
201200025206,0,07,000,00,2,1,15,A01
201200025206,0,07,000,00,2,9,01,B01
201200025207,0,07,000,00,0,8,01,A01
201200025207,0,40,000,00,2,1,01,B01
201200025208,0,07,000,00,4,3,06,A01
201200025208,0,40,000,00,2,2,01,B01
201200025209,0,07,000,00,0,3,01,B01
201200025209,0,02,000,00,2,1,01,A01
201200025210,0,07,000,00,0,1,00,A01
201200025211,0,02,000,00,2,8,01,B01
201200025211,0,07,000,00,2,2,01,A01
201200025212,0,07,000,00,2,1,15,A01
201200025212,0,33,000,00,2,8,01,B01
201200025213,0,07,000,01,0,2,15,A01
201200025214,0,07,000,00,2,3,13,A01
201200025214,0,07,000,01,2,9,01,B01
201200025215,0,01,000,00,2,0,01,A01
201200025215,0,07,000,00,2,1,01,B01
201200025216,0,02,000,00,0,0,01,B01
201200025216,0,37,001,00,0,0,01,A01
201200025217,0,07,000,00,2,1,01,B01
201200025217,0,07,000,00,2,1,15,A01
201200025218,0,07,000,00,2,2,01,A01
201200025218,0,31,000,00,2,1,01,B01
201200025219,0,07,000,00,2,3,01,B01
201200025219,0,07,000,00,2,3,00,A01
201200025220,0,07,000,00,2,1,15,B01
201200025220,0,02,000,00,2,1,01,A01
201200025221,0,07,000,00,1,2,01,A01
201200025222,0,33,000,14,2,3,02,A01
201200025222,0,07,000,00,0,2,02,B01
201200025223,0,33,000,00,2,1,01,A01
201200025223,0,30,000,00,0,4,01,B01
201200025224,0,07,000,02,0,9,13,A01
201200025225,0,01,000,00,0,5,02,B01
201200025225,0,07,000,00,2,1,02,A01
201200025226,0,02,000,00,2,3,01,A01
201200025226,0,07,000,00,2,3,01,B01
201200025227,0,07,000,00,1,3,01,A01
201200025228,0,40,000,00,0,2,01,A01
201200025228,0,01,000,00,4,1,01,B01
201200025229,0,10,000,00,2,2,15,B01
201200025229,0,02,000,00,0,5,01,A01
201200025230,0,07,000,00,2,1,15,A01
201200025230,0,02,000,00,2,1,01,B01
201200025231,0,07,000,00,1,3,01,A01
201200025232,0,30,000,00,1,0,01,A01
201200025233,0,33,000,00,2,1,01,A01
201200025233,0,07,000,00,2,3,16,B01
201200025234,0,07,000,00,2,3,16,A01
201200025234,0,30,000,00,2,1,01,B01
201200025235,0,40,000,00,2,1,01,B01
201200025235,0,07,000,00,4,8,19,A01
201200025236,0,33,000,00,2,1,01,A01
201200025236,0,07,000,00,0,2,15,B01
201200025237,0,07,000,00,2,1,01,A01
201200025237,0,07,000,00,2,4,01,B01
201200025238,0,33,000,00,2,6,01,B01
201200025238,0,07,000,00,2,3,15,A01
201200025239,0,07,000,00,2,1,01,A01
201200025239,0,37,003,00,2,1,01,B01
201200025240,0,07,000,00,2,1,02,A01
201200025240,0,07,000,00,2,4,02,C01
201200025240,0,07,000,00,2,9,02,B01
201200025241,0,10,000,00,2,1,19,A01
201200025241,0,07,000,00,2,1,13,B01
201200025242,0,07,000,02,0,1,01,A01
201200025243,0,07,000,14,0,1,13,A01
201200025244,0,07,000,12,0,0,17,A01
201200025245,0,07,000,00,0,0,01,A01
201200025245,0,33,000,00,2,8,01,B01
201200025246,0,07,000,00,2,1,15,A01
201200025246,0,01,000,00,2,1,01,B01
201200025247,0,33,000,00,2,1,01,A01
201200025247,0,30,000,00,2,9,15,B01
201200025248,0,33,000,00,2,9,01,B01
201200025248,0,07,000,00,2,3,13,A01
201200025249,0,07,000,00,2,5,15,A01
201200025249,0,30,000,00,2,1,01,B01
201200025250,0,10,000,00,2,2,15,A01
201200025250,0,07,000,00,2,1,01,B01
201200025251,0,07,000,00,2,1,13,A01
201200025251,0,07,000,01,2,1,01,B01
201200025251,0,07,000,00,2,6,01,C01
201200025252,0,07,000,00,2,1,01,A01
201200025252,0,07,000,00,2,9,01,B01
201200025252,0,07,000,00,2,4,01,C01
201200025253,0,31,000,00,2,7,01,A01
201200025253,0,07,000,00,2,8,01,B01
201200025254,0,33,000,02,0,1,01,A01
201200025255,0,07,000,00,2,1,15,A01
201200025255,0,33,000,00,2,8,01,B01
201200025256,0,07,000,00,1,3,01,A01
201200025257,0,30,000,12,0,7,01,A01
201200025258,0,33,000,00,2,4,02,B01
201200025258,0,07,000,00,2,1,02,A01
201200025259,0,33,000,00,2,9,01,A01
201200025259,0,07,000,00,2,3,01,B01
201200025260,0,01,000,00,2,1,01,A01
201200025260,0,10,000,00,0,7,01,B01
201200025261,0,02,000,00,2,1,01,A01
201200025261,0,10,000,00,2,5,23,B01
201200025262,0,07,000,00,2,3,00,A01
201200025262,0,07,000,00,2,1,15,B01
201200025263,0,07,000,03,9,9,01,A01
201200025264,0,31,000,00,2,7,01,B01
201200025264,0,07,000,00,2,2,16,A01
201200025265,0,07,000,01,0,2,01,A01
201200025266,0,07,000,00,2,1,01,B01
201200025266,0,07,000,00,2,2,01,A01
201200025267,0,07,000,00,2,8,15,A01
201200025267,0,33,000,00,2,1,15,B01
201200025268,0,02,000,08,0,2,15,A01
201200025269,0,31,000,00,2,8,01,B01
201200025269,0,07,000,00,2,5,15,A01
201200025270,0,33,000,00,2,1,01,A01
201200025270,0,10,000,00,2,4,01,B01
201200025271,0,10,000,00,2,1,01,A01
201200025271,0,07,000,00,0,4,01,C01
201200025271,0,07,000,00,2,4,01,B01
201200025272,0,07,000,00,1,3,15,A01
201200025273,0,07,000,01,0,2,01,A01
201200025274,0,07,000,00,1,5,04,A01
201200025275,0,30,000,00,2,1,11,B01
201200025275,0,07,000,00,2,4,15,A01
201200025276,0,07,000,14,2,1,01,A01
201200025276,0,07,000,14,2,2,15,B01
201200025277,0,34,000,00,2,8,01,A01
201200025277,0,07,000,00,0,8,15,B01
201200025278,0,33,000,00,2,9,17,A01
201200025278,0,07,000,00,2,6,15,B01
201200025279,0,01,000,08,0,1,01,A01
201200025280,0,02,000,00,1,6,06,A01
201200025281,0,07,000,00,0,6,24,B01
201200025281,0,07,000,00,2,5,01,A01
201200025282,0,07,000,00,2,7,15,A01
201200025282,0,07,000,00,2,1,01,B01
201200025282,0,07,000,00,2,1,01,C01
201200025283,0,30,000,00,2,1,01,A01
201200025283,0,07,000,00,0,3,01,B01
201200025284,0,07,000,00,0,3,10,B01
201200025284,0,34,000,00,2,1,16,A01
201200025285,0,01,000,00,2,9,01,A01
201200025285,0,07,000,00,0,3,16,B01
201200025286,0,07,000,00,2,7,14,B01
201200025286,0,33,000,00,2,8,18,A01
201200025287,0,07,000,00,0,6,01,A01
201200025287,0,10,000,00,2,3,11,B01
201200025288,1,30,000,00,1,1,01,Z01
201200025289,0,07,000,00,0,4,02,B01
201200025289,0,07,000,00,2,1,02,A01
201200025290,0,33,000,00,2,1,01,B01
201200025290,0,07,000,00,2,1,15,A01
201200025291,0,30,000,00,2,7,17,A01
201200025291,0,07,000,00,0,3,15,B01
201200025292,0,10,000,00,0,5,20,A01
201200025292,0,30,000,00,2,2,01,B01
201200025293,0,07,000,00,1,2,01,A01
201200025294,0,07,000,00,2,5,01,B01
201200025294,0,07,000,00,2,3,01,A01
201200025295,0,33,000,00,2,1,02,A01
201200025295,0,07,000,00,0,5,01,B01
201200025296,0,01,000,00,0,8,01,A01
201200025296,1,07,000,00,2,0,01,Z01
201200025297,0,07,000,00,2,8,01,A01
201200025297,0,10,000,00,2,9,01,B01
201200025298,0,02,000,14,0,7,09,A01
201200025299,0,07,000,00,1,1,01,A01
201200025300,0,30,000,00,2,1,02,A01
201200025300,0,07,000,00,0,4,01,B01
201200025301,0,33,000,00,2,8,01,B01
201200025301,0,07,000,00,2,3,15,A01
201200025302,0,31,000,00,2,2,15,B01
201200025302,1,99,000,00,2,0,16,Z01
201200025303,0,31,000,00,2,3,16,A01
201200025303,0,07,000,00,2,7,16,B01
201200025304,0,07,000,00,2,3,11,A01
201200025304,0,07,000,00,0,3,01,B01
201200025305,0,07,000,00,2,3,13,A01
201200025305,0,07,000,00,0,3,01,B01
201200025306,0,02,000,01,0,1,01,A01
201200025307,0,02,000,12,0,9,01,A01
201200025308,0,07,000,09,2,9,01,A01
201200025308,0,07,000,00,2,8,12,B01
201200025309,0,01,000,00,2,0,01,B01
201200025309,0,07,000,00,2,0,15,A01
201200025310,0,07,000,00,2,1,01,A01
201200025310,0,07,000,00,2,4,11,B01
201200025311,0,07,000,00,2,3,15,A01
201200025311,0,07,000,00,2,2,01,B01
201200025312,0,07,000,00,2,1,02,B01
201200025312,0,07,000,00,2,1,02,A01
201200025313,0,33,000,00,2,1,01,B01
201200025313,0,07,000,00,2,3,01,C01
201200025313,0,07,000,00,2,2,15,A01
201200025314,0,30,000,00,0,5,01,A01
201200025315,0,33,000,00,2,7,01,A01
201200025315,0,07,000,00,2,3,15,B01
201200025316,0,07,000,00,2,5,16,B01
201200025316,0,33,000,00,2,8,16,A01
201200025317,0,07,000,00,1,2,01,A01
201200025318,0,30,000,00,2,1,01,B01
201200025318,0,07,000,00,2,2,01,A01
201200025319,0,02,000,00,9,7,01,A01
201200025320,0,07,000,00,1,3,15,A01
201200025321,0,01,000,00,2,0,01,B01
201200025321,0,07,000,00,2,1,01,A01
201200025322,0,07,000,00,2,7,01,B01
201200025322,0,02,000,00,2,1,01,A01
201200025323,0,07,000,00,2,1,15,A01
201200025323,0,07,000,00,2,1,01,B01
201200025324,0,07,000,00,0,1,01,B01
201200025324,0,07,000,00,2,1,09,A01
201200025325,0,33,000,00,2,5,17,B01
201200025325,0,07,000,00,2,3,10,A01
201200025326,0,07,000,08,0,2,09,A01
201200025327,0,07,000,00,2,8,15,A01
201200025327,0,33,000,00,2,9,17,B01
201200025328,0,07,000,00,2,4,10,B01
201200025328,0,07,000,00,2,8,01,A01
201200025329,0,33,000,00,0,8,01,A01
201200025330,0,31,000,00,2,7,16,A01
201200025330,0,07,000,00,2,8,02,B01
201200025331,0,07,000,00,1,0,01,A01
201200025332,0,30,000,00,9,7,01,A01
201200025332,1,07,000,00,2,0,01,B01
201200025333,0,37,001,00,0,7,17,A01
201200025333,0,01,000,00,2,3,07,B01
201200025334,0,07,000,00,0,8,01,B01
201200025334,0,02,000,00,2,3,13,A01
201200025335,0,07,000,00,0,2,04,A01
201200025335,0,07,000,00,2,1,01,B01
201200025336,0,07,000,00,2,1,15,A01
201200025336,0,07,000,00,0,2,01,B01
201200025337,0,07,000,00,0,7,15,B01
201200025337,0,07,000,00,2,2,01,A01
201200025338,0,01,000,01,2,3,01,B01
201200025338,0,07,000,00,0,7,01,A01
201200025339,0,07,000,00,2,2,16,A01
201200025339,0,33,000,00,0,2,01,B01
201200025340,1,10,000,00,2,0,01,Z01
201200025340,0,01,000,00,2,0,00,A01
201200025341,0,07,000,06,0,1,01,A01
201200025342,0,02,000,00,0,7,01,A01
201200025342,0,10,000,00,2,1,01,B01
201200025343,0,10,000,00,2,2,16,A01
201200025343,0,30,000,00,2,3,16,B01
201200025344,0,02,000,00,2,1,16,A01
201200025344,0,07,000,00,2,1,15,B01
201200025345,0,07,000,08,0,1,01,A01
201200025346,0,07,000,00,0,3,16,B01
201200025346,0,33,000,00,0,0,09,A01
201200025347,0,07,000,00,2,3,01,A01
201200025347,0,01,000,00,2,1,19,B01
201200025348,0,07,000,00,2,1,15,A01
201200025348,0,07,000,03,2,3,01,B01
201200025349,0,30,000,00,0,0,01,A01
201200025350,0,01,000,00,2,1,01,B01
201200025350,0,07,000,00,2,2,15,A01
201200025351,0,10,000,00,2,3,10,A01
201200025351,0,32,000,01,2,1,17,B01
201200025352,0,01,000,00,1,0,01,A01
201200025353,0,07,000,00,0,7,01,B01
201200025353,0,07,000,00,2,1,01,A01
201200025354,0,07,000,00,0,3,16,A01
201200025354,0,07,000,00,2,1,16,B01
201200025355,0,07,000,00,1,0,01,A01
201200025356,0,07,000,00,2,1,02,A01
201200025356,0,07,000,00,0,4,23,B01
201200025357,0,07,000,00,0,7,15,A01
201200025357,0,33,000,00,2,9,01,B01
201200025358,0,07,000,00,0,0,15,A01
201200025358,0,31,000,00,2,3,01,B01
201200025359,0,33,000,00,2,9,01,B01
201200025359,0,07,000,00,0,7,01,A01
201200025360,0,07,000,08,0,2,01,A01
201200025361,0,33,000,07,0,8,01,A01
201200025362,0,30,000,00,0,0,00,A01
201200025363,0,07,000,00,2,2,16,A01
201200025363,0,01,000,00,2,1,01,B01
201200025364,0,02,000,00,2,2,01,B01
201200025364,0,07,000,00,0,3,20,A01
201200025365,0,07,000,00,2,1,15,A01
201200025365,0,07,000,00,2,3,00,B01
201200025366,0,32,000,00,2,1,01,A01
201200025366,0,07,000,00,0,2,15,B01
201200025367,0,30,000,15,0,3,06,A01
201200025368,0,07,000,02,0,1,14,A01
201200025369,0,07,000,00,1,2,01,A01
201200025370,0,02,000,00,2,1,00,B01
201200025370,0,07,000,00,0,2,01,A01
201200025371,0,07,000,00,2,1,01,B01
201200025371,0,33,000,00,2,9,01,A01
201200025372,0,33,000,00,2,7,17,A01
201200025372,0,07,000,00,0,6,11,B01
201200025373,0,07,000,00,2,3,15,A01
201200025373,0,30,000,00,2,1,01,B01
201200025374,0,33,000,00,2,1,01,A01
201200025374,0,07,000,00,2,4,01,B01
201200025375,0,07,000,00,2,6,04,A01
201200025375,0,33,000,00,0,5,23,B01
201200025376,0,07,000,01,0,1,02,A01
201200025377,0,07,000,00,1,2,01,A01
201200025378,0,31,000,00,2,9,01,B01
201200025378,0,07,000,00,2,3,15,A01
201200025379,0,34,000,00,2,9,01,B01
201200025379,0,07,000,00,2,8,15,A01
201200025380,0,07,000,00,1,3,01,A01
201200025381,0,01,000,01,0,1,01,A01
201200025381,0,07,000,00,0,0,23,B01
201200025382,0,10,000,00,0,4,16,C01
201200025382,0,10,000,00,2,1,01,A01
201200025382,0,07,000,00,2,9,02,B01
201200025383,0,37,015,00,2,1,02,A01
201200025383,0,07,000,00,0,4,23,B01
201200025384,0,07,000,00,1,1,01,A01
201200025385,0,01,000,00,2,0,01,B01
201200025385,1,07,000,00,2,0,01,Z01
201200025386,0,30,000,00,2,1,16,B01
201200025386,0,07,000,00,2,1,15,A01
201200025387,0,30,000,00,2,1,01,B01
201200025387,0,07,000,00,2,1,16,A01
201200025388,0,07,000,00,2,8,01,B01
201200025388,0,15,000,00,2,1,01,A01
201200025389,0,31,000,00,2,1,01,B01
201200025389,0,07,000,00,2,1,15,A01
201200025390,0,02,000,00,0,0,00,A01
201200025391,0,10,000,00,2,1,01,B01
201200025391,0,07,000,00,2,5,01,A01
201200025392,0,31,000,00,2,8,16,B01
201200025392,0,07,000,00,2,1,15,A01
201200025393,0,07,000,00,0,6,23,B01
201200025393,0,02,000,00,2,1,01,A01
201200025394,0,07,000,00,2,1,01,B01
201200025394,0,07,000,00,2,1,01,A01
201200025395,0,02,000,00,2,9,01,B01
201200025395,0,07,000,00,9,6,15,A01
201200025396,0,01,000,00,2,0,01,A01
201200025396,0,10,000,00,0,3,01,B01
201200025397,0,10,000,00,2,1,01,B01
201200025397,0,07,000,08,0,7,16,A01
201200025398,0,07,000,00,2,1,01,A01
201200025398,0,32,000,00,2,9,02,B01
201200025399,0,07,000,00,1,2,15,A01
201200025400,0,07,000,00,0,4,01,B01
201200025400,0,07,000,00,2,1,02,A01
201200025401,0,01,000,00,0,1,01,A01
201200025401,0,16,000,00,2,0,01,B01
201200025402,0,07,000,00,2,4,02,B01
201200025402,0,07,000,00,2,1,02,A01
201200025403,0,07,000,00,1,2,01,A01
201200025404,0,07,000,00,2,1,01,A01
201200025404,0,07,000,00,0,7,02,B01
201200025405,0,33,000,00,2,3,18,A01
201200025405,0,07,000,00,2,7,01,B01
201200025406,0,07,000,00,2,8,01,C01
201200025406,0,07,000,00,2,5,02,B01
201200025406,0,07,000,00,2,9,02,A01
201200025407,0,02,000,00,2,1,01,B01
201200025407,0,02,000,00,2,0,01,A01
201200025408,0,07,000,00,1,1,16,A01
201200025409,0,02,000,00,2,2,15,A01
201200025409,0,07,000,00,2,3,15,B01
201200025410,0,07,000,00,2,1,01,A01
201200025410,0,07,000,00,2,1,15,B01
201200025411,0,02,000,00,2,1,02,A01
201200025411,0,07,000,00,0,4,02,B01
201200025412,0,07,000,00,0,8,15,B01
201200025412,0,02,000,00,2,7,01,A01
201200025413,0,07,000,00,1,1,01,A01
201200025414,0,07,000,00,2,1,01,A01
201200025414,0,07,000,00,2,1,01,B01
201200025415,0,07,000,00,2,3,15,A01
201200025415,0,30,000,00,2,1,01,B01
201200025416,0,07,000,00,2,4,02,C01
201200025416,0,07,000,00,2,1,02,A01
201200025416,0,07,000,00,2,4,02,D01
201200025416,0,07,000,00,0,4,02,E01
201200025416,0,07,000,00,2,1,02,B01
201200025417,0,02,000,00,0,0,01,A01
201200025418,0,33,000,00,2,6,01,B01
201200025418,0,07,000,00,2,7,01,A01
201200025419,0,07,000,00,0,7,15,A01
201200025419,0,33,000,00,2,1,01,B01
201200025420,0,01,000,00,2,8,01,A01
201200025420,0,10,000,00,2,1,16,B01
201200025421,0,07,000,00,2,2,01,A01
201200025421,0,01,000,00,0,4,15,B01
201200025422,0,33,000,00,2,1,01,B01
201200025422,0,07,000,00,0,2,15,A01
201200025423,0,07,000,00,2,1,01,A01
201200025423,0,13,000,00,2,3,01,B01
201200025424,0,07,000,00,2,0,16,B01
201200025424,0,01,000,00,2,0,01,A01
201200025425,0,33,000,00,2,1,15,B01
201200025425,0,07,000,00,0,2,01,A01
201200025426,0,07,000,00,0,4,02,B01
201200025426,0,07,000,00,2,1,01,A01
201200025427,0,07,000,01,0,2,01,A01
201200025428,0,07,000,00,0,0,15,A01
201200025429,0,07,000,00,2,1,01,A01
201200025429,0,07,000,00,2,8,20,B01
201200025430,0,07,000,01,0,3,11,A01
201200025431,0,07,000,00,2,3,15,B01
201200025431,0,30,000,00,2,7,01,A01
201200025432,0,07,000,00,2,8,01,C01
201200025432,0,02,000,00,2,1,01,B01
201200025432,1,07,000,00,2,0,16,Z01
201200025433,0,37,000,00,1,2,01,A01
201200025434,0,07,000,00,2,1,01,B01
201200025434,0,07,000,00,2,1,15,A01
201200025435,0,33,000,00,2,2,15,A01
201200025435,0,07,000,00,2,1,01,B01
201200025436,0,30,000,00,2,9,01,C01
201200025436,0,30,000,00,2,7,01,A01
201200025436,0,07,000,00,2,8,15,B01
201200025437,0,07,000,00,0,8,15,B01
201200025437,1,07,000,00,0,0,17,Z01
201200025438,0,10,000,00,1,2,01,A01
201200025439,0,07,000,00,2,0,15,B01
201200025439,0,02,000,00,2,9,01,A01
201200025440,0,30,000,12,0,2,01,A01
201200025441,0,07,000,00,0,2,01,A01
201200025442,0,07,000,00,1,2,15,A01
201200025443,0,02,000,00,0,5,00,A01
201200025444,0,07,000,00,1,0,15,A01
201200025445,0,02,000,11,2,0,15,A01
201200025445,0,37,000,00,2,0,15,B01
201200025446,0,30,000,00,2,1,01,A01
201200025446,0,07,000,00,2,8,01,B01
201200025447,0,01,000,00,2,7,15,A01
201200025447,0,07,000,00,2,9,01,B01
201200025448,0,07,000,00,0,4,23,B01
201200025448,0,07,000,01,0,1,01,A01
201200025449,0,01,000,00,2,1,01,B01
201200025449,0,07,000,00,0,6,01,A01
201200025450,0,07,000,00,2,2,01,A01
201200025450,0,07,000,00,2,3,01,B01
201200025451,0,07,000,00,2,4,02,C01
201200025451,0,07,000,00,2,1,02,A01
201200025451,0,07,000,00,2,9,02,B01
201200025452,0,07,000,00,2,1,15,A01
201200025452,0,30,000,00,2,1,05,B01
201200025453,0,07,000,00,0,5,02,B01
201200025453,0,07,000,00,2,3,01,A01
201200025454,0,07,000,00,2,2,01,A01
201200025454,0,07,000,00,2,6,02,B01
201200025455,0,07,000,00,2,9,02,B01
201200025455,0,07,000,00,0,4,02,C01
201200025455,0,31,000,01,0,1,01,A01
201200025456,0,33,000,00,0,3,01,A01
201200025457,0,07,000,00,0,7,15,B01
201200025457,0,31,000,00,2,1,01,A01
201200025458,0,07,000,00,1,3,01,A01
201200025459,0,07,000,00,2,1,15,A01
201200025459,0,30,000,00,2,1,01,B01
201200025460,0,07,000,00,2,7,01,A01
201200025460,0,33,000,00,2,1,01,B01
201200025461,0,01,000,00,0,3,16,A01
201200025462,0,30,000,01,0,7,01,A01
201200025463,0,07,000,01,0,1,01,A01
201200025463,0,07,000,01,0,9,02,B01
201200025463,0,07,000,01,0,9,02,C01
201200025463,0,07,000,00,0,4,02,D01
201200025464,0,01,000,00,0,7,01,B01
201200025464,0,07,000,00,0,1,16,A01
201200025465,0,07,000,00,2,8,01,B01
201200025465,0,07,000,00,2,7,01,A01
201200025466,0,10,000,00,0,8,01,A01
201200025466,0,01,000,00,2,7,01,B01
201200025467,0,02,000,00,2,9,01,B01
201200025467,0,07,000,00,2,7,01,A01
201200025468,0,07,000,00,2,7,17,A01
201200025468,0,33,000,00,2,1,01,B01
201200025469,0,07,000,00,2,2,01,C01
201200025469,0,33,000,00,2,1,01,A01
201200025469,0,07,000,00,0,4,02,B01
201200025470,0,07,000,01,0,1,01,A01
201200025471,1,07,000,00,2,0,15,B01
201200025471,0,02,000,00,2,0,01,A01
201200025472,0,07,000,00,2,1,01,A01
201200025472,0,07,000,00,0,4,02,B01
201200025473,0,02,000,00,2,2,01,A01
201200025473,0,07,000,00,0,8,01,B01
201200025474,0,07,000,00,2,1,15,A01
201200025474,0,01,000,00,2,1,01,B01
201200025475,0,07,000,00,2,1,15,A01
201200025475,0,07,000,00,2,9,01,B01
201200025476,0,07,000,00,1,5,01,A01
201200025477,0,31,000,00,2,1,21,B01
201200025477,0,07,000,00,2,1,15,A01
201200025478,0,14,000,00,2,1,02,A01
201200025478,0,07,000,00,2,9,16,B01
201200025479,0,10,000,00,2,3,01,A01
201200025479,0,01,000,00,0,8,01,B01
201200025480,0,02,000,00,2,1,16,A01
201200025480,0,07,000,00,2,2,16,B01
201200025481,1,07,000,00,1,0,01,A01
201200025482,0,10,000,00,1,1,16,A01
201200025483,0,07,000,00,0,4,01,C01
201200025483,0,07,000,00,2,4,01,B01
201200025483,0,10,000,00,2,1,01,A01
201200025484,0,07,000,00,2,1,01,A01
201200025484,0,07,000,00,2,9,02,B01
201200025484,0,07,000,00,2,9,02,C01
201200025484,0,07,000,00,0,4,01,D01
201200025485,0,07,000,00,2,5,01,A01
201200025485,0,33,000,00,2,1,01,B01
201200025486,0,07,000,00,2,9,15,A01
201200025486,0,07,000,00,2,2,01,B01
201200025487,0,02,000,00,2,8,15,A01
201200025487,0,07,000,00,2,3,15,B01
201200025488,0,02,000,00,2,9,02,B01
201200025488,0,07,000,00,2,1,02,A01
201200025488,0,07,000,00,2,4,02,C01
201200025489,0,07,000,00,1,0,15,A01
201200025490,0,07,000,00,1,1,01,A01
201200025491,0,07,000,01,0,2,01,A01
201200025492,0,01,000,00,2,1,01,B01
201200025492,0,07,000,00,2,1,15,A01
201200025493,0,01,000,00,0,1,00,A01
201200025494,0,10,000,00,2,2,23,C01
201200025494,0,07,000,00,2,9,01,A01
201200025494,0,02,000,00,2,4,01,B01
201200025495,0,10,000,00,2,1,01,A01
201200025495,0,14,000,00,0,4,01,B01
201200025496,0,07,000,00,0,3,01,A01
201200025496,0,33,000,00,2,1,15,B01
201200025497,0,07,000,00,2,2,16,A01
201200025497,0,02,000,00,2,2,01,B01
201200025498,0,02,000,00,0,2,01,B01
201200025498,0,07,000,00,2,1,01,A01
201200025499,0,34,000,00,2,1,02,A01
201200025499,0,07,000,00,0,4,01,B01
201200025500,0,07,000,01,0,3,01,A01
201200025501,0,40,000,00,1,3,01,A01
201200025502,0,10,000,00,2,0,24,C01
201200025502,0,10,000,00,2,2,01,B01
201200025502,0,01,000,00,2,3,21,A01
201200025503,0,07,000,00,2,3,01,A01
201200025503,0,33,000,00,2,1,01,B01
201200025504,0,07,000,00,0,3,16,A01
201200025504,0,07,000,00,2,2,01,B01
201200025505,0,07,000,00,0,0,01,A01
201200025506,0,07,000,00,2,1,02,A01
201200025506,0,07,000,00,0,4,02,B01
201200025507,0,10,000,00,1,1,15,A01
201200025508,0,01,000,00,2,0,01,A01
201200025508,0,07,000,00,0,2,01,B01
201200025509,0,33,000,00,2,7,01,A01
201200025509,0,07,000,00,2,8,15,B01
201200025510,0,01,000,00,2,0,01,B01
201200025510,0,07,000,00,0,6,16,A01
201200025511,0,07,000,00,2,1,02,A01
201200025511,0,07,000,00,0,4,01,B01
201200025512,0,14,000,00,1,8,23,A01
201200025513,0,07,000,00,9,1,09,A01
201200025514,0,07,000,00,2,2,15,B01
201200025514,0,07,000,00,2,3,01,A01
201200025515,0,07,000,00,1,1,01,A01
201200025516,0,07,000,01,2,1,15,A01
201200025516,0,07,000,00,0,3,01,B01
201200025517,0,07,000,00,2,3,15,A01
201200025517,0,33,000,00,2,1,01,B01
201200025518,0,07,000,00,0,3,15,B01
201200025518,0,02,000,00,0,1,01,A01
201200025519,0,07,000,00,9,1,01,A01
201200025520,0,07,000,00,2,4,01,C01
201200025520,0,07,000,00,2,0,01,A01
201200025520,0,07,000,00,2,9,01,B01
201200025521,0,07,000,00,0,3,01,B01
201200025521,0,02,000,00,2,1,01,A01
201200025522,0,07,000,00,0,4,01,B01
201200025522,0,07,000,00,0,1,02,A01
201200025523,0,02,000,00,2,1,01,A01
201200025523,0,07,000,00,0,3,15,B01
201200025524,0,02,000,00,0,8,01,B01
201200025524,0,07,000,00,2,1,15,A01
201200025525,0,07,000,00,1,1,10,A01
201200025526,0,10,000,00,2,2,15,B01
201200025526,0,30,000,00,2,1,01,A01
201200025527,0,07,000,00,1,1,01,A01
201200025528,0,07,000,00,0,6,15,A01
201200025528,0,07,000,00,2,2,01,B01
201200025529,0,07,000,00,2,1,01,A01
201200025529,0,07,000,00,2,1,01,B01
201200025530,0,07,000,00,0,8,00,B01
201200025530,0,30,000,00,2,1,00,A01
201200025531,0,33,000,00,2,1,01,B01
201200025531,0,10,000,00,2,6,16,A01
201200025532,0,07,000,08,0,1,01,A01
201200025533,0,10,000,00,1,7,01,A01
201200025534,0,07,000,00,2,1,01,A01
201200025534,0,01,000,00,2,9,01,B01
201200025535,0,30,000,00,9,9,01,A01
201200025536,0,32,000,00,0,9,01,A01