Num_Acc,senc,catv,occutc,obs,obsm,choc,manv,num_veh
201200025891,0,07,000,00,1,8,01,B01
201200025892,2,07,000,12,2,2,01,A01
201200025892,0,07,000,00,2,8,19,B01
201200025893,0,07,000,00,2,3,15,A01
201200025893,0,32,000,00,2,1,17,B01
201200025894,0,30,000,00,2,1,01,A01
201200025894,0,02,000,00,0,4,01,B01
201200025895,0,07,000,13,0,3,01,A01
201200025896,0,07,000,12,0,7,01,A01
201200025897,0,02,000,00,2,1,15,A01
201200025897,0,07,000,00,2,3,01,B01
201200025898,0,07,000,00,2,3,02,A01
201200025898,0,07,000,00,2,4,02,C01
201200025898,0,07,000,00,2,5,02,B01
201200025899,0,07,000,00,1,2,01,A01
201200025900,0,07,000,00,2,5,15,A01
201200025900,0,33,000,09,2,2,01,B01
201200025901,0,07,000,12,0,1,01,A01
201200025902,0,07,000,10,0,0,01,A01
201200025903,0,07,000,00,0,3,15,A01
201200025903,0,33,000,00,0,1,01,B01
201200025904,0,32,000,00,0,0,03,A01
201200025905,0,07,000,00,2,7,15,A01
201200025905,0,32,000,00,2,1,01,B01
201200025906,0,07,000,00,2,2,16,B01
201200025906,0,01,000,00,2,1,15,A01
201200025907,0,33,000,00,2,1,01,B01
201200025907,0,07,000,00,2,3,15,A01
201200025908,0,07,000,00,2,1,16,A01
201200025908,0,01,000,00,2,1,19,B01
201200025909,0,07,000,00,0,4,02,B01
201200025909,0,07,000,00,0,6,02,C01
201200025909,0,07,000,00,2,1,02,A01
201200025910,0,32,000,00,2,1,17,A01
201200025910,0,07,000,00,2,3,15,B01
201200025911,0,07,000,00,2,1,15,A01
201200025911,0,02,000,00,2,1,02,B01
201200025912,0,07,000,00,2,1,01,A01
201200025912,0,32,000,00,2,7,15,B01
201200025913,0,33,000,00,2,1,13,A01
201200025913,0,07,000,00,2,3,15,B01
201200025914,0,07,000,00,2,1,02,A01
201200025914,0,07,000,00,2,4,02,B01
201200025914,0,07,000,00,2,5,17,C01
201200025915,0,30,000,00,0,7,15,A01
201200025916,0,33,000,00,0,7,02,A01
201200025916,0,07,000,00,2,1,01,B01
201200025917,0,07,000,00,1,1,01,A01
201200025918,0,30,000,00,0,0,01,A01
201200025919,0,33,000,00,2,2,01,B01
201200025919,0,07,000,00,2,3,10,A01
201200025920,0,07,000,01,2,7,01,B01
201200025920,0,07,000,00,2,1,16,A01
201200025921,0,07,000,00,2,8,10,A01
201200025921,0,34,000,00,2,1,01,B01
201200025922,0,01,000,00,2,1,19,A01
201200025922,0,07,000,00,9,3,01,B01
201200025923,0,07,000,01,0,8,04,A01
201200025923,0,07,000,00,2,7,24,B01
201200025924,0,31,000,12,0,1,01,A01
201200025925,0,07,000,00,1,7,01,A01
201200025926,0,07,000,00,0,2,15,A01
201200025926,0,07,000,00,2,1,01,B01
201200025927,0,32,000,00,1,1,01,A01
201200025928,0,07,000,00,2,7,15,A01
201200025928,0,30,000,00,2,8,01,B01
201200025929,0,10,000,00,1,1,15,A01
201200025930,0,02,000,00,0,0,15,A01
201200025931,0,07,000,02,0,3,00,A01
201200025932,0,30,000,00,2,1,01,B01
201200025932,0,07,000,00,2,8,15,A01
201200025933,0,07,000,01,0,2,01,A01
201200025934,0,32,000,00,2,7,01,A01
201200025934,0,07,000,00,2,8,15,B01
201200025935,0,33,000,00,2,4,15,B01
201200025935,0,32,000,00,2,1,01,A01
201200025936,0,07,000,00,2,1,02,A01
201200025936,0,33,000,00,2,4,02,B01
201200025937,0,07,000,00,2,0,02,A01
201200025937,0,32,000,00,2,3,01,B01
201200025938,0,02,000,00,2,1,01,A01
201200025938,0,07,000,00,2,2,01,B01
201200025939,0,07,000,00,2,1,01,B01
201200025939,0,07,000,00,0,4,01,A01
201200025940,0,07,000,00,1,1,17,A01
201200025941,0,07,000,00,2,2,15,B01
201200025941,0,07,000,00,2,8,01,A01
201200025942,0,02,000,00,2,1,01,B01
201200025942,0,07,000,00,2,2,15,A01
201200025943,0,21,000,00,2,2,16,A01
201200025943,0,32,000,00,2,1,01,B01
201200025944,0,01,000,01,0,1,02,B01
201200025944,0,07,000,00,9,3,22,A01
201200025945,0,07,000,00,9,2,01,B01
201200025945,0,01,000,00,2,2,09,A01
201200025946,0,32,000,00,2,1,01,B01
201200025946,0,07,000,00,2,1,15,A01
201200025947,0,31,000,00,0,0,02,A01
201200025948,0,07,000,06,0,1,00,A01
201200025949,0,07,000,00,1,2,01,A01
201200025950,0,07,000,00,2,4,02,B01
201200025950,0,07,000,00,2,1,02,A01
201200025951,0,30,000,00,0,0,01,A01
201200025952,0,33,000,04,0,7,17,A01
201200025953,0,07,000,02,0,2,00,A01
201200025954,0,07,000,00,1,3,01,A01
201200025955,0,07,000,13,0,1,01,A01
201200025956,0,07,000,00,1,1,01,A01
201200025957,1,07,000,00,2,6,11,Z01
201200025957,0,33,000,00,2,1,01,A01
201200025958,0,07,000,00,2,7,15,A01
201200025958,0,31,000,00,2,1,01,B01
201200025959,0,33,000,00,2,1,01,B01
201200025959,0,07,000,00,2,7,10,A01
201200025960,0,07,000,04,0,1,01,A01
201200025961,0,07,000,00,1,2,01,A01
201200025962,0,34,000,00,2,5,01,B01
201200025962,0,07,000,00,2,1,09,A01
201200025963,0,07,000,06,0,1,01,A01
201200025964,0,07,000,06,0,1,01,A01
201200025965,1,07,000,00,1,0,01,Z01
201200025966,0,30,000,00,0,7,16,A01
201200025967,0,33,000,00,0,0,01,B01
201200025967,0,07,000,00,0,0,01,A01
201200025968,0,32,000,12,0,3,13,A01
201200025969,0,31,000,00,2,1,01,B01
201200025969,2,07,000,00,2,3,15,A01
201200025970,0,01,000,14,0,1,01,A01
201200025971,0,07,000,00,2,3,22,A01
201200025971,0,31,000,01,0,2,01,B01
201200025972,0,07,000,00,1,7,01,A01
201200025973,0,07,000,12,0,7,00,A01
201200025974,0,10,000,00,2,3,15,B01
201200025974,0,32,000,00,2,1,01,A01
201200025975,0,07,000,00,2,0,15,A01
201200025975,0,32,000,00,2,7,01,B01
201200025976,0,31,000,00,2,1,01,B01
201200025976,0,07,000,00,2,3,19,A01
201200025977,0,07,000,00,2,3,01,B01
201200025977,0,01,000,00,2,7,00,A01
201200025978,0,07,000,00,2,1,02,A01
201200025978,0,07,000,00,2,4,02,B01
201200025979,0,07,000,00,1,4,00,A01
201200025980,0,34,000,00,2,2,00,A01
201200025980,0,07,000,00,2,3,11,B01
201200025981,0,07,000,00,2,4,01,B01
201200025981,0,33,000,00,2,1,14,A01
201200025981,0,33,000,14,2,0,17,C01
201200025982,0,07,000,00,2,3,00,A01
201200025982,0,07,000,00,2,8,01,B01
201200025983,0,07,000,00,2,8,10,A01
201200025983,0,32,000,00,2,1,01,B01
201200025984,0,07,000,00,1,1,01,A01
201200025985,0,10,000,00,2,1,15,A01
201200025985,0,07,000,00,2,1,01,B01
201200025986,0,33,000,00,2,1,02,B01
201200025986,0,07,000,00,2,2,15,A01
201200025987,0,33,000,00,2,1,01,A01
201200025987,0,07,000,00,0,4,23,B01
201200025988,0,07,000,00,2,7,15,A01
201200025988,0,07,000,00,2,1,01,B01
201200025989,0,07,000,00,0,7,01,A01
201200025990,0,07,000,05,0,1,01,A01
201200025991,0,07,000,03,0,1,01,A01
201200025992,0,10,000,00,1,7,01,B01
201200025993,0,07,000,00,2,3,15,B01
201200025993,0,33,000,00,2,1,17,A01
201200025994,0,40,000,00,4,3,01,A01
201200025994,0,40,000,00,0,8,01,B01
201200025995,0,07,000,00,2,2,15,A01
201200025995,0,31,000,00,2,1,01,B01
201200025996,0,07,000,00,2,1,02,A01
201200025996,0,07,000,00,2,4,02,B01
201200025997,0,31,000,00,6,1,01,A01
201200025998,0,07,000,00,0,4,02,B01
201200025998,2,07,000,00,2,1,02,A01
201200025999,0,07,000,00,2,4,23,B01
201200025999,1,07,000,00,2,1,02,Z01
201200026000,0,07,000,00,2,8,10,A01
201200026000,0,33,000,00,2,1,01,B01
201200026001,0,07,000,00,2,7,16,B01
201200026001,0,31,000,00,2,1,18,A01
201200026002,0,30,000,00,2,1,02,B01
201200026002,0,01,000,00,2,8,19,A01
201200026003,0,07,000,00,2,3,01,B01
201200026003,0,07,000,00,2,3,13,A01
201200026004,0,07,000,00,2,1,02,A01
201200026004,0,07,000,00,2,4,02,B01
201200026005,0,07,000,14,0,1,16,A01
201200026006,0,07,000,06,0,1,01,A01
201200026007,0,07,000,00,2,4,02,B01
201200026007,0,33,000,00,2,1,02,A01
201200026008,0,07,000,00,2,4,23,C01
201200026008,0,07,000,00,2,4,23,B01
201200026008,0,07,000,00,2,1,01,A01
201200026009,0,07,000,00,0,4,02,B01
201200026009,0,32,000,00,2,1,02,A01
201200026010,0,33,000,00,2,1,01,B01
201200026010,0,07,000,00,2,7,15,A01
201200026011,0,07,000,00,2,4,23,C01
201200026011,0,30,000,00,2,1,01,A01
201200026011,0,32,000,00,2,4,23,B01
201200026012,0,33,000,08,2,3,01,A01
201200026012,1,07,000,00,2,3,15,Z01
201200026013,0,07,000,00,2,1,15,A01
201200026013,0,31,000,00,2,3,01,B01
201200026014,0,07,000,00,0,2,01,A01
201200026015,0,32,000,00,0,7,00,A01
201200026016,0,30,000,00,2,1,01,B01
201200026016,0,07,000,00,2,2,15,A01
201200026017,0,01,000,00,0,8,19,A01
201200026017,0,31,000,00,2,1,01,B01
201200026018,0,07,000,00,2,1,02,B01
201200026018,0,07,000,00,2,2,15,A01
201200026019,0,07,000,00,1,1,15,A01
201200026020,0,07,000,00,2,3,15,B01
201200026020,0,33,000,00,2,2,17,A01
201200026021,0,34,000,00,2,1,01,B01
201200026021,0,07,000,00,2,5,15,A01
201200026022,0,01,000,00,2,7,01,A01
201200026022,0,07,000,00,2,1,01,B01
201200026023,0,07,000,00,2,8,13,A01
201200026023,0,33,000,12,2,2,17,B01
201200026024,0,33,000,00,0,0,01,A01
201200026025,0,07,000,12,0,2,00,A01
201200026026,0,02,000,00,2,8,01,B01
201200026026,0,10,000,00,2,1,15,A01
201200026027,1,02,000,00,2,1,15,Z01
201200026027,0,31,000,00,2,1,01,B01
201200026028,0,33,000,00,0,0,01,A01
201200026029,0,07,000,00,2,1,15,A01
201200026029,0,33,000,00,2,1,01,B01
201200026030,0,07,000,00,0,7,01,B01
201200026030,0,07,000,00,2,1,01,A01
201200026031,0,01,000,00,2,1,01,B01
201200026031,0,07,000,00,2,8,15,A01
201200026032,0,33,000,12,0,1,02,A01
201200026033,0,32,000,12,0,1,01,A01
201200026034,0,07,000,01,0,2,02,A01
201200026035,0,31,000,00,2,1,01,B01
201200026035,0,01,000,00,2,1,05,A01
201200026036,0,07,000,00,2,5,15,A01
201200026036,0,33,000,00,2,1,01,B01
201200026037,0,07,000,02,0,3,14,A01
201200026038,0,31,000,00,2,5,02,B01
201200026038,0,07,000,00,2,3,02,A01
201200026039,0,30,000,00,2,1,16,B01
201200026039,0,07,000,00,2,3,00,A01
201200026040,0,07,000,00,1,1,01,A01
201200026041,0,34,000,00,0,0,01,A01
201200026042,0,01,000,00,2,1,01,B01
201200026042,0,03,000,00,2,5,16,A01
201200026043,0,33,000,00,2,1,02,B01
201200026043,0,07,000,00,2,3,20,A01
201200026044,0,07,000,00,2,5,15,A01
201200026044,0,30,000,00,2,1,01,B01
201200026045,0,07,000,00,2,6,23,B01
201200026045,0,30,000,01,0,1,01,A01
201200026046,0,07,000,00,2,1,01,A01
201200026047,0,33,000,00,2,0,01,B01
201200026047,0,07,000,00,2,0,15,A01
201200026048,0,07,000,00,0,9,00,A01
201200026049,0,01,000,00,2,0,19,A01
201200026049,0,32,000,03,2,1,21,B01
201200026050,0,07,000,08,0,1,01,A01
201200026051,0,30,000,00,2,1,01,A01
201200026051,0,10,000,00,2,2,01,B01
201200026052,0,07,000,00,2,2,15,A01
201200026052,0,07,000,00,2,3,01,B01
201200026053,0,32,000,00,2,1,01,B01
201200026053,0,07,000,00,2,3,15,A01
201200026054,0,07,000,00,2,1,09,A01
201200026054,0,32,000,00,2,1,01,B01
201200026055,0,30,000,00,2,1,01,B01
201200026055,0,07,000,00,2,4,10,A01
201200026056,0,07,000,00,2,8,10,A01
201200026056,1,33,000,00,2,1,01,B01
201200026057,0,07,000,00,1,2,01,A01
201200026058,0,33,000,00,0,1,21,A01
201200026058,0,07,000,00,2,7,02,B01
201200026059,0,07,000,00,1,2,01,A01
201200026060,0,07,000,00,2,1,01,B01
201200026060,0,10,000,00,2,5,01,A01
201200026061,0,07,000,03,2,1,13,A01
201200026061,0,10,000,03,2,1,01,B01
201200026061,0,07,000,00,2,1,01,C01
201200026062,0,07,000,00,2,2,01,B01
201200026062,0,07,000,00,2,8,10,A01
201200026063,0,07,000,00,2,2,15,A01
201200026063,0,32,000,00,2,1,01,B01
201200026064,0,07,000,00,1,2,01,A01
201200026065,0,07,000,08,0,1,01,A01
201200026066,0,07,000,00,2,2,15,B01
201200026066,2,31,000,00,2,1,01,A01
201200026067,1,07,000,00,2,4,02,Z01
201200026067,0,07,000,00,2,4,01,C01
201200026067,0,07,000,00,2,4,01,B01
201200026068,0,07,000,00,2,8,10,A01
201200026068,0,32,000,00,2,2,01,B01
201200026069,0,32,000,12,0,2,01,A01
201200026070,0,07,000,00,1,3,01,A01
201200026071,0,07,000,08,0,5,01,A01
201200026072,0,33,000,00,1,1,01,A01
201200026073,0,07,000,00,0,9,16,A01
201200026074,0,07,000,00,2,4,01,D01
201200026074,0,07,000,00,2,4,01,C01
201200026074,0,40,000,00,2,1,01,B01
201200026074,0,07,000,00,4,8,15,A01
201200026075,0,33,000,00,2,3,02,B01
201200026075,0,07,000,00,2,4,10,A01
201200026076,0,07,000,00,1,3,15,A01
201200026077,1,07,000,00,1,1,00,A01
201200026078,0,07,000,00,2,6,01,B01
201200026078,1,07,000,00,2,1,00,A01
201200026079,0,34,000,00,0,0,00,B01
201200026079,1,07,000,00,0,0,14,A01
201200026080,0,10,000,00,2,7,16,B01
201200026080,0,07,000,00,2,8,11,A01
201200026081,0,07,000,00,2,5,15,A01
201200026081,0,33,000,00,2,1,01,B01
201200026082,0,33,000,00,2,1,01,B01
201200026082,0,07,000,00,2,7,10,A01
201200026083,0,33,000,00,2,1,01,B01
201200026083,0,07,000,00,2,8,10,A01
201200026084,0,07,000,00,2,1,01,B01
201200026084,0,07,000,00,0,8,15,A01
201200026085,0,07,000,00,2,1,15,A01
201200026085,0,31,000,00,2,8,01,B01
201200026086,0,07,000,00,2,4,15,B01
201200026086,0,07,000,00,2,1,01,A01
201200026087,0,07,000,00,2,1,01,A01
201200026087,0,07,000,00,2,2,01,B01
201200026088,0,07,000,00,2,3,01,A01
201200026088,0,07,000,00,2,1,15,B01
201200026089,0,07,000,00,2,1,15,B01
201200026089,0,31,000,00,2,1,01,A01
201200026090,0,32,000,00,2,1,17,A01
201200026090,0,07,000,00,2,3,21,B01
201200026091,0,30,000,00,2,5,01,A01
201200026091,0,07,000,00,2,3,01,B01
201200026092,0,01,000,00,2,4,02,A01
201200026092,0,07,000,00,2,1,01,B01
201200026093,0,32,000,07,0,1,01,A01
201200026094,0,07,000,00,2,4,13,B01
201200026094,0,07,000,00,2,1,02,A01
201200026095,0,07,000,00,2,4,02,B01
201200026095,0,07,000,00,2,1,02,A01
201200026095,0,07,000,00,2,4,02,C01
201200026096,0,10,000,00,2,2,01,B01
201200026096,0,14,000,00,2,2,13,C01
201200026096,2,07,000,00,2,3,15,A01
201200026097,0,07,000,00,1,2,01,A01
201200026098,0,07,000,00,0,3,01,B01
201200026098,0,07,000,00,0,1,15,A01
201200026099,0,07,000,00,2,1,09,A01
201200026099,0,07,000,00,2,5,01,B01
201200026100,0,07,000,11,0,1,01,A01
201200026101,0,07,000,00,2,4,15,A01
201200026101,0,33,000,00,2,1,01,B01
201200026102,0,01,000,00,2,4,15,A01
201200026102,0,07,000,00,2,1,15,B01
201200026103,0,32,000,00,0,0,01,A01
201200026104,0,07,000,00,1,2,01,A01
201200026105,0,07,000,00,1,1,01,A01
201200026106,0,07,000,00,2,3,01,B01
201200026106,0,34,000,00,2,1,01,A01
201200026107,0,07,000,00,2,4,23,B01
201200026107,0,07,000,00,2,1,02,A01
201200026108,0,07,000,00,2,3,02,B01
201200026108,0,33,000,00,2,7,02,A01
201200026109,0,07,000,00,2,2,01,B01
201200026109,0,01,000,00,2,1,05,A01
201200026110,0,40,000,00,1,1,01,A01
201200026111,0,30,000,00,9,0,09,A01
201200026112,0,07,000,00,0,7,15,A01
201200026112,0,01,000,00,2,1,15,B01
201200026113,0,33,000,12,0,2,01,A01
201200026114,0,33,000,00,0,0,01,A01
201200026115,0,33,000,14,0,3,01,A01
201200026116,0,07,000,00,2,3,19,A01
201200026116,0,07,000,00,2,1,01,B01
201200026117,1,10,000,00,2,2,02,A01
201200026117,0,07,000,00,2,6,23,B01
201200026118,0,07,000,00,2,1,15,A01
201200026118,0,30,000,00,2,8,01,B01
201200026119,0,07,000,00,2,3,01,A01
201200026119,0,07,000,00,2,2,01,B01
201200026120,0,32,000,00,2,1,01,B01
201200026120,0,07,000,00,2,2,15,A01
201200026121,0,10,000,00,0,6,00,B01
201200026121,0,07,000,00,2,2,01,A01
201200026122,0,07,000,00,9,8,01,B01
201200026122,0,01,000,00,2,1,01,A01
201200026123,0,10,000,00,2,3,15,A01
201200026123,0,32,000,00,2,8,01,B01
201200026124,0,33,000,00,2,1,13,A01
201200026124,0,10,000,00,2,1,01,B01
201200026125,0,33,000,00,2,0,13,A01
201200026125,0,07,000,00,2,1,01,B01
201200026126,0,07,000,00,2,7,09,A01
201200026126,0,31,000,00,2,8,01,B01
201200026127,0,07,000,00,1,1,15,A01
201200026128,0,32,000,00,2,0,01,B01
201200026128,1,07,000,00,2,4,09,A01
201200026129,0,07,000,00,2,4,02,E02
201200026129,0,07,000,00,2,4,02,C01
201200026129,0,07,000,00,2,4,02,F01
201200026129,0,07,000,00,2,4,02,D01
201200026129,0,07,000,00,2,3,09,B01
201200026129,0,14,000,00,2,1,02,A01
201200026130,0,10,000,00,2,8,15,B01
201200026130,0,34,000,00,2,2,17,A01
201200026131,0,33,000,00,2,1,01,B01
201200026131,0,07,000,00,0,3,09,A01
201200026132,0,32,000,00,2,1,13,A01
201200026132,0,07,000,00,2,1,01,B01
201200026133,0,10,000,15,0,1,09,A01
201200026134,0,07,000,09,0,1,01,A01
201200026135,0,07,000,00,4,7,15,A01
201200026135,0,40,000,00,2,1,02,B01
201200026136,0,10,000,13,0,2,01,A01
201200026137,0,31,000,00,2,1,01,B01
201200026137,0,07,000,00,2,3,10,A01
201200026138,0,10,000,00,2,3,01,B01
201200026138,0,10,000,00,2,2,15,A01
201200026139,0,30,000,00,2,1,17,A01
201200026139,0,07,000,00,2,3,15,B01
201200026140,0,07,000,00,1,3,01,A01
201200026141,2,07,000,,,0,10,A01
201200026142,0,07,000,00,2,1,05,A01
201200026142,0,10,000,00,2,1,01,B01
201200026143,0,07,000,00,2,1,02,B01
201200026143,0,07,000,00,2,7,15,A01
201200026144,0,07,000,00,4,8,01,A01
201200026144,0,40,000,00,2,1,01,B01
201200026145,0,07,000,00,0,4,17,B01
201200026145,1,31,000,00,2,1,17,A01
201200026146,0,07,000,00,0,4,01,B01
201200026146,0,07,000,00,2,1,01,A01
201200026147,1,02,000,00,2,1,02,A01
201200026147,0,07,000,00,2,4,02,B01
201200026148,0,07,000,04,0,1,01,A01
201200026149,0,07,000,00,1,0,15,A01
201200026150,0,07,000,00,2,3,01,A01
201200026150,0,07,000,00,2,2,15,B01
201200026151,0,07,000,00,1,7,17,A01
201200026152,0,07,000,00,2,1,01,A01
201200026152,0,07,000,00,2,4,01,C01
201200026152,0,07,000,00,2,4,01,B01
201200026153,0,10,000,00,2,1,01,A01
201200026153,0,07,000,00,0,4,15,B01
201200026154,0,31,000,12,0,1,00,A01
201200026155,0,07,000,00,2,5,15,B01
201200026155,0,33,000,00,2,1,02,A01
201200026156,0,07,000,00,2,7,15,B01
201200026156,0,07,000,00,2,3,01,A01
201200026157,0,07,000,00,2,3,21,A01
201200026157,0,07,000,00,2,5,01,B01
201200026158,0,30,000,00,2,3,00,A01
201200026158,0,07,000,00,2,2,15,B01
201200026159,0,07,000,09,0,2,01,A01
201200026160,0,07,000,00,2,3,15,A01
201200026160,0,32,000,00,2,1,01,B01
201200026161,0,07,000,00,2,1,01,B01
201200026161,0,07,000,00,2,2,15,A01
201200026162,0,33,000,00,2,1,01,A01
201200026162,0,07,000,00,2,4,01,B01
201200026162,0,07,000,00,9,8,01,C01
201200026163,0,33,000,00,2,1,17,A01
201200026163,0,07,000,00,2,8,13,B01
201200026164,0,32,000,00,2,1,17,B01
201200026164,0,07,000,00,2,4,10,A01
201200026165,0,07,000,00,2,8,01,B01
201200026165,0,01,000,00,2,1,19,A01
201200026166,0,02,000,00,2,8,15,A01
201200026166,0,07,000,00,2,1,01,B01
201200026167,0,07,000,00,1,3,21,A01
201200026168,0,07,000,00,2,1,15,A01
201200026168,0,02,000,00,2,1,01,B01
201200026169,0,32,000,00,2,1,15,A01
201200026169,0,07,000,00,2,2,16,B01
201200026170,0,07,000,00,2,2,01,A01
201200026170,0,30,000,00,2,3,01,C01
201200026170,0,07,000,00,2,3,01,B01
201200026171,0,07,000,00,9,2,01,B01
201200026171,0,01,000,00,2,1,01,A01
201200026172,0,01,000,00,2,4,01,B01
201200026172,0,07,000,00,2,3,16,A01
201200026173,0,02,000,00,2,8,01,A01
201200026173,1,07,000,00,2,0,17,Z01
201200026174,0,07,000,00,2,2,15,B01
201200026174,0,33,000,00,2,1,09,A01
201200026175,0,07,000,00,2,6,15,A01
201200026175,0,10,000,00,2,2,01,B01
201200026176,0,32,000,00,2,8,01,A01
201200026176,0,32,000,00,2,1,01,B01
201200026177,0,30,000,00,2,1,05,A01
201200026177,0,01,000,00,2,1,00,B01
201200026178,0,07,000,08,0,1,14,A01
201200026179,0,10,000,00,1,2,16,A01
201200026180,0,07,000,13,0,1,01,A01
201200026181,0,33,000,07,0,1,00,A01
201200026182,0,31,000,12,0,0,00,A01
201200026183,0,07,000,00,2,1,02,A01
201200026183,0,31,000,00,2,4,02,B01
201200026184,0,07,000,00,2,1,02,A01
201200026184,0,07,000,00,0,4,01,B01
201200026185,0,07,000,02,6,9,01,A01
201200026186,0,07,000,00,2,1,15,B01
201200026186,0,34,000,00,2,7,07,A01
201200026187,0,07,000,08,0,3,02,B01
201200026187,0,07,000,08,0,1,02,A01
201200026188,1,07,000,00,1,0,00,A01
201200026189,0,07,000,00,2,4,01,B01
201200026189,0,10,000,00,0,0,15,A01
201200026189,0,33,000,00,2,1,01,C01
201200026190,0,31,000,00,2,1,01,B01
201200026190,0,07,000,00,2,1,15,A01
201200026191,0,07,000,00,2,1,05,A01
201200026191,0,07,000,00,2,1,01,B01
201200026192,0,07,000,00,2,1,01,B01
201200026192,0,07,000,00,2,8,21,A01
201200026193,0,07,000,00,0,0,09,A01
201200026193,0,30,000,00,0,0,01,B01
201200026194,0,31,000,00,0,0,12,A01
201200026195,0,10,000,00,1,3,01,A01
201200026196,0,07,000,00,2,4,02,B01
201200026196,0,30,000,00,2,1,02,A01
201200026197,0,07,000,00,2,2,01,B01
201200026197,0,07,000,00,2,3,01,A01
201200026198,0,07,000,00,2,3,01,B01
201200026198,0,07,000,00,2,2,15,A01
201200026199,0,07,000,00,1,2,01,A01
201200026200,0,07,000,00,2,3,01,B01
201200026200,0,07,000,00,2,1,15,A01
201200026201,0,07,000,00,2,3,16,B01
201200026201,0,07,000,00,2,3,15,A01
201200026202,0,07,000,00,2,1,15,A01
201200026202,0,34,000,00,2,8,01,B01
201200026203,0,07,000,00,2,4,02,B01
201200026203,0,07,000,00,2,4,01,C01
201200026203,0,07,000,00,2,1,01,A01
201200026204,0,07,000,09,0,1,01,A01
201200026205,0,14,000,00,0,9,01,A01
201200026206,0,07,000,00,2,2,15,A01
201200026206,0,07,000,00,2,1,01,B01
201200026207,0,34,000,00,2,1,02,B01
201200026207,0,07,000,00,2,7,15,A01
201200026208,0,10,000,00,2,1,02,A01
201200026208,0,07,000,00,2,4,02,C01
201200026208,0,07,000,00,2,4,02,B01
201200026209,0,37,001,00,1,2,01,A01
201200026210,0,07,000,00,2,1,16,B01
201200026210,0,07,000,00,2,4,01,A01
201200026211,0,32,000,00,2,1,01,B01
201200026211,0,07,000,00,2,3,15,A01
201200026212,0,07,000,00,2,1,02,A01
201200026212,0,07,000,00,0,4,02,B01
201200026213,0,36,000,06,1,1,01,A01
201200026214,0,01,000,00,2,1,01,B01
201200026214,0,07,000,00,2,5,15,A01
201200026215,0,07,000,00,2,2,01,B01
201200026215,0,30,000,00,2,8,15,A01
201200026216,0,01,000,00,2,1,01,B01
201200026216,0,37,001,00,9,7,01,A01
201200026217,0,07,000,06,0,1,01,A01
201200026218,0,07,000,00,0,1,16,A01
201200026219,0,10,000,00,2,8,15,A01
201200026219,0,32,000,00,2,2,01,B01
201200026220,0,07,000,00,2,1,01,B01
201200026220,0,07,000,00,2,1,15,A01
201200026221,0,07,000,00,2,4,01,B01
201200026221,0,07,000,00,2,1,01,A01
201200026222,0,07,000,00,1,3,15,A01
201200026223,0,07,000,00,2,3,15,A01
201200026223,0,32,000,00,2,1,01,B01
201200026224,0,07,000,00,2,3,01,A01
201200026224,0,30,000,00,2,5,15,B01
201200026224,1,30,000,00,2,0,15,C01
201200026225,0,07,000,00,2,3,01,C01
201200026225,0,07,000,00,2,8,22,A01
201200026225,0,31,000,00,2,1,17,B01
201200026226,0,07,000,12,0,2,00,A01
201200026227,0,32,000,00,9,8,01,A01
201200026227,0,01,000,00,2,1,19,B01
201200026228,0,02,000,00,2,3,21,B01
201200026228,0,07,000,00,2,5,16,A01
201200026229,0,07,000,00,2,3,02,B01
201200026229,0,33,000,00,2,2,17,A01
201200026230,0,07,000,00,2,1,01,A01
201200026230,0,07,000,00,1,1,01,B01
201200026231,0,10,000,00,0,4,01,B01
201200026231,0,07,000,00,2,1,01,A01
201200026232,0,07,000,00,2,1,01,B01
201200026232,0,07,000,00,2,1,13,A01
201200026233,0,07,000,11,9,1,15,A01
201200026234,0,02,000,12,0,1,09,A01
201200026235,0,01,000,00,2,1,01,A01
201200026235,0,07,000,00,2,1,15,B01
201200026236,1,07,000,00,0,0,17,A01
201200026236,0,07,000,00,2,2,21,B01
201200026236,0,07,000,00,2,1,01,C01
201200026237,0,07,000,00,4,8,16,A01
201200026237,0,40,000,00,2,1,01,B01
201200026238,0,30,000,00,2,0,00,A01
201200026238,0,32,000,00,2,0,00,B01
201200026239,0,07,000,00,1,1,01,A01
201200026240,0,07,000,00,2,1,01,B01
201200026240,0,01,000,00,2,2,15,A01
201200026241,0,07,000,00,2,1,02,A01
201200026241,0,07,000,00,2,4,01,B01
201200026242,0,32,000,00,0,0,01,A01
201200026243,0,07,000,00,2,8,15,B01
201200026243,0,33,000,00,2,1,01,A01
201200026244,0,07,000,00,9,1,09,A01
201200026244,0,01,000,00,2,8,19,B01
201200026245,0,10,000,00,1,5,04,A01
201200026246,0,31,000,00,2,1,01,B01
201200026246,0,07,000,00,2,5,15,A01
201200026247,0,07,000,00,2,3,01,B01
201200026247,0,07,000,00,2,1,01,A01
201200026248,0,07,000,00,2,2,01,B01
201200026248,0,07,000,00,2,5,10,A01
201200026249,1,07,000,00,0,0,00,A01
201200026249,0,07,000,04,0,3,00,B01
201200026250,0,07,000,00,2,6,10,A01
201200026250,0,33,000,00,2,1,17,B01
201200026251,0,07,000,00,1,1,01,A01
201200026252,0,32,000,00,0,0,01,A01
201200026253,0,07,000,00,2,2,15,A01
201200026253,0,32,000,00,2,1,01,B01
201200026254,0,07,000,00,9,1,01,A01
201200026254,0,01,000,00,2,7,01,B01