Num_Acc,senc,catv,occutc,obs,obsm,choc,manv,num_veh
201200027788,0,01,000,00,2,8,01,B01
201200027788,0,07,000,00,2,1,01,A01
201200027789,0,01,000,00,2,1,05,A01
201200027789,0,01,000,00,2,7,19,B01
201200027790,0,07,000,00,2,6,11,A01
201200027790,0,33,000,00,2,1,01,B01
201200027791,0,07,000,00,2,2,10,A01
201200027791,0,33,000,00,2,1,01,B01
201200027792,0,07,000,07,0,9,00,A01
201200027793,0,33,000,00,0,0,23,C01
201200027793,0,33,000,00,2,7,21,A01
201200027793,0,07,000,00,2,1,23,B01
201200027794,0,07,000,00,2,5,23,C01
201200027794,0,07,000,01,1,2,16,A01
201200027795,0,30,000,00,4,1,19,A01
201200027795,0,40,000,00,2,2,01,B01
201200027796,0,07,000,00,2,8,19,A01
201200027796,0,07,000,00,2,3,01,B01
201200027797,0,07,000,00,1,2,01,A01
201200027798,0,07,000,00,0,4,02,B01
201200027798,0,07,000,00,2,1,02,A01
201200027799,0,32,000,00,2,1,01,B01
201200027799,0,07,000,00,2,7,15,A01
201200027800,0,17,000,00,2,7,01,B01
201200027800,0,07,000,00,2,3,05,A01
201200027801,0,10,000,00,2,1,15,A01
201200027801,0,30,000,00,2,1,01,B01
201200027802,0,33,000,00,0,0,17,A01
201200027802,0,07,000,00,2,1,01,B01
201200027803,0,07,000,00,2,1,01,A01
201200027803,0,07,000,00,2,4,23,B01
201200027804,0,07,000,00,2,1,02,A01
201200027804,0,07,000,00,2,4,02,B01
201200027805,0,10,000,00,1,3,01,A01
201200027806,0,30,000,00,2,1,01,B01
201200027806,0,30,000,00,2,1,05,A01
201200027807,0,07,000,00,1,2,01,A01
201200027808,0,10,000,00,2,4,02,B01
201200027808,0,07,000,00,2,1,02,A01
201200027809,0,40,000,00,1,2,01,A01
201200027810,0,07,000,03,0,1,14,A01
201200027811,0,02,000,00,1,1,01,A01
201200027812,0,07,000,00,1,4,04,A01
201200027813,0,07,000,00,0,0,00,A01
201200027814,0,07,000,00,2,6,15,B01
201200027814,0,33,000,00,2,1,01,A01
201200027815,0,07,000,14,0,0,01,A01
201200027816,0,07,000,00,1,6,04,A01
201200027817,1,07,000,00,2,1,02,Z01
201200027817,0,07,000,00,2,4,01,B01
201200027818,0,07,000,00,1,1,01,A01
201200027819,0,07,000,00,1,4,04,A01
201200027820,0,07,000,00,2,2,16,A01
201200027820,1,01,000,00,2,1,01,B01
201200027821,1,30,000,00,1,1,01,Z01
201200027822,0,07,000,00,2,1,15,A01
201200027822,0,01,000,00,2,8,01,B01
201200027823,0,07,000,00,2,5,15,B01
201200027823,0,33,000,00,2,1,01,A01
201200027824,0,33,000,00,0,0,01,A01
201200027825,0,07,000,00,2,2,15,A01
201200027825,0,01,000,00,2,2,01,B01
201200027826,0,07,000,00,2,1,16,A01
201200027826,0,01,000,00,2,1,01,B01
201200027827,0,07,000,00,2,1,00,A01
201200027827,0,37,000,00,2,4,02,B01
201200027827,0,07,000,00,2,1,02,D01
201200027827,0,07,000,00,2,1,02,C01
201200027828,0,07,000,00,1,3,01,A01
201200027829,0,01,000,00,2,0,01,B01
201200027829,0,15,000,00,2,2,16,A01
201200027830,0,07,000,00,1,3,01,A01
201200027831,0,07,000,00,2,2,15,A01
201200027831,0,33,000,00,2,2,01,B01
201200027832,0,07,000,00,2,3,09,A01
201200027832,0,01,000,00,2,1,01,B01
201200027833,0,07,000,00,2,1,07,A01
201200027833,0,07,000,00,2,3,01,B01
201200027834,0,07,000,00,1,2,01,A01
201200027835,0,01,000,00,2,8,01,B01
201200027835,0,14,000,00,2,2,16,A01
201200027836,0,01,000,00,2,4,19,B01
201200027836,0,07,000,00,1,2,01,A01
201200027837,0,07,000,00,1,1,01,A01
201200027838,0,07,000,03,0,7,01,A01
201200027838,0,07,000,00,2,3,01,B01
201200027839,0,07,000,00,2,4,01,A01
201200027839,0,30,000,00,2,1,02,B01
201200027840,0,07,000,00,2,8,15,B01
201200027840,0,30,000,00,2,1,01,A01
201200027841,0,07,000,00,1,1,01,A01
201200027842,1,07,000,00,2,2,15,Z01
201200027842,0,07,000,00,2,7,01,B01
201200027843,0,07,000,00,2,4,02,B01
201200027843,0,07,000,00,2,1,02,A01
201200027844,0,14,000,00,2,1,16,A01
201200027844,0,01,000,00,2,8,01,B01
201200027845,0,33,000,00,1,0,01,A01
201200027846,0,07,000,00,1,1,01,A01
201200027847,0,07,000,00,1,1,01,A01
201200027848,0,07,000,00,2,3,01,B01
201200027848,0,07,000,00,2,1,15,A01
201200027849,0,31,000,00,2,1,01,B01
201200027849,0,10,000,00,2,2,15,A01
201200027850,0,07,000,00,2,7,11,A01
201200027851,0,07,000,00,2,1,02,A01
201200027851,0,07,000,00,2,4,23,B01
201200027851,0,07,000,00,0,4,23,C01
201200027852,0,07,000,00,2,1,01,A01
201200027852,0,01,000,00,2,8,23,B01
201200027853,0,33,000,15,0,7,02,B01
201200027853,0,07,000,00,0,8,02,A01
201200027854,0,01,000,00,1,0,01,A01
201200027855,0,07,000,07,2,7,01,A01
201200027855,0,07,000,00,2,1,01,B01
201200027856,0,07,000,00,1,4,04,A01
201200027857,0,07,000,00,1,2,15,A01
201200027858,0,07,000,00,2,1,02,A01
201200027858,0,07,000,00,2,4,02,B01
201200027858,0,10,000,00,2,4,01,C01
201200027859,0,33,000,00,2,1,01,B01
201200027859,0,07,000,00,2,2,15,A01
201200027860,0,02,000,00,2,1,01,B01
201200027860,0,07,000,00,2,7,15,A01
201200027861,0,02,000,00,2,1,02,A01
201200027861,0,07,000,00,2,4,02,B01
201200027862,0,07,000,00,2,1,02,A01
201200027862,0,07,000,00,2,4,23,B01
201200027863,0,01,000,00,2,7,01,B01
201200027863,0,07,000,00,2,1,15,A01
201200027864,0,07,000,00,1,1,15,A01
201200027865,0,32,000,00,1,1,01,A01
201200027866,0,10,000,00,9,3,01,A01
201200027866,0,01,000,00,2,1,01,B01
201200027867,0,07,000,00,2,1,15,A01
201200027867,0,07,000,00,2,3,02,B01
201200027868,0,07,000,00,2,2,15,A01
201200027868,0,07,000,00,2,6,01,B01
201200027869,0,07,000,00,1,4,04,A01
201200027870,0,33,000,01,0,8,18,A01
201200027870,0,07,000,00,2,5,24,B01
201200027871,0,07,000,00,2,3,01,A01
201200027872,0,07,000,00,2,4,02,C01
201200027872,0,07,000,00,2,1,02,A01
201200027872,0,07,000,00,2,4,02,B01
201200027873,0,30,000,00,2,1,09,A01
201200027873,0,03,000,00,2,1,01,B01
201200027874,0,33,000,00,2,1,02,A01
201200027874,0,07,000,00,2,4,02,B01
201200027875,0,07,000,00,2,3,11,A01
201200027875,0,33,000,00,2,7,01,B01
201200027876,0,01,000,00,2,1,01,A01
201200027876,0,07,000,00,1,3,15,B01
201200027877,0,07,000,00,2,3,15,A01
201200027877,0,30,000,00,2,1,01,B01
201200027877,0,07,000,00,2,6,24,C01
201200027878,0,07,000,00,1,1,09,A01
201200027879,0,07,000,00,2,1,01,B01
201200027879,0,01,000,00,2,1,01,A01
201200027880,0,07,000,00,2,7,23,A01
201200027880,0,01,000,00,2,1,01,B01
201200027881,0,01,000,00,1,1,01,A01
201200027882,0,07,000,00,2,1,01,A01
201200027883,0,07,000,00,2,6,09,A01
201200027883,0,33,000,00,2,1,01,B01
201200027884,1,07,000,00,1,1,15,A01
201200027885,0,07,000,00,2,1,02,A01
201200027885,0,07,000,00,2,4,23,B01
201200027886,0,07,000,00,2,3,09,A01
201200027886,0,32,000,00,2,1,01,B01
201200027887,0,07,000,00,2,4,02,B01
201200027887,0,33,000,00,2,1,02,A01
201200027888,0,07,000,00,1,1,01,A01
201200027889,0,07,000,00,2,4,04,A01
201200027889,0,07,000,00,2,8,15,B01
201200027890,0,07,000,00,2,3,01,B01
201200027890,0,14,000,00,2,1,01,A01
201200027891,0,01,000,00,2,8,01,B01
201200027891,0,07,000,00,2,7,16,A01
201200027892,0,07,000,00,1,1,01,A01
201200027893,0,07,000,00,2,1,15,A01
201200027893,0,01,000,00,2,8,01,B01
201200027894,0,33,000,00,1,1,17,A01
201200027895,0,32,000,00,2,1,01,B01
201200027895,0,07,000,00,2,7,15,A01
201200027896,0,01,000,00,1,1,01,A01
201200027897,0,14,000,00,1,4,04,A01
201200027898,0,07,000,00,2,7,12,A01
201200027898,0,31,000,00,2,3,17,B01
201200027899,0,15,000,00,1,0,01,A01
201200027900,0,14,000,00,2,1,01,A01
201200027900,0,14,000,00,2,6,24,B01
201200027901,0,33,000,00,2,1,01,B01
201200027901,0,07,000,00,2,3,15,A01
201200027902,0,40,000,00,1,1,01,A01
201200027903,0,07,000,00,2,1,01,A01
201200027903,0,07,000,00,2,8,15,B01
201200027904,0,07,000,00,2,2,16,A01
201200027904,0,01,000,00,2,1,01,B01
201200027905,0,07,000,00,1,3,15,A01
201200027906,0,30,000,00,1,1,17,A01
201200027907,0,07,000,00,1,3,20,A01
201200027908,0,30,000,00,2,1,01,B01
201200027908,0,07,000,00,2,2,15,A01
201200027909,0,07,000,00,1,3,01,A01
201200027910,0,07,000,00,1,1,01,A01
201200027911,0,07,000,00,2,4,01,B01
201200027911,1,10,000,00,2,1,02,Z01
201200027912,0,07,000,00,2,4,01,B01
201200027912,0,07,000,00,2,1,02,A01
201200027913,1,07,000,00,1,4,04,Z01
201200027914,0,07,000,00,4,8,15,A01
201200027914,0,40,000,00,2,1,01,B01
201200027915,0,07,000,00,1,4,24,C01
201200027915,0,07,000,00,1,1,01,A01
201200027916,0,07,000,00,2,1,01,A01
201200027916,0,07,000,00,2,4,16,B01
201200027917,0,10,000,00,2,1,02,A01
201200027917,0,07,000,00,2,4,23,B01
201200027917,0,07,000,00,2,4,23,C01
201200027917,0,07,000,00,2,4,23,D01
201200027918,1,07,000,00,1,1,01,Z01
201200027919,0,07,000,00,2,3,01,B01
201200027919,0,07,000,00,2,2,15,A01
201200027920,0,07,000,00,1,1,01,A01
201200027921,0,07,000,00,2,1,01,A01
201200027921,0,07,000,00,2,3,15,B01
201200027922,0,07,000,00,1,3,01,A01
201200027923,0,07,000,00,2,0,13,A01
201200027923,0,07,000,00,2,3,01,B01
201200027924,0,10,000,03,0,1,05,A01
201200027925,0,07,000,00,9,1,00,A01
201200027925,0,32,000,00,0,1,05,B01
201200027926,0,07,000,15,0,9,00,A01
201200027927,0,13,000,00,9,3,01,A01
201200027927,0,02,000,00,2,1,01,B01
201200027928,0,07,000,15,1,2,06,A01
201200027929,0,07,000,00,1,2,01,A01
201200027930,0,31,000,00,2,7,00,A01
201200027930,0,07,000,00,2,1,02,B01
201200027931,0,07,000,00,2,3,01,A01
201200027931,0,07,000,00,2,0,13,B01
201200027932,0,07,000,00,2,1,05,A01
201200027932,0,07,000,00,2,1,05,B01
201200027933,0,07,000,00,1,3,09,A01
201200027934,0,07,000,00,1,3,00,A01
201200027935,0,07,000,00,1,4,04,A01
201200027936,0,07,000,00,1,1,01,A01
201200027937,0,02,000,00,2,1,02,A01
201200027937,0,07,000,00,0,4,23,B01
201200027938,0,07,000,13,0,1,19,A01
201200027939,0,07,000,00,0,5,23,B01
201200027939,0,02,000,00,2,1,02,A01
201200027940,0,07,000,00,2,8,21,A01
201200027941,0,07,000,00,0,4,02,C01
201200027941,0,07,000,14,0,1,02,A01
201200027941,0,07,000,14,0,9,02,B01
201200027942,0,07,000,00,1,1,01,A01
201200027943,0,07,000,00,1,2,01,A01
201200027944,0,07,000,00,2,8,09,A01
201200027944,0,07,000,00,2,1,01,B01
201200027945,2,07,000,00,2,1,02,A01
201200027945,0,07,000,00,2,4,23,C01
201200027945,0,33,000,00,0,9,23,B01
201200027946,0,07,000,06,2,1,21,B01
201200027947,0,07,000,00,1,3,15,A01
201200027948,0,07,000,00,2,3,01,B01
201200027948,0,07,000,00,2,1,08,A01
201200027949,0,07,000,06,0,1,00,A01
201200027950,0,14,000,00,1,2,02,A01
201200027951,0,07,000,00,2,1,01,B01
201200027951,0,07,000,00,2,1,13,A01
201200027952,0,07,000,00,9,8,00,A01
201200027952,0,02,000,00,2,1,01,B01
201200027953,0,07,000,00,1,7,01,A01
201200027954,0,33,000,00,2,1,01,B01
201200027954,2,07,000,00,2,8,10,A01
201200027955,0,10,000,00,1,3,00,A01
201200027956,0,07,000,00,2,1,05,A01
201200027956,0,15,000,00,2,1,01,B01
201200027957,0,07,000,00,1,2,00,A01
201200027958,0,07,000,00,1,2,01,A01
201200027959,0,07,000,00,1,1,01,A01
201200027960,0,07,000,00,1,3,01,A01
201200027961,0,07,000,00,2,3,11,B01
201200027961,0,14,000,00,2,3,01,A01
201200027962,0,02,000,00,1,1,00,A01
201200027963,0,31,000,00,1,7,01,A01
201200027964,0,07,000,00,1,0,01,A01
201200027965,0,07,000,00,2,1,05,A01
201200027965,0,07,000,00,2,1,01,B01
201200027966,0,07,000,00,1,2,11,A01
201200027967,0,30,000,00,2,1,02,A01
201200027967,0,07,000,00,0,4,23,B01
201200027968,0,07,000,00,1,3,01,A01
201200027969,0,07,000,00,4,7,23,A01
201200027969,0,39,030,00,2,2,01,B01
201200027970,0,33,000,00,2,8,21,B01
201200027970,0,07,000,00,2,6,09,A01
201200027971,0,07,000,13,0,9,14,A01
201200027972,0,07,000,00,2,2,17,A01
201200027972,0,07,000,00,2,8,15,B01
201200027973,0,07,000,00,2,8,22,A01
201200027973,0,01,000,01,0,1,01,B01
201200027974,0,02,000,00,2,1,01,B01
201200027974,0,10,000,00,2,3,01,A01
201200027975,0,07,000,02,0,1,14,A01
201200027976,0,33,000,08,0,1,01,A01
201200027977,0,07,000,00,1,1,01,A01
201200027978,0,07,000,02,0,3,19,A01
201200027979,0,07,000,00,2,3,16,A01
201200027979,0,01,000,00,2,1,15,B01
201200027980,0,07,000,00,1,3,01,Z01
201200027981,0,07,000,00,2,7,15,A01
201200027981,0,30,000,00,2,1,01,B01
201200027982,0,07,000,00,1,2,16,A01
201200027983,0,07,000,00,2,1,13,A01
201200027983,0,07,000,00,2,3,01,B01
201200027984,0,07,000,00,1,3,01,A01
201200027985,0,07,000,00,2,2,15,A01
201200027985,0,07,000,00,2,1,01,B01
201200027986,0,07,000,16,2,9,00,A01
201200027986,0,07,000,00,2,3,01,B01
201200027987,0,07,000,00,1,8,01,A01
201200027988,0,33,000,00,2,1,01,A01
201200027988,0,07,000,00,2,5,15,B01
201200027988,0,07,000,00,2,3,01,C01
201200027989,0,07,000,01,2,8,15,B01
201200027989,0,07,000,00,2,2,01,A01
201200027990,0,07,000,00,2,1,05,A01
201200027990,0,02,000,00,2,1,01,B01
201200027991,0,07,000,00,2,3,15,A01
201200027991,0,32,000,03,2,5,17,B01
201200027992,0,07,000,16,0,0,21,C01
201200027992,0,07,000,00,2,1,01,B01
201200027992,0,15,000,00,2,1,13,A01
201200027993,0,07,000,15,0,9,13,A01
201200027994,0,17,000,00,2,3,09,A01
201200027994,0,07,000,00,2,1,01,B01
201200027995,0,07,000,03,2,1,13,A01
201200027995,0,07,000,00,2,1,01,B01
201200027996,0,07,000,00,1,1,01,A01
201200027997,0,33,000,00,2,2,17,A01
201200027997,0,07,000,00,2,3,15,B01
201200027998,0,07,000,01,0,1,01,A01
201200027998,0,07,000,00,2,4,24,B01
201200027999,0,14,000,00,2,1,01,B01
201200027999,0,07,000,00,2,1,17,A01
201200028000,0,07,000,00,2,1,02,A01
201200028000,0,01,000,00,2,4,02,B01
201200028001,0,07,000,00,2,1,01,B01
201200028001,0,07,000,00,2,7,15,A01
201200028002,0,07,000,00,2,3,09,A01
201200028002,0,02,000,00,2,4,01,B01
201200028003,0,07,000,00,9,2,01,A01
201200028003,0,01,000,00,2,7,19,B01
201200028004,0,07,000,00,2,4,01,B01
201200028004,0,07,000,00,2,1,02,A01
201200028005,1,07,000,00,0,0,04,A01
201200028005,0,31,000,00,0,0,01,B01
201200028006,0,01,000,00,2,1,00,B01
201200028006,1,07,000,00,2,0,00,Z01
201200028007,0,07,000,00,2,1,19,A01
201200028007,0,07,000,00,2,2,01,B01
201200028008,0,07,000,00,1,3,15,A01
201200028009,0,07,000,00,2,5,17,A01
201200028009,0,02,000,00,2,8,01,B01
201200028010,1,07,000,00,2,2,02,A01
201200028010,0,01,000,00,2,4,02,B01
201200028011,0,07,000,00,2,2,15,A01
201200028011,0,33,000,00,2,0,01,B01
201200028012,0,30,000,00,2,7,01,A01
201200028012,0,07,000,00,2,3,15,B01
201200028013,0,30,000,00,2,7,01,B01
201200028013,0,07,000,00,2,3,15,A01
201200028014,0,07,000,00,2,1,02,A01
201200028014,0,07,000,00,2,4,02,B01
201200028014,0,07,000,00,0,4,02,C01
201200028015,0,07,000,00,1,8,01,A01
201200028016,0,07,000,00,1,1,01,A01
201200028017,0,02,000,00,2,2,15,A01
201200028017,0,33,000,00,2,1,01,B01
201200028018,0,07,000,00,1,2,01,A01
201200028019,0,07,000,00,2,2,15,A01
201200028019,0,07,000,00,2,1,01,B01
201200028020,0,15,000,00,2,1,01,B01
201200028020,0,07,000,00,2,2,19,A01
201200028021,0,07,000,00,2,3,01,A01
201200028021,0,07,000,00,,2,01,B01
201200028022,0,33,000,00,0,7,01,A01
201200028023,0,07,000,00,2,1,02,C01
201200028023,0,07,000,00,2,4,02,D01
201200028023,0,07,000,00,2,4,02,B01
201200028023,0,07,000,00,2,1,02,A01
201200028024,0,30,000,00,1,1,01,A01
201200028025,0,10,000,00,2,5,16,A01
201200028025,0,01,000,00,2,1,01,B01
201200028026,0,07,000,00,2,2,15,A01
201200028026,0,10,000,00,2,1,16,B01
201200028027,0,02,000,00,2,1,17,A01
201200028027,0,02,000,00,2,4,15,B01
201200028028,0,07,000,06,0,1,01,A01
201200028029,0,33,000,00,2,2,01,B01
201200028029,0,07,000,00,2,1,15,A01
201200028030,0,07,000,00,2,1,01,A01
201200028030,1,99,000,00,0,0,00,Z01
201200028031,0,07,000,00,2,1,02,A01
201200028031,0,07,000,00,2,4,23,B01
201200028031,0,07,000,00,2,4,23,C01
201200028032,0,07,000,00,2,4,02,B01
201200028032,0,02,000,00,2,1,02,A01
201200028033,0,07,000,00,2,1,20,A01
201200028033,0,07,000,00,2,7,02,B01
201200028034,0,07,000,00,2,1,02,C01
201200028034,0,07,000,00,2,1,02,A01
201200028034,0,07,000,00,2,4,02,B01
201200028035,0,07,000,00,2,4,23,B01
201200028035,0,37,010,00,2,1,02,A01
201200028036,0,07,000,00,1,2,01,A01
201200028037,0,10,000,00,2,1,02,A01
201200028037,0,07,000,00,2,1,02,B01
201200028037,0,07,000,00,2,1,02,C01
201200028037,0,07,000,00,2,4,02,D01
201200028038,0,07,000,06,0,1,01,A01
201200028039,0,07,000,00,2,2,01,A01
201200028039,0,07,000,00,2,3,18,B01
201200028040,1,07,000,00,2,0,00,Z01
201200028040,0,02,000,00,2,1,01,A01
201200028041,0,02,000,00,0,8,02,A01
201200028042,0,07,000,00,0,3,01,A01
201200028043,0,33,000,00,2,1,01,B01
201200028043,0,07,000,00,2,3,15,A01
201200028044,0,07,000,00,2,3,01,B01
201200028044,0,10,000,00,2,1,15,A01
201200028045,0,07,000,00,2,1,02,A01
201200028045,0,07,000,00,2,4,15,B01
201200028046,0,07,000,00,2,2,01,B01
201200028046,0,01,000,00,2,8,16,A01
201200028047,0,01,000,00,2,1,02,B01
201200028047,0,07,000,00,2,1,09,A01
201200028048,0,07,000,08,0,7,01,A01
201200028049,0,02,000,00,2,1,01,A01
201200028049,0,07,000,00,2,8,01,B01
201200028050,0,07,000,00,2,4,23,B01
201200028050,0,07,000,00,2,1,02,A01
201200028051,0,07,000,16,0,0,09,A01
201200028052,0,07,000,00,2,3,09,A01
201200028052,0,30,000,00,2,7,01,B01
201200028053,0,07,000,00,2,3,16,A01
201200028053,0,07,000,00,2,2,01,B01
201200028054,0,01,000,00,0,0,02,A01
201200028055,0,07,000,00,2,1,02,A01
201200028055,0,07,000,00,,4,02,B01
201200028056,0,07,000,00,0,7,01,A01
201200028056,0,07,000,00,0,3,01,B01
201200028057,0,10,000,00,1,3,20,A01
201200028058,0,01,000,00,2,7,19,B01
201200028058,0,07,000,00,9,3,01,A01
201200028059,0,01,000,00,2,1,01,A01
201200028059,0,07,000,00,2,1,01,B01
201200028060,0,33,000,00,0,0,01,A01
201200028061,0,07,000,11,0,3,15,A01
201200028062,0,07,000,00,1,1,01,A01
201200028063,0,33,000,00,2,7,01,A01
201200028063,0,07,000,00,2,3,01,B01
201200028064,0,07,000,00,2,3,15,A01
201200028064,0,07,000,00,2,1,02,B01
201200028065,0,07,000,00,2,1,01,A01
201200028065,0,07,000,00,2,2,15,B01
201200028066,1,07,000,00,2,0,00,Z01
201200028066,0,02,000,00,0,4,01,B01
201200028067,0,07,000,00,1,3,15,A01
201200028068,0,33,000,00,2,1,02,A01
201200028068,0,07,000,00,0,4,23,B01
201200028069,0,07,000,00,2,1,15,A01
201200028069,0,33,000,00,2,1,01,B01
201200028070,0,33,000,01,0,1,01,A01
201200028071,0,02,000,00,0,7,01,A01
201200028072,0,07,000,00,0,4,02,B01
201200028072,0,07,000,00,2,1,02,A01
201200028073,0,07,000,00,2,3,01,C01
201200028073,0,07,000,00,2,3,06,A01
201200028073,0,07,000,00,0,3,01,B01
201200028074,0,07,000,00,2,4,02,B01
201200028074,0,07,000,00,2,4,02,D01
201200028074,0,07,000,00,2,4,02,C01
201200028074,0,07,000,00,2,1,02,A01
201200028075,0,07,000,00,2,4,23,B01
201200028075,0,07,000,00,2,1,02,A01
201200028076,0,02,000,00,2,1,02,A01
201200028076,0,37,001,00,0,4,02,B01
201200028077,0,10,000,00,2,1,02,A01
201200028077,0,07,000,00,0,4,15,B01
201200028078,0,07,000,00,2,3,01,A01
201200028078,0,07,000,00,2,1,02,B01
201200028079,0,10,000,08,2,9,02,A01
201200028079,0,07,000,00,2,8,23,B01
201200028079,0,07,000,00,2,4,23,C01
201200028079,0,07,000,00,2,6,01,D01
201200028080,0,07,000,00,2,1,02,A01
201200028080,0,07,000,00,2,4,02,B01
201200028081,0,07,000,00,0,1,01,A01
201200028082,0,07,000,00,0,5,01,B01
201200028082,0,02,000,00,2,3,01,A01
201200028083,0,07,000,00,2,1,02,A01
201200028083,0,31,000,00,2,4,02,B01
201200028084,0,07,000,00,1,5,01,A01
201200028085,0,07,000,00,2,6,14,A01
201200028085,0,07,000,00,2,3,02,B01
201200028086,0,37,010,00,1,2,01,A01
201200028087,0,07,000,00,2,2,01,A01
201200028087,0,07,000,00,2,7,24,C01
201200028087,0,07,000,00,2,5,04,B01
201200028088,0,07,000,00,2,4,02,A01
201200028088,0,07,000,00,2,1,02,C01
201200028088,0,07,000,00,2,9,02,B01
201200028089,0,01,000,00,2,8,05,A01
201200028089,0,07,000,00,2,8,01,B01
201200028090,0,07,000,00,2,1,01,B01
201200028090,0,07,000,00,2,2,15,A01
201200028091,0,07,000,00,2,1,02,A01
201200028091,0,07,000,00,2,4,01,B01
201200028092,0,07,000,00,2,2,01,B01
201200028092,0,07,000,00,2,1,19,A01
201200028093,0,07,000,00,2,1,02,A01
201200028093,0,07,000,00,2,4,02,B01
201200028094,0,02,000,00,2,8,01,B01
201200028094,0,07,000,00,2,7,16,A01
201200028095,0,07,000,00,2,4,09,A01
201200028095,0,07,000,00,2,1,01,C01
201200028095,0,14,000,00,2,2,01,B01
201200028096,0,02,000,00,1,1,01,A01
201200028097,0,07,000,00,2,1,01,B01
201200028097,0,07,000,00,2,8,19,A01
201200028098,0,07,000,00,2,4,02,B01
201200028098,0,07,000,00,2,1,02,A01
201200028099,0,07,000,00,0,8,01,A01
201200028100,0,30,000,00,2,3,01,A01
201200028100,0,10,000,00,2,1,02,B01
201200028101,0,07,000,13,0,1,01,A01
201200028102,0,07,000,00,2,7,01,B01
201200028102,0,10,000,00,2,3,09,A01
201200028103,0,07,000,00,2,7,15,A01
201200028103,0,02,000,00,2,1,02,B01
201200028104,0,07,000,00,2,8,02,C01
201200028104,0,07,000,00,2,8,01,B01
201200028104,0,07,000,00,2,3,13,A01
201200028105,0,02,000,00,2,7,17,A01
201200028105,0,07,000,00,2,1,01,B01
201200028106,0,07,000,00,9,1,01,A01
201200028107,0,07,000,08,0,3,01,A01
201200028108,0,07,000,08,0,1,01,A01
201200028109,0,07,000,00,2,1,02,B01
201200028109,0,07,000,00,2,3,15,A01
201200028110,0,07,000,00,2,1,02,A01
201200028110,0,07,000,00,2,4,01,B01
201200028111,0,07,000,00,1,4,04,A01
201200028112,0,01,000,00,2,2,01,B01
201200028112,0,07,000,00,2,3,09,A01
201200028113,0,07,000,00,2,2,02,A01
201200028113,0,33,000,00,2,8,02,B01
201200028114,0,07,000,00,2,1,02,A01
201200028114,0,07,000,00,2,4,09,B01
201200028115,0,07,000,09,0,2,02,A01
201200028116,0,07,000,08,0,7,01,A01
201200028117,0,07,000,00,2,1,02,A01
201200028117,0,07,000,00,2,4,01,B01
201200028118,0,07,000,08,0,1,01,A01
201200028119,0,10,000,00,2,3,01,B01
201200028119,0,07,000,04,2,0,01,A01
201200028120,0,07,000,00,1,1,01,A01
201200028121,0,07,000,00,2,1,02,A01
201200028121,0,07,000,00,,4,23,B01
201200028122,0,07,000,00,2,4,02,C01
201200028122,0,07,000,00,2,4,02,B01
201200028122,0,07,000,00,2,2,02,A01
201200028123,0,07,000,02,0,3,01,A01
201200028124,0,07,000,02,0,1,01,A01
201200028125,0,07,000,00,2,6,11,A01
201200028125,0,07,000,00,2,2,01,B01
201200028126,0,07,000,00,2,3,01,A01
201200028126,0,01,000,00,2,1,19,B01
201200028127,0,07,000,00,2,1,02,A01
201200028127,0,10,000,00,2,4,02,B01
201200028127,0,07,000,00,0,4,02,C01
201200028128,0,07,000,09,0,1,01,A01
201200028129,0,07,000,00,2,3,01,B01
201200028129,0,07,000,00,2,3,15,A01
201200028130,0,07,000,00,2,1,02,A01
201200028130,0,07,000,00,0,4,23,B01
201200028131,0,07,000,00,2,8,09,A01
201200028131,0,02,000,00,2,8,01,B01
201200028132,0,03,000,00,2,1,15,A01
201200028132,0,07,000,00,2,1,01,B01
201200028133,0,07,000,00,1,2,01,A01
201200028134,0,07,000,00,2,7,19,A01
201200028134,0,07,000,00,2,1,01,B01
201200028135,0,07,000,00,2,4,23,B01
201200028135,0,07,000,00,2,1,02,A01
201200028136,0,07,000,00,1,1,01,A01
201200028137,0,07,000,00,2,7,15,A01
201200028137,0,07,000,00,2,1,01,B01
201200028138,0,07,000,00,2,2,15,A01
201200028138,0,07,000,00,2,2,01,B01
201200028139,0,07,000,00,2,1,15,A01
201200028139,0,07,000,00,2,3,01,B01
201200028140,0,07,000,00,2,4,01,B01
201200028140,0,07,000,00,2,1,02,A01
201200028141,0,07,000,08,0,1,01,A01
201200028142,0,07,000,11,9,1,01,A01
201200028143,0,07,000,00,2,2,15,A01
201200028143,0,07,000,00,2,2,01,B01
201200028144,0,07,000,00,1,1,01,A01
201200028145,0,34,000,00,2,1,17,A01
201200028145,0,07,000,00,2,8,10,B01
201200028146,0,02,000,00,2,1,01,B01
201200028146,0,10,000,00,2,2,15,A01
201200028147,0,07,000,00,2,8,15,A01
201200028147,0,33,000,00,2,7,17,B01
201200028148,0,07,000,00,2,2,01,B01
201200028148,0,07,000,00,2,1,15,A01
201200028149,0,07,000,13,0,1,01,A01
201200028150,0,07,000,01,0,7,14,A01
201200028151,0,07,000,00,2,3,10,A01
201200028151,0,33,000,00,2,1,02,B01
201200028152,1,02,000,00,1,1,01,A01
201200028153,0,31,000,00,0,0,14,B01
201200028153,0,15,000,00,0,3,01,A01
201200028154,0,07,000,00,0,4,01,B01
201200028154,0,07,000,00,2,1,02,A01
201200028155,0,07,000,00,2,1,01,C01
201200028155,0,07,000,00,2,8,01,B01
201200028155,0,07,000,00,2,1,05,A01
201200028155,0,07,000,00,2,1,01,D01