Num_Acc,senc,catv,occutc,obs,obsm,choc,manv,num_veh
201200028156,0,07,000,00,2,1,02,B01
201200028156,0,07,000,00,2,7,15,A01
201200028157,0,07,000,00,2,5,04,A01
201200028157,0,01,000,00,2,1,01,B01
201200028158,0,07,000,00,2,2,15,A01
201200028158,0,02,000,00,2,1,01,B01
201200028159,0,10,000,00,1,3,01,A01
201200028160,0,07,000,00,2,4,09,A01
201200028160,0,33,000,00,2,1,01,B01
201200028161,0,07,000,00,2,7,19,A01
201200028161,0,02,000,00,2,1,01,B01
201200028162,0,07,000,00,1,3,07,A01
201200028163,0,07,000,00,2,1,02,A01
201200028163,0,07,000,00,2,4,02,B01
201200028163,0,07,000,00,0,4,02,C01
201200028164,0,07,000,00,2,1,13,A01
201200028164,0,07,000,00,2,1,02,C01
201200028164,0,14,000,00,2,3,01,B01
201200028165,0,07,000,00,2,3,01,B01
201200028165,0,07,000,00,2,3,15,A01
201200028166,0,07,000,00,2,3,01,B01
201200028166,0,10,000,00,2,7,01,A01
201200028167,0,07,000,02,0,1,06,A01
201200028168,0,02,000,00,2,1,01,B01
201200028168,0,07,000,00,2,3,11,A01
201200028169,0,07,000,00,2,1,01,A01
201200028169,0,02,000,00,2,2,01,B01
201200028170,0,20,000,00,1,1,01,A01
201200028171,0,10,000,00,2,1,00,A01
201200028171,0,07,000,08,2,8,01,B01
201200028172,0,07,000,00,2,7,15,A01
201200028172,0,02,000,00,2,1,01,B01
201200028173,0,07,000,00,1,2,01,A01
201200028174,0,33,000,01,2,1,11,A01
201200028174,0,07,000,00,2,3,15,B01
201200028175,0,07,000,13,0,3,01,A01
201200028176,0,07,000,00,1,7,01,A01
201200028177,0,07,000,00,2,2,15,A01
201200028177,0,30,000,00,2,1,01,B01
201200028178,0,07,000,00,2,2,01,B01
201200028178,0,07,000,00,2,3,15,A01
201200028179,0,07,000,00,2,3,15,A01
201200028179,0,15,000,00,2,1,01,B01
201200028180,1,10,000,00,2,3,15,A01
201200028180,0,07,000,00,2,9,17,B01
201200028181,0,07,000,00,1,2,01,A01
201200028182,0,33,000,00,0,1,01,A01
201200028183,0,02,000,00,2,2,01,A01
201200028183,0,07,000,00,2,8,01,B01
201200028184,0,07,000,06,1,1,20,A01
201200028185,0,07,000,00,2,9,17,A01
201200028185,0,07,000,00,2,9,01,B01
201200028186,0,07,000,00,2,1,01,B01
201200028186,0,14,000,00,2,2,01,A01
201200028187,0,07,000,06,2,1,17,A01
201200028187,0,07,000,00,2,1,15,B01
201200028188,0,07,000,07,2,4,11,A01
201200028188,0,15,000,00,2,1,01,B01
201200028189,0,07,000,00,1,1,16,A01
201200028190,0,33,000,00,0,1,01,A01
201200028191,0,33,000,00,0,8,01,A01
201200028192,0,02,000,00,2,6,23,B01
201200028192,0,15,000,00,2,7,01,A01
201200028193,0,07,000,00,2,1,13,A01
201200028193,0,07,000,00,2,1,01,B01
201200028194,0,07,000,00,2,1,13,A01
201200028194,0,38,001,00,2,1,01,B01
201200028195,0,07,000,00,2,1,01,A01
201200028195,0,07,000,00,2,3,15,B01
201200028196,0,07,000,00,1,2,01,A01
201200028197,0,01,000,00,1,1,01,A01
201200028198,0,07,000,06,0,1,01,A01
201200028199,0,33,000,00,2,8,01,B01
201200028199,0,07,000,00,2,3,15,A01
201200028200,0,07,000,00,2,3,16,A01
201200028200,0,07,000,00,2,2,01,B01
201200028201,0,02,000,00,2,1,15,A01
201200028201,0,02,000,00,2,1,01,B01
201200028202,0,07,000,00,2,3,13,A01
201200028202,0,07,000,00,2,3,00,B01
201200028203,0,07,000,12,0,8,00,A01
201200028204,0,07,000,00,2,1,00,A01
201200028204,0,07,000,00,2,7,00,B01
201200028205,0,07,000,00,1,4,04,A01
201200028206,0,07,000,02,0,1,00,A01
201200028207,0,07,000,00,2,3,00,A01
201200028207,0,07,000,00,2,3,01,B01
201200028208,0,33,000,13,0,1,00,A01
201200028209,0,07,000,00,2,1,02,A01
201200028209,0,31,000,00,2,4,23,B01
201200028210,0,33,000,00,2,1,00,B01
201200028210,0,07,000,00,2,1,00,A01
201200028211,0,07,000,02,0,1,00,A01
201200028212,0,07,000,00,2,3,15,A01
201200028212,0,07,000,00,2,1,01,B01
201200028213,0,02,000,00,2,1,00,A01
201200028213,0,07,000,00,2,2,00,B01
201200028214,0,07,000,02,2,1,13,A01
201200028214,0,07,000,00,2,8,00,B01
201200028215,0,07,000,00,1,3,04,Z01
201200028216,0,07,000,00,1,2,01,A01
201200028217,0,07,000,00,1,8,00,A01
201200028218,0,07,000,00,2,1,01,A01
201200028218,0,07,000,00,2,4,01,C01
201200028218,0,07,000,00,2,4,01,B01
201200028219,0,07,000,00,1,0,00,A01
201200028220,0,07,000,13,0,1,00,A01
201200028221,0,07,000,15,0,1,00,A01
201200028222,0,07,000,00,2,1,13,A01
201200028222,0,13,000,00,2,1,00,B01
201200028223,0,07,000,00,1,2,01,A01
201200028223,0,07,000,00,1,7,24,B01
201200028224,0,07,000,00,2,1,01,B01
201200028224,0,07,000,00,2,8,15,A01
201200028225,0,33,000,00,2,8,01,A01
201200028225,0,07,000,00,2,3,15,B01
201200028226,0,37,001,00,1,7,00,A01
201200028227,0,07,000,00,2,1,00,B01
201200028227,0,07,000,00,2,1,15,A01
201200028228,0,33,000,00,2,1,13,A01
201200028228,0,14,000,00,2,3,01,B01
201200028229,0,07,000,00,2,7,15,A01
201200028229,0,33,000,00,2,1,00,B01
201200028230,0,07,000,00,2,3,01,B01
201200028230,0,07,000,00,2,2,15,A01
201200028231,0,07,000,00,2,3,01,A01
201200028231,0,07,000,00,2,3,01,B01
201200028232,0,07,000,00,2,1,01,A01
201200028232,0,07,000,00,2,5,23,C01
201200028232,0,07,000,00,2,4,01,B01
201200028233,0,07,000,00,2,1,00,A01
201200028233,0,07,000,00,2,5,00,B01
201200028234,1,07,000,00,2,1,11,B01
201200028234,0,30,000,00,2,4,11,A01
201200028235,0,99,000,00,2,3,15,A01
201200028235,0,33,000,00,2,2,17,B01
201200028236,0,07,000,00,2,3,01,B01
201200028236,0,07,000,00,2,8,23,C01
201200028236,0,07,000,00,2,1,05,A01
201200028237,0,07,000,00,1,3,01,A01
201200028238,0,07,000,00,2,1,13,A01
201200028238,0,33,000,00,2,1,00,B01
201200028239,0,07,000,00,2,3,13,A01
201200028239,0,07,000,00,2,3,00,B01
201200028240,0,07,000,00,1,1,01,A01
201200028241,0,30,000,00,1,1,17,A01
201200028242,0,07,000,00,1,4,04,A01
201200028243,0,33,000,00,2,1,02,B01
201200028243,0,37,001,00,0,2,09,A01
201200028244,0,07,000,00,1,4,04,A01
201200028245,0,01,000,00,0,1,21,A01
201200028245,0,17,000,00,2,5,16,B01
201200028246,0,07,000,00,1,3,01,A01
201200028247,0,07,000,00,1,4,04,A01
201200028248,0,07,000,00,9,1,15,A01
201200028248,0,01,000,00,0,8,00,B01
201200028249,0,07,000,00,9,8,10,A01
201200028249,0,31,000,00,2,1,01,B01
201200028250,0,07,000,00,2,8,14,C01
201200028250,0,07,000,00,2,3,15,A01
201200028250,0,07,000,00,2,3,01,B01
201200028251,0,07,000,00,1,1,01,A01
201200028252,0,07,000,00,2,2,01,B01
201200028252,0,33,000,00,2,1,16,A01
201200028253,0,07,000,00,2,9,02,C01
201200028253,0,17,000,00,2,1,01,E01
201200028253,0,07,000,00,2,1,02,B01
201200028253,0,10,000,00,0,6,02,D01
201200028253,0,07,000,00,2,2,02,A01
201200028254,0,07,000,00,0,9,01,A01
201200028255,0,07,000,00,2,1,01,A01
201200028255,0,10,000,00,2,6,01,C01
201200028255,0,03,000,00,2,7,15,B01
201200028256,0,07,000,00,1,1,01,A01
201200028257,0,07,000,00,1,2,01,A01
201200028258,0,03,000,00,2,3,01,B01
201200028258,0,07,000,00,2,4,15,A01
201200028259,0,07,000,00,2,1,01,B01
201200028259,0,07,000,00,2,2,15,A01
201200028260,0,02,000,00,2,7,18,B01
201200028260,0,07,000,00,2,2,01,A01
201200028261,0,07,000,00,2,2,15,A01
201200028261,0,33,000,00,2,1,01,B01
201200028262,0,07,000,00,2,2,01,A01
201200028262,0,07,000,00,2,1,09,B01
201200028263,0,07,000,00,2,1,01,B01
201200028263,0,07,000,00,2,8,15,A01
201200028264,0,30,000,00,2,1,01,A01
201200028264,0,07,000,00,2,6,15,B01
201200028265,0,07,000,16,0,9,01,A01
201200028266,0,10,000,00,2,1,01,B01
201200028266,0,07,000,00,2,3,09,A01
201200028267,0,07,000,00,2,3,01,B01
201200028267,0,07,000,00,2,1,01,A01
201200028268,0,33,000,00,2,1,01,A01
201200028268,0,07,000,00,2,4,15,B01
201200028269,0,07,000,00,2,1,02,A01
201200028269,0,07,000,00,2,4,23,B01
201200028269,0,07,000,00,2,4,23,C01
201200028270,0,07,000,00,1,8,15,A01
201200028271,0,01,000,00,2,4,11,B01
201200028271,0,07,000,00,2,2,11,A01
201200028272,0,07,000,00,2,1,00,A01
201200028272,0,38,001,00,2,8,01,B01
201200028273,0,07,000,00,2,1,02,A01
201200028273,0,07,000,00,2,4,02,B01
201200028273,0,07,000,00,2,4,02,C01
201200028274,0,31,000,01,2,8,01,B01
201200028274,0,07,000,00,2,1,15,A01
201200028275,0,07,000,00,2,0,15,A01
201200028275,0,32,000,00,2,0,01,B01
201200028276,0,07,000,00,2,3,15,C01
201200028276,0,01,000,00,2,4,01,B01
201200028276,0,07,000,00,2,3,15,A01
201200028277,0,07,000,13,1,2,01,A01
201200028278,0,07,000,00,2,1,15,A01
201200028278,0,32,000,00,2,1,01,B01
201200028279,0,07,000,00,2,3,17,B01
201200028279,0,07,000,00,2,1,09,A01
201200028280,0,07,000,00,2,1,01,B01
201200028280,0,07,000,01,2,5,01,A01
201200028281,0,01,000,00,2,1,19,A01
201200028281,0,07,000,00,2,6,15,B01
201200028282,0,07,000,00,2,1,01,B01
201200028282,0,10,000,07,2,7,01,A01
201200028283,0,07,000,00,2,7,01,B01
201200028283,0,30,000,00,2,1,15,A01
201200028284,0,07,000,00,1,4,20,A01
201200028285,0,07,000,00,9,2,02,A01
201200028285,0,01,000,00,2,0,02,B01
201200028286,0,30,000,00,2,1,02,B01
201200028286,0,07,000,00,2,5,19,A01
201200028287,0,07,000,00,0,4,23,A01
201200028287,0,07,000,00,2,1,02,C01
201200028287,0,07,000,00,2,1,23,B01
201200028288,0,33,000,00,2,1,13,B01
201200028288,0,07,000,00,2,3,15,A01
201200028289,0,17,000,00,2,1,02,B01
201200028289,0,07,000,00,2,4,23,A01
201200028290,0,07,000,00,2,1,05,B01
201200028290,0,07,000,00,2,7,05,A01
201200028291,0,33,000,01,0,3,01,A01
201200028292,0,38,001,00,2,3,13,B01
201200028292,0,03,000,00,2,8,05,A01
201200028293,0,07,000,00,1,2,01,A01
201200028294,0,30,000,00,2,3,14,A01
201200028294,0,30,000,00,2,5,02,B01
201200028295,0,07,000,00,2,1,15,A01
201200028295,0,30,000,00,2,1,01,B01
201200028296,0,10,000,13,0,1,01,A01
201200028297,0,07,000,00,2,6,09,B01
201200028297,0,01,000,00,2,7,09,A01
201200028298,0,07,000,00,1,4,20,A01
201200028299,0,07,000,00,2,1,02,B01
201200028299,0,07,000,00,2,1,02,C01
201200028299,0,07,000,00,2,4,13,A01
201200028300,0,07,000,00,2,3,01,A01
201200028300,0,07,000,00,2,8,05,B01
201200028300,0,07,000,00,2,5,05,C01
201200028301,0,01,000,00,2,7,01,B01
201200028301,0,07,000,00,2,1,19,A01
201200028302,0,07,000,00,2,3,01,B01
201200028302,0,07,000,00,2,2,13,A01
201200028303,0,07,000,00,2,1,02,C01
201200028303,0,33,000,00,2,4,23,B01
201200028303,0,07,000,00,2,4,23,A01
201200028304,0,07,000,00,1,4,20,A01
201200028305,0,07,000,00,2,3,15,A01
201200028305,0,30,000,00,2,8,15,B01
201200028306,0,07,000,00,0,4,15,B01
201200028306,0,30,000,00,2,1,01,A01
201200028307,0,33,000,00,2,8,02,B01
201200028307,0,07,000,00,2,5,23,A01
201200028308,0,33,000,00,2,3,05,B01
201200028308,0,07,000,00,2,5,15,A01
201200028309,0,33,000,00,2,7,01,B01
201200028309,0,07,000,00,2,8,09,A01
201200028310,0,07,000,00,2,1,01,A01
201200028310,0,07,000,00,2,4,23,C01
201200028310,0,10,000,00,2,4,23,B01
201200028311,0,01,000,00,2,1,01,B01
201200028311,0,07,000,00,2,1,13,A01
201200028312,0,33,000,00,0,9,01,A01
201200028313,0,07,000,00,2,2,01,B01
201200028313,0,07,000,00,2,7,19,A01
201200028314,0,07,000,00,2,2,01,B01
201200028314,0,02,000,00,2,1,05,A01
201200028315,0,07,000,00,2,3,09,A01
201200028315,0,07,000,00,2,2,02,B01
201200028316,0,33,000,00,2,1,01,A01
201200028316,0,07,000,00,2,3,01,B01
201200028317,0,10,000,00,2,1,01,A01
201200028317,0,07,000,00,2,3,16,B01
201200028318,0,07,000,00,2,3,09,A01
201200028318,0,02,000,00,2,3,01,B01
201200028319,0,01,000,01,0,1,01,B01
201200028319,0,07,000,00,2,3,24,A01
201200028320,0,10,000,00,2,3,13,A01
201200028320,0,33,000,00,2,7,02,B01
201200028321,0,07,000,00,2,3,15,A01
201200028321,0,33,000,00,2,1,17,B01
201200028322,0,02,000,15,0,1,14,A01
201200028323,0,07,000,00,2,7,01,B01
201200028323,0,07,000,00,2,2,19,A01
201200028324,0,01,000,00,2,7,09,B01
201200028324,0,07,000,00,2,8,01,A01
201200028325,0,07,000,00,0,7,01,A01
201200028326,0,07,000,00,2,2,17,A01
201200028326,0,01,000,00,2,1,15,B01
201200028327,0,02,000,00,0,0,01,A01
201200028328,0,10,000,00,2,4,23,B01
201200028328,0,07,000,00,2,4,23,C01
201200028328,0,07,000,00,2,4,23,E01
201200028328,0,10,000,00,2,1,02,A01
201200028328,0,07,000,00,2,4,23,D01
201200028329,0,07,000,00,0,8,01,A01
201200028330,0,07,000,00,2,8,16,B01
201200028330,0,07,000,00,2,1,01,A01
201200028331,0,07,000,00,2,3,16,A01
201200028331,0,01,000,00,2,7,01,B01
201200028332,0,10,000,00,2,7,01,A01
201200028332,0,07,000,00,2,1,16,B01
201200028333,0,07,000,00,2,0,15,C01
201200028333,0,07,000,00,2,3,19,B01
201200028333,0,30,000,00,2,3,19,A01
201200028334,0,07,000,00,2,4,23,B01
201200028334,0,01,000,00,2,4,01,A01
201200028335,0,07,000,00,2,9,05,A01
201200028336,0,07,000,00,2,2,15,B01
201200028336,0,07,000,00,2,8,01,A01
201200028337,0,07,000,00,1,2,01,A01
201200028338,0,03,000,01,1,2,20,A01
201200028339,0,07,000,00,1,1,01,A01
201200028340,1,99,000,00,2,4,01,Z01
201200028340,0,30,000,00,2,4,01,A01
201200028341,0,07,000,00,2,1,01,A01
201200028341,0,07,000,00,2,3,01,B01
201200028342,0,07,000,00,0,9,01,A01
201200028343,0,99,000,00,2,8,01,A01
201200028343,0,07,000,00,2,2,15,B01
201200028344,0,01,000,00,2,1,01,B01
201200028344,0,07,000,00,2,5,15,A01
201200028345,0,07,000,00,2,2,06,A01
201200028345,0,33,000,00,2,1,01,B01
201200028346,0,33,000,01,0,8,21,A01
201200028347,0,17,000,00,2,3,01,A01
201200028347,0,07,000,00,2,4,01,B01
201200028348,0,07,000,00,2,2,01,B01
201200028348,0,07,000,00,2,7,15,A01
201200028349,0,10,000,00,2,1,06,A01
201200028349,0,02,000,00,2,1,01,B01
201200028350,0,10,000,00,0,4,23,A01
201200028350,0,07,000,01,0,1,02,B01
201200028351,0,01,000,00,1,1,01,A01
201200028352,0,07,000,00,0,9,01,A01
201200028353,0,07,000,00,2,1,02,C01
201200028353,0,10,000,00,2,1,02,B01
201200028353,0,07,000,00,0,4,23,A01
201200028354,0,02,000,00,2,1,01,B01
201200028354,0,02,000,00,2,1,01,C01
201200028354,0,07,000,00,2,1,15,A01
201200028355,0,02,000,00,2,1,09,B01
201200028355,0,07,000,00,2,7,01,A01
201200028356,0,07,000,00,2,3,15,A01
201200028356,0,02,000,00,2,7,17,B01
201200028357,0,02,000,00,2,8,01,A01
201200028357,0,07,000,00,2,7,16,B01
201200028358,0,07,000,00,2,1,17,C01
201200028358,0,07,000,00,2,7,17,D01
201200028358,0,07,000,01,0,8,01,A01
201200028359,0,07,000,00,2,8,15,B01
201200028359,0,02,000,00,2,3,17,A01
201200028360,0,02,000,00,2,0,17,A01
201200028360,0,01,000,01,2,1,01,B01
201200028361,0,07,000,00,2,0,17,A01
201200028361,0,01,000,00,2,8,01,B01
201200028362,0,07,000,00,2,8,09,A01
201200028362,0,01,000,00,2,8,19,B01
201200028363,0,07,000,00,1,0,00,A01
201200028364,0,07,000,00,1,0,01,A01
201200028365,0,07,000,00,2,1,01,A01
201200028365,0,07,000,06,2,1,01,B01
201200028366,0,07,000,00,2,3,16,B01
201200028366,0,07,000,00,2,2,01,A01
201200028367,0,07,000,00,2,8,10,A01
201200028367,0,30,000,00,2,1,01,B01
201200028368,0,07,000,00,1,1,01,A01
201200028369,0,07,000,00,1,3,01,A01
201200028370,0,01,000,00,1,1,01,A01
201200028371,0,03,000,00,1,1,01,A01
201200028372,0,07,000,00,2,3,02,A01
201200028372,0,07,000,00,2,4,23,B01
201200028373,0,07,000,00,2,3,01,B01
201200028373,0,07,000,00,2,7,16,A01
201200028374,0,07,000,00,1,0,01,A01
201200028375,0,07,000,00,2,8,17,B01
201200028375,0,07,000,00,2,3,01,C01
201200028375,0,07,000,00,2,3,16,A01
201200028376,0,07,000,00,2,3,10,A01
201200028376,0,02,000,00,2,7,01,B01
201200028377,0,07,000,00,0,9,01,A01
201200028378,0,07,000,00,2,3,13,A01
201200028378,0,15,000,00,2,6,01,B01
201200028379,0,07,000,07,0,9,01,A01
201200028380,0,01,000,00,2,1,01,B01
201200028380,0,07,000,00,2,1,15,A01
201200028381,0,20,000,00,0,6,01,B01
201200028381,0,07,000,00,9,2,02,A01
201200028382,0,33,000,00,2,1,03,A01
201200028382,0,07,000,00,2,2,21,B01
201200028383,0,02,000,00,2,1,01,A01
201200028383,0,07,000,00,2,0,00,B01
201200028384,0,07,000,00,2,6,15,B01
201200028384,0,02,000,00,2,7,17,A01
201200028385,0,02,000,00,2,1,01,A01
201200028385,0,07,000,00,2,7,15,B01
201200028386,0,07,000,01,0,3,01,A01
201200028387,0,07,000,00,0,6,11,B01
201200028387,0,33,000,00,2,1,01,A01
201200028388,0,02,000,00,2,1,01,B01
201200028388,0,07,000,00,2,6,04,A01
201200028389,0,07,000,00,0,2,02,A01
201200028389,0,01,000,00,0,0,15,B01
201200028390,0,10,000,00,1,6,15,A01
201200028391,0,07,000,00,1,1,01,A01
201200028392,0,07,000,00,2,3,09,A01
201200028392,0,37,026,00,2,2,01,B01
201200028393,0,07,000,00,1,1,01,A01
201200028394,0,07,000,00,1,1,01,A01
201200028395,0,10,000,00,2,1,13,A01
201200028395,0,07,000,00,2,1,01,B01
201200028396,0,07,000,00,2,5,01,A01
201200028396,0,07,000,00,2,1,01,B01
201200028397,0,07,000,00,2,4,02,B01
201200028397,0,07,000,00,2,1,02,A01
201200028398,0,07,000,00,2,6,15,A01
201200028398,0,07,000,00,2,1,01,B01
201200028399,0,14,000,00,2,5,04,B01
201200028399,0,07,000,00,2,1,01,A01
201200028400,0,07,000,00,2,8,01,B01
201200028400,0,07,000,00,2,8,01,C01
201200028400,0,07,000,00,2,0,17,A01
201200028401,0,07,000,00,1,1,01,A01
201200028402,0,07,000,00,0,6,01,B01
201200028402,0,07,000,00,2,2,11,A01
201200028403,0,10,000,00,1,3,15,A01
201200028404,0,07,000,00,2,3,01,B01
201200028404,2,07,000,00,2,2,13,A01
201200028405,0,07,000,00,1,1,01,A01
201200028406,0,07,000,00,2,3,01,B01
201200028406,0,10,000,13,0,7,01,A01
201200028407,0,07,000,00,2,1,02,A01
201200028407,0,07,000,00,2,4,02,B01
201200028408,0,07,000,00,1,1,15,A01
201200028409,0,03,000,00,2,1,01,B01
201200028409,0,07,000,00,0,7,01,A01
201200028410,0,07,000,14,0,1,02,A01
201200028410,0,07,000,00,0,4,23,C01
201200028410,0,07,000,00,0,4,23,B01
201200028411,0,07,000,00,1,2,00,A01
201200028412,0,07,000,00,0,1,01,A01
201200028413,0,07,000,00,0,1,01,A01
201200028414,0,07,000,00,0,1,01,A01
201200028414,0,07,000,00,0,4,01,B01
201200028415,0,07,000,00,0,1,01,A01
201200028415,0,07,000,00,0,4,01,B01
201200028416,0,07,000,00,2,2,01,A01
201200028416,0,07,000,00,2,8,01,B01
201200028417,0,07,000,00,0,3,01,A01
201200028418,1,07,000,00,0,4,04,A01
201200028419,0,37,003,00,0,3,01,B01
201200028419,0,07,000,00,0,3,01,A01
201200028419,0,07,000,00,0,3,00,C01
201200028420,0,07,000,00,2,4,01,B01
201200028420,0,07,000,00,2,1,01,A01
201200028421,0,07,000,12,0,2,01,A01
201200028422,0,07,000,00,2,2,01,B01
201200028422,0,07,000,00,2,7,01,C01
201200028422,0,07,000,00,0,1,01,A01
201200028423,1,07,000,00,1,0,17,Z01
201200028424,0,07,000,00,1,1,01,A01
201200028425,0,07,000,00,0,8,01,A01
201200028426,0,07,000,00,2,1,01,B01
201200028426,0,07,000,00,0,8,09,A01
201200028427,0,10,000,00,4,7,01,A01
201200028427,0,40,017,00,2,1,01,B01
201200028428,0,10,000,00,1,5,09,A01
201200028428,0,10,000,00,2,3,23,B01
201200028429,0,07,000,00,1,2,16,A01
201200028430,0,07,000,00,0,3,01,A01
201200028430,0,33,000,00,0,7,01,B01
201200028431,0,07,000,00,2,1,19,A01
201200028431,0,07,000,07,0,0,01,B01
201200028432,0,07,000,00,1,2,01,A01
201200028433,0,07,000,00,0,0,01,A01
201200028433,0,07,000,00,0,4,01,B01
201200028434,0,07,000,00,0,0,00,A01
201200028435,0,07,000,00,0,6,20,A01
201200028436,0,33,000,01,2,8,01,B01
201200028436,0,07,000,00,0,2,09,A01
201200028437,0,07,000,00,2,0,09,A01
201200028437,0,30,000,00,2,0,01,B01
201200028438,0,03,000,00,2,1,14,A01
201200028438,0,07,000,00,2,7,01,C01
201200028439,0,07,000,00,0,9,01,A01
201200028439,0,07,000,00,0,1,01,B01
201200028440,0,07,000,00,2,1,09,A01
201200028440,0,07,000,00,2,8,01,B01
201200028441,0,07,000,00,0,0,01,A01
201200028442,0,07,000,00,1,1,16,A01
201200028443,0,07,000,00,1,4,20,A01
201200028444,0,07,000,00,2,1,01,B01
201200028444,0,07,000,00,0,1,13,A01
201200028445,0,10,000,00,1,2,16,A01
201200028446,0,07,000,00,1,1,01,A01
201200028447,0,07,000,00,1,2,01,A01
201200028448,0,33,000,00,2,7,17,B01
201200028448,0,07,000,00,2,8,15,A01
201200028449,0,37,005,00,2,2,01,B01
201200028449,0,07,000,00,2,3,01,A01
201200028450,0,30,000,12,0,0,01,A01
201200028451,0,07,000,06,0,3,13,A01
201200028452,0,07,000,00,1,2,01,A01
201200028453,0,33,000,00,0,0,01,A01
201200028454,0,07,000,00,0,7,15,A01
201200028454,0,07,000,00,2,1,01,B01
201200028455,0,07,000,00,0,2,01,A01
201200028455,0,07,000,00,2,3,09,B01
201200028456,0,07,000,00,2,9,01,A01
201200028456,0,07,000,00,2,3,01,B01
201200028457,0,07,000,00,0,3,01,A01
201200028457,0,07,000,00,0,2,01,B01
201200028458,0,07,000,00,9,1,15,A01
201200028458,0,01,000,00,2,1,01,B01
201200028459,0,33,000,00,0,1,01,A01
201200028460,0,07,000,00,9,4,00,A01
201200028461,0,07,000,00,2,7,15,A01
201200028461,0,07,000,00,2,3,01,B01
201200028462,0,33,000,00,2,1,01,A01
201200028462,0,10,000,00,2,4,01,B01
201200028463,0,07,000,00,2,8,09,B01
201200028463,0,01,000,00,2,1,05,A01
201200028464,0,30,000,00,1,1,00,A01
201200028465,0,07,000,00,1,4,04,A01
201200028466,0,07,000,00,0,0,01,B01
201200028466,0,30,000,00,0,8,01,A01
201200028467,1,07,000,00,1,7,01,A01
201200028468,0,07,000,00,1,8,00,A01
201200028469,0,07,000,00,2,3,01,B01
201200028469,0,07,000,00,2,1,00,A01
201200028470,0,07,000,00,1,2,00,A01
201200028471,0,07,000,01,2,8,19,A01
201200028471,0,31,000,00,2,1,01,B01
201200028472,0,07,000,12,0,1,16,A01
201200028473,0,07,000,00,2,3,01,B01
201200028473,0,07,000,00,0,2,01,A01
201200028474,0,07,000,00,0,0,01,A01
201200028475,1,07,000,00,2,3,01,A01
201200028475,0,07,000,00,0,1,01,C01
201200028475,0,07,000,00,0,1,01,B01
201200028476,0,40,018,00,2,2,01,B01
201200028476,0,07,000,00,0,3,15,A01
201200028477,0,07,000,00,1,1,00,A01
201200028478,0,07,000,00,1,0,00,A01
201200028479,0,07,000,06,1,2,01,A01
201200028480,0,10,000,00,1,2,01,A01
201200028481,0,33,000,00,2,1,01,B01
201200028481,0,07,000,00,2,7,15,A01
201200028482,0,07,000,00,1,2,01,A01
201200028483,0,10,000,00,2,4,02,A01
201200028483,0,37,001,00,2,1,01,B01
201200028484,0,07,000,00,1,0,01,A01
201200028485,1,99,000,00,2,0,01,A01
201200028485,0,01,000,00,2,0,05,B01
201200028486,0,01,000,00,2,0,13,A01
201200028486,0,07,000,00,2,2,01,B01
201200028487,0,01,000,00,1,0,01,A01
201200028488,0,10,000,00,1,5,04,A01
201200028489,0,30,000,16,0,0,01,A01
201200028490,0,07,000,00,2,3,15,A01
201200028490,0,01,000,00,2,0,01,B01
201200028491,0,33,000,00,0,0,01,A01
201200028492,0,07,000,00,2,3,01,A01
201200028492,0,33,000,00,2,7,01,B01
201200028493,0,07,000,00,2,1,01,A01
201200028493,0,07,000,00,2,7,01,B01
201200028494,0,01,000,00,1,1,01,A01
201200028495,0,07,000,00,1,7,23,A01
201200028496,0,07,000,00,4,1,01,A01
201200028496,0,40,022,00,2,8,01,B01
201200028497,1,07,000,00,1,3,10,A01
201200028498,0,07,000,00,2,7,01,C01
201200028498,0,33,000,01,2,1,01,A01
201200028499,0,07,000,00,1,1,01,A01
201200028500,0,07,000,00,1,1,16,A01
201200028501,0,07,000,00,2,2,01,A01
201200028501,0,30,000,00,2,6,16,B01
201200028502,0,07,000,00,1,1,16,A01
201200028503,0,37,001,00,1,0,00,A01
201200028504,0,07,000,00,2,4,15,A01
201200028504,0,32,000,00,2,1,01,B01
201200028505,0,07,000,08,0,1,00,A01
201200028506,0,07,000,00,1,1,01,A01
201200028507,0,07,000,00,2,3,16,A01
201200028507,0,01,000,00,2,7,08,B01
201200028508,0,07,000,00,1,3,01,A01
201200028509,0,10,000,00,2,2,01,A01
201200028509,0,07,000,00,0,8,01,B01
201200028510,0,07,000,00,2,4,23,B01
201200028510,0,30,000,00,2,1,01,A01
201200028511,0,07,000,00,2,1,15,A01
201200028511,0,07,000,00,2,1,01,B01
201200028512,0,33,000,00,2,1,01,A01
201200028512,0,07,000,00,2,5,01,B01
201200028513,0,07,000,00,2,7,19,A01
201200028513,0,07,000,00,2,1,01,B01
201200028514,0,07,000,00,0,0,00,A01
201200028514,0,07,000,00,0,0,00,B01
201200028515,0,07,000,00,2,1,01,A01
201200028515,0,07,000,00,2,4,01,B01
201200028516,0,07,000,00,2,1,00,B01
201200028516,0,07,000,00,2,5,00,A01
201200028517,0,07,000,00,1,2,16,A01
201200028518,0,07,000,15,0,1,14,A01
201200028519,0,14,000,00,2,2,01,B01
201200028519,0,07,000,00,2,1,15,A01
201200028520,0,07,000,14,0,1,01,A01
201200028521,0,07,000,00,2,5,15,A01
201200028521,0,07,000,00,2,2,01,B01
201200028522,0,07,000,01,0,2,01,A01
201200028523,0,01,000,01,0,1,15,A01
201200028524,0,07,000,01,2,3,09,A01
201200028524,0,07,000,00,2,2,01,B01