Num_Acc,senc,catv,occutc,obs,obsm,choc,manv,num_veh
201200028525,0,07,000,01,0,9,13,A01
201200028526,0,07,000,00,2,2,01,B01
201200028526,1,30,000,00,2,1,00,Z01
201200028527,0,30,000,01,0,1,01,A01
201200028528,1,07,000,00,2,3,01,Z01
201200028528,0,07,000,00,2,2,15,A01
201200028529,0,07,000,00,2,3,01,C01
201200028529,0,07,000,00,2,3,13,A01
201200028529,0,07,000,00,2,8,01,B01
201200028530,0,33,000,12,0,1,01,A01
201200028531,0,07,000,00,2,3,01,B01
201200028531,0,10,000,00,0,2,01,A01
201200028532,0,07,000,00,1,4,04,A01
201200028533,0,02,000,00,2,1,01,B01
201200028533,0,37,001,00,0,5,01,A01
201200028534,0,07,000,00,2,3,09,A01
201200028534,0,07,000,00,2,2,00,B01
201200028535,0,01,000,00,2,1,02,A01
201200028535,0,07,000,00,2,4,02,B01
201200028536,0,07,000,00,0,1,00,A01
201200028537,0,07,000,00,2,8,09,A01
201200028537,0,01,000,00,2,0,01,B01
201200028538,0,07,000,00,2,8,01,A01
201200028538,1,07,000,00,2,0,00,Z01
201200028539,0,07,000,00,1,1,15,A01
201200028540,0,07,000,01,0,1,01,A01
201200028541,0,07,000,00,1,1,01,A01
201200028542,0,07,000,00,0,1,09,A01
201200028542,0,07,000,00,2,8,01,B01
201200028543,0,33,000,00,2,1,01,B01
201200028543,0,07,000,00,2,7,16,A01
201200028544,0,07,000,00,1,2,01,A01
201200028545,0,07,000,01,1,4,04,A01
201200028546,0,02,000,00,2,1,17,A01
201200028546,0,07,000,00,2,1,19,B01
201200028547,0,07,000,00,1,1,09,A01
201200028548,0,07,000,00,0,4,01,B01
201200028548,0,07,000,00,0,1,01,A01
201200028549,0,07,000,00,2,3,15,A01
201200028549,0,37,026,00,2,3,01,B01
201200028550,2,07,000,00,0,0,00,A01
201200028551,0,07,000,00,2,8,01,B01
201200028551,0,33,000,00,0,2,12,A01
201200028552,0,07,000,00,2,3,11,A01
201200028552,0,02,000,00,2,2,01,B01
201200028553,0,07,000,00,2,1,02,A01
201200028553,0,07,000,00,0,5,16,B01
201200028554,0,07,000,00,2,8,15,B01
201200028554,0,07,000,00,2,3,01,A01
201200028555,0,07,000,00,0,2,00,A01
201200028556,0,07,000,02,0,1,01,A01
201200028557,0,07,000,00,2,1,09,A01
201200028557,0,02,000,00,2,2,00,B01
201200028558,0,01,000,01,0,1,01,A01
201200028559,0,07,000,00,2,8,15,B01
201200028559,0,33,000,06,2,7,01,A01
201200028560,0,02,000,00,2,1,01,B01
201200028560,1,07,000,00,0,7,15,Z01
201200028561,0,07,000,00,2,2,15,A01
201200028561,0,07,000,00,2,3,00,B01
201200028562,0,07,000,00,2,1,02,A01
201200028562,0,07,000,00,0,4,23,B01
201200028563,0,07,000,00,2,4,00,C01
201200028563,0,07,000,00,0,1,00,A01
201200028563,0,07,000,00,2,4,00,B01
201200028564,0,07,000,00,1,1,01,A01
201200028565,0,10,000,00,2,1,13,A01
201200028565,0,07,000,00,2,1,01,B01
201200028566,0,07,000,00,2,3,13,A01
201200028566,0,37,001,00,2,3,01,B01
201200028567,0,07,000,00,2,1,02,A01
201200028567,0,07,000,00,2,4,02,B01
201200028568,0,07,000,00,1,3,00,A01
201200028569,0,07,000,00,2,2,00,A01
201200028569,0,07,000,00,2,7,00,B01
201200028570,0,07,000,00,1,7,01,A01
201200028571,0,10,000,00,2,1,01,A01
201200028571,0,07,000,00,2,8,09,B01
201200028572,0,07,000,00,2,1,01,C01
201200028572,0,10,000,00,2,2,01,B01
201200028572,0,07,000,00,2,8,01,A01
201200028573,2,07,000,00,2,1,09,A01
201200028573,0,07,000,15,2,8,01,B01
201200028574,0,30,000,00,2,0,00,B01
201200028574,1,07,000,00,0,0,00,Z01
201200028575,1,07,000,00,0,0,13,Z01
201200028575,0,30,000,12,0,1,21,B01
201200028576,1,07,000,00,1,3,01,Z01
201200028577,0,07,000,00,1,3,01,A01
201200028578,0,10,000,00,1,1,01,A01
201200028579,0,07,000,08,0,1,01,A01
201200028580,0,01,000,00,2,1,05,A01
201200028580,0,07,000,00,2,2,01,B01
201200028581,0,07,000,00,2,1,01,B01
201200028581,0,07,000,00,2,1,05,A01
201200028582,0,07,000,00,1,1,01,A01
201200028583,0,40,000,00,1,2,01,A01
201200028584,0,07,000,00,2,1,01,A01
201200028584,0,01,000,00,2,4,01,B01
201200028585,0,33,000,00,2,1,02,A01
201200028585,0,07,000,00,0,4,02,B01
201200028586,0,01,000,00,0,0,01,A01
201200028587,0,10,000,00,1,2,01,A01
201200028588,0,07,000,00,0,8,09,B01
201200028588,0,32,000,00,2,1,01,A01
201200028589,0,07,000,00,1,7,01,A01
201200028590,0,07,000,00,2,5,15,A01
201200028590,0,31,000,00,2,1,01,B01
201200028591,0,07,000,00,1,3,01,A01
201200028592,0,07,000,00,2,1,02,A01
201200028592,0,07,000,00,2,5,01,B01
201200028593,0,07,000,00,1,1,01,A01
201200028594,0,07,000,00,2,4,01,B01
201200028594,0,07,000,00,2,1,01,A01
201200028595,0,07,000,00,2,3,00,B01
201200028595,0,07,000,01,2,3,00,A01
201200028596,0,07,000,00,0,8,09,A01
201200028596,0,32,000,00,2,1,01,B01
201200028597,0,10,000,12,2,8,01,B01
201200028597,0,07,000,00,2,2,01,A01
201200028598,0,07,000,00,2,2,13,A01
201200028598,0,07,000,00,2,3,02,B01
201200028599,0,07,000,08,0,1,01,A01
201200028600,0,07,000,00,2,4,23,C01
201200028600,0,07,000,00,2,7,23,D01
201200028600,0,07,000,00,2,5,23,E01
201200028600,0,17,000,00,2,3,01,A01
201200028600,0,07,000,00,2,4,23,B01
201200028601,0,01,000,00,1,1,05,A01
201200028602,0,33,000,00,0,7,01,A01
201200028603,0,07,000,00,1,3,01,A01
201200028604,0,14,000,00,1,1,00,A01
201200028605,1,07,000,00,1,4,20,Z01
201200028606,0,07,000,04,0,3,01,A01
201200028607,0,07,000,00,2,1,01,A01
201200028607,0,07,000,00,2,7,01,B01
201200028608,0,07,000,00,2,1,00,A01
201200028608,0,07,000,00,2,3,00,B01
201200028609,0,07,000,00,0,2,15,A01
201200028609,0,33,000,00,2,1,01,B01
201200028610,0,07,000,00,0,4,02,C01
201200028610,0,07,000,00,0,1,02,B01
201200028610,0,07,000,00,2,1,02,A01
201200028611,0,07,000,00,2,4,02,B01
201200028611,0,07,000,00,2,1,02,A01
201200028612,0,07,000,00,1,8,15,A01
201200028613,0,07,000,00,2,1,02,A01
201200028613,0,07,000,00,2,4,02,B01
201200028614,0,07,000,00,1,5,04,A01
201200028615,0,07,000,00,2,1,01,B01
201200028615,0,07,000,00,2,1,05,A01
201200028616,0,07,000,00,2,5,01,A01
201200028616,0,07,000,00,2,1,01,B01
201200028617,0,07,000,00,1,1,15,A01
201200028618,0,10,000,00,1,2,15,A01
201200028619,0,07,000,00,1,8,04,A01
201200028620,0,36,000,01,0,2,01,A01
201200028621,0,10,000,00,2,3,09,A01
201200028621,0,30,000,00,2,1,01,B01
201200028622,0,07,000,00,0,8,09,A01
201200028622,0,02,000,00,2,1,01,B01
201200028623,0,10,000,00,2,1,02,A01
201200028623,0,07,000,00,2,4,02,C01
201200028623,0,07,000,00,2,9,02,B01
201200028624,0,07,000,00,1,3,15,A01
201200028625,0,07,000,00,2,7,01,A01
201200028625,0,07,000,00,2,1,01,B01
201200028626,0,07,000,00,1,2,01,A01
201200028627,0,07,000,01,2,2,01,Z01
201200028627,0,07,000,00,2,4,01,D01
201200028628,1,07,000,00,1,7,01,A01
201200028629,0,07,000,01,2,2,01,B01
201200028629,0,07,000,00,2,3,15,A01
201200028630,0,07,000,00,1,6,04,A01
201200028631,0,30,000,00,2,3,15,A01
201200028631,0,07,000,00,2,2,15,B01
201200028632,0,10,000,00,1,8,01,A01
201200028633,1,07,000,00,0,0,00,A01
201200028634,0,07,000,00,1,2,01,A01
201200028635,0,07,000,00,1,7,01,A01
201200028636,0,07,000,00,1,3,15,A01
201200028637,0,07,000,00,0,5,15,B01
201200028637,0,07,000,00,2,3,13,A01
201200028637,0,07,000,00,2,2,01,C01
201200028638,0,02,000,00,2,1,01,B01
201200028638,0,07,000,00,2,7,16,A01
201200028639,0,07,000,00,1,3,20,A01
201200028640,0,07,000,00,2,3,01,B01
201200028640,0,07,000,00,2,2,15,A01
201200028641,0,07,000,00,1,1,01,A01
201200028642,0,07,000,00,1,2,01,A01
201200028643,0,31,000,00,2,1,01,B01
201200028643,0,07,000,00,2,7,10,A01
201200028644,1,07,000,00,0,0,00,A01
201200028644,0,30,000,00,2,1,01,B01
201200028645,0,33,000,01,0,2,01,A01
201200028646,0,07,000,00,2,2,19,A01
201200028646,0,33,000,01,2,1,01,B01
201200028647,0,07,000,00,1,2,01,A01
201200028648,0,07,000,00,2,1,09,A01
201200028648,0,07,000,00,2,5,01,B01
201200028649,0,02,000,00,2,1,01,A01
201200028649,0,10,000,00,0,5,23,B01
201200028650,0,07,000,00,1,8,01,A01
201200028651,0,07,000,00,0,4,02,B01
201200028651,0,07,000,00,2,1,02,A01
201200028652,0,07,000,00,1,1,01,A01
201200028653,0,07,000,00,0,4,23,B01
201200028653,0,07,000,00,2,1,02,A01
201200028654,0,31,000,00,2,6,01,B01
201200028654,1,07,000,00,0,0,00,A01
201200028655,0,02,000,00,2,1,01,B01
201200028655,0,07,000,00,2,7,15,A01
201200028656,0,07,000,00,1,1,01,A01
201200028657,0,07,000,00,2,2,15,A01
201200028657,0,33,000,00,2,1,01,B01
201200028658,0,07,000,01,0,5,24,A01
201200028659,0,33,000,00,2,1,01,B01
201200028659,0,07,000,00,2,2,15,A01
201200028660,0,10,000,00,1,1,01,A01
201200028661,0,07,000,00,1,4,04,A01
201200028662,0,07,000,00,2,7,15,A01
201200028662,0,02,000,00,2,1,16,B01
201200028663,0,07,000,00,2,3,10,A01
201200028663,0,02,000,00,2,1,01,B01
201200028664,0,07,000,00,1,1,01,A01
201200028665,0,07,000,00,2,1,15,A01
201200028665,0,02,000,00,2,1,01,B01
201200028666,0,07,000,00,2,3,15,A01
201200028666,0,33,000,00,2,1,01,B01
201200028667,0,07,000,00,2,3,01,A01
201200028667,0,02,000,00,2,1,01,B01
201200028668,0,02,000,00,2,2,01,B01
201200028668,0,07,000,00,2,3,09,A01
201200028669,0,07,000,00,2,1,01,A01
201200028669,0,07,000,00,2,4,04,B01
201200028670,0,07,000,00,1,1,01,A01
201200028671,0,03,000,00,2,1,01,A01
201200028671,0,07,000,00,2,7,01,B01
201200028672,0,07,000,00,0,5,15,A01
201200028672,0,32,000,00,2,1,01,B01
201200028673,0,10,000,00,2,2,01,A01
201200028673,0,07,000,00,2,1,15,B01
201200028674,0,07,000,00,1,2,01,A01
201200028675,0,07,000,00,1,2,15,A01
201200028676,0,07,000,00,1,2,01,A01
201200028677,0,07,000,00,2,1,01,A01
201200028677,0,07,000,00,2,4,23,B01
201200028678,0,07,000,00,1,5,20,A01
201200028679,0,07,000,08,0,8,01,A01
201200028680,0,07,000,00,1,1,01,A01
201200028681,0,01,000,00,2,1,01,B01
201200028681,0,07,000,00,2,3,19,A01
201200028682,0,30,000,00,2,3,01,B01
201200028682,0,07,000,00,2,2,14,A01
201200028683,0,07,000,00,2,3,15,A01
201200028683,0,30,000,00,2,1,01,B01
201200028684,0,07,000,13,0,1,01,A01
201200028685,0,33,000,08,0,1,00,A01
201200028686,0,30,000,00,2,1,18,A01
201200028686,0,07,000,00,0,7,16,B01
201200028687,0,07,000,00,1,3,00,A01
201200028688,0,30,000,00,2,0,18,A01
201200028688,0,07,000,00,2,2,01,B01
201200028689,0,07,000,00,2,3,01,A01
201200028689,0,07,000,00,2,6,01,B01
201200028690,0,07,000,12,0,1,01,A01
201200028691,0,33,000,00,2,1,01,B01
201200028691,0,07,000,00,2,2,10,A01
201200028692,0,07,000,09,0,3,00,A01
201200028693,0,01,000,00,0,1,01,A01
201200028693,0,07,000,00,0,6,15,B01
201200028694,0,07,000,00,2,3,01,B01
201200028694,0,07,000,00,2,7,01,A01
201200028694,0,07,000,00,2,1,01,C01
201200028695,0,07,000,00,0,1,01,A01
201200028696,0,07,000,00,1,1,00,A01
201200028697,0,07,000,00,2,1,17,A01
201200028697,0,33,000,00,0,8,00,B01
201200028698,0,32,000,00,2,8,01,B01
201200028698,0,07,000,00,2,7,01,A01
201200028699,0,07,000,00,2,1,02,C01
201200028699,0,07,000,00,2,1,02,A01
201200028699,0,07,000,00,2,1,02,D01
201200028699,0,07,000,00,0,4,01,B01
201200028699,0,07,000,00,2,1,02,E01
201200028700,0,07,000,16,0,0,01,A01
201200028701,0,07,000,00,1,2,01,A01
201200028702,0,07,000,00,2,8,15,A01
201200028702,0,33,000,00,2,1,00,B01
201200028703,0,02,000,00,2,8,17,B01
201200028703,0,07,000,00,2,3,16,A01
201200028704,0,07,000,00,2,2,19,A01
201200028704,0,30,000,00,0,1,01,B01
201200028705,0,07,000,02,1,4,04,A01
201200028706,0,33,000,13,0,1,01,A01
201200028707,0,07,000,00,2,1,11,A01
201200028707,0,07,000,00,2,1,01,B01
201200028708,0,07,000,00,1,3,01,A01
201200028709,0,33,000,00,1,0,17,A01
201200028710,0,02,000,00,0,0,02,A01
201200028711,0,01,000,00,2,4,00,B01
201200028711,0,07,000,00,9,1,09,A01
201200028712,0,07,000,00,2,2,01,A01
201200028712,0,32,000,00,2,3,01,B01
201200028713,0,07,000,00,1,2,01,A01
201200028714,0,07,000,00,2,3,13,A01
201200028714,0,07,000,00,2,3,00,B01
201200028715,0,07,000,00,1,5,01,A01
201200028716,0,07,000,00,0,4,01,B01
201200028716,0,07,000,00,2,1,02,A01
201200028717,0,30,000,00,2,1,01,A01
201200028717,0,07,000,00,2,3,01,B01
201200028718,0,07,000,00,2,1,09,A01
201200028718,0,30,000,00,2,7,01,B01
201200028719,0,07,000,00,2,2,15,A01
201200028719,0,31,000,00,2,1,01,B01
201200028720,0,07,000,15,0,3,01,A01
201200028721,0,07,000,00,2,1,05,A01
201200028721,0,07,000,00,2,1,01,B01
201200028722,0,02,000,00,2,1,01,A01
201200028722,0,07,000,00,2,1,15,B01
201200028723,2,07,000,00,2,1,01,Z01
201200028723,0,10,000,00,2,8,01,B01
201200028724,0,10,000,00,5,1,01,A01
201200028725,0,02,000,00,2,3,02,A01
201200028725,0,10,000,00,2,1,02,B01
201200028726,0,07,000,00,1,2,01,A01
201200028727,0,07,000,00,2,3,15,A01
201200028727,0,32,000,00,2,2,01,B01
201200028728,1,10,000,00,1,4,04,Z01
201200028729,0,07,000,00,2,1,15,A01
201200028729,0,01,000,00,2,7,01,B01
201200028730,0,30,000,00,1,1,01,A01
201200028731,0,07,000,00,1,1,16,A01
201200028732,0,33,000,00,2,1,01,B01
201200028732,0,07,000,00,2,7,15,A01
201200028733,0,07,000,06,0,1,06,A01
201200028734,0,07,000,00,2,5,15,A01
201200028734,0,37,010,00,2,1,01,B01
201200028735,0,07,000,16,0,0,01,A01
201200028736,0,07,000,00,1,1,00,A01
201200028737,0,10,000,00,2,1,15,A01
201200028737,0,33,000,00,2,1,01,B01
201200028738,0,02,000,00,0,1,01,A01
201200028738,0,07,000,00,2,3,01,B01
201200028739,0,07,000,00,1,3,00,A01
201200028740,0,30,000,00,2,1,01,B01
201200028740,0,10,000,00,2,7,01,A01
201200028741,0,10,000,00,1,1,01,A01
201200028742,0,10,000,00,1,2,14,A01
201200028743,0,07,000,00,1,3,01,A01
201200028744,0,07,000,00,1,3,01,A01
201200028745,1,99,000,00,0,0,00,Z01
201200028746,0,07,000,00,2,8,15,A01
201200028746,0,07,000,00,2,1,01,B01
201200028747,0,07,000,00,1,3,01,A01
201200028748,0,07,000,00,2,2,15,A01
201200028748,0,33,000,00,2,7,01,B01
201200028749,0,33,000,00,2,1,01,B01
201200028749,0,07,000,00,2,2,12,A01
201200028749,0,07,000,00,2,6,01,C01
201200028750,0,07,000,00,1,3,01,A01
201200028751,0,40,010,03,2,1,01,B01
201200028751,0,07,000,00,2,8,15,A01
201200028752,0,07,000,00,2,1,02,B01
201200028752,0,07,000,00,1,1,01,A01
201200028753,0,31,000,00,2,1,17,B01
201200028753,0,07,000,00,2,3,15,A01
201200028754,0,07,000,00,1,3,01,A01
201200028755,0,07,000,00,2,4,01,B01
201200028755,1,07,000,00,2,1,01,A01
201200028756,0,07,000,00,1,0,04,A01
201200028757,0,07,000,00,2,3,23,B01
201200028757,0,33,000,00,2,1,00,A01
201200028758,0,07,000,09,0,2,01,A01
201200028759,0,07,000,00,2,1,01,B01
201200028759,0,07,000,00,2,6,13,A01
201200028759,0,07,000,00,2,1,01,C01
201200028760,0,07,000,00,1,1,01,A01
201200028761,0,07,000,00,2,1,15,A01
201200028761,0,30,000,00,2,1,01,B01
201200028762,0,07,000,04,2,1,02,A01
201200028762,0,30,000,00,2,4,02,B01
201200028763,0,07,000,00,2,3,15,A01
201200028763,0,30,000,00,2,1,01,B01
201200028764,0,40,010,00,1,2,01,A01
201200028765,0,01,000,00,1,1,01,B01
201200028766,0,01,000,00,2,6,01,B01
201200028766,0,07,000,00,2,1,16,A01
201200028767,0,07,000,02,0,2,01,A01
201200028768,0,01,000,00,2,2,01,B01
201200028768,0,07,000,00,2,3,09,A01
201200028769,0,07,000,00,1,1,01,A01
201200028770,0,07,000,00,0,0,01,B01
201200028770,0,07,000,00,2,1,01,A01
201200028771,1,07,000,00,0,2,17,Z01
201200028771,0,30,000,00,2,8,01,B01
201200028772,0,07,000,00,2,2,20,A01
201200028772,0,02,000,00,2,1,01,B01
201200028773,0,07,000,00,0,1,01,B01
201200028773,0,01,000,00,2,1,15,A01
201200028774,0,31,000,00,2,1,00,B01
201200028774,0,07,000,00,2,2,15,A01
201200028775,0,07,000,00,2,6,11,A01
201200028775,0,33,000,00,2,2,01,B01
201200028776,0,07,000,00,2,1,09,A01
201200028776,0,33,000,00,2,2,01,B01
201200028776,0,07,000,00,2,2,01,C01
201200028777,0,07,000,00,2,2,01,A01
201200028777,0,33,000,00,2,1,01,B01
201200028778,0,33,000,00,2,3,01,B01
201200028778,0,07,000,00,2,5,14,A01
201200028779,0,07,000,00,2,7,01,A01
201200028779,0,30,000,00,2,8,01,B01
201200028780,0,07,000,00,1,7,01,A01
201200028781,0,07,000,00,4,8,15,A01
201200028781,0,40,001,00,2,1,00,B01
201200028782,0,07,000,00,0,0,09,A01
201200028782,0,32,000,00,0,0,15,B01
201200028783,0,30,000,00,2,1,01,A01
201200028783,0,07,000,00,0,5,01,B01
201200028784,0,07,000,00,1,3,01,A01
201200028785,0,07,000,00,2,4,01,B01
201200028785,0,02,000,00,2,1,01,A01
201200028786,0,33,000,00,2,1,01,A01
201200028786,0,14,000,00,2,7,16,B01
201200028787,0,07,000,00,0,0,00,A01
201200028788,0,07,000,00,1,2,00,A01
201200028789,0,32,000,00,0,0,00,A01
201200028789,0,07,000,01,0,0,00,B01
201200028790,0,07,000,01,0,0,00,B01
201200028790,0,32,000,00,0,0,00,A01
201200028791,0,07,000,00,2,1,01,B01
201200028791,0,07,000,00,2,1,17,A01
201200028791,0,14,000,00,0,0,23,C01
201200028792,0,07,000,00,2,1,01,B01
201200028792,0,07,000,00,2,1,17,A01
201200028792,0,14,000,00,0,0,23,C01
201200028793,0,07,000,00,2,8,19,A01
201200028793,0,07,000,00,2,1,01,B01
201200028794,0,10,000,00,2,3,01,E01
201200028794,0,07,000,00,0,0,00,D01
201200028794,0,01,000,00,2,0,01,C01
201200028794,0,07,000,00,2,3,17,B01
201200028794,0,07,000,00,2,1,13,A01
201200028795,0,10,000,00,2,3,01,E01
201200028795,0,01,000,00,2,0,01,C01
201200028795,0,07,000,00,2,3,17,B01
201200028795,0,07,000,00,2,1,13,A01
201200028795,0,07,000,00,0,0,00,D01
201200028796,0,33,000,00,0,0,01,A01
201200028797,1,07,000,00,2,1,00,Z01
201200028797,0,07,000,00,2,4,00,B01
201200028798,0,30,000,00,0,0,00,B01
201200028798,0,07,000,00,0,0,00,A01
201200028799,0,30,000,00,0,0,00,B01
201200028799,0,07,000,00,0,0,00,A01
201200028800,0,01,000,00,2,8,23,B01
201200028800,1,07,000,00,2,0,10,Z01
201200028801,0,07,000,14,2,4,23,B01
201200028801,0,07,000,00,2,4,23,C01
201200028801,0,07,000,14,0,1,01,A01
201200028802,0,07,000,00,0,0,00,A01
201200028802,0,33,000,00,2,0,00,B01
201200028803,0,13,000,00,0,0,00,A01
201200028803,0,33,000,00,0,0,00,B01
201200028804,0,33,000,00,2,0,16,A01
201200028804,0,13,000,00,2,7,01,B01
201200028805,0,07,000,00,0,0,00,A01
201200028806,0,07,000,00,0,0,00,A01
201200028807,0,07,000,00,0,0,00,A01
201200028808,0,07,000,00,0,0,00,A01
201200028809,0,07,000,00,0,0,00,A01
201200028810,0,07,000,00,0,0,00,A01
201200028811,0,07,000,00,0,0,00,A01
201200028812,0,07,000,00,0,0,00,A01
201200028813,0,07,000,00,1,0,00,A01
201200028814,0,07,000,00,0,0,00,A01
201200028815,0,07,000,00,2,5,16,A01
201200028815,0,02,000,00,2,1,01,B01
201200028816,0,07,000,00,2,1,01,A01
201200028816,0,07,000,00,2,1,15,B01
201200028817,0,07,000,00,2,2,15,A01
201200028817,0,32,000,00,2,1,01,B01
201200028818,0,07,000,00,1,1,01,A01
201200028819,0,07,000,00,2,7,16,B01
201200028819,0,32,000,00,2,8,01,A01
201200028820,0,30,000,00,0,0,00,A01
201200028820,0,07,000,00,2,2,20,B01
201200028821,0,31,000,00,2,1,05,A01
201200028821,0,07,000,00,2,3,01,B01
201200028822,0,01,000,00,1,1,01,A01
201200028823,0,07,000,00,2,0,00,B01
201200028823,0,13,000,00,2,0,00,A01
201200028824,0,07,000,00,2,1,02,A01
201200028824,0,14,000,00,2,4,02,B01
201200028825,0,30,000,00,2,1,01,A01
201200028825,0,07,000,00,2,4,01,B01
201200028826,0,30,000,00,2,1,01,B01
201200028826,0,07,000,00,2,8,00,A01
201200028827,0,07,000,00,2,2,01,A01
201200028827,0,07,000,00,2,1,01,B01
201200028828,0,07,000,00,1,1,15,A01
201200028829,0,07,000,00,1,2,01,A01
201200028830,0,07,000,00,1,2,01,A01
201200028831,0,07,000,00,0,3,10,B01
201200028831,0,02,000,00,2,1,01,A01
201200028832,0,32,000,00,1,1,00,A01
201200028833,0,01,000,00,0,0,00,B01
201200028833,0,07,000,00,2,1,01,A01
201200028834,0,30,000,00,2,7,00,B01
201200028834,0,07,000,00,2,3,00,A01
201200028835,0,07,000,00,1,0,00,A01
201200028836,0,07,000,00,2,5,23,B01
201200028836,0,30,000,00,2,1,01,A01
201200028837,0,01,000,00,1,1,01,A01
201200028838,0,07,000,00,1,2,01,A01
201200028839,0,33,000,00,1,1,01,A01
201200028840,0,07,000,00,1,2,01,A01
201200028841,0,33,000,00,2,1,01,B01
201200028841,0,07,000,00,2,6,11,A01
201200028842,0,07,000,00,2,1,02,A01
201200028842,0,07,000,04,2,4,02,B01
201200028843,0,07,000,00,2,0,00,D01
201200028843,0,07,000,00,2,0,00,C01
201200028843,0,07,000,00,2,0,00,A01
201200028843,0,07,000,00,2,0,00,B01
201200028844,0,07,000,10,2,1,01,B01
201200028844,0,10,000,00,0,0,23,E01
201200028844,0,14,000,00,2,6,13,A01
201200028844,0,15,000,00,2,0,23,D01
201200028844,0,07,000,00,2,0,01,C01
201200028845,0,07,000,00,9,2,23,A01
201200028845,0,01,000,00,,1,18,B01
201200028846,0,07,000,00,0,4,01,B01
201200028846,2,07,000,00,2,1,01,Z01
201200028847,0,07,000,00,1,7,00,A01
201200028848,0,07,000,00,1,1,21,A01
201200028849,0,07,000,00,2,7,17,A01
201200028849,0,30,000,00,2,8,15,B01
201200028850,0,07,000,00,2,4,01,B01
201200028850,0,07,000,00,2,1,02,A01
201200028851,0,07,000,00,2,1,01,B01
201200028851,0,07,000,00,2,1,13,A01
201200028852,0,07,000,00,2,1,01,A01
201200028853,0,07,000,00,0,0,00,A01
201200028854,1,07,000,01,1,0,00,Z01
201200028855,0,30,000,00,2,0,00,B01
201200028855,0,07,000,00,2,0,00,A01
201200028856,0,07,000,00,2,1,02,A01
201200028856,0,07,000,00,2,4,02,B01
201200028857,0,07,000,00,2,0,15,A01
201200028857,0,31,000,00,2,3,17,B01
201200028858,0,07,000,00,2,4,01,B01
201200028858,0,07,000,02,2,1,01,A01
201200028859,0,40,001,00,1,1,00,A01
201200028860,0,07,000,00,1,3,00,A01
201200028861,0,33,000,00,0,1,01,B01
201200028861,0,02,000,00,2,1,09,A01
201200028862,0,07,000,00,2,4,23,B01
201200028862,0,30,000,00,2,1,01,A01
201200028863,0,37,002,00,2,7,01,B01
201200028863,0,01,000,00,2,1,01,A01
201200028864,0,10,000,00,2,4,01,B01
201200028864,0,33,000,00,2,1,12,A01
201200028865,0,02,000,00,2,0,00,B01
201200028865,0,07,000,00,2,0,00,A01
201200028866,1,07,000,00,1,0,00,A01
201200028867,1,10,000,00,2,1,02,Z01
201200028867,0,07,000,00,2,4,01,B01
201200028868,1,07,000,00,2,0,00,A01
201200028869,0,31,000,00,0,0,00,A01
201200028870,0,07,000,00,0,1,01,C01
201200028870,0,07,000,00,2,8,01,B01
201200028870,0,07,000,00,2,1,13,A01
201200028871,0,02,000,00,2,8,00,A01
201200028871,0,32,000,00,2,2,00,B01
201200028872,0,33,000,09,0,1,01,A01
201200028873,0,01,000,00,2,6,01,B01
201200028873,1,07,000,00,2,2,16,Z01
201200028874,0,07,000,00,2,0,00,B01
201200028874,0,07,000,00,2,0,00,A01
201200028875,0,07,000,00,2,5,16,A01
201200028875,0,30,000,00,2,3,02,B01
201200028876,0,02,000,00,2,0,00,B01
201200028876,0,07,000,00,2,0,00,A01
201200028877,0,30,000,00,0,0,00,A01
201200028878,0,33,000,00,2,8,21,B01
201200028878,0,07,000,00,2,8,09,A01
201200028879,0,07,000,00,1,0,00,A01
201200028880,0,32,000,00,2,5,01,A01
201200028880,0,07,000,00,2,1,00,B01
201200028881,0,07,000,00,2,3,01,B01
201200028881,0,07,000,00,2,3,13,A01
201200028882,0,37,003,00,2,8,01,B01
201200028882,0,07,000,00,2,7,09,A01
201200028883,0,07,000,00,0,4,02,B01
201200028883,0,31,000,00,2,1,02,A01
201200028884,0,31,000,00,2,2,00,A01
201200028884,0,07,000,00,2,0,00,B01
201200028885,0,07,000,00,2,2,15,A01
201200028885,0,33,000,00,2,2,01,B01
201200028886,1,07,000,00,0,0,00,Z01
201200028887,0,07,000,00,1,1,01,A01
201200028888,0,02,000,00,1,1,00,A01
201200028889,0,30,000,00,2,0,00,B01
201200028889,1,07,000,00,2,0,00,A01
201200028890,0,07,000,00,2,0,00,D01
201200028890,0,07,000,00,2,0,00,C01
201200028890,0,30,000,00,2,0,00,A01
201200028890,0,07,000,00,2,0,00,B01
201200028891,0,07,000,00,2,3,09,A01
201200028891,0,02,000,00,2,7,01,B01
201200028892,0,07,000,06,0,8,01,A01
201200028893,0,07,000,00,2,0,09,A01
201200028893,0,01,000,00,2,5,01,B01
201200028894,0,07,000,00,2,0,00,A01
201200028894,0,01,000,00,2,0,00,B01
201200028895,0,07,000,04,0,1,00,A01
201200028896,0,07,000,00,1,0,00,A01
201200028897,0,07,000,00,1,0,00,A01
201200028898,0,07,000,00,1,1,01,A01
201200028899,1,07,000,00,1,1,01,Z01
201200028900,0,07,000,00,2,8,03,A01
201200028900,0,01,000,01,0,1,01,B01
201200028901,0,07,000,00,1,1,01,A01
201200028902,0,01,000,00,2,1,15,A01
201200028902,0,02,000,00,2,1,01,B01
201200028903,0,32,000,00,1,1,01,A01
201200028904,0,07,000,00,2,0,00,B01
201200028904,0,07,000,00,2,0,00,A01
201200028905,0,07,000,00,2,1,01,B01
201200028905,0,07,000,00,2,1,13,A01