Num_Acc,senc,catv,occutc,obs,obsm,choc,manv,num_veh
201200028906,0,07,000,00,2,6,02,B01
201200028906,0,10,000,00,2,2,21,A01
201200028906,0,07,000,00,2,8,01,C01
201200028907,0,07,000,00,2,4,02,B01
201200028907,0,30,000,00,2,1,02,A01
201200028908,0,02,000,00,2,0,00,B01
201200028908,0,07,000,00,2,0,00,A01
201200028909,0,02,000,00,0,0,00,A01
201200028910,0,07,000,00,1,0,00,A01
201200028911,0,07,000,00,2,3,15,A01
201200028911,0,33,000,00,0,0,01,B01
201200028912,0,40,001,00,2,0,01,B01
201200028912,0,01,000,00,4,0,16,A01
201200028913,0,33,000,16,0,1,01,A01
201200028914,0,02,000,00,0,8,01,A01
201200028915,1,99,000,00,0,0,00,A01
201200028916,0,07,000,00,0,2,00,A01
201200028917,0,20,000,00,4,1,00,B01
201200028917,0,40,001,00,9,1,01,A01
201200028918,1,07,000,00,1,7,00,A01
201200028919,0,30,000,00,1,1,01,A01
201200028920,0,31,000,00,2,2,01,B01
201200028920,1,99,000,00,2,0,18,A01
201200028921,0,01,000,12,0,0,00,A01
201200028922,0,07,000,00,2,1,05,A01
201200028922,0,07,000,00,2,8,15,B01
201200028923,0,07,000,00,1,1,01,A01
201200028924,0,07,000,00,1,4,04,A01
201200028925,0,07,000,14,0,1,01,A01
201200028926,0,31,000,00,1,3,01,A01
201200028926,0,07,000,00,2,5,23,B01
201200028927,0,01,000,00,0,0,01,A01
201200028928,0,01,000,00,2,1,01,B01
201200028928,0,07,000,00,2,3,15,A01
201200028929,0,07,000,00,2,3,01,B01
201200028929,0,07,000,00,2,3,05,A01
201200028930,0,07,000,00,2,3,11,A01
201200028930,0,30,000,00,2,7,17,B01
201200028931,0,07,000,00,2,3,09,A01
201200028931,0,01,000,00,2,2,14,B01
201200028932,0,32,000,00,2,3,18,A01
201200028932,0,07,000,00,2,7,01,C01
201200028932,0,07,000,00,2,2,16,B01
201200028933,0,07,000,00,2,1,01,A01
201200028933,0,33,000,00,2,2,01,B01
201200028934,0,07,000,03,2,1,05,A01
201200028934,0,33,000,00,0,1,23,B01
201200028935,0,01,000,00,2,0,00,A01
201200028935,1,07,000,00,2,0,00,B01
201200028936,1,07,000,00,2,1,00,A01
201200028936,0,07,000,00,0,4,00,B01
201200028937,0,07,000,14,0,3,00,A01
201200028938,0,10,000,00,2,3,09,A01
201200028938,0,01,000,00,2,2,01,B01
201200028939,0,07,000,00,2,4,23,B01
201200028939,0,07,000,00,2,1,01,A01
201200028940,0,40,001,00,1,4,01,A01
201200028941,1,07,000,00,1,1,15,Z01
201200028942,1,07,000,00,2,0,00,A01
201200028942,0,30,000,00,2,3,00,B01
201200028943,0,07,000,00,2,2,15,A01
201200028943,0,33,000,00,2,1,01,B01
201200028944,0,07,000,00,1,2,01,A01
201200028945,0,07,000,00,2,2,15,A01
201200028945,0,31,000,00,2,1,01,B01
201200028946,0,07,000,03,0,3,01,A01
201200028947,0,30,000,00,2,7,01,B01
201200028947,0,07,000,00,2,1,01,A01
201200028948,0,33,000,00,2,8,01,A01
201200028948,0,07,000,00,2,8,15,B01
201200028949,0,07,000,00,2,5,01,A01
201200028949,0,07,000,00,2,1,01,B01
201200028950,0,10,000,00,2,8,15,A01
201200028950,0,33,000,00,2,1,17,B01
201200028951,0,07,000,00,1,3,01,A01
201200028952,0,01,000,00,2,7,01,B01
201200028952,1,07,000,00,2,1,00,A01
201200028953,1,36,000,00,2,1,01,A01
201200028953,0,01,000,00,2,3,00,B01
201200028954,1,07,000,00,0,0,00,B01
201200028954,0,07,000,00,0,0,00,A01
201200028955,1,30,000,00,2,0,15,Z01
201200028955,0,01,000,00,2,0,01,B01
201200028956,0,32,000,00,2,8,01,A01
201200028956,0,07,000,00,2,7,16,B01
201200028957,0,01,000,00,2,1,01,A01
201200028957,0,07,000,00,2,2,01,B01
201200028958,0,34,000,00,0,0,00,A01
201200028959,0,30,000,00,1,1,18,A01
201200028960,0,07,000,00,2,1,01,A01
201200028960,0,07,000,00,2,2,01,B01
201200028961,0,07,000,08,0,5,00,A01
201200028962,0,07,000,00,1,1,15,A01
201200028963,0,07,000,00,1,3,01,A01
201200028964,0,10,000,07,0,1,01,A01
201200028965,1,07,000,00,1,0,00,A01
201200028966,0,33,000,00,2,3,01,B01
201200028966,0,07,000,00,2,1,19,A01
201200028967,0,07,000,02,0,0,17,A01
201200028968,0,33,000,00,2,3,03,B01
201200028968,0,07,000,00,2,7,12,A01
201200028969,0,07,000,00,1,2,01,A01
201200028970,0,03,000,00,2,3,09,A01
201200028970,0,01,000,00,2,5,01,B01
201200028971,1,32,000,00,1,1,01,A01
201200028972,0,33,000,00,1,1,01,A01
201200028973,0,07,000,00,1,1,01,A01
201200028974,1,30,000,00,2,1,01,Z01
201200028974,0,07,000,00,2,2,16,A01
201200028975,0,07,000,00,2,9,00,A01
201200028975,0,07,000,00,2,9,00,B01
201200028975,0,07,000,00,2,9,00,D01
201200028975,0,07,000,00,2,9,00,C01
201200028976,1,07,000,00,2,3,05,B01
201200028976,0,07,000,00,2,3,01,A01
201200028977,0,07,000,00,4,8,01,A01
201200028977,0,40,000,00,2,1,01,B01
201200028978,0,07,000,00,2,8,24,A01
201200028978,0,01,000,01,0,1,01,B01
201200028979,1,07,000,00,2,0,16,Z01
201200028979,0,01,000,00,2,1,01,B01
201200028980,0,31,000,00,2,4,01,B01
201200028980,0,07,000,00,2,1,01,A01
201200028981,0,07,000,08,0,0,00,A01
201200028982,0,07,000,00,2,3,02,A01
201200028982,0,07,000,03,2,4,01,B01
201200028983,0,30,000,00,2,8,00,A01
201200028983,0,07,000,00,2,1,00,B01
201200028984,1,07,000,00,1,2,01,Z01
201200028985,0,02,000,00,1,1,01,A01
201200028986,1,07,000,00,2,0,00,A01
201200028986,0,33,000,00,2,8,00,B01
201200028987,0,02,000,00,2,1,01,A01
201200028987,0,07,000,00,2,2,15,B01
201200028988,0,01,000,01,0,1,01,B01
201200028989,0,07,000,01,2,1,13,A01
201200028989,0,37,000,00,2,0,01,B01
201200028990,0,07,000,00,1,4,04,A01
201200028991,0,07,000,00,0,0,00,A01
201200028992,0,07,000,00,0,0,00,A01
201200028993,0,07,000,00,1,1,01,A01
201200028994,0,07,000,01,0,1,14,A01
201200028994,0,10,000,00,2,4,24,B01
201200028995,0,07,000,00,1,2,01,A01
201200028996,0,02,000,00,2,1,13,A01
201200028997,1,07,000,00,1,0,00,A01
201200028998,0,02,000,00,1,0,01,A01
201200028999,0,07,000,00,2,1,09,A01
201200028999,0,33,000,00,2,7,15,B01
201200029000,0,01,000,00,2,7,12,A01
201200029000,0,07,000,00,9,3,01,B01
201200029001,0,07,000,00,1,2,01,A01
201200029002,0,07,000,00,0,0,00,A01
201200029003,0,07,000,00,2,2,16,B01
201200029003,0,02,000,00,2,1,01,A01
201200029004,0,07,000,10,0,1,14,A01
201200029005,0,37,000,00,1,7,14,A01
201200029006,0,07,000,00,1,3,00,A01
201200029007,0,07,000,00,2,0,00,A01
201200029007,0,01,000,00,2,0,00,B01
201200029008,1,07,000,00,1,0,00,A01
201200029009,0,07,000,00,1,1,01,A01
201200029010,1,07,000,00,1,3,01,A01
201200029011,0,07,000,00,1,3,00,A01
201200029012,1,07,000,00,2,1,00,Z01
201200029012,0,01,000,00,2,4,01,B01
201200029013,0,10,000,00,2,6,01,B01
201200029013,0,07,000,15,2,1,06,A01
201200029014,0,33,000,00,2,1,01,B01
201200029014,0,07,000,00,2,1,15,A01
201200029015,0,07,000,00,2,2,01,B01
201200029015,0,02,000,00,0,0,17,A01
201200029016,0,07,000,08,0,0,00,A01
201200029017,0,07,000,00,2,0,00,A01
201200029017,0,07,000,00,2,0,00,B01
201200029018,0,07,000,00,2,7,01,B01
201200029018,0,33,000,00,2,8,11,A01
201200029019,0,07,000,00,2,2,16,A01
201200029019,0,01,000,00,2,1,01,B01
201200029020,1,07,000,00,2,0,01,B01
201200029020,0,02,000,00,2,1,01,A01
201200029021,0,01,000,00,2,1,01,A01
201200029021,1,99,000,00,2,3,00,Z01
201200029022,0,10,000,00,2,1,01,A01
201200029022,0,33,000,00,2,4,01,B01
201200029023,0,07,000,00,2,1,01,A01
201200029023,0,01,000,00,2,4,01,B01
201200029024,0,07,000,00,2,1,01,A01
201200029024,0,01,000,00,0,8,00,B01
201200029025,0,02,000,12,0,1,00,A01
201200029026,0,30,000,00,2,5,17,B01
201200029026,0,07,000,00,2,8,15,A01
201200029027,1,30,000,00,1,1,01,A01
201200029028,0,30,000,00,2,3,18,B01
201200029028,0,07,000,00,2,2,16,A01
201200029029,0,07,000,00,2,1,13,A01
201200029029,0,07,000,00,2,1,01,B01
201200029030,0,07,000,03,0,3,01,A01
201200029031,0,33,000,00,2,1,02,A01
201200029031,0,07,000,00,2,4,02,B01
201200029032,0,10,000,00,2,4,02,B01
201200029032,0,07,000,00,2,4,02,C01
201200029032,0,10,000,00,2,4,02,D01
201200029032,0,10,000,00,2,1,02,A01
201200029033,0,07,000,00,1,3,01,A01
201200029034,0,07,000,00,1,1,01,A01
201200029035,0,07,000,00,2,4,02,C01
201200029035,0,07,000,00,2,1,01,A01
201200029035,0,07,000,00,2,4,02,B01
201200029036,0,10,000,00,1,1,00,A01
201200029037,0,07,000,00,0,4,00,B01
201200029037,1,07,000,00,2,1,00,Z01
201200029038,0,01,000,00,2,1,01,B01
201200029038,0,07,000,00,9,2,01,A01
201200029038,0,07,000,00,0,8,00,C01
201200029039,1,07,000,00,2,6,11,B01
201200029039,0,07,000,00,2,2,01,A01
201200029040,0,07,000,00,2,1,01,A01
201200029040,0,02,000,00,2,4,01,B01
201200029041,1,07,000,00,1,1,01,A01
201200029042,0,07,000,00,1,1,16,A01
201200029043,0,01,000,00,2,1,15,B01
201200029043,0,07,000,00,2,8,01,A01
201200029044,1,07,000,00,1,0,01,Z01
201200029045,0,07,000,00,1,3,01,A01
201200029046,0,07,000,00,1,1,01,A01
201200029047,0,01,000,00,0,0,01,B01
201200029047,0,07,000,00,0,0,15,A01
201200029048,0,07,000,00,2,1,01,A01
201200029048,0,07,000,00,2,4,01,C01
201200029048,0,03,000,00,2,4,01,B01
201200029049,0,07,000,00,2,2,09,A01
201200029049,0,01,000,00,2,4,09,B01
201200029050,1,07,000,00,0,0,00,Z01
201200029051,0,07,000,00,1,3,01,A01
201200029052,0,07,000,00,9,0,01,C01
201200029052,0,07,000,00,2,1,01,A01
201200029052,0,07,000,00,2,1,01,B01
201200029053,0,07,000,00,2,1,02,A01
201200029053,0,07,000,00,2,4,02,B01
201200029054,0,07,000,00,2,1,00,B01
201200029054,0,07,000,00,2,4,00,A01
201200029055,0,07,000,08,4,8,11,A01
201200029055,0,40,000,00,2,1,01,B01
201200029056,0,07,000,00,4,3,14,A01
201200029056,0,40,000,00,2,2,01,B01
201200029057,0,02,000,00,1,1,01,A01
201200029058,0,07,000,00,1,1,13,A01
201200029059,0,10,000,00,2,1,02,A01
201200029059,0,07,000,00,2,4,02,B01
201200029059,0,10,000,00,2,4,02,C01
201200029059,0,07,000,00,2,4,02,D01
201200029060,0,07,000,00,1,3,01,A01
201200029061,0,37,001,00,1,5,00,A01
201200029062,0,07,000,03,1,1,01,A01
201200029063,0,14,000,00,2,2,01,A01
201200029063,0,07,000,00,2,6,01,B01
201200029064,0,07,000,00,1,8,01,A01
201200029065,0,40,000,00,1,1,02,A01
201200029066,0,33,000,00,0,7,01,A01
201200029066,0,14,000,00,2,0,01,B01
201200029067,0,07,000,00,2,2,01,B01
201200029067,0,07,000,00,2,5,15,A01
201200029068,0,07,000,00,1,0,01,A01
201200029069,0,10,000,00,0,4,24,B01
201200029069,0,07,000,00,2,1,01,A01
201200029070,0,07,000,00,2,8,00,A01
201200029070,2,07,000,00,0,0,00,B01
201200029071,0,07,000,00,2,4,02,B01
201200029071,0,15,000,00,2,2,02,A01
201200029072,0,07,000,00,2,4,01,B01
201200029072,0,07,000,00,2,1,01,A01
201200029073,0,07,000,00,2,1,02,A01
201200029073,0,07,000,00,2,4,02,B01
201200029074,0,07,000,00,1,0,01,A01
201200029075,0,07,000,00,1,2,00,A01
201200029076,0,07,000,00,1,1,01,A01
201200029077,0,07,000,00,1,2,01,A01
201200029078,0,07,000,00,2,4,00,B01
201200029078,0,02,000,00,2,1,00,A01
201200029079,0,07,000,03,0,1,21,A01
201200029080,0,07,000,03,2,1,00,B01
201200029080,0,07,000,02,2,9,00,A01
201200029081,0,07,000,00,1,1,01,A01
201200029082,0,01,000,00,2,0,00,A01
201200029082,1,07,000,00,9,2,00,B01
201200029083,0,07,000,00,2,1,09,A01
201200029083,0,31,000,00,2,7,01,B01
201200029084,0,07,000,00,2,3,15,A01
201200029084,0,30,000,00,2,8,01,B01
201200029085,0,07,000,00,2,1,01,A01
201200029085,0,02,000,00,2,1,02,B01
201200029086,0,07,000,00,2,8,00,B01
201200029086,0,07,000,00,2,1,00,A01
201200029087,0,10,000,00,2,1,01,A01
201200029087,0,07,000,00,2,1,02,B01
201200029087,0,10,000,00,2,5,02,C01
201200029088,0,07,000,00,2,8,01,B01
201200029088,0,07,000,00,2,1,01,A01
201200029089,0,02,000,00,2,1,01,A01
201200029089,0,07,000,00,2,4,01,B01
201200029090,0,07,000,00,2,1,01,A01
201200029090,0,07,000,00,2,3,01,B01
201200029091,0,07,000,00,2,4,01,A01
201200029091,0,07,000,00,2,1,01,B01
201200029092,0,07,000,08,2,1,01,B01
201200029092,0,07,000,08,2,8,15,A01
201200029093,0,10,000,00,2,3,15,A01
201200029093,0,31,000,00,2,2,17,B01
201200029094,0,07,000,00,1,1,15,A01
201200029095,0,07,000,00,2,1,01,A01
201200029095,0,07,000,00,2,8,01,B01
201200029096,0,07,000,00,1,1,01,A01
201200029097,0,01,000,00,2,0,05,B01
201200029097,0,07,000,00,9,1,01,A01
201200029098,0,07,000,08,0,9,00,A01
201200029099,0,02,000,00,2,0,01,A01
201200029099,0,07,000,00,2,1,01,B01
201200029100,0,02,000,00,2,1,01,B01
201200029100,0,07,000,00,2,3,09,A01
201200029101,0,07,000,02,0,1,14,A01
201200029102,0,07,000,00,2,5,09,A01
201200029102,0,33,000,00,2,1,01,B01
201200029103,0,31,000,00,2,1,01,B01
201200029103,0,07,000,00,2,2,15,A01
201200029104,0,07,000,00,2,3,15,A01
201200029104,0,07,000,00,2,1,01,B01
201200029105,0,07,000,00,2,2,16,B01
201200029105,0,30,000,00,2,8,01,A01
201200029106,0,07,000,00,9,0,11,A01
201200029106,0,01,000,00,2,0,00,B01
201200029107,0,07,000,00,2,3,01,A01
201200029107,0,07,000,00,2,1,01,B01
201200029108,0,07,000,00,2,8,01,A01
201200029108,0,07,000,00,2,1,01,B01
201200029109,0,01,000,01,0,1,00,B01
201200029109,0,07,000,00,9,2,24,A01
201200029110,0,07,000,00,2,2,02,B01
201200029110,0,07,000,00,2,1,09,A01
201200029111,0,33,000,00,2,0,17,B01
201200029111,0,07,000,00,2,3,15,A01
201200029112,0,07,000,00,2,1,01,A01
201200029112,0,07,000,00,2,3,15,B01
201200029113,0,30,000,00,2,0,01,A01
201200029113,1,10,000,00,2,0,17,Z01
201200029114,0,07,000,00,2,1,01,B01
201200029114,0,33,000,00,2,7,01,A01
201200029115,0,07,000,00,2,7,01,B01
201200029115,0,02,000,00,2,1,15,A01
201200029116,0,07,000,00,2,9,01,B01
201200029116,0,07,000,00,2,4,02,C01
201200029116,0,10,000,00,2,1,01,A01
201200029117,1,33,000,00,2,1,01,Z01
201200029117,0,07,000,00,2,7,01,A01
201200029118,0,02,000,00,2,1,01,A01
201200029118,0,07,000,00,2,7,01,B01
201200029119,0,03,000,00,1,1,01,A01
201200029120,0,02,000,00,2,1,01,B01
201200029120,0,07,000,00,2,4,01,A01
201200029121,0,07,000,00,2,2,15,A01
201200029121,0,01,000,00,2,1,01,B01
201200029122,1,07,000,00,1,1,01,Z01
201200029123,0,07,000,00,2,3,01,A01
201200029123,0,07,000,00,2,1,01,B01
201200029124,0,02,000,00,2,4,01,A01
201200029124,1,07,000,00,2,1,01,Z01
201200029125,0,30,000,00,2,1,02,B01
201200029125,0,07,000,00,2,1,15,A01
201200029126,0,07,000,00,1,2,17,A01
201200029127,0,07,000,00,1,0,00,A01
201200029128,0,07,000,00,2,1,15,A01
201200029128,0,07,000,00,2,1,01,B01
201200029129,0,07,000,01,2,1,01,B01
201200029129,0,07,000,00,2,8,01,A01
201200029130,0,07,000,00,1,4,20,A01
201200029131,0,01,000,00,2,1,01,A01
201200029131,0,07,000,00,2,1,09,B01
201200029132,0,07,000,00,2,1,01,A01
201200029132,0,31,000,00,2,4,23,B01
201200029133,0,07,000,00,2,1,09,A01
201200029133,0,01,000,00,2,1,01,B01
201200029134,0,01,000,00,2,7,19,C01
201200029134,0,07,000,00,2,1,01,A01
201200029134,0,07,000,00,2,4,23,B01
201200029135,0,07,000,00,2,3,15,A01
201200029135,0,02,000,00,2,8,01,B01
201200029136,0,07,000,00,2,1,17,A01
201200029136,0,07,000,00,2,1,01,B01
201200029137,0,07,000,08,0,7,14,A01
201200029138,0,07,000,00,2,3,09,A01
201200029138,0,07,000,00,2,3,01,B01
201200029139,0,07,000,00,1,1,01,A01
201200029140,0,07,000,00,2,1,09,A01
201200029140,0,01,000,00,2,7,01,B01
201200029141,0,31,000,00,2,2,01,B01
201200029141,0,07,000,00,2,1,01,A01
201200029142,0,07,000,00,2,1,01,A01
201200029142,0,01,000,00,2,1,15,B01
201200029143,0,07,000,00,1,2,15,A01
201200029144,0,07,000,00,2,8,19,A01
201200029144,0,02,000,00,2,1,01,B01
201200029145,0,07,000,00,2,3,13,A01
201200029145,0,07,000,00,2,1,01,B01
201200029146,0,07,000,00,2,1,01,A01
201200029146,0,01,000,00,2,4,01,B01
201200029147,0,07,000,00,2,2,01,B01
201200029147,0,02,000,00,2,7,01,A01
201200029148,0,07,000,00,2,1,01,A01
201200029148,0,07,000,00,2,4,01,B01
201200029149,0,07,000,00,2,1,01,A01
201200029149,0,01,000,00,2,3,19,B01
201200029150,0,10,000,00,2,3,13,A01
201200029150,0,07,000,00,2,3,01,B01
201200029150,0,07,000,00,2,2,01,C01
201200029151,0,07,000,00,2,4,01,A01
201200029151,0,07,000,00,2,1,01,C01
201200029151,0,07,000,00,2,4,01,B01
201200029152,1,10,000,00,1,7,01,Z01
201200029153,0,33,000,00,2,1,01,B01
201200029153,0,07,000,00,2,3,15,A01
201200029154,0,07,000,00,2,8,15,A01
201200029154,0,07,000,14,2,7,01,B01
201200029155,0,07,000,00,2,2,01,A01
201200029155,0,01,000,00,2,1,01,B01
201200029156,0,07,000,00,2,1,01,B01
201200029156,0,07,000,00,2,2,15,A01
201200029157,0,33,000,00,2,1,01,A01
201200029157,0,07,000,00,2,3,01,B01
201200029158,0,01,000,00,2,2,01,B01
201200029158,0,10,000,00,2,1,09,A01
201200029159,0,31,000,00,2,1,01,B01
201200029159,0,10,000,00,2,6,09,A01
201200029160,0,07,000,00,2,7,15,A01
201200029160,0,07,000,00,2,2,01,B01
201200029161,0,07,000,00,2,1,13,A01
201200029161,0,07,000,00,2,1,01,B01
201200029162,0,07,000,00,2,4,01,B01
201200029162,0,07,000,00,2,1,01,A01
201200029162,0,07,000,00,2,4,01,C01
201200029163,0,07,000,00,2,8,19,A01
201200029163,0,33,000,00,2,1,01,B01
201200029164,0,07,000,00,2,1,15,A01
201200029164,0,07,000,00,2,3,01,C01
201200029164,0,07,000,00,2,3,01,D01
201200029164,0,37,001,00,2,8,01,B01
201200029164,0,07,000,00,2,1,01,E01
201200029165,0,07,000,00,2,1,01,A01
201200029165,0,07,000,00,1,1,01,B01
201200029166,0,07,000,00,2,2,15,A01
201200029166,0,01,000,00,2,1,01,B01
201200029167,0,07,000,13,0,1,01,A01
201200029168,0,07,000,00,2,5,15,A01
201200029168,0,30,000,00,2,1,01,B01
201200029169,0,14,000,00,2,1,01,B01
201200029169,0,07,000,00,2,8,15,A01
201200029170,0,07,000,00,0,4,02,B01
201200029170,0,07,000,00,2,1,02,A01
201200029171,0,33,000,00,0,2,01,A01
201200029172,0,07,000,00,0,5,10,A01
201200029172,0,33,000,00,2,1,01,B01
201200029173,0,07,000,05,0,2,01,A01
201200029174,0,07,000,08,2,1,01,A01
201200029174,0,07,000,00,0,2,16,B01
201200029175,0,07,000,00,2,3,15,A01
201200029175,0,32,000,00,2,1,17,B01
201200029176,0,07,000,00,1,1,01,A01
201200029177,1,07,000,00,1,1,01,Z01
201200029178,0,07,000,00,2,2,01,A01
201200029178,0,01,000,00,2,3,01,B01
201200029179,0,01,000,00,2,7,01,B01
201200029179,0,07,000,00,2,1,01,A01
201200029180,0,07,000,00,2,1,02,A01
201200029180,0,07,000,00,0,4,01,B01
201200029181,0,07,000,06,0,1,14,A01
201200029182,0,07,000,00,1,1,01,A01
201200029183,0,07,000,06,0,1,01,A01
201200029184,0,07,000,00,2,1,02,B01
201200029184,0,07,000,00,5,4,01,A01
201200029185,0,02,000,00,2,1,17,A01
201200029185,0,07,000,00,2,3,15,B01
201200029186,0,30,000,00,2,1,02,A01
201200029186,0,07,000,00,0,6,01,B01
201200029187,0,07,000,00,0,4,02,C01
201200029187,0,07,000,00,0,4,02,B01
201200029187,0,07,000,00,2,1,02,A01
201200029188,0,02,000,00,2,1,02,A01
201200029188,0,07,000,00,0,4,01,B01
201200029189,0,07,000,00,2,1,01,B01
201200029189,0,07,000,00,2,1,13,A01
201200029190,0,07,000,13,0,1,01,A01
201200029191,0,07,000,00,2,3,15,A01
201200029191,0,02,000,00,2,1,17,B01
201200029192,0,07,000,00,2,3,09,A01
201200029192,0,14,000,00,2,2,01,B01
201200029193,0,07,000,00,2,3,15,B01
201200029193,0,02,000,00,2,1,17,A01
201200029194,0,07,000,00,0,4,23,B01
201200029194,0,07,000,00,2,1,01,A01
201200029195,0,02,000,01,0,1,13,A01
201200029196,0,07,000,09,0,7,01,A01
201200029197,0,01,000,00,0,8,01,B01
201200029197,0,07,000,00,2,7,01,A01
201200029198,0,07,000,00,2,3,01,B01
201200029198,0,07,000,00,2,2,01,A01
201200029199,0,02,000,00,2,7,01,B01
201200029199,0,07,000,00,2,2,15,A01
201200029200,0,07,000,00,2,8,09,A01
201200029200,0,07,000,00,2,1,01,B01
201200029201,1,30,000,00,0,0,02,B01
201200029201,0,30,000,12,2,1,01,A01
201200029202,0,07,000,00,2,3,13,A01
201200029202,0,02,000,00,2,1,17,B01
201200029203,0,07,000,01,0,2,14,A01
201200029204,0,07,000,00,2,2,01,B01
201200029204,0,07,000,03,2,8,19,A01
201200029205,0,10,000,04,0,1,13,A01
201200029206,0,03,000,06,0,1,14,A01
201200029207,0,30,000,00,2,7,15,A01
201200029207,0,07,000,00,2,2,01,B01
201200029208,0,17,000,01,0,1,01,A01
201200029209,0,10,000,12,2,2,01,B01
201200029209,0,17,000,00,2,7,21,C01
201200029209,0,07,000,00,2,3,15,A01
201200029210,0,17,000,00,1,2,01,A01
201200029211,0,02,000,00,2,1,18,B01
201200029211,0,07,000,00,2,2,16,A01
201200029212,0,33,000,00,2,7,17,A01
201200029212,0,07,000,00,2,3,15,B01
201200029213,0,30,000,00,2,8,15,B01
201200029213,0,07,000,00,2,5,15,A01
201200029214,0,07,000,00,0,4,23,B01
201200029214,0,02,000,00,2,1,02,A01
201200029215,0,07,000,00,2,3,09,A01
201200029215,0,02,000,00,2,1,01,B01
201200029216,0,30,000,00,2,1,17,A01
201200029216,0,10,000,00,0,3,15,B01
201200029217,0,07,000,01,0,1,13,A01
201200029218,0,07,000,00,1,2,01,A01
201200029219,0,07,000,00,1,7,01,A01
201200029220,0,07,000,00,2,1,01,B01
201200029220,0,07,000,00,2,3,10,A01
201200029221,0,07,000,13,0,3,01,A01
201200029222,0,01,000,00,2,1,09,A01
201200029222,0,07,000,00,2,2,01,B01
201200029223,0,07,000,00,1,1,16,A01
201200029224,0,36,000,00,2,3,13,A01
201200029224,0,07,000,00,2,8,15,B01
201200029225,0,07,000,15,0,2,01,A01
201200029226,0,07,000,00,2,3,09,A01
201200029226,0,02,000,00,2,1,01,B01
201200029227,0,07,000,00,1,3,15,A01
201200029228,0,07,000,16,0,3,01,A01
201200029229,0,07,000,03,0,1,01,A01
201200029230,0,07,000,00,0,6,09,A01
201200029230,0,07,000,00,2,3,01,B01
201200029231,0,07,000,00,1,1,01,A01
201200029232,0,07,000,00,0,3,10,B01
201200029232,0,31,000,00,2,1,17,A01
201200029233,0,07,000,00,2,1,01,B01
201200029233,0,07,000,00,0,3,15,A01
201200029234,0,07,000,00,2,1,02,A01
201200029234,0,07,000,00,0,4,23,B01
201200029235,0,07,000,00,2,2,14,A01
201200029235,0,01,000,00,0,4,01,B01
201200029236,0,31,000,00,2,3,01,B01
201200029236,0,07,000,00,2,3,15,A01
201200029237,0,07,000,00,1,3,01,A01
201200029238,0,07,000,00,2,2,15,A01
201200029238,0,34,000,00,2,1,17,B01
201200029239,0,33,000,00,2,8,18,A01
201200029239,0,07,000,00,2,2,16,B01
201200029240,0,01,000,00,0,8,01,B01
201200029240,1,07,000,00,2,2,01,Z01
201200029241,0,07,000,00,2,1,01,B01
201200029241,0,07,000,00,2,2,15,A01
201200029242,0,01,000,00,2,8,01,B01
201200029242,0,07,000,00,2,1,15,A01
201200029243,0,07,000,00,1,1,17,A01
201200029244,0,07,000,00,0,4,23,B01
201200029244,0,07,000,00,0,1,02,A01
201200029245,0,07,000,00,1,1,01,A01
201200029246,0,07,000,00,2,6,01,A01
201200029246,0,07,000,00,2,1,01,B01
201200029247,0,10,000,00,2,1,15,A01
201200029247,0,07,000,06,2,8,01,B01
201200029248,0,07,000,00,2,8,01,B01
201200029248,0,07,000,00,2,1,15,A01
201200029249,0,10,000,00,2,8,15,B01
201200029249,0,10,000,00,2,1,01,A01
201200029250,0,07,000,00,1,1,15,A01
201200029251,0,30,000,00,2,3,01,B01
201200029251,0,07,000,00,2,1,01,A01
201200029252,0,07,000,00,2,2,15,A01
201200029252,0,07,000,00,2,3,23,C01
201200029252,0,07,000,00,2,3,01,B01
201200029253,0,07,000,00,2,3,16,B01
201200029253,0,30,000,00,2,1,01,A01
201200029254,0,01,000,00,2,3,15,B01
201200029254,0,07,000,00,2,1,17,A01
201200029255,0,07,000,00,1,1,01,A01
201200029256,0,40,015,00,1,1,01,A01
201200029257,0,07,000,00,1,1,01,A01
201200029258,0,07,000,00,2,1,13,A01
201200029258,0,33,000,00,2,1,01,B01
201200029259,0,07,000,00,2,2,01,A01
201200029259,0,07,000,00,2,3,01,B01
201200029260,0,07,000,06,0,8,14,A01
201200029261,0,33,000,00,2,1,01,B01
201200029261,0,07,000,00,2,2,01,A01
201200029262,0,07,000,00,1,1,15,A01
201200029263,1,07,000,00,2,6,13,Z02
201200029263,0,33,000,00,2,2,01,A01
201200029264,0,07,000,00,1,1,01,A01
201200029265,0,07,000,00,2,3,15,B01
201200029265,0,33,000,00,2,7,17,A01
201200029266,0,07,000,00,2,3,01,B01
201200029266,0,07,000,00,2,1,15,A01
201200029267,0,33,000,00,2,1,01,B01
201200029267,0,07,000,00,2,2,15,A01
201200029268,0,07,000,00,1,1,01,A01
201200029269,0,07,000,00,2,3,00,B01
201200029269,0,02,000,00,2,1,01,A01
201200029270,1,07,000,00,0,1,00,Z01
201200029270,0,33,000,00,2,3,01,B01
201200029271,0,33,000,00,2,1,01,B01
201200029271,0,07,000,00,2,3,15,A01
201200029272,0,30,000,00,2,1,01,B01
201200029272,0,07,000,00,2,3,09,A01
201200029273,0,10,000,00,1,1,01,A01
201200029274,0,07,000,00,1,1,01,A01
201200029275,0,02,000,00,1,1,01,A01
201200029276,0,33,000,00,2,1,17,B01
201200029276,0,07,000,00,2,8,15,A01
201200029277,0,10,000,16,0,1,01,A01