Num_Acc,senc,catv,occutc,obs,obsm,choc,manv,num_veh
201200029278,0,07,000,00,2,3,01,B01
201200029278,0,10,000,00,2,3,01,C01
201200029278,0,10,000,00,2,1,01,A01
201200029279,0,02,000,00,2,1,02,A01
201200029279,0,07,000,00,0,4,01,B01
201200029280,0,01,000,00,2,1,01,B01
201200029280,0,07,000,00,2,3,15,A01
201200029281,0,33,000,00,2,1,02,A01
201200029281,0,07,000,00,0,4,01,B01
201200029282,0,07,000,00,2,3,15,B01
201200029282,0,30,000,00,2,1,06,A01
201200029282,0,07,000,00,2,1,01,C01
201200029283,0,07,000,00,2,3,09,A01
201200029283,0,33,000,00,2,2,01,B01
201200029284,0,40,014,00,1,2,01,A01
201200029285,0,07,000,00,2,3,15,A01
201200029285,0,31,000,00,2,8,01,B01
201200029286,0,07,000,00,0,4,01,B01
201200029286,0,31,000,00,2,1,02,A01
201200029287,0,10,000,00,1,1,16,A01
201200029288,0,02,000,00,2,1,01,B01
201200029288,0,07,000,00,0,5,16,A01
201200029289,0,10,000,00,2,1,01,A01
201200029289,0,07,000,00,2,8,01,B01
201200029290,0,07,000,00,1,7,01,A01
201200029291,0,33,000,01,2,1,01,B01
201200029291,0,07,000,00,2,3,20,A01
201200029292,0,07,000,00,0,4,23,C01
201200029292,0,07,000,00,2,4,23,B01
201200029292,0,10,000,00,2,1,01,A01
201200029293,0,01,000,00,2,1,19,A01
201200029293,0,07,000,00,0,4,01,B01
201200029294,0,33,000,00,2,3,01,B01
201200029294,0,07,000,00,2,8,01,A01
201200029295,0,30,000,01,0,1,01,A01
201200029296,0,02,000,00,2,3,16,B01
201200029296,0,07,000,00,2,2,15,A01
201200029297,0,07,000,00,4,8,10,A01
201200029297,0,40,015,00,2,1,01,B01
201200029298,0,07,000,00,1,1,01,A01
201200029299,0,07,000,00,0,4,23,B01
201200029299,0,15,000,00,2,1,01,A01
201200029300,0,02,000,00,2,1,02,A01
201200029300,0,07,000,00,0,4,23,B01
201200029301,0,07,000,00,2,1,01,B01
201200029301,0,01,000,00,2,8,19,A01
201200029302,0,07,000,00,2,1,01,A01
201200029302,0,07,000,00,0,4,23,B01
201200029303,0,07,000,11,2,7,17,A01
201200029303,0,07,000,00,2,3,01,B01
201200029304,0,07,000,00,1,1,01,A01
201200029305,0,07,000,00,2,2,15,A01
201200029305,0,02,000,00,2,1,16,B01
201200029306,0,07,000,00,1,1,15,A01
201200029307,0,07,000,00,1,2,01,A01
201200029308,0,07,000,00,2,3,09,A01
201200029308,0,33,000,00,2,1,01,B01
201200029309,0,07,000,00,2,3,01,A01
201200029309,0,40,015,00,2,2,01,B01
201200029310,0,07,000,00,1,1,01,A01
201200029311,0,10,000,00,1,1,01,A01
201200029312,0,07,000,00,2,1,01,A01
201200029312,0,07,000,00,2,3,01,C01
201200029312,0,07,000,00,2,4,01,B01
201200029313,0,10,000,00,2,3,23,C01
201200029313,0,07,000,00,2,3,23,D01
201200029313,0,07,000,00,2,6,11,A01
201200029313,0,07,000,00,2,1,01,B01
201200029314,0,07,000,00,2,1,01,B01
201200029314,0,01,000,00,2,2,19,A01
201200029315,0,30,000,12,0,1,14,A01
201200029316,0,07,000,00,2,3,15,B01
201200029316,0,02,000,00,2,1,17,A01
201200029317,0,10,000,02,0,1,01,A01
201200029318,0,01,000,00,2,8,19,A01
201200029318,0,07,000,00,2,1,01,B01
201200029319,0,07,000,00,2,3,15,B01
201200029319,0,01,000,00,2,2,01,A01
201200029320,0,07,000,00,1,1,01,A01
201200029321,0,10,000,00,2,1,01,A01
201200029321,0,07,000,00,2,3,15,B01
201200029322,0,10,000,00,2,7,01,B01
201200029322,0,02,000,00,2,6,13,A01
201200029323,0,07,000,03,0,1,01,A01
201200029324,0,02,000,08,0,1,13,A01
201200029325,0,07,000,00,2,1,13,A01
201200029325,0,07,000,00,2,1,01,B01
201200029326,0,07,000,00,0,6,23,B01
201200029326,0,02,000,00,2,1,01,A01
201200029327,0,07,000,00,1,1,01,A01
201200029328,0,07,000,00,1,1,01,A01
201200029329,0,33,000,00,2,1,01,B01
201200029329,0,07,000,00,2,3,15,A01
201200029330,0,07,000,00,2,1,05,A01
201200029330,0,07,000,00,2,1,01,B01
201200029331,0,07,000,00,2,1,01,B01
201200029331,0,07,000,00,2,1,15,A01
201200029332,0,14,000,00,2,8,15,B01
201200029332,0,33,000,00,2,1,17,A01
201200029333,0,07,000,00,1,1,01,A01
201200029334,0,07,000,00,0,4,01,B01
201200029334,0,07,000,00,2,1,02,A01
201200029335,0,07,000,00,1,1,01,A01
201200029336,0,07,000,00,1,1,01,A01
201200029337,0,07,000,00,2,1,13,A01
201200029337,0,07,000,00,2,1,01,B01
201200029338,0,07,000,00,2,1,01,B01
201200029338,1,07,000,00,2,1,13,Z01
201200029339,0,07,000,00,2,2,14,A01
201200029339,0,01,000,00,2,6,01,B01
201200029340,0,07,000,02,0,1,13,A01
201200029341,0,02,000,00,2,3,13,B01
201200029341,0,14,000,00,2,3,01,A01
201200029342,0,07,000,00,1,1,01,A01
201200029343,0,10,000,00,2,3,15,A01
201200029343,0,02,000,00,2,1,17,B01
201200029344,0,01,000,00,2,8,15,B01
201200029344,0,07,000,00,2,7,17,A01
201200029345,0,33,000,00,2,7,01,B01
201200029345,1,07,000,00,2,3,20,Z01
201200029346,0,07,000,00,1,1,01,A01
201200029347,0,37,000,00,2,3,23,B01
201200029347,0,07,000,00,2,1,14,A01
201200029348,0,07,000,00,1,1,01,A01
201200029349,0,07,000,00,2,4,01,E01
201200029349,0,10,000,00,2,4,02,C01
201200029349,0,07,000,00,2,1,01,A01
201200029349,0,10,000,00,2,4,01,D01
201200029349,0,07,000,00,2,4,02,B01
201200029350,0,07,000,00,2,1,21,A01
201200029350,0,07,000,00,2,3,01,B01
201200029351,0,07,000,00,2,3,15,A01
201200029351,0,33,000,00,2,2,17,B01
201200029352,0,07,000,00,1,1,01,A01
201200029353,0,07,000,00,2,1,01,A01
201200029354,0,37,015,00,1,5,01,A01
201200029355,0,07,000,09,0,3,01,A01
201200029356,0,02,000,00,2,1,01,B01
201200029356,0,07,000,00,2,3,09,A01
201200029357,0,10,000,00,2,3,01,A01
201200029357,0,01,000,00,2,1,01,B01
201200029358,0,07,000,00,2,2,01,A01
201200029358,0,01,000,00,2,3,09,B01
201200029359,0,07,000,00,2,0,15,A01
201200029359,0,33,000,00,2,1,17,B01
201200029360,0,07,000,13,0,2,14,A01
201200029361,0,02,000,00,0,0,14,A01
201200029362,0,07,000,00,2,1,02,A01
201200029362,0,07,000,00,0,4,15,B01
201200029363,0,07,000,13,0,1,17,A01
201200029364,0,30,000,00,2,1,01,B01
201200029364,0,07,000,00,2,7,01,A01
201200029365,0,07,000,00,2,1,15,A01
201200029365,0,33,000,00,2,1,01,B01
201200029366,0,07,000,00,1,1,01,A01
201200029367,0,07,000,00,2,8,15,B01
201200029367,0,31,000,00,2,0,17,A01
201200029368,0,10,000,00,0,9,14,A01
201200029369,0,02,000,00,0,1,14,A01
201200029370,0,07,000,00,2,1,13,A01
201200029370,0,07,000,00,2,1,01,B01
201200029371,0,01,000,00,1,1,01,A01
201200029372,0,07,000,00,2,4,00,B01
201200029372,1,07,000,00,2,1,00,A01
201200029373,0,07,000,00,2,1,01,B01
201200029373,0,07,000,00,2,2,01,A01
201200029374,0,10,000,00,2,3,13,A01
201200029374,0,07,000,00,2,8,01,B01
201200029375,0,07,000,00,2,3,01,B01
201200029375,0,07,000,00,2,2,17,A01
201200029375,0,07,000,00,2,3,01,C01
201200029376,0,33,000,00,2,8,18,A01
201200029376,0,10,000,00,0,7,01,B01
201200029377,0,07,000,00,2,8,01,B01
201200029377,0,07,000,00,2,1,01,A01
201200029378,0,07,000,00,2,3,01,B01
201200029378,0,07,000,00,2,2,13,A01
201200029379,0,10,000,00,2,6,15,B01
201200029379,0,33,000,00,2,2,17,A01
201200029380,0,07,000,00,2,1,13,A01
201200029380,0,17,000,00,2,1,01,B01
201200029380,0,10,000,00,2,8,01,C01
201200029380,0,07,000,00,9,3,01,D01
201200029381,0,07,000,00,1,1,15,A01
201200029382,0,07,000,00,2,8,22,A01
201200029382,0,01,000,01,0,1,01,B01
201200029383,0,07,000,00,1,1,01,A01
201200029384,0,07,000,00,2,3,24,C01
201200029384,0,07,000,00,2,3,15,B01
201200029384,0,33,000,00,2,2,01,A01
201200029385,0,07,000,00,1,1,01,A01
201200029386,0,30,000,00,2,1,01,A01
201200029386,0,07,000,00,2,4,01,B01
201200029387,0,14,000,00,1,4,04,A01
201200029388,0,07,000,00,2,1,01,A01
201200029388,0,03,000,00,2,1,01,B01
201200029389,0,07,000,00,2,3,01,B01
201200029389,0,07,000,00,2,2,15,A01
201200029390,0,30,000,00,2,1,01,B01
201200029390,0,01,000,00,2,4,15,A01
201200029391,0,07,000,00,2,8,15,A01
201200029391,0,33,000,07,2,7,01,B01
201200029392,2,07,000,08,0,1,15,A01
201200029393,0,30,000,00,2,7,01,B01
201200029393,0,30,000,00,2,1,09,A01
201200029394,0,07,000,00,2,1,01,B01
201200029394,0,07,000,00,2,4,23,A01
201200029395,0,33,000,00,2,1,01,A01
201200029395,0,07,000,00,2,1,15,B01
201200029396,0,07,000,00,1,2,01,A01
201200029397,0,07,000,00,1,1,17,A01
201200029398,0,02,000,00,2,1,01,B01
201200029398,0,07,000,00,2,8,01,A01
201200029399,0,07,000,00,1,1,04,A01
201200029400,0,33,000,00,2,1,01,B01
201200029400,0,07,000,00,2,3,10,A01
201200029401,0,07,000,00,2,1,15,B01
201200029401,0,07,000,00,2,1,01,A01
201200029402,0,30,000,00,2,1,01,B01
201200029402,0,03,000,00,2,1,01,A01
201200029403,0,30,000,00,2,1,17,A01
201200029403,0,07,000,00,9,0,01,B01
201200029404,0,33,000,00,2,8,01,B01
201200029404,0,07,000,00,2,6,09,A01
201200029405,1,07,000,00,2,1,01,Z01
201200029405,0,07,000,08,2,4,01,B01
201200029406,0,07,000,00,2,3,10,A01
201200029406,0,07,000,00,2,1,01,B01
201200029407,0,07,000,00,2,1,15,A01
201200029407,0,01,000,00,2,1,23,B01
201200029408,0,07,000,00,2,7,15,A01
201200029408,0,33,000,00,2,1,01,B01
201200029409,0,07,000,00,1,1,15,A01
201200029410,0,07,000,00,1,1,01,A01
201200029411,0,07,000,00,9,7,01,C01
201200029411,0,02,000,00,2,1,01,B01
201200029411,0,07,000,00,2,7,15,A01
201200029412,0,07,000,00,1,1,01,A01
201200029413,0,07,000,00,2,2,16,A01
201200029413,0,30,000,00,2,1,01,B01
201200029414,0,07,000,00,1,3,15,A01
201200029415,0,02,000,00,2,1,01,B01
201200029415,0,07,000,00,2,3,15,A01
201200029416,0,10,000,13,0,3,01,A01
201200029417,0,01,000,00,1,1,16,A01
201200029418,0,33,000,00,2,2,17,A01
201200029418,0,07,000,00,2,8,15,B01
201200029419,0,07,000,02,0,1,00,A01
201200029420,0,07,000,00,2,1,14,B01
201200029420,0,07,000,00,2,3,00,A01
201200029421,0,07,000,00,2,1,00,B01
201200029421,0,07,000,00,2,8,19,A01
201200029422,0,07,000,00,2,1,01,C01
201200029422,0,07,000,00,2,3,05,A01
201200029422,0,07,000,00,0,0,01,D01
201200029422,0,07,000,00,2,1,01,B01
201200029423,0,07,000,00,2,5,02,A01
201200029423,0,30,000,00,2,0,02,B01
201200029424,0,30,000,00,2,1,01,B01
201200029424,0,17,000,00,2,1,15,A01
201200029425,0,33,000,00,2,1,05,A01
201200029425,0,07,000,00,9,3,05,B01
201200029426,0,10,000,02,0,1,01,A01
201200029427,0,07,000,00,1,2,01,A01
201200029428,0,02,000,00,2,1,01,B01
201200029428,0,07,000,00,2,5,15,A01
201200029429,0,07,000,00,2,1,01,B01
201200029429,0,07,000,00,2,7,15,A01
201200029430,0,30,000,06,0,8,01,A01
201200029431,0,07,000,13,0,8,02,A01
201200029432,0,07,000,00,1,2,01,A01
201200029433,0,07,000,00,1,1,01,A01
201200029434,0,07,000,04,0,1,01,A01
201200029435,0,07,000,00,2,1,01,A01
201200029435,0,07,000,00,2,4,01,B01
201200029436,0,07,000,00,1,1,01,A01
201200029437,0,07,000,00,1,1,01,A01
201200029438,0,07,000,00,1,2,01,A01
201200029439,0,01,000,00,0,0,01,A01
201200029440,0,07,000,00,2,3,23,A01
201200029440,0,01,000,01,0,1,01,B01
201200029441,0,07,000,00,2,1,01,A01
201200029441,0,33,000,00,2,8,01,B01
201200029442,0,07,000,00,1,1,01,A01
201200029443,0,07,000,00,2,7,01,A01
201200029443,0,02,000,00,2,1,01,B01
201200029444,0,07,000,00,2,3,01,A01
201200029444,0,07,000,00,2,3,01,B01
201200029445,0,07,000,00,2,8,13,A01
201200029445,0,02,000,00,2,7,01,B01
201200029446,0,07,000,00,2,8,24,A01
201200029446,0,01,000,01,0,7,01,B01
201200029447,0,02,000,00,2,1,01,A01
201200029447,0,07,000,00,2,8,15,B01
201200029448,0,13,000,00,2,4,01,A01
201200029448,0,33,000,00,2,1,01,B01
201200029449,0,32,000,00,2,1,01,A01
201200029449,0,07,000,00,2,3,01,B01
201200029450,0,07,000,08,0,1,01,A01
201200029451,0,02,000,00,2,1,15,A01
201200029451,0,14,000,00,2,5,01,B01
201200029452,0,07,000,00,2,1,01,A01
201200029452,0,07,000,00,2,4,01,B01
201200029453,0,07,000,00,2,1,01,A01
201200029453,0,01,000,00,2,4,00,B01
201200029454,0,02,000,00,2,1,01,A01
201200029454,0,33,000,00,2,1,01,B01
201200029455,0,07,000,00,2,3,20,A01
201200029455,0,02,000,00,2,1,01,B01
201200029456,0,07,000,00,2,0,01,A01
201200029456,0,07,000,00,9,1,01,B01
201200029457,0,07,000,00,2,3,15,A01
201200029457,0,01,000,00,2,1,01,B01
201200029458,0,07,000,00,2,2,15,A01
201200029458,0,07,000,00,2,1,01,B01
201200029459,0,07,000,04,0,9,01,A01
201200029460,0,01,000,00,0,0,01,A01
201200029461,0,07,000,00,2,1,00,A01
201200029462,0,07,000,00,2,1,15,A01
201200029462,0,07,000,00,2,1,01,B01
201200029463,0,07,000,00,2,1,01,A01
201200029463,0,07,000,00,2,4,01,B01
201200029463,0,07,000,00,2,4,01,C01
201200029464,0,07,000,00,2,1,01,A01
201200029465,0,02,000,00,0,0,01,A01
201200029466,0,01,000,00,0,0,01,A01
201200029467,0,01,000,00,0,0,01,A01
201200029468,0,02,000,00,2,2,01,A01
201200029468,0,07,000,00,2,6,15,B01
201200029469,0,07,000,00,1,1,01,A01
201200029470,0,30,000,00,2,1,09,A01
201200029470,0,07,000,00,2,2,01,B01
201200029471,0,07,000,00,2,1,01,A01
201200029471,0,07,000,00,2,7,15,B01
201200029472,0,07,000,00,2,1,01,A01
201200029472,0,07,000,00,2,4,01,B01
201200029472,0,07,000,00,2,4,01,C01
201200029473,0,07,000,00,1,1,01,A01
201200029474,0,32,000,00,0,0,01,A01
201200029475,0,07,000,00,2,1,09,A01
201200029475,0,07,000,00,2,3,01,B01
201200029476,0,07,000,00,1,1,01,A01
201200029477,0,02,000,00,2,1,01,A01
201200029478,0,07,000,00,2,3,01,A01
201200029478,0,07,000,00,2,3,01,B01
201200029479,0,02,000,00,2,0,01,A01
201200029480,0,31,000,00,0,0,01,A01
201200029481,0,01,000,12,0,1,01,A01
201200029482,0,02,000,00,0,0,01,A01
201200029483,0,07,000,00,2,1,01,A01
201200029483,0,07,000,00,2,4,01,B01
201200029484,0,07,000,00,2,1,01,A01
201200029484,0,01,000,00,2,4,01,B01
201200029485,0,07,000,00,0,0,01,A01
201200029486,1,99,000,00,0,0,00,Z01
201200029487,0,01,000,00,0,0,01,A01
201200029488,0,07,000,00,0,0,01,A01
201200029489,0,33,000,00,2,8,01,A01
201200029489,0,15,000,00,2,6,16,B01
201200029489,0,07,000,00,2,5,16,C01
201200029490,0,02,000,00,0,0,01,A01
201200029491,0,02,000,00,0,0,01,A01
201200029492,0,07,000,00,0,0,01,A01
201200029493,0,07,000,00,2,1,20,A01
201200029493,0,02,000,00,2,0,01,B01
201200029494,0,01,000,00,0,0,01,A01
201200029495,0,07,000,00,2,4,20,A01
201200029495,0,02,000,00,2,7,01,B01
201200029496,0,07,000,00,2,7,01,A01
201200029496,0,37,001,00,2,1,01,B01
201200029497,0,07,000,13,0,0,01,A01
201200029498,0,02,000,00,0,0,01,A01
201200029499,0,07,000,00,2,7,01,A01
201200029499,0,07,000,00,2,1,01,B01
201200029500,0,02,000,00,2,1,01,A01
201200029500,0,07,000,00,2,1,15,B01
201200029501,0,33,000,00,0,0,01,A01
201200029502,0,01,000,00,0,0,01,A01
201200029503,0,02,000,12,0,0,01,A01
201200029504,0,07,000,00,1,1,01,A01
201200029505,0,01,000,01,0,1,01,A01
201200029506,0,03,000,01,0,1,01,A01
201200029507,0,07,000,00,2,1,01,A01
201200029507,0,07,000,00,2,4,01,B01
201200029507,0,07,000,00,2,4,01,C01
201200029508,0,37,001,00,2,1,01,A01
201200029508,0,01,000,00,2,8,01,B01
201200029509,0,07,000,06,0,3,10,A01
201200029510,0,07,000,00,1,2,01,A01
201200029511,0,07,000,00,2,1,15,A01
201200029511,0,07,000,00,2,3,01,B01
201200029512,0,30,000,12,0,1,01,A01
201200029513,0,07,000,00,1,2,01,A01
201200029514,0,07,000,00,2,2,15,A01
201200029514,0,07,000,00,2,1,01,B01
201200029515,0,01,000,00,2,0,01,B01
201200029515,1,37,001,00,2,0,01,Z01
201200029516,1,07,000,00,1,1,01,A01
201200029517,0,07,000,03,0,1,01,A01
201200029518,0,07,000,00,1,1,01,A01
201200029519,0,07,000,00,1,1,01,A01
201200029520,0,02,000,00,2,1,01,A01
201200029520,0,07,000,00,2,3,15,B01
201200029521,0,07,000,00,2,4,16,A01
201200029521,0,33,000,00,2,0,01,B01
201200029522,0,07,000,00,2,3,15,A01
201200029522,0,07,000,00,2,1,01,B01
201200029523,0,07,000,00,2,3,15,A01
201200029523,0,01,000,00,2,1,01,B01
201200029524,0,07,000,00,1,1,15,A01
201200029525,0,02,000,12,0,0,01,A01
201200029526,0,07,000,00,2,1,01,A01
201200029526,0,07,000,00,2,1,01,B01
201200029527,0,01,000,00,1,1,01,A01
201200029528,0,02,000,00,0,0,00,A01
201200029529,0,07,000,02,0,1,01,A01
201200029530,0,02,000,12,0,1,01,A01
201200029531,0,07,000,00,1,1,01,A01
201200029532,0,07,000,00,2,1,11,A01
201200029532,0,07,000,00,2,4,01,B01
201200029532,0,07,000,00,2,4,01,C01
201200029532,0,07,000,00,2,3,01,D01
201200029533,0,03,000,00,2,1,01,A01
201200029533,0,01,000,00,2,8,01,B01
201200029534,0,07,000,00,1,1,01,A01
201200029535,0,07,000,00,1,1,16,A01
201200029536,0,01,000,00,0,0,01,A01
201200029537,0,01,000,00,2,1,01,A01
201200029537,0,07,000,00,2,4,01,B01
201200029538,0,07,000,00,1,1,16,A01
201200029539,0,07,000,00,1,1,15,A01
201200029540,0,07,000,00,1,1,01,A01
201200029541,0,07,000,00,2,7,22,A01
201200029541,0,01,000,01,0,1,01,B01
201200029542,0,07,000,00,1,1,01,A01
201200029543,0,01,000,12,0,1,01,A01
201200029544,0,01,000,00,2,1,15,A01
201200029544,0,07,000,00,2,7,01,B01
201200029545,0,07,000,04,0,0,01,A01
201200029546,0,02,000,12,0,0,00,A01
201200029547,0,07,000,00,2,3,01,A01
201200029547,0,01,000,00,2,1,01,B01
201200029548,0,07,000,00,1,1,16,A01
201200029549,0,01,000,12,0,0,00,A01
201200029550,0,07,000,00,2,1,01,A01
201200029550,0,07,000,00,2,8,01,B01
201200029551,0,07,000,13,0,1,01,A01
201200029552,0,07,000,00,0,0,01,A01
201200029553,0,07,000,00,1,4,20,A01
201200029554,0,07,000,00,2,2,15,A01
201200029554,0,07,000,00,2,2,01,B01
201200029555,0,15,000,00,2,1,01,A01
201200029555,0,07,000,00,2,4,01,B01
201200029556,0,07,000,00,2,3,00,A01
201200029556,0,07,000,00,2,2,00,B01
201200029557,0,02,000,00,0,0,15,A01
201200029558,0,07,000,00,0,1,00,A01
201200029559,0,07,000,06,0,1,15,A01
201200029560,0,31,000,00,2,8,01,B01
201200029560,0,07,000,00,2,1,01,A01
201200029561,0,07,000,00,0,4,02,A01
201200029561,0,07,000,00,0,1,02,B01
201200029561,0,07,000,00,0,4,02,C01
201200029562,0,07,000,00,2,1,01,A01
201200029562,0,07,000,00,2,4,01,B01
201200029563,0,07,000,00,2,3,15,A01
201200029563,0,07,000,00,2,1,01,B01
201200029564,0,07,000,00,2,2,01,B01
201200029564,0,02,000,00,2,2,16,A01
201200029565,0,30,000,00,1,1,01,A01
201200029566,0,07,000,00,4,1,01,A01
201200029566,0,40,001,00,2,1,01,B01
201200029567,0,07,000,04,0,1,01,A01
201200029568,0,07,000,04,0,1,01,A01
201200029569,0,30,000,16,0,1,01,A01
201200029570,0,07,000,00,2,1,02,A01
201200029570,0,33,000,00,2,1,02,B01
201200029570,0,07,000,00,2,1,02,C01
201200029571,0,30,000,00,2,1,01,A01
201200029571,0,07,000,00,2,8,01,B01
201200029572,0,02,000,00,0,1,02,A01
201200029572,0,07,000,00,0,5,02,B01
201200029573,0,07,000,12,0,1,00,A01
201200029574,0,01,000,00,2,1,11,A01
201200029574,0,07,000,00,2,7,01,B01
201200029575,0,40,001,00,1,2,01,A01
201200029576,0,30,000,00,2,1,01,A01
201200029576,0,07,000,00,2,4,01,B01
201200029577,0,07,000,00,2,7,01,A01
201200029577,0,07,000,00,2,1,01,B01
201200029578,0,30,000,00,0,0,01,A01
201200029579,0,37,001,00,1,1,01,A01
201200029580,0,07,000,00,2,3,01,A01
201200029580,0,01,000,00,2,0,01,B01
201200029581,0,07,000,00,2,1,16,A01
201200029581,0,07,000,00,2,1,01,B01
201200029582,0,07,000,00,9,1,00,A01
201200029582,0,33,000,00,2,7,01,B01
201200029583,0,07,000,00,2,1,15,A01
201200029583,0,32,000,00,2,1,01,B01
201200029584,0,33,000,00,0,0,01,A01
201200029585,0,07,000,00,2,7,15,A01
201200029585,0,07,000,00,2,1,01,B01
201200029586,0,07,000,00,1,1,01,A01
201200029587,0,01,000,00,0,0,00,A01
201200029588,1,07,000,00,2,7,17,A01
201200029588,0,02,000,00,2,8,01,B01
201200029589,0,07,000,00,2,7,15,A01
201200029589,0,30,000,00,2,1,01,B01
201200029590,0,40,001,00,1,2,01,A01
201200029591,0,01,000,00,2,1,01,A01
201200029591,0,01,000,00,2,7,15,B01
201200029592,0,07,000,00,2,1,01,A01
201200029592,0,07,000,00,2,4,20,B01
201200029593,0,02,000,09,0,1,01,A01
201200029594,0,02,000,00,0,0,01,A01
201200029595,0,01,000,00,2,0,01,A01
201200029595,0,10,000,00,2,2,01,B01
201200029596,0,07,000,00,2,5,00,A01
201200029596,0,02,000,00,2,7,01,B01
201200029597,0,07,000,00,2,8,15,A01
201200029597,0,07,000,00,2,1,01,B01
201200029598,0,07,000,00,2,1,01,A01
201200029598,0,07,000,00,2,1,01,B01
201200029599,0,07,000,00,1,1,01,A01
201200029600,0,07,000,00,1,1,01,A01
201200029601,0,01,000,08,0,1,01,A01
201200029602,0,07,000,00,2,2,15,A01
201200029602,0,02,000,00,2,1,01,B01
201200029603,0,07,000,00,2,1,01,A01
201200029603,0,01,000,00,2,4,01,B01
201200029604,0,30,000,00,1,1,01,A01
201200029605,0,07,000,00,2,1,15,A01
201200029605,0,07,000,01,2,1,01,B01
201200029606,0,07,000,04,0,1,01,A01
201200029607,0,07,000,00,2,2,16,A01
201200029607,0,02,000,00,2,1,01,B01
201200029608,0,07,000,00,1,1,01,A01
201200029609,0,07,000,00,2,1,15,A01
201200029609,0,02,000,00,2,1,01,B01
201200029610,0,07,000,00,2,1,01,A01
201200029610,0,07,000,00,2,4,01,B01
201200029611,0,02,000,00,2,1,01,A01
201200029611,0,07,000,00,2,4,01,B01
201200029612,1,99,000,00,2,1,01,A01
201200029612,0,02,000,00,2,4,01,B01
201200029613,0,02,000,00,0,0,01,A01
201200029614,0,02,000,00,1,1,01,A01
201200029615,0,07,000,00,2,1,01,A01
201200029615,0,07,000,00,2,4,01,B01
201200029616,0,07,000,00,1,1,01,A01
201200029617,0,01,000,00,0,0,01,A01
201200029618,0,07,000,00,2,1,01,A01
201200029618,0,07,000,00,2,4,01,B01
201200029618,0,07,000,00,2,1,01,C01
201200029618,0,07,000,00,0,1,01,D01
201200029619,0,07,000,00,2,4,04,A01
201200029619,0,02,000,00,2,1,01,B01
201200029620,0,07,000,00,2,4,01,B01
201200029620,0,07,000,00,2,1,01,A01
201200029621,0,07,000,00,2,1,13,A01
201200029621,0,07,000,00,2,1,01,B01
201200029622,0,07,000,00,2,1,16,A01
201200029623,0,07,000,00,2,2,15,A01
201200029623,0,07,000,00,2,1,01,B01
201200029624,0,07,000,00,1,1,01,A01
201200029625,0,07,000,00,2,5,01,A01
201200029625,0,07,000,00,2,1,01,B01
201200029626,0,02,000,00,2,1,01,A01
201200029626,0,07,000,00,2,4,01,B01
201200029627,0,07,000,00,2,1,15,A01
201200029627,0,07,000,00,1,3,01,B01
201200029628,0,32,000,00,2,1,01,A01
201200029628,0,07,000,00,2,4,01,B01
201200029629,0,30,000,00,0,0,01,A01
201200029630,0,37,001,00,1,1,01,A01
201200029631,0,02,000,14,0,1,02,A01
201200029631,0,38,010,00,0,4,02,B01
201200029632,0,07,000,00,2,1,01,A01
201200029632,0,07,000,00,2,4,01,B01
201200029633,0,07,000,00,2,1,01,A01
201200029633,0,07,000,00,2,4,01,B01
201200029634,0,07,000,00,2,3,15,A01
201200029634,0,33,000,00,2,0,01,B01
201200029635,0,01,000,00,2,1,01,A01
201200029635,0,07,000,00,2,0,01,B01
201200029636,0,01,000,00,0,0,01,A01
201200029637,0,07,000,00,2,1,01,A01
201200029637,0,02,000,00,2,4,01,B01
201200029638,0,07,000,00,1,1,01,A01
201200029639,0,01,000,00,1,1,01,A01
201200029640,0,07,000,03,0,1,01,A01
201200029641,0,01,000,12,0,1,01,A01
201200029642,0,07,000,00,2,1,01,A01
201200029642,0,01,000,00,2,7,01,B01
201200029643,0,07,000,00,2,1,01,A01
201200029643,0,07,000,00,2,4,01,B01
201200029644,0,07,000,00,2,1,01,A01
201200029644,0,07,000,00,2,4,01,B01
201200029645,0,02,000,00,0,3,00,A01
201200029646,0,02,000,12,0,1,01,A01
201200029647,0,01,000,12,0,1,01,A01
201200029648,0,33,000,00,2,7,01,B01
201200029648,0,07,000,00,2,2,11,A01
201200029649,0,14,000,00,2,3,17,A01
201200029649,0,07,000,00,2,4,01,B01
201200029650,0,07,000,05,0,6,02,A01
201200029651,0,07,000,00,2,3,15,A01
201200029651,0,02,000,00,2,1,01,B01
201200029652,0,07,000,00,2,3,01,B01
201200029652,0,03,000,00,2,1,01,A01
201200029653,0,03,000,00,2,1,15,A01
201200029653,0,07,000,00,2,3,15,B01
201200029654,0,30,000,00,2,1,02,A01
201200029654,0,07,000,00,9,4,02,B01
201200029655,0,02,000,00,0,0,01,A01
201200029656,0,07,000,01,0,1,01,A01
201200029657,0,07,000,03,0,1,01,A01
201200029658,0,07,000,00,2,1,01,A01
201200029658,0,01,000,00,2,1,01,B01
201200029659,0,02,000,00,0,0,01,A01
201200029660,0,33,000,00,0,0,01,A01
201200029661,0,07,000,00,2,7,01,A01
201200029661,0,01,000,00,2,1,01,B01
201200029662,0,02,000,00,0,0,01,A01
201200029663,0,07,000,00,1,1,01,A01
201200029664,0,02,000,00,2,1,01,A01
201200029664,0,07,000,00,2,7,01,B01
201200029665,0,02,000,00,0,0,01,A01
201200029666,0,02,000,00,0,0,01,A01
201200029667,0,07,000,00,2,1,01,A01
201200029667,0,02,000,00,2,1,01,B01
201200029668,0,07,000,00,2,1,12,A01