Num_Acc,senc,catv,occutc,obs,obsm,choc,manv,num_veh
201200030045,0,03,000,01,2,7,01,B01
201200030046,0,01,000,00,2,1,01,A01
201200030046,0,01,000,00,2,5,01,B01
201200030047,0,07,000,00,2,1,02,A01
201200030047,0,37,011,00,2,4,23,B01
201200030048,0,30,000,16,0,3,01,A01
201200030049,0,30,000,00,0,0,01,A01
201200030050,0,07,000,00,1,1,01,A01
201200030051,0,07,000,08,0,2,14,A01
201200030052,0,07,000,00,1,8,01,A01
201200030053,0,30,000,00,0,3,01,A01
201200030054,0,30,000,16,0,8,01,A01
201200030055,0,07,000,00,2,1,01,B01
201200030055,0,07,000,00,2,2,15,A01
201200030056,0,07,000,00,2,3,09,A01
201200030056,0,30,000,00,2,1,01,B01
201200030057,0,30,000,00,2,3,01,B01
201200030057,0,36,000,00,2,5,17,A01
201200030058,0,07,000,00,2,1,13,A01
201200030058,0,07,000,00,2,1,01,B01
201200030059,0,07,000,00,2,1,02,A01
201200030059,0,07,000,00,2,4,02,C01
201200030059,0,07,000,00,2,4,02,B01
201200030060,0,07,000,06,0,3,13,A01
201200030061,0,07,000,00,2,2,16,A01
201200030061,0,01,000,00,2,3,01,B01
201200030062,2,01,000,00,1,1,01,Z01
201200030063,1,33,000,00,2,2,01,A01
201200030064,0,01,000,12,0,2,14,A01
201200030065,0,07,000,00,2,1,02,A01
201200030065,0,07,000,00,2,4,02,B01
201200030066,0,01,000,00,2,1,19,A01
201200030066,0,07,000,00,2,3,01,B01
201200030067,0,07,000,02,0,1,14,A01
201200030068,0,07,000,01,0,2,14,A01
201200030069,0,30,000,00,0,0,01,A01
201200030070,0,07,000,00,2,4,02,B01
201200030070,0,07,000,00,2,1,02,A01
201200030071,0,07,000,15,0,2,14,A01
201200030072,0,07,000,00,2,3,15,A01
201200030072,0,30,000,00,2,1,01,B01
201200030073,0,30,000,00,0,8,01,A01
201200030074,0,30,000,00,2,1,13,A01
201200030074,0,07,000,00,2,3,01,B01
201200030075,0,07,000,00,2,3,09,A01
201200030075,0,07,000,00,2,1,01,B01
201200030076,0,07,000,00,2,3,15,A01
201200030076,0,10,000,00,2,1,01,B01
201200030077,0,07,000,00,2,1,01,B01
201200030077,0,07,000,00,2,8,09,A01
201200030078,0,07,000,00,2,1,02,A01
201200030078,0,07,000,00,2,4,02,B01
201200030079,0,07,000,00,2,1,13,A01
201200030079,0,07,000,00,2,3,01,B01
201200030080,0,07,000,00,2,1,02,A01
201200030080,0,07,000,00,2,4,02,B01
201200030081,0,07,000,00,2,2,17,A01
201200030081,0,07,000,00,2,6,15,B01
201200030082,0,30,000,00,2,1,15,A01
201200030082,0,30,000,00,2,4,15,B01
201200030083,0,07,000,13,0,1,14,A01
201200030084,0,33,000,16,0,1,01,A01
201200030085,0,07,000,00,2,1,01,B01
201200030085,0,07,000,00,2,1,13,A01
201200030086,0,07,000,00,2,8,15,A01
201200030086,0,30,000,00,2,3,01,B01
201200030087,0,31,000,00,2,1,02,A01
201200030087,0,07,000,00,2,5,16,B01
201200030088,0,07,000,00,1,3,01,A01
201200030089,0,07,000,00,2,1,15,A01
201200030089,0,07,000,00,2,7,01,B01
201200030090,0,07,000,00,2,7,09,A01
201200030090,0,33,000,00,2,3,01,B01
201200030091,0,07,000,08,0,3,14,A01
201200030092,0,07,000,00,2,2,15,A01
201200030092,0,30,000,00,2,1,01,B01
201200030093,0,07,000,00,2,8,09,A01
201200030093,0,07,000,00,2,3,01,B01
201200030094,0,33,000,12,0,2,14,A01
201200030095,0,07,000,13,0,1,13,A01
201200030096,0,07,000,01,0,3,13,A01
201200030097,0,07,000,00,2,5,14,A01
201200030097,0,15,000,00,2,3,01,B01
201200030098,0,10,000,00,2,1,01,B01
201200030098,0,07,000,00,2,3,19,A01
201200030099,0,07,000,00,2,1,09,A01
201200030099,0,30,000,00,2,7,01,B01
201200030100,0,07,000,00,2,8,15,A01
201200030100,0,33,000,00,2,1,01,B01
201200030101,0,30,000,00,0,0,01,A01
201200030102,0,32,000,00,2,3,13,A01
201200030102,0,07,000,00,2,2,01,B01
201200030103,0,07,000,00,1,2,01,A01
201200030104,0,30,000,00,2,1,17,A01
201200030104,0,07,000,00,2,8,15,B01
201200030105,0,07,000,00,0,0,14,C01
201200030105,0,07,000,00,2,4,24,B01
201200030105,0,07,000,01,0,1,14,A01
201200030106,0,33,000,00,2,1,01,A01
201200030106,0,07,000,00,2,6,23,B01
201200030107,0,07,000,00,2,5,15,A01
201200030107,0,33,000,00,2,1,01,B01
201200030108,0,30,000,00,2,1,01,B01
201200030108,0,07,000,00,2,2,15,A01
201200030109,0,30,000,01,0,1,02,A01
201200030109,0,14,000,00,2,6,23,B01
201200030110,0,30,000,00,2,3,13,A01
201200030110,0,30,000,00,2,7,01,B01
201200030111,0,07,000,00,1,2,01,A01
201200030112,0,07,000,00,2,1,02,A01
201200030112,0,07,000,00,2,4,02,B01
201200030113,0,33,000,16,0,1,01,A01
201200030114,0,07,000,00,1,4,04,A01
201200030115,0,10,000,00,1,2,01,B01
201200030116,0,07,000,00,2,4,02,B01
201200030116,0,07,000,00,2,1,02,A01
201200030117,0,07,000,00,1,4,04,A01
201200030118,0,07,000,09,0,1,01,A01
201200030119,0,30,000,00,2,1,02,A01
201200030119,0,07,000,00,2,6,23,B01
201200030120,1,07,000,00,0,0,09,B01
201200030120,0,30,000,00,0,0,01,A01
201200030121,0,07,000,01,0,2,14,A01
201200030122,0,07,000,01,2,4,02,B01
201200030122,0,30,000,00,2,1,02,A01
201200030123,0,07,000,16,0,1,01,A01
201200030124,0,33,000,12,0,3,13,A01
201200030125,0,07,000,06,0,1,13,A01
201200030126,0,33,000,00,0,7,15,A01
201200030127,0,30,000,00,2,7,19,A01
201200030127,0,07,000,00,2,1,01,B01
201200030128,0,07,000,00,2,3,15,A01
201200030128,0,30,000,00,2,1,01,B01
201200030129,0,07,000,09,0,1,13,A01
201200030130,0,33,000,00,2,1,01,B01
201200030130,0,07,000,00,2,1,09,A01
201200030131,0,30,000,12,0,1,14,A01
201200030132,0,07,000,00,2,1,02,A01
201200030132,0,07,000,00,2,4,23,B01
201200030133,0,07,000,00,2,4,23,B01
201200030133,0,07,000,00,2,1,02,A01
201200030134,0,07,000,00,2,3,13,A01
201200030134,0,07,000,00,2,8,01,B01
201200030135,0,07,000,00,1,1,01,A01
201200030136,0,07,000,00,2,1,01,B01
201200030136,0,33,000,00,2,1,14,A01
201200030137,0,07,000,00,2,0,14,A01
201200030137,0,01,000,00,2,0,01,B01
201200030138,0,07,000,00,1,3,01,B01
201200030139,0,30,000,16,0,8,13,A01
201200030140,0,07,000,00,2,1,09,A01
201200030140,0,07,000,00,2,3,01,B01
201200030141,1,07,000,00,1,7,01,A01
201200030142,0,07,000,00,2,5,15,A01
201200030142,0,31,000,00,2,1,01,B01
201200030143,0,01,000,00,0,0,13,A01
201200030144,0,07,000,00,2,7,01,B01
201200030144,0,07,000,00,2,1,15,A01
201200030145,1,10,000,00,2,3,18,A01
201200030145,0,30,000,00,2,5,01,B01
201200030146,0,30,000,00,2,1,02,A01
201200030146,0,07,000,00,2,4,02,B01
201200030147,0,07,000,00,2,1,02,A01
201200030147,0,07,000,00,2,1,02,B01
201200030148,0,07,000,00,2,2,09,A01
201200030148,0,30,000,00,2,1,01,B01
201200030149,0,30,000,00,2,1,18,B01
201200030149,0,07,000,00,2,2,15,A01
201200030150,0,07,000,00,2,1,02,A01
201200030150,0,07,000,00,2,4,02,B01
201200030151,0,30,000,00,2,1,02,A01
201200030151,0,07,000,00,2,4,02,B01
201200030152,0,01,000,00,2,6,01,A01
201200030152,2,30,000,00,2,1,02,B01
201200030153,0,07,000,00,1,3,15,A01
201200030154,0,30,000,00,0,0,01,A01
201200030155,0,07,000,00,2,1,01,A01
201200030155,0,07,000,00,2,8,01,B01
201200030156,1,07,000,00,2,1,02,A01
201200030156,0,07,000,00,2,4,23,B01
201200030157,0,07,000,00,2,7,19,A01
201200030157,0,07,000,00,2,1,01,B01
201200030158,0,02,000,00,2,6,09,A01
201200030158,0,02,000,00,2,1,13,B01
201200030159,0,07,000,00,2,1,01,A01
201200030159,0,07,000,00,2,3,01,B01
201200030160,0,01,000,16,0,0,01,A01
201200030161,0,30,000,00,0,0,01,A01
201200030162,0,07,000,00,1,8,01,A01
201200030163,0,30,000,00,2,2,01,B01
201200030163,0,07,000,00,2,1,09,A01
201200030164,0,31,000,00,0,0,01,A01
201200030165,0,07,000,00,0,0,13,C01
201200030165,0,33,000,00,2,1,17,B01
201200030165,0,07,000,00,2,3,13,A01
201200030165,0,07,000,00,0,0,13,D01
201200030165,0,07,000,00,0,0,13,E01
201200030166,0,30,000,16,0,7,01,A01
201200030167,0,07,000,00,2,1,02,A01
201200030167,0,07,000,00,2,4,02,B01
201200030167,0,07,000,00,2,4,02,C01
201200030168,0,33,000,00,2,1,02,A01
201200030168,0,07,000,00,2,6,01,B01
201200030169,0,30,000,16,0,7,01,A01
201200030170,0,07,000,00,2,3,01,B01
201200030170,0,07,000,00,2,1,15,A01
201200030171,0,07,000,00,2,5,17,A01
201200030171,0,01,000,00,2,3,01,B01
201200030172,0,37,001,00,1,1,15,A01
201200030173,0,07,000,11,0,1,14,A01
201200030174,0,01,000,00,2,4,23,B01
201200030174,0,07,000,00,2,1,02,A01
201200030175,0,07,000,00,2,1,13,A01
201200030175,0,07,000,00,2,1,01,B01
201200030176,0,07,000,00,1,5,01,A01
201200030177,0,07,000,06,0,1,14,A01
201200030178,0,30,000,16,0,8,01,A01
201200030179,0,07,000,00,1,1,15,A01
201200030180,0,07,000,00,2,4,23,C01
201200030180,0,07,000,00,2,4,23,B01
201200030180,0,07,000,00,2,1,02,A01
201200030181,0,30,000,00,2,1,09,A01
201200030181,0,07,000,00,2,5,01,B01
201200030182,0,07,000,00,2,4,23,B01
201200030182,0,07,000,00,2,1,02,A01
201200030183,0,02,000,12,0,2,14,A01
201200030184,0,07,000,00,1,1,09,A01
201200030185,0,33,000,16,0,0,01,A01
201200030186,0,30,000,00,2,2,17,A01
201200030186,0,07,000,00,2,8,15,B01
201200030187,0,07,000,14,0,1,13,A01
201200030188,0,07,000,00,2,7,17,E01
201200030188,0,07,000,00,2,1,17,D01
201200030188,0,10,000,13,2,4,23,B01
201200030188,0,15,000,00,2,1,13,A01
201200030188,0,07,000,00,2,1,01,C01
201200030189,0,07,000,00,2,1,01,B01
201200030189,0,07,000,00,2,3,01,A01
201200030190,0,07,000,00,2,8,13,B01
201200030190,0,30,000,00,2,1,17,A01
201200030191,0,07,000,00,2,1,01,B01
201200030191,0,10,000,00,2,2,15,A01
201200030192,0,30,000,13,0,1,13,A01
201200030193,0,07,000,08,0,2,13,A01
201200030194,0,33,000,00,0,7,01,A01
201200030195,0,07,000,00,2,2,15,A01
201200030195,0,07,000,00,2,1,01,B01
201200030196,1,07,000,00,1,2,15,Z01
201200030197,0,33,000,00,0,0,01,A01
201200030198,0,07,000,00,1,1,09,A01
201200030199,0,07,000,00,2,3,15,A01
201200030199,0,30,000,00,2,1,01,B01
201200030200,0,07,000,00,2,3,15,A01
201200030200,0,33,000,00,2,1,01,B01
201200030201,0,07,000,00,2,2,15,A01
201200030201,0,30,000,00,2,1,01,B01
201200030202,0,01,000,00,2,1,02,B01
201200030202,0,07,000,00,2,4,04,A01
201200030203,0,07,000,00,2,1,15,B01
201200030203,0,07,000,00,2,1,01,A01
201200030204,0,07,000,00,2,1,02,A01
201200030204,0,07,000,00,2,4,23,B01
201200030205,0,07,000,00,1,2,01,B01
201200030206,0,30,000,00,2,8,01,B01
201200030206,0,07,000,00,2,3,16,A01
201200030207,0,07,000,00,2,1,09,A01
201200030207,0,07,000,00,2,1,01,B01
201200030208,0,07,000,00,2,7,01,B01
201200030208,0,07,000,00,2,1,09,A01
201200030209,0,01,000,00,2,1,01,B01
201200030209,0,07,000,00,2,3,15,A01
201200030210,0,37,001,00,1,1,01,A01
201200030211,0,07,000,15,0,3,14,A01
201200030212,0,01,000,00,2,4,01,B01
201200030212,0,07,000,00,2,1,09,A01
201200030213,0,07,000,00,2,4,23,C01
201200030213,0,07,000,00,2,4,23,B01
201200030213,0,14,000,00,2,1,01,A01
201200030214,0,07,000,00,1,1,01,A01
201200030215,1,07,000,00,1,4,04,Z01
201200030216,0,07,000,06,2,1,02,A01
201200030216,0,07,000,00,2,4,02,B01
201200030217,0,07,000,00,1,3,01,A01
201200030218,0,07,000,00,1,1,01,A01
201200030219,0,07,000,00,0,4,23,B01
201200030219,0,07,000,00,0,4,02,A01
201200030220,0,07,000,00,2,3,11,A01
201200030220,0,30,000,00,2,3,01,B01
201200030221,0,07,000,00,2,1,02,A01
201200030221,0,07,000,00,0,4,23,B01
201200030222,0,38,046,00,2,3,01,B01
201200030222,0,07,000,00,2,1,13,A01
201200030223,0,07,000,00,2,1,02,A01
201200030223,0,07,000,14,0,4,02,B01
201200030223,0,07,000,00,0,4,02,C01
201200030224,0,07,000,14,0,9,01,A01
201200030225,0,30,000,00,0,0,01,A01
201200030226,0,07,000,00,1,6,20,A01
201200030227,0,07,000,00,1,2,01,A01
201200030228,0,07,000,00,1,4,04,A01
201200030229,0,07,000,06,0,1,01,A01
201200030230,0,07,000,00,2,3,02,A01
201200030230,0,30,000,00,0,4,02,B01
201200030231,0,07,000,00,2,5,09,A01
201200030231,0,30,000,00,2,2,13,B01
201200030232,0,07,000,13,2,3,15,A01
201200030232,0,07,000,00,2,1,01,B01
201200030232,0,07,000,14,0,7,01,C01
201200030233,0,03,000,00,2,2,15,A01
201200030233,0,07,000,00,2,3,01,B01
201200030234,1,99,000,00,0,0,00,A01
201200030235,0,07,000,00,2,4,02,B01
201200030235,0,10,000,00,2,4,02,D01
201200030235,0,07,000,00,2,4,02,C01
201200030235,0,07,000,00,2,1,02,A01
201200030236,0,07,000,00,1,5,20,A01
201200030237,2,07,000,00,2,1,02,A01
201200030237,2,13,000,00,2,4,23,B01
201200030238,0,07,000,00,2,8,15,A01
201200030238,0,33,000,00,2,1,01,B01
201200030239,0,07,000,00,2,6,09,A01
201200030239,0,30,000,00,2,1,01,B01
201200030240,0,07,000,00,2,3,01,B01
201200030240,0,07,000,00,2,0,01,A01
201200030241,0,07,000,00,1,1,01,A01
201200030242,0,07,000,00,1,1,01,A01
201200030243,0,07,000,14,0,3,01,A01
201200030244,0,07,000,00,2,3,23,D01
201200030244,0,02,000,00,2,1,19,A01
201200030244,0,07,000,00,2,0,23,C01
201200030244,0,07,000,00,2,1,01,B01
201200030245,0,07,000,00,2,8,15,A01
201200030245,0,07,000,00,2,1,15,B01
201200030246,0,30,000,00,0,8,01,A01
201200030247,0,07,000,00,1,2,01,A01
201200030248,0,07,000,00,1,4,04,A01
201200030249,0,07,000,00,1,1,01,A01
201200030250,0,07,000,00,2,2,01,B01
201200030250,0,07,000,00,2,2,09,A01
201200030251,0,07,000,00,1,5,04,A01
201200030252,0,10,000,00,1,5,04,A01
201200030253,0,07,000,00,1,2,01,A01
201200030254,0,07,000,00,2,1,01,A01
201200030254,0,07,000,00,0,4,01,B01
201200030255,0,30,000,00,0,6,20,A01
201200030256,0,30,000,07,0,1,01,A01
201200030257,0,30,000,00,0,0,00,A01
201200030258,0,10,000,00,2,1,05,A01
201200030258,0,21,000,00,2,1,05,B01
201200030259,0,30,000,00,0,7,01,A01
201200030260,0,30,000,00,0,0,01,A01
201200030261,0,07,000,00,0,4,02,B01
201200030261,0,30,000,00,2,1,02,A01
201200030262,0,10,000,00,1,7,01,A01
201200030263,1,07,000,00,2,1,01,A01
201200030263,0,01,000,00,2,8,01,B01
201200030264,0,07,000,00,1,1,00,A01
201200030265,0,07,000,00,1,3,15,A01
201200030266,0,07,000,00,0,4,23,B01
201200030266,0,02,000,00,2,1,02,A01
201200030267,0,07,000,00,2,1,13,A01
201200030267,0,07,000,00,2,1,01,B01
201200030268,0,01,000,00,2,5,01,B01
201200030268,0,07,000,00,2,3,09,A01
201200030269,0,07,000,13,0,2,00,A01
201200030270,0,07,000,00,9,1,15,A01
201200030270,0,01,000,00,2,1,01,B01
201200030271,0,30,000,00,2,1,01,A01
201200030271,0,07,000,00,0,2,15,B01
201200030272,0,30,000,15,0,2,14,A01
201200030273,0,36,000,00,0,0,01,A01
201200030274,0,31,000,00,0,8,01,A01
201200030275,0,07,000,00,2,8,00,B01
201200030275,0,07,000,00,2,1,19,A01
201200030276,0,07,000,00,1,1,01,A01
201200030277,0,07,000,00,1,6,04,A01
201200030278,0,07,000,00,2,2,01,B01
201200030278,0,07,000,00,2,1,15,A01
201200030279,0,07,000,02,0,1,06,A01
201200030280,0,07,000,00,2,2,01,B01
201200030280,0,07,000,15,2,1,16,A01
201200030281,0,07,000,00,1,3,01,A01
201200030282,0,10,000,00,1,3,15,A01
201200030283,0,03,000,00,2,8,09,A01
201200030283,0,07,000,00,2,1,01,B01
201200030284,0,07,000,00,2,1,02,A01
201200030284,0,07,000,00,0,4,23,B01
201200030285,0,10,000,06,0,1,01,A01
201200030286,0,02,000,00,2,1,02,A01
201200030286,0,07,000,00,2,4,02,B01
201200030287,0,07,000,00,2,1,16,B01
201200030287,0,30,000,00,2,1,13,A01
201200030288,0,03,000,11,0,7,01,A01
201200030289,0,07,000,01,0,2,13,A01
201200030289,0,07,000,00,0,2,24,B01
201200030290,0,07,000,00,2,2,01,B01
201200030290,0,07,000,00,2,8,01,C01
201200030290,0,07,000,00,2,3,16,A01
201200030291,0,30,000,14,9,1,01,A01
201200030292,0,02,000,00,2,1,18,A01
201200030292,0,07,000,00,2,7,15,B01
201200030293,0,30,000,00,2,8,01,B01
201200030293,0,07,000,00,2,7,17,A01
201200030294,0,07,000,00,2,2,15,A01
201200030294,0,30,000,00,2,1,01,B01
201200030295,0,10,000,08,0,1,14,A01
201200030296,0,14,000,00,2,1,01,B01
201200030296,0,07,000,00,2,7,19,A01
201200030297,0,07,000,00,2,3,09,A01
201200030297,0,31,000,00,2,5,01,B01
201200030298,0,10,000,05,0,1,01,A01
201200030299,0,07,000,00,1,2,20,A01
201200030300,0,30,000,00,0,4,02,A01
201200030300,0,10,000,00,2,1,02,B01
201200030301,0,07,000,00,2,1,01,B01
201200030301,0,07,000,00,0,8,19,A01
201200030302,0,01,000,00,0,7,02,B01
201200030302,0,07,000,00,2,1,02,A01
201200030303,0,07,000,00,2,3,19,A01
201200030303,0,07,000,00,2,3,01,B01
201200030304,0,07,000,00,2,1,15,A01
201200030304,0,30,000,00,2,3,21,B01
201200030305,0,07,000,00,0,9,01,A01
201200030306,0,07,000,00,1,4,01,A01
201200030307,0,07,000,00,1,4,04,A01
201200030308,0,07,000,13,0,1,01,A01
201200030309,0,07,000,06,9,1,01,A01
201200030309,0,01,000,00,2,1,01,B01
201200030310,0,07,000,00,0,1,01,A01
201200030311,0,07,000,02,0,3,01,A01
201200030312,0,07,000,00,1,2,01,A01
201200030313,0,07,000,00,2,0,02,B01
201200030313,0,07,000,00,0,4,12,A01
201200030314,0,07,000,00,2,3,15,A01
201200030314,0,33,000,00,2,3,01,B01
201200030315,0,10,000,13,0,9,01,A01
201200030316,0,10,000,02,0,1,01,A01
201200030317,0,07,000,00,1,1,15,A01
201200030318,0,07,000,00,2,3,09,A01
201200030318,0,01,000,00,2,1,01,B01
201200030319,1,07,000,00,1,0,00,A01
201200030320,0,02,000,00,2,1,01,A01
201200030320,0,02,000,00,2,1,05,B01
201200030321,0,30,000,12,0,7,00,A01
201200030322,0,07,000,00,2,1,02,A01
201200030322,0,02,000,00,0,4,02,B01
201200030323,0,07,000,00,2,2,15,A01
201200030323,0,07,000,00,2,3,01,B01
201200030324,0,07,000,13,0,1,01,A01
201200030325,0,01,000,00,2,7,19,A01
201200030325,0,10,000,00,2,2,01,B01
201200030326,0,07,000,13,0,9,01,A01
201200030327,0,07,000,00,2,3,15,A01
201200030327,0,32,000,00,2,2,01,B01
201200030328,0,07,000,00,2,1,01,A01
201200030328,0,01,000,00,2,7,15,B01
201200030329,0,15,000,00,2,1,01,B01
201200030329,0,07,000,00,2,8,19,A01
201200030330,0,07,000,00,1,1,01,A01
201200030331,0,33,000,12,0,1,01,A01
201200030332,0,07,000,00,2,1,19,A01
201200030332,0,01,000,00,0,7,01,B01
201200030333,0,07,000,00,2,3,01,B01
201200030333,0,07,000,00,2,1,15,A01
201200030334,0,07,000,00,1,4,04,A01
201200030335,0,07,000,00,2,1,02,A01
201200030335,0,07,000,00,2,4,02,B01
201200030336,0,07,000,08,0,1,01,A01
201200030337,0,07,000,00,2,2,01,B01
201200030337,0,32,000,00,2,1,01,A01
201200030338,0,07,000,00,1,7,01,A01
201200030339,0,02,000,00,2,1,02,B01
201200030339,0,10,000,00,2,7,16,A01
201200030340,0,01,000,00,2,1,01,B01
201200030340,0,07,000,00,2,5,04,A01
201200030341,0,02,000,00,2,2,17,A01
201200030341,0,01,000,00,0,6,00,B01
201200030342,0,07,000,00,2,3,01,B01
201200030342,0,30,000,00,2,1,05,A01
201200030343,0,07,000,02,0,8,17,A01
201200030344,0,07,000,08,1,1,24,A01
201200030345,0,02,000,00,2,3,19,B01
201200030345,0,30,000,00,2,1,01,A01
201200030346,0,33,000,00,2,1,01,B01
201200030346,0,07,000,00,2,7,15,A01
201200030347,0,32,000,00,2,1,01,A01
201200030347,0,07,000,00,0,4,23,B01
201200030348,0,01,000,14,0,1,21,A01
201200030349,0,31,000,16,0,7,07,A01
201200030350,0,07,000,00,2,7,15,A01
201200030350,0,33,000,00,2,1,01,B01
201200030351,0,07,000,00,1,2,01,A01
201200030352,0,07,000,07,2,1,01,B01
201200030352,0,07,000,00,2,2,15,A01
201200030353,0,07,000,00,0,4,23,B01
201200030353,0,07,000,00,2,1,01,A01
201200030354,0,07,000,00,2,4,02,B01
201200030354,0,07,000,00,2,1,02,A01
201200030355,0,07,000,00,1,3,01,A01
201200030356,0,07,000,14,0,1,02,A01
201200030356,0,07,000,14,0,4,02,B01
201200030356,0,07,000,14,0,4,02,C01
201200030356,0,07,000,14,0,4,02,D01
201200030357,0,07,000,00,2,2,17,A01
201200030357,0,07,000,00,2,3,15,B01
201200030358,0,07,000,00,2,1,02,A01
201200030358,0,07,000,00,2,4,02,B01
201200030359,0,07,000,00,1,1,00,A01
201200030360,0,07,000,00,2,6,19,A01
201200030360,0,07,000,00,2,2,19,B01
201200030361,0,07,000,00,1,1,16,A01
201200030362,0,10,000,00,2,1,01,A01
201200030362,0,07,000,00,2,3,15,B01
201200030363,0,07,000,00,2,1,01,A01
201200030363,0,07,000,00,2,1,01,B01
201200030364,0,07,000,00,1,1,00,A01
201200030365,0,02,000,00,1,1,01,A01
201200030366,0,30,000,00,2,1,01,B01
201200030366,0,07,000,00,2,2,20,A01
201200030367,0,07,000,00,2,1,01,B01
201200030367,0,02,000,00,2,8,16,A01
201200030368,0,07,000,00,1,3,00,A01
201200030369,0,07,000,00,2,1,01,A01
201200030369,0,33,000,01,2,1,01,B01
201200030370,0,33,000,00,2,1,01,B01
201200030370,0,07,000,00,2,8,09,A01
201200030371,1,07,000,00,1,1,00,Z01
201200030372,0,10,000,00,2,2,15,A01
201200030372,0,02,000,00,2,1,01,B01
201200030373,0,07,000,00,1,7,01,A01
201200030374,0,07,000,00,1,2,01,A01
201200030375,0,01,000,00,1,1,05,A01
201200030376,0,03,000,00,2,1,17,A01
201200030376,0,10,000,00,2,1,01,B01
201200030377,0,07,000,01,0,2,01,A01
201200030378,0,07,000,00,2,4,01,B01
201200030378,0,02,000,00,2,1,09,A01
201200030379,0,10,000,00,2,6,00,A01
201200030379,0,33,000,00,2,1,00,B01
201200030380,0,07,000,00,1,3,15,A01
201200030381,0,37,001,00,1,8,15,A01
201200030382,0,07,000,00,2,1,15,A01
201200030382,0,07,000,15,2,5,01,B01
201200030383,0,33,000,00,2,1,01,B01
201200030383,0,07,000,00,2,7,19,A01
201200030384,0,07,000,00,2,3,20,B01
201200030384,0,30,000,01,2,7,17,A01
201200030385,0,02,000,09,0,1,01,A01
201200030386,0,40,000,00,2,3,01,B01
201200030386,0,02,000,00,4,7,06,A01
201200030387,0,07,000,00,1,1,15,A01
201200030388,0,33,000,00,1,7,17,A01
201200030389,0,10,000,00,2,8,11,A01
201200030389,0,32,000,00,2,6,01,B01
201200030390,0,10,000,00,2,1,01,A01
201200030390,0,07,000,00,0,6,12,B01
201200030391,2,30,000,01,1,8,05,A01
201200030392,0,02,000,00,2,7,17,A01
201200030392,0,07,000,00,2,8,15,B01
201200030393,0,07,000,00,0,6,11,B01
201200030393,0,32,000,00,2,1,02,A01
201200030394,0,07,000,00,2,1,01,D01
201200030394,0,07,000,03,2,1,21,B01
201200030394,0,07,000,00,2,3,13,A01
201200030394,0,07,000,00,2,6,01,C01
201200030395,0,14,000,00,2,3,20,A01
201200030395,0,33,000,00,2,1,01,B01
201200030396,0,15,000,00,2,8,01,B01
201200030396,0,07,000,00,2,1,05,A01
201200030397,0,07,000,14,0,2,17,A01
201200030397,0,07,000,14,2,1,02,B01
201200030397,0,07,000,00,2,4,23,C01
201200030398,0,07,000,00,1,1,01,A01
201200030399,0,07,000,00,2,4,20,B01
201200030399,0,07,000,00,2,3,01,A01
201200030400,0,33,000,12,0,1,01,A01
201200030401,0,07,000,00,1,0,00,A01
201200030402,2,33,000,00,2,1,17,Z01
201200030402,0,07,000,00,2,1,15,A01
201200030403,0,33,000,00,1,1,02,A01
201200030404,0,07,000,00,2,2,10,A01
201200030404,0,33,000,12,2,1,01,B01
201200030405,0,33,000,03,2,7,01,C01
201200030405,0,15,000,00,2,8,17,A01
201200030405,0,33,000,03,2,7,01,B01
201200030406,0,02,000,01,0,1,14,Z01
201200030407,0,33,000,00,2,1,01,B01
201200030407,0,07,000,00,2,4,04,A01
201200030408,0,33,000,00,2,1,02,B01
201200030408,0,07,000,00,2,4,15,A01
201200030409,0,07,000,00,1,1,15,A01
201200030410,0,30,000,00,2,1,15,A01
201200030410,0,07,000,00,2,3,01,B01
201200030411,0,33,000,00,2,1,01,B01
201200030411,0,07,000,00,2,2,15,A01
201200030412,0,02,000,00,2,1,01,B01
201200030412,0,07,000,00,2,2,15,A01
201200030413,0,07,000,00,1,3,15,A01
201200030414,0,07,000,00,1,2,01,A01
201200030415,0,07,000,00,2,1,01,B01
201200030415,0,07,000,00,2,7,01,A01
201200030416,0,07,000,00,2,3,09,A01
201200030416,0,02,000,00,2,2,01,B01
201200030417,0,37,001,00,2,2,01,B01
201200030417,0,01,000,00,2,3,01,A01
201200030418,0,07,000,00,2,1,15,A01
201200030418,0,02,000,00,2,1,01,B01
201200030419,0,07,000,00,1,7,01,A01
201200030419,0,07,000,00,2,1,01,B01
201200030420,0,10,000,00,2,8,10,A01
201200030420,0,31,000,00,2,1,17,B01
201200030421,0,07,000,00,2,1,15,A01
201200030421,0,07,000,00,2,1,01,B01
201200030422,0,07,000,00,1,1,16,A01
201200030423,0,30,000,00,2,8,18,A01
201200030423,0,07,000,00,2,2,16,B01
201200030424,0,02,000,06,0,2,14,A01
201200030425,0,31,000,00,2,1,01,B01
201200030425,0,07,000,00,2,8,09,A01
201200030426,0,10,000,00,2,7,16,A01
201200030426,0,31,000,00,2,1,18,B01
201200030427,0,07,000,00,1,1,01,A01
201200030428,0,07,000,00,2,1,01,A01
201200030428,0,14,000,00,2,3,09,B01
201200030429,0,07,000,00,2,1,13,A01
201200030429,0,07,000,00,2,1,01,B01
201200030430,1,07,000,00,2,2,15,B01
201200030430,0,30,000,00,2,1,01,A01
201200030431,0,07,000,00,2,1,01,B01
201200030431,0,10,000,00,2,3,16,A01
201200030432,0,10,000,00,1,3,15,A01
201200030433,0,07,000,00,1,8,01,A01
201200030434,0,99,000,14,0,1,00,A01