Num_Acc,senc,catv,occutc,obs,obsm,choc,manv,num_veh
201200030435,0,33,000,00,2,2,17,A01
201200030435,0,07,000,00,2,3,23,B01
201200030436,0,07,000,00,2,1,01,B01
201200030436,0,10,000,00,2,2,01,A01
201200030437,0,07,000,02,0,1,13,A01
201200030438,0,07,000,00,1,1,21,A01
201200030439,0,07,000,00,1,1,01,A01
201200030440,0,07,000,00,2,7,00,B01
201200030440,0,07,000,00,2,1,01,A01
201200030441,0,07,000,00,1,2,01,A01
201200030442,0,07,000,00,2,1,01,A01
201200030442,0,07,000,00,2,1,01,B01
201200030443,0,07,000,00,1,1,21,A01
201200030444,0,07,000,08,0,1,13,A01
201200030445,0,07,000,00,2,8,01,B01
201200030445,0,01,000,00,2,1,19,A01
201200030446,0,02,000,00,0,8,01,A01
201200030447,0,02,000,12,0,1,14,A01
201200030448,0,33,000,00,2,1,21,B01
201200030448,0,02,000,00,2,1,01,A01
201200030449,0,07,000,06,0,8,13,A01
201200030450,0,07,000,00,0,9,00,A01
201200030451,0,07,000,00,1,1,01,A01
201200030452,0,99,000,00,1,7,01,A01
201200030453,0,07,000,00,2,1,21,B01
201200030453,0,02,000,00,2,1,13,A01
201200030454,0,07,000,00,1,8,15,A01
201200030455,0,07,000,00,2,1,13,A01
201200030455,0,07,000,00,2,1,01,B01
201200030456,0,07,000,06,0,1,01,A01
201200030457,0,07,000,00,2,3,13,A01
201200030457,0,07,000,00,2,8,01,B01
201200030458,0,03,000,00,1,2,15,A01
201200030459,0,07,000,00,1,1,00,A01
201200030460,0,07,000,00,1,1,21,A01
201200030460,0,07,000,00,2,3,23,B01
201200030461,0,02,000,00,2,1,18,A01
201200030461,0,07,000,00,2,7,16,B01
201200030462,0,07,000,08,0,2,14,A01
201200030463,1,07,000,00,1,2,16,Z01
201200030464,0,07,000,00,1,2,13,A01
201200030465,0,07,000,00,2,1,01,B01
201200030465,0,07,000,00,2,1,13,A01
201200030466,0,07,000,00,1,4,04,A01
201200030467,0,01,000,00,2,0,00,A01
201200030467,1,30,000,00,2,0,05,Z01
201200030468,0,02,000,00,9,7,17,A01
201200030468,0,01,000,00,,8,13,B01
201200030469,0,07,000,00,1,1,02,A01
201200030470,0,07,000,02,0,1,02,A01
201200030471,0,07,000,00,2,0,01,A01
201200030472,0,07,000,00,1,6,23,B01
201200030472,0,07,000,00,1,2,17,A01
201200030473,0,02,000,00,1,1,01,A01
201200030474,0,17,000,00,2,1,02,B01
201200030474,0,07,000,00,2,1,06,A01
201200030475,0,07,000,00,1,1,01,A01
201200030476,0,07,000,00,2,7,01,A01
201200030476,0,07,000,00,2,1,01,B01
201200030477,0,07,000,00,1,3,01,A01
201200030478,0,07,000,00,1,2,01,A01
201200030479,0,30,000,00,0,7,23,A01
201200030480,0,34,000,00,2,7,01,B01
201200030480,0,07,000,00,2,2,15,A01
201200030481,0,07,000,00,2,5,15,A01
201200030481,0,33,000,00,2,1,01,B01
201200030482,0,07,000,00,2,7,01,B01
201200030482,0,07,000,00,2,3,15,A01
201200030483,0,07,000,00,2,6,10,A01
201200030483,0,30,000,00,2,1,01,B01
201200030484,0,07,000,00,1,2,01,A01
201200030485,0,33,000,14,0,1,01,A01
201200030486,0,03,000,00,2,2,01,A01
201200030486,0,07,000,00,2,1,01,B01
201200030487,0,07,000,00,2,7,01,B01
201200030487,0,30,000,00,2,1,01,A01
201200030488,0,10,000,00,1,2,01,A01
201200030489,0,03,000,00,1,3,01,A01
201200030490,0,07,000,00,2,2,01,A01
201200030490,0,01,000,00,2,1,09,B01
201200030491,0,33,000,00,2,1,17,A01
201200030491,0,07,000,00,2,4,00,B01
201200030492,0,33,000,06,2,0,01,A01
201200030492,0,07,000,00,2,1,15,B01
201200030493,0,07,000,00,1,2,01,A01
201200030494,0,07,000,00,1,1,15,A01
201200030495,0,33,000,00,2,1,13,A01
201200030495,0,07,000,00,2,3,01,B01
201200030495,0,07,000,00,2,1,01,C01
201200030496,0,07,000,00,2,1,15,A01
201200030496,0,07,000,00,0,1,00,B01
201200030497,0,07,000,00,1,5,04,A01
201200030498,0,07,000,00,1,1,00,A01
201200030499,0,30,000,00,0,1,01,B01
201200030499,0,07,000,00,0,3,01,A01
201200030500,0,30,000,00,2,1,02,B01
201200030500,0,10,000,00,2,2,16,A01
201200030501,0,07,000,00,0,1,01,A01
201200030502,0,37,003,12,0,1,14,A01
201200030503,0,07,000,00,0,2,01,A01
201200030503,0,07,000,00,0,5,04,B01
201200030504,0,14,000,00,1,0,01,A01
201200030505,0,07,000,11,0,5,15,B01
201200030505,0,30,000,00,0,1,01,A01
201200030506,0,07,000,15,0,3,01,A01
201200030507,0,07,000,00,2,1,13,B01
201200030507,0,07,000,00,2,1,01,A01
201200030508,0,10,000,11,0,3,13,A01
201200030509,0,01,000,00,2,1,21,B01
201200030509,0,07,000,00,9,5,04,A01
201200030510,0,07,000,00,1,7,01,A01
201200030511,0,07,000,00,1,1,01,A01
201200030512,0,07,000,03,0,9,01,A01
201200030513,0,10,000,00,1,4,00,A01
201200030514,0,07,000,00,1,1,01,A01
201200030515,0,07,000,00,2,1,05,A01
201200030515,0,07,000,00,2,1,09,B01
201200030516,0,07,000,00,2,3,01,C01
201200030516,0,07,000,00,2,3,01,B01
201200030516,0,07,000,00,2,3,13,A01
201200030517,0,07,000,00,1,1,13,A01
201200030518,0,07,000,00,2,1,16,B01
201200030518,0,07,000,00,2,1,15,A01
201200030519,0,07,000,00,1,1,01,A01
201200030520,0,07,000,00,2,1,13,A01
201200030520,0,07,000,00,2,1,01,B01
201200030521,0,07,000,00,1,8,00,A01
201200030522,0,07,000,11,0,1,01,A01
201200030523,0,07,000,00,2,1,02,D01
201200030523,0,07,000,00,2,1,01,B01
201200030523,0,07,000,00,2,1,01,C01
201200030523,0,07,000,00,2,1,02,A01
201200030524,0,33,000,00,2,0,00,A01
201200030524,0,07,000,00,2,2,01,B01
201200030525,0,07,000,14,0,1,00,A01
201200030526,0,07,000,00,1,1,01,A01
201200030527,0,07,000,00,0,4,11,A01
201200030527,0,33,000,00,2,1,17,B01
201200030528,0,07,000,00,2,3,15,B01
201200030528,0,32,000,00,2,1,13,A01
201200030529,0,07,000,00,2,8,20,A01
201200030529,0,02,000,00,2,1,01,B01
201200030530,0,14,000,06,0,3,01,A01
201200030531,2,07,000,00,2,3,05,Z01
201200030531,0,07,000,00,2,3,01,B01
201200030532,0,07,000,00,2,1,01,B01
201200030532,0,07,000,14,2,3,13,A01
201200030533,0,07,000,00,1,2,01,A01
201200030534,0,07,000,00,1,7,01,A01
201200030535,0,07,000,00,1,8,01,A01
201200030536,1,07,000,00,1,2,01,A01
201200030537,0,07,000,00,1,8,01,A01
201200030538,0,07,000,00,1,3,15,A01
201200030539,0,07,000,00,2,1,01,A01
201200030539,0,07,000,00,2,6,15,B01
201200030540,0,07,000,00,2,3,16,B01
201200030540,0,07,000,13,2,2,01,A01
201200030541,0,07,000,00,2,1,01,B01
201200030541,0,07,000,00,2,1,15,A01
201200030542,0,07,000,00,1,0,01,A01
201200030543,0,07,000,00,1,1,02,A01
201200030544,0,01,000,00,2,7,01,B01
201200030544,0,07,000,00,2,1,01,A01
201200030545,0,10,000,00,2,3,02,A01
201200030545,0,07,000,00,0,7,23,B01
201200030546,0,32,000,00,2,1,01,A01
201200030546,0,07,000,00,2,4,02,B01
201200030547,0,07,000,00,2,4,23,B01
201200030547,0,07,000,00,2,1,01,A01
201200030548,0,07,000,00,1,3,01,A01
201200030549,0,07,000,00,2,3,02,A01
201200030549,0,07,000,00,2,6,10,B01
201200030550,0,07,000,00,2,8,01,A01
201200030550,0,07,000,00,2,1,15,B01
201200030551,0,07,000,00,2,8,01,B01
201200030551,0,32,000,00,2,7,17,A01
201200030552,0,07,000,00,9,3,10,A01
201200030552,0,01,000,00,2,1,01,B01
201200030553,0,40,000,00,1,2,01,A01
201200030554,0,07,000,00,2,4,23,B01
201200030554,0,07,000,00,2,1,01,A01
201200030555,0,07,000,00,2,3,15,A01
201200030555,0,07,000,00,2,3,01,B01
201200030556,0,07,000,00,2,1,02,B01
201200030556,0,07,000,00,2,8,07,A01
201200030557,0,31,000,00,2,1,02,A01
201200030557,0,07,000,00,2,4,23,B01
201200030558,0,07,000,00,2,4,23,B01
201200030558,0,07,000,00,2,1,02,A01
201200030559,0,02,000,00,2,1,01,B01
201200030559,0,10,000,00,2,7,15,Z01
201200030560,0,07,000,00,1,3,15,A01
201200030561,0,07,000,00,2,3,15,A01
201200030561,0,07,000,00,2,3,01,B01
201200030562,0,07,000,00,2,4,23,B01
201200030562,0,02,000,00,2,1,02,A01
201200030563,0,07,000,00,2,4,23,C01
201200030563,0,07,000,00,2,4,23,B01
201200030563,0,07,000,00,2,1,02,A01
201200030564,0,07,000,07,0,1,16,A01
201200030565,0,07,000,00,1,3,01,A01
201200030566,0,07,000,00,2,1,01,B01
201200030566,0,07,000,00,2,1,01,A01
201200030567,0,07,000,00,2,1,01,B01
201200030567,0,07,000,00,2,8,15,A01
201200030568,0,40,000,00,1,2,01,A01
201200030569,0,07,000,00,1,1,01,A01
201200030570,1,07,000,00,1,2,00,Z01
201200030571,0,07,000,00,1,0,01,A01
201200030572,0,07,000,00,2,2,10,A01
201200030572,0,07,000,00,2,1,01,B01
201200030573,0,07,000,00,1,0,00,A01
201200030574,0,07,000,00,2,3,01,B01
201200030574,0,07,000,00,2,2,15,A01
201200030575,0,07,000,00,1,1,15,A01
201200030576,1,07,000,00,1,0,01,Z01
201200030577,0,07,000,00,9,1,01,A01
201200030577,0,01,000,00,2,8,19,B01
201200030578,0,37,000,01,,8,01,A01
201200030579,0,07,000,00,2,4,23,B01
201200030579,0,33,000,00,2,1,02,A01
201200030580,0,07,000,00,1,3,01,A01
201200030581,0,07,000,15,0,9,01,A01
201200030582,0,07,000,00,1,3,04,A01
201200030583,0,10,000,00,2,4,23,B01
201200030583,0,07,000,00,2,1,16,A01
201200030584,0,07,000,00,2,2,02,A01
201200030584,0,07,000,00,2,4,02,C01
201200030584,0,07,000,00,2,4,02,B01
201200030585,0,07,000,00,2,2,16,B01
201200030585,0,07,000,00,2,1,13,A01
201200030586,0,10,000,00,2,1,15,A01
201200030586,0,07,000,00,2,1,01,B01
201200030587,0,07,000,00,2,1,02,A01
201200030587,0,07,000,00,2,4,23,B01
201200030588,0,07,000,00,2,1,02,A01
201200030588,0,07,000,00,2,1,02,C01
201200030588,0,07,000,00,2,4,02,B01
201200030589,0,10,000,00,1,1,01,A01
201200030590,0,07,000,00,2,5,12,A01
201200030590,0,37,010,00,2,3,01,B01
201200030591,0,07,000,00,2,1,01,A01
201200030591,0,07,000,00,2,1,01,B01
201200030592,0,02,000,00,2,1,01,B01
201200030592,0,07,000,00,9,1,10,A01
201200030593,0,07,000,02,2,3,00,A01
201200030593,0,07,000,00,2,3,02,B01
201200030594,0,10,000,00,2,4,01,B01
201200030594,0,03,000,00,2,1,01,A01
201200030595,0,07,000,00,2,8,09,A01
201200030595,0,07,000,00,2,1,01,B01
201200030596,0,07,000,00,1,0,01,A01
201200030597,0,07,000,00,2,1,02,A01
201200030597,0,07,000,00,2,4,23,B01
201200030598,0,07,000,00,1,1,01,A01
201200030599,0,07,000,00,2,1,01,B01
201200030599,0,02,000,00,2,1,01,A01
201200030600,0,07,000,00,2,1,15,A01
201200030600,0,02,000,00,2,1,01,B01
201200030601,0,07,000,00,1,2,01,A01
201200030602,1,01,000,00,1,0,00,Z01
201200030603,0,40,000,00,1,1,00,B01
201200030604,0,07,000,00,2,4,01,B01
201200030604,0,07,000,00,2,1,02,A01
201200030605,0,40,000,00,1,2,01,A01
201200030606,0,07,000,08,1,7,14,A01
201200030607,0,33,000,12,1,8,15,A01
201200030608,0,07,000,00,2,1,15,A01
201200030608,0,07,000,00,2,1,01,B01
201200030609,0,07,000,00,1,1,15,A01
201200030610,1,07,000,00,2,0,15,Z01
201200030610,0,07,000,00,2,2,01,A01
201200030611,0,07,000,00,2,4,02,B01
201200030611,0,07,000,00,2,1,02,A01
201200030611,0,07,000,00,2,4,23,C01
201200030612,0,37,002,00,2,1,02,A01
201200030612,0,37,001,00,2,4,02,B01
201200030613,0,07,000,00,2,2,15,A01
201200030613,0,02,000,00,2,1,01,B01
201200030614,0,07,000,07,2,8,01,A01
201200030614,0,07,000,00,2,1,01,B01
201200030615,0,33,000,00,2,2,01,A01
201200030615,0,07,000,00,2,7,01,B01
201200030616,0,07,000,00,2,1,01,A01
201200030616,0,07,000,00,2,8,01,B01
201200030617,0,07,000,00,2,1,02,A01
201200030617,0,07,000,00,2,4,02,B01
201200030618,0,34,000,00,1,1,01,A01
201200030619,0,07,000,00,2,5,23,B01
201200030619,0,01,000,00,2,1,01,A01
201200030620,0,07,000,00,2,1,02,A01
201200030620,1,07,000,00,2,4,23,C01
201200030620,0,07,000,00,2,4,23,B01
201200030621,0,07,000,00,1,1,01,A01
201200030622,0,07,000,00,2,6,02,A01
201200030622,0,33,000,00,2,1,01,B01
201200030623,0,07,000,00,0,2,00,A01
201200030624,0,37,001,00,9,7,01,A01
201200030625,0,07,000,00,2,1,01,A01
201200030625,0,01,000,00,2,4,23,B01
201200030626,0,07,000,00,1,2,15,A01
201200030627,0,07,000,00,1,2,01,A01
201200030628,0,07,000,08,0,1,01,A01
201200030629,0,07,000,00,2,1,01,A01
201200030629,0,07,000,00,2,4,01,B01
201200030630,0,01,000,00,1,1,01,A01
201200030631,0,07,000,09,2,7,15,A01
201200030631,0,33,000,00,2,1,01,B01
201200030632,0,07,000,00,2,7,01,A01
201200030632,0,37,012,00,2,1,01,B01
201200030633,0,31,000,00,2,1,01,B01
201200030633,0,07,000,00,2,2,15,A01
201200030634,1,07,000,00,2,1,01,A01
201200030634,0,07,000,00,2,4,01,B01
201200030635,0,07,000,00,2,9,01,A01
201200030635,0,07,000,00,2,1,01,C01
201200030635,0,07,000,00,2,4,01,B01
201200030636,0,31,000,00,2,1,01,B01
201200030636,1,07,000,00,2,8,10,Z01
201200030637,0,10,000,00,1,7,22,A01
201200030638,0,07,000,00,1,4,04,A01
201200030639,0,07,000,00,2,2,01,B01
201200030639,0,32,000,00,2,3,16,A01
201200030640,0,37,003,00,1,2,01,A01
201200030641,0,33,000,00,2,1,17,A01
201200030641,0,07,000,00,2,3,00,B01
201200030642,0,07,000,12,0,1,01,A01
201200030643,0,07,000,00,1,1,15,A01
201200030644,0,03,000,00,2,4,02,C01
201200030644,0,07,000,00,2,4,02,B01
201200030644,0,07,000,00,2,1,02,A01
201200030645,0,07,000,00,2,1,01,B01
201200030645,0,02,000,00,2,3,01,A01
201200030646,0,07,000,00,1,3,09,A01
201200030647,0,07,000,00,1,2,01,A01
201200030648,0,07,000,15,0,3,01,A01
201200030649,0,10,000,00,1,4,04,A01
201200030650,0,07,000,00,2,1,01,B01
201200030650,0,07,000,00,2,4,04,A01
201200030651,1,07,000,00,1,2,01,Z01
201200030652,0,07,000,00,2,4,02,B01
201200030652,0,07,000,00,2,1,02,A01
201200030653,0,07,000,00,2,4,23,C01
201200030653,0,07,000,00,2,4,23,D01
201200030653,0,07,000,00,2,4,23,B01
201200030653,0,10,000,00,2,1,01,A01
201200030654,0,07,000,00,2,1,01,A01
201200030654,0,10,000,00,2,4,23,B01
201200030655,0,07,000,00,2,7,16,B01
201200030655,0,30,000,00,2,0,00,A01
201200030656,0,07,000,00,1,1,01,A01
201200030657,0,01,000,00,2,1,01,B01
201200030657,0,07,000,00,2,8,22,A01
201200030658,0,07,000,06,0,2,01,A01
201200030659,0,07,000,00,2,5,15,A01
201200030659,0,33,000,00,2,1,01,B01
201200030660,0,07,000,00,1,7,01,A01
201200030661,0,07,000,00,1,2,01,A01
201200030662,1,10,000,00,2,1,01,Z01
201200030662,0,07,000,00,2,8,15,B01
201200030663,0,07,000,00,2,4,23,C01
201200030663,0,07,000,00,2,4,23,B01
201200030663,0,10,000,00,2,1,02,A01
201200030664,0,07,000,00,2,6,02,C01
201200030664,0,07,000,00,2,1,02,A01
201200030664,0,07,000,00,2,9,02,B01
201200030665,0,07,000,00,2,3,09,A01
201200030665,0,07,000,00,2,7,01,B01
201200030666,0,20,000,00,2,2,01,A01
201200030666,0,37,004,00,2,3,01,B01
201200030667,0,10,000,00,2,7,01,A01
201200030667,0,07,000,00,2,3,13,B01
201200030667,0,07,000,00,2,8,01,C01
201200030668,0,07,000,00,2,4,01,B01
201200030668,0,33,000,00,2,1,02,A01
201200030669,0,07,000,00,2,3,01,A01
201200030669,0,07,000,00,2,5,01,B01
201200030670,0,33,000,00,2,8,01,B01
201200030670,0,07,000,00,2,1,01,A01
201200030671,0,07,000,00,1,1,15,A01
201200030672,0,10,000,00,1,4,04,A01
201200030673,0,07,000,00,2,2,01,A01
201200030673,0,07,000,00,2,2,01,B01
201200030674,0,07,000,00,0,4,02,C01
201200030674,0,07,000,00,2,4,02,B01
201200030674,0,07,000,00,2,1,02,A01
201200030675,0,01,000,00,2,1,01,A01
201200030675,0,07,000,00,2,1,01,B01
201200030676,0,33,000,14,0,1,01,A01
201200030677,0,01,000,00,2,0,00,B01
201200030677,1,07,000,00,2,0,00,Z01
201200030678,0,07,000,06,0,1,01,A01
201200030679,0,07,000,00,2,4,01,C01
201200030679,0,07,000,00,2,4,01,B01
201200030679,0,10,000,00,2,1,01,A01
201200030680,0,07,000,00,2,2,01,B01
201200030680,0,07,000,00,2,3,09,A01
201200030681,1,01,000,00,1,0,00,Z01
201200030682,0,07,000,00,1,4,24,A01
201200030683,0,07,000,00,1,1,01,A01
201200030684,0,07,000,00,1,2,01,A01
201200030685,0,07,000,00,1,2,01,A01
201200030686,0,07,000,00,1,2,16,A01
201200030687,0,07,000,00,2,1,01,B01
201200030687,0,07,000,00,2,1,05,A01
201200030688,1,07,000,00,2,1,02,Z01
201200030688,0,02,000,00,2,4,23,B01
201200030689,0,07,000,00,2,1,00,A01
201200030689,0,07,000,00,2,9,00,B01
201200030690,0,07,000,02,0,9,00,A01
201200030691,0,07,000,00,1,4,04,A01
201200030692,1,07,000,00,2,6,09,Z01
201200030692,0,33,000,00,2,1,01,B01
201200030693,1,07,000,00,0,0,15,A01
201200030693,0,07,000,15,0,1,01,B01
201200030694,0,07,000,00,2,1,15,A01
201200030694,0,07,000,00,2,1,01,B01
201200030695,0,07,000,00,2,2,16,B01
201200030695,0,33,000,00,2,1,01,A01
201200030696,0,07,000,00,2,1,02,A01
201200030696,0,07,000,00,2,4,02,B01
201200030696,0,07,000,00,2,4,02,C01
201200030697,0,31,000,01,0,2,00,A01
201200030698,0,07,000,00,1,1,01,A01
201200030699,0,07,000,00,2,1,05,A01
201200030699,0,07,000,00,0,0,00,C01
201200030699,0,02,000,00,2,1,00,B01
201200030700,0,37,025,00,2,1,01,A01
201200030701,0,07,000,00,1,1,01,A01
201200030702,0,30,000,12,0,2,01,A01
201200030703,0,07,000,00,2,4,01,B01
201200030703,0,07,000,00,2,1,01,A01
201200030703,0,07,000,00,2,4,23,C01
201200030703,0,07,000,00,2,4,23,D01
201200030704,0,07,000,00,2,1,01,B01
201200030704,0,07,000,00,2,1,15,A01
201200030705,0,07,000,00,2,8,15,A01
201200030705,0,01,000,00,2,1,01,B01
201200030706,0,07,000,00,0,4,00,B01
201200030706,0,07,000,00,2,1,00,A01
201200030707,0,30,000,00,2,1,02,B01
201200030707,0,07,000,00,2,2,15,A01
201200030708,0,07,000,00,1,3,15,A01
201200030709,0,07,000,00,2,3,15,B01
201200030709,0,31,000,00,2,1,17,A01
201200030710,0,01,000,00,2,4,01,B01
201200030710,0,07,000,00,2,3,01,A01
201200030711,0,14,000,00,2,3,01,B01
201200030711,0,33,000,11,2,2,17,A01
201200030712,0,07,000,00,2,4,00,C01
201200030712,0,07,000,00,2,4,02,B01
201200030712,0,07,000,00,2,1,02,A01
201200030713,0,07,000,00,1,2,01,A01
201200030714,0,07,000,00,2,3,20,A01
201200030714,0,30,000,00,2,2,01,B01
201200030715,0,01,000,00,2,8,19,A01
201200030715,0,07,000,00,2,1,01,B01
201200030716,0,02,000,00,2,7,05,A01
201200030716,0,07,000,00,2,1,01,B01
201200030717,0,07,000,00,2,6,16,B01
201200030717,0,07,000,00,2,3,01,A01
201200030718,0,07,000,00,2,1,09,A01
201200030718,0,01,000,00,2,6,01,B01
201200030719,0,07,000,00,1,1,01,A01
201200030720,0,07,000,00,2,7,01,B01
201200030720,1,07,000,00,2,8,13,Z01
201200030721,0,34,000,00,1,1,01,A01
201200030722,0,07,000,00,2,1,01,B01
201200030722,0,07,000,00,2,7,15,A01
201200030723,0,07,000,07,0,1,01,A01
201200030724,0,07,000,00,2,4,02,B01
201200030724,0,07,000,00,2,4,02,C01
201200030724,0,07,000,00,2,1,02,A01
201200030725,0,07,000,00,2,1,00,B01
201200030725,0,07,000,00,2,7,15,A01
201200030726,0,33,000,00,2,8,00,B01
201200030726,0,01,000,00,2,1,00,A01
201200030727,0,07,000,00,2,7,15,B01
201200030727,0,07,000,00,2,1,01,A01
201200030728,0,10,000,00,1,4,04,A01
201200030729,0,07,000,00,2,1,00,B01
201200030729,0,07,000,00,2,7,15,A01
201200030730,0,10,000,00,2,8,11,A01
201200030730,0,07,000,00,2,2,01,B01
201200030731,0,30,000,00,2,1,01,B01
201200030731,0,07,000,00,2,1,15,A01
201200030732,1,07,000,00,1,1,16,A01
201200030733,0,07,000,01,1,3,00,A01
201200030734,0,07,000,00,1,3,01,A01
201200030735,0,31,000,00,2,1,01,B01
201200030735,0,01,000,00,2,1,01,A01
201200030736,0,07,000,00,2,1,01,B01
201200030736,0,07,000,00,2,3,09,A01
201200030737,1,07,000,00,2,7,12,Z01
201200030737,0,33,000,00,2,3,01,A01
201200030738,0,31,000,00,2,1,01,B01
201200030738,0,07,000,00,2,7,10,A01
201200030739,0,07,000,00,2,6,23,B01
201200030739,0,07,000,00,2,1,13,A01
201200030740,0,31,000,00,2,3,01,A01
201200030740,0,01,000,00,2,0,01,B01
201200030741,0,07,000,00,2,4,01,B01
201200030741,0,34,000,00,2,1,01,A01
201200030742,0,32,000,00,2,1,01,B01
201200030742,0,07,000,00,2,2,01,A01
201200030743,0,07,000,00,2,4,02,C01
201200030743,0,07,000,00,2,1,02,A01
201200030743,0,07,000,00,2,4,02,D01
201200030743,0,07,000,00,2,4,02,B01
201200030744,0,07,000,00,2,1,15,A01
201200030744,0,07,000,00,2,8,01,B01
201200030745,0,07,000,00,2,6,13,A01
201200030745,0,33,000,00,2,2,21,B01
201200030746,0,07,000,00,2,4,02,B01
201200030746,0,07,000,00,2,1,02,A01
201200030747,0,33,000,00,2,7,17,A01
201200030747,0,07,000,00,2,8,15,B01
201200030748,0,07,000,00,2,3,01,B01
201200030748,0,07,000,15,2,2,01,A01
201200030749,0,33,000,01,0,9,16,A01
201200030750,1,07,000,00,0,0,00,Z01
201200030750,0,07,000,00,2,4,00,A01
201200030751,0,07,000,00,2,1,01,A01
201200030751,1,07,000,00,2,4,04,Z01
201200030752,0,07,000,00,2,4,23,C01
201200030752,0,07,000,00,2,1,23,B01
201200030752,0,07,000,00,2,1,01,A01
201200030753,1,07,000,00,2,0,15,Z01
201200030753,0,07,000,00,2,2,01,B01
201200030754,0,07,000,00,2,6,15,A01
201200030754,0,07,000,00,2,3,01,B01
201200030755,0,07,000,00,2,1,01,B01
201200030755,0,01,000,00,2,8,16,A01
201200030756,0,07,000,00,2,5,01,A01
201200030756,0,31,000,00,2,1,01,B01
201200030757,0,37,000,00,2,3,15,B01
201200030757,0,02,000,00,2,2,01,A01
201200030758,0,07,000,06,0,9,01,A01
201200030759,0,07,000,00,2,4,01,B01
201200030759,0,07,000,00,2,1,11,A01
201200030760,0,07,000,00,2,4,02,B01
201200030760,0,07,000,00,2,1,02,A01
201200030761,0,07,000,00,0,9,00,A01
201200030762,0,07,000,00,2,2,09,B01
201200030762,0,31,000,00,2,1,05,A01
201200030763,0,07,000,00,2,1,01,A01
201200030763,0,07,000,00,2,8,01,B01
201200030764,0,07,000,00,2,2,15,A01
201200030764,0,02,000,00,2,8,01,B01
201200030765,0,30,000,00,2,1,16,A01
201200030765,0,07,000,00,9,2,01,B01
201200030766,0,07,000,00,2,2,01,A01
201200030766,0,07,000,00,2,6,01,B01
201200030767,0,07,000,00,2,2,15,B01
201200030767,0,07,000,00,2,1,01,A01
201200030767,0,07,000,00,2,5,15,C01
201200030767,0,10,000,00,2,4,15,D01
201200030768,0,07,000,00,1,0,00,A01
201200030769,0,07,000,00,2,6,23,B01
201200030769,0,07,000,00,2,1,02,A01
201200030770,0,07,000,12,2,1,01,A01
201200030771,0,10,000,00,1,5,04,A01
201200030772,0,07,000,00,2,3,01,B01
201200030772,0,01,000,00,2,1,01,A01
201200030773,0,07,000,00,2,1,00,A01
201200030773,0,01,000,00,2,4,00,B01
201200030774,0,02,000,01,0,0,01,A01
201200030775,0,02,000,00,0,1,00,A01
201200030776,0,07,000,00,1,1,15,A01
201200030777,0,07,000,00,1,0,00,A01
201200030778,0,01,000,00,1,1,00,A01
201200030779,0,37,025,00,2,1,01,B01
201200030779,0,07,000,00,2,2,16,A01
201200030780,0,07,000,00,2,3,00,B01
201200030780,0,01,000,00,2,1,00,A01
201200030781,0,07,000,00,1,1,01,A01
201200030782,0,01,000,00,1,1,01,A01
201200030783,0,03,000,00,2,4,16,B01
201200030783,0,07,000,00,2,1,12,A01
201200030784,0,33,000,00,2,1,00,B01
201200030784,0,07,000,00,2,2,15,A01
201200030785,0,07,000,00,2,1,02,A01
201200030785,0,07,000,00,2,4,02,B01
201200030786,0,07,000,00,2,2,00,A01
201200030786,0,07,000,00,2,8,00,B01
201200030787,0,07,000,00,2,1,00,A01
201200030787,0,07,000,00,2,1,00,B01
201200030788,0,07,000,00,2,1,02,A01
201200030788,0,07,000,00,2,4,02,B01
201200030788,0,07,000,00,2,5,02,C01
201200030789,0,01,000,00,2,0,02,B01
201200030789,0,07,000,00,9,2,02,A01
201200030790,0,07,000,00,2,1,00,B01
201200030791,0,07,000,00,2,3,01,B01
201200030791,0,07,000,00,2,1,15,A01
201200030792,0,07,000,00,2,1,01,A01
201200030792,0,07,000,00,2,4,02,B01
201200030793,0,31,000,00,2,7,17,B01
201200030793,0,07,000,00,2,3,15,A01
201200030794,0,37,004,00,2,1,00,B01
201200030794,0,01,000,00,2,0,00,A01
201200030795,0,07,000,00,2,5,24,B01
201200030795,0,37,040,01,0,8,01,A01
201200030796,0,07,000,00,2,4,02,B01
201200030796,0,07,000,00,2,1,02,A01
201200030797,0,07,000,00,2,4,23,B01
201200030797,0,07,000,00,2,4,23,C01
201200030797,0,07,000,00,2,1,02,A01
201200030798,0,07,000,00,1,8,01,A01
201200030799,0,07,000,00,2,1,02,A01
201200030799,0,07,000,00,2,4,02,B01
201200030800,0,07,000,00,2,4,02,C01
201200030800,0,07,000,00,2,1,02,B01
201200030800,0,33,000,00,2,1,02,A01
201200030801,0,07,000,00,2,1,00,A01
201200030801,0,07,000,00,2,3,00,B01
201200030802,0,33,000,08,1,8,01,A01
201200030803,0,07,000,00,2,3,15,A01
201200030803,0,07,000,00,2,1,01,B01
201200030804,0,07,000,00,2,8,00,B01
201200030804,0,07,000,00,2,2,00,A01
201200030805,0,02,000,00,2,7,02,A01
201200030805,0,32,000,00,2,4,23,B01
201200030806,0,07,000,00,2,1,01,A01
201200030806,0,07,000,00,2,4,01,B01
201200030807,0,01,000,00,1,1,01,A01
201200030808,0,07,000,00,9,8,01,B01
201200030808,0,01,000,00,2,1,15,A01
201200030809,0,30,000,00,2,3,00,A01
201200030809,0,07,000,00,2,4,00,B01
201200030810,0,07,000,00,1,1,01,A01
201200030811,0,07,000,01,0,7,00,A01
201200030812,0,07,000,00,1,2,01,A01
201200030813,0,10,000,00,2,8,01,B01