Num_Acc,senc,catv,occutc,obs,obsm,choc,manv,num_veh
201200030813,0,30,000,00,2,7,15,A01
201200030814,0,07,000,00,2,4,02,B01
201200030814,0,07,000,00,0,4,02,C01
201200030814,0,07,000,00,2,1,02,A01
201200030815,1,07,000,00,2,4,01,B01
201200030815,0,32,000,00,2,1,01,A01
201200030816,0,07,000,01,2,1,00,A01
201200030816,0,07,000,00,2,8,04,B01
201200030816,0,07,000,00,2,1,24,C01
201200030817,0,07,000,00,2,5,00,C01
201200030817,0,07,000,00,2,3,00,B01
201200030817,1,07,000,00,2,1,00,A01
201200030818,0,10,000,00,9,0,16,A01
201200030818,0,01,000,00,2,8,01,B01
201200030819,0,07,000,00,2,6,23,B01
201200030819,0,07,000,00,2,1,02,A01
201200030820,0,10,000,00,1,4,04,A01
201200030821,0,07,000,00,2,4,23,D01
201200030821,0,07,000,00,2,4,23,C01
201200030821,0,07,000,00,2,1,01,A01
201200030821,0,07,000,00,2,4,23,B01
201200030822,0,07,000,00,2,1,00,B01
201200030822,0,02,000,00,2,1,00,A01
201200030823,0,02,000,00,2,3,09,A01
201200030823,0,07,000,00,2,7,01,B01
201200030824,0,07,000,00,9,5,00,A01
201200030824,0,01,000,00,2,1,01,B01
201200030825,0,01,000,00,2,1,01,A01
201200030825,0,07,000,00,9,1,01,B01
201200030826,0,07,000,00,1,2,01,A01
201200030827,0,07,000,00,2,3,16,B01
201200030827,0,07,000,00,2,7,01,A01
201200030828,0,07,000,00,2,4,01,C01
201200030828,0,07,000,00,2,4,01,B01
201200030828,0,07,000,00,2,1,01,A01
201200030829,0,07,000,00,2,4,23,B01
201200030829,0,07,000,00,2,1,02,A01
201200030830,0,07,000,00,2,1,02,A01
201200030830,0,07,000,00,2,4,02,B01
201200030831,0,30,000,00,1,3,01,A01
201200030832,0,07,000,00,1,3,01,A01
201200030833,0,07,000,00,2,4,23,C01
201200030833,0,07,000,00,2,4,23,B01
201200030833,0,07,000,00,2,1,02,A01
201200030834,0,01,000,00,2,1,23,B01
201200030834,0,07,000,00,9,1,15,A01
201200030835,0,07,000,00,1,2,15,A01
201200030836,0,37,015,00,1,5,09,A01
201200030837,0,07,000,00,1,1,15,A01
201200030838,0,07,000,00,2,4,23,B01
201200030838,0,14,000,00,2,3,02,A01
201200030839,0,07,000,00,2,1,05,A01
201200030839,0,07,000,00,2,8,01,C01
201200030839,0,07,000,00,2,8,01,B01
201200030840,0,37,015,00,2,2,01,B01
201200030840,0,07,000,00,2,5,04,A01
201200030841,0,33,000,00,2,7,17,A01
201200030841,0,07,000,00,2,3,15,B01
201200030842,1,07,000,00,2,1,01,Z01
201200030842,0,07,000,00,2,4,01,A01
201200030843,0,07,000,00,2,1,02,A01
201200030843,0,07,000,00,2,6,01,B01
201200030844,0,07,000,00,1,3,15,A01
201200030845,0,07,000,00,1,2,01,A01
201200030846,0,37,001,00,1,3,00,A01
201200030847,0,07,000,00,2,1,02,A01
201200030847,0,07,000,00,2,4,02,B01
201200030848,0,07,000,00,2,3,00,A01
201200030848,0,15,000,00,2,3,00,B01
201200030849,0,03,000,00,2,4,00,D01
201200030849,0,07,000,00,2,4,00,B01
201200030849,0,07,000,00,2,1,00,A01
201200030849,0,07,000,00,2,4,00,C01
201200030850,0,07,000,00,2,3,00,A01
201200030850,0,07,000,15,2,1,00,B01
201200030851,0,07,000,00,2,1,01,B01
201200030851,0,07,000,00,2,2,14,A01
201200030852,0,07,000,00,2,1,00,B01
201200030852,0,07,000,00,2,7,15,A01
201200030853,0,07,000,00,1,1,01,A01
201200030854,0,07,000,00,2,1,00,B01
201200030854,0,07,000,00,2,7,00,A01
201200030855,0,07,000,00,2,1,02,A01
201200030855,0,02,000,00,2,4,02,B01
201200030856,0,07,000,00,2,4,01,B01
201200030856,0,07,000,00,2,1,02,A01
201200030857,0,07,000,00,1,3,01,A01
201200030858,0,01,000,00,2,1,00,A01
201200030858,0,07,000,00,2,2,15,B01
201200030859,0,07,000,00,2,2,01,A01
201200030859,0,07,000,00,2,5,01,B01
201200030860,0,07,000,00,2,1,00,A01
201200030860,0,07,000,00,2,3,00,B01
201200030861,0,07,000,00,2,4,02,C01
201200030861,0,07,000,00,2,1,02,A01
201200030861,0,07,000,00,2,4,23,D01
201200030861,0,07,000,00,2,4,02,B01
201200030862,0,02,000,00,2,4,23,B01
201200030862,0,10,000,00,2,1,02,A01
201200030863,0,07,000,00,2,2,01,A01
201200030863,0,07,000,00,2,8,24,B01
201200030864,0,07,000,00,2,0,00,B01
201200030864,0,01,000,00,2,0,00,A01
201200030865,0,07,000,00,1,1,01,A01
201200030866,0,07,000,00,1,3,01,A01
201200030867,0,32,000,01,2,1,21,B01
201200030867,0,07,000,00,2,2,20,A01
201200030868,0,33,000,00,2,1,00,A01
201200030868,0,07,000,00,2,4,00,B01
201200030869,0,07,000,00,1,1,00,A01
201200030870,0,07,000,06,0,1,00,A01
201200030871,0,07,000,00,1,1,15,A01
201200030872,0,07,000,00,2,1,01,B01
201200030872,0,07,000,00,2,1,17,A01
201200030873,0,07,000,00,2,4,02,B01
201200030873,0,07,000,00,2,1,02,A01
201200030874,0,33,000,00,2,8,00,B01
201200030874,0,07,000,00,2,1,00,A01
201200030875,0,10,000,06,0,1,13,A01
201200030876,0,01,000,12,0,1,01,A01
201200030877,0,07,000,00,1,0,15,A01
201200030878,0,07,000,00,2,3,01,B01
201200030878,0,01,000,00,2,2,01,A01
201200030879,0,40,000,00,4,3,00,B01
201200030879,0,07,000,00,4,1,00,A01
201200030880,0,01,000,00,2,1,01,A01
201200030881,0,07,000,00,1,3,15,A01
201200030882,0,07,000,00,2,2,10,A01
201200030882,0,07,000,00,2,1,01,B01
201200030883,0,07,000,00,2,4,02,C01
201200030883,0,07,000,00,2,1,02,A01
201200030883,0,07,000,00,2,5,02,B01
201200030884,0,37,003,00,2,3,01,B01
201200030884,0,07,000,00,2,2,16,A01
201200030885,0,10,000,08,0,1,00,A01
201200030886,0,07,000,00,1,2,09,A01
201200030887,0,07,000,00,2,2,15,A01
201200030887,0,07,000,00,2,3,00,B01
201200030888,0,02,000,00,2,1,01,A01
201200030888,0,07,000,00,2,4,01,B01
201200030889,0,07,000,00,1,2,00,A01
201200030890,0,07,000,00,2,4,23,B01
201200030890,1,07,000,00,2,1,02,Z01
201200030891,0,07,000,00,1,2,01,A01
201200030892,0,10,000,00,2,1,02,A01
201200030892,0,07,000,00,2,4,23,B01
201200030893,0,07,000,00,2,1,02,A01
201200030893,0,07,000,00,2,4,02,B01
201200030894,0,01,000,00,2,0,00,A01
201200030894,0,07,000,00,2,0,00,B01
201200030895,0,07,000,00,2,3,00,A01
201200030895,0,07,000,00,2,2,00,B01
201200030896,1,07,000,00,2,3,15,Z01
201200030896,0,07,000,00,2,3,02,B01
201200030897,0,07,000,00,2,3,01,A01
201200030897,0,37,002,00,2,2,01,B01
201200030898,0,10,000,00,1,3,00,A01
201200030899,0,07,000,00,2,3,00,A01
201200030899,0,07,000,00,2,4,00,B01
201200030900,0,07,000,00,2,4,00,B01
201200030900,0,07,000,00,2,1,00,A01
201200030901,0,07,000,00,1,1,01,A01
201200030902,0,07,000,00,2,1,01,B01
201200030902,0,07,000,00,2,1,01,A01
201200030903,0,07,000,00,1,2,01,A01
201200030904,0,01,000,00,2,1,19,A01
201200030904,0,07,000,00,2,1,16,B01
201200030905,0,07,000,00,2,4,02,B01
201200030905,0,07,000,00,2,1,02,A01
201200030906,0,07,000,00,2,4,01,B01
201200030906,0,07,000,00,2,1,01,A01
201200030907,0,07,000,00,2,2,01,A01
201200030908,0,07,000,00,2,3,00,B01
201200030908,0,07,000,00,2,1,15,A01
201200030909,0,07,000,00,1,4,04,A01
201200030910,0,01,000,00,2,1,01,A01
201200030910,0,07,000,00,9,3,01,B01
201200030911,0,07,000,00,2,7,01,B01
201200030911,0,02,000,00,2,8,11,A01
201200030912,0,07,000,00,1,3,01,A01
201200030913,0,07,000,00,2,1,19,A01
201200030913,0,07,000,00,2,1,01,B01
201200030914,0,10,000,00,2,1,01,A01
201200030914,0,07,000,00,0,4,02,B01
201200030914,0,07,000,00,0,4,02,C01
201200030915,0,07,000,00,2,2,09,A01
201200030915,0,07,000,00,2,1,01,B01
201200030916,0,07,000,00,1,4,04,A01
201200030917,0,07,000,00,2,2,23,B01
201200030917,1,30,000,00,2,1,05,A01
201200030918,0,07,000,00,1,2,01,A01
201200030919,0,07,000,00,1,2,15,A01
201200030920,0,07,000,00,1,2,01,A01
201200030921,0,33,000,00,0,9,15,A01
201200030922,0,07,000,00,1,3,01,A01
201200030923,0,30,000,08,0,3,01,A01
201200030924,0,07,000,00,2,1,01,B01
201200030924,0,07,000,00,0,8,15,A01
201200030925,0,07,000,00,2,4,01,C01
201200030925,0,07,000,00,2,1,01,Z01
201200030925,0,07,000,00,2,4,01,B01
201200030925,0,07,000,00,2,4,01,A01
201200030926,0,07,000,00,0,7,16,B01
201200030926,0,33,000,01,2,7,01,A01
201200030927,0,07,000,00,2,2,01,B01
201200030927,0,07,000,00,2,3,15,A01
201200030928,0,07,000,00,0,6,01,B01
201200030928,0,07,000,00,2,2,01,A01
201200030929,1,07,000,00,0,0,15,Z01
201200030929,0,02,000,00,0,0,01,A01
201200030930,0,07,000,13,0,1,01,A01
201200030931,0,07,000,00,2,3,01,A01
201200030931,0,07,000,00,2,7,16,C01
201200030931,0,07,000,00,2,5,01,B01
201200030932,0,07,000,00,2,7,01,B01
201200030932,0,07,000,00,2,1,15,A01
201200030933,0,14,000,00,2,4,04,A01
201200030933,0,33,000,00,2,1,23,B01
201200030934,0,07,000,01,0,9,01,A01
201200030935,0,07,000,00,2,4,01,B01
201200030935,0,07,000,00,2,1,01,A01
201200030936,0,07,000,00,2,7,01,A01
201200030936,0,37,004,00,2,1,01,B01
201200030937,0,01,000,00,2,1,23,B01
201200030937,0,07,000,00,9,3,15,A01
201200030938,0,07,000,07,0,3,01,A01
201200030939,0,07,000,00,2,1,01,B01
201200030939,0,07,000,00,2,1,01,A01
201200030939,0,07,000,00,2,1,01,C01
201200030939,0,07,000,00,2,1,01,D01
201200030940,0,07,000,00,2,8,15,A01
201200030940,0,02,000,00,2,1,01,B01
201200030941,0,07,000,00,2,8,15,A01
201200030941,0,02,000,00,2,1,01,B01
201200030942,0,07,000,00,1,2,01,A01
201200030943,0,33,000,08,0,1,01,A01
201200030944,0,33,000,01,0,3,01,A01
201200030945,0,30,000,00,2,1,01,B01
201200030945,0,07,000,00,2,2,15,A01
201200030946,0,07,000,00,0,2,00,A01
201200030947,0,07,000,03,0,0,17,A01
201200030948,0,33,000,00,2,3,01,B01
201200030948,0,07,000,00,0,6,15,A01
201200030949,0,07,000,13,0,1,01,A01
201200030950,0,07,000,00,0,9,01,A01
201200030951,0,07,000,00,1,1,01,A01
201200030952,0,07,000,00,9,8,09,A01
201200030952,0,17,000,00,2,1,02,B01
201200030953,0,07,000,00,2,1,02,A01
201200030953,0,07,000,00,9,4,02,B01
201200030954,0,07,000,00,1,4,04,A01
201200030955,0,07,000,00,0,7,14,A01
201200030956,0,07,000,00,2,1,02,A01
201200030956,0,07,000,00,0,4,02,B01
201200030957,1,07,000,00,0,0,00,A01
201200030957,0,30,000,00,2,0,02,B01
201200030958,0,07,000,00,2,3,09,B01
201200030958,0,07,000,00,2,1,01,A01
201200030959,0,07,000,00,2,2,01,B01
201200030959,0,01,000,00,2,1,05,A01
201200030960,0,07,000,00,1,2,01,A01
201200030961,0,32,000,00,2,1,01,B01
201200030961,0,07,000,00,2,3,09,A01
201200030962,0,07,000,00,2,1,02,A01
201200030962,0,02,000,00,0,4,01,B01
201200030963,0,07,000,00,2,1,13,A01
201200030963,0,07,000,00,2,1,01,B01
201200030964,0,10,000,00,1,1,02,A01
201200030965,0,07,000,00,1,1,02,A01
201200030966,0,07,000,00,2,1,13,A01
201200030966,0,07,000,00,2,1,01,B01
201200030967,0,07,000,00,1,1,02,A01
201200030968,0,02,000,00,0,7,01,A01
201200030969,0,07,000,00,2,9,23,B01
201200030969,0,07,000,00,2,4,23,D01
201200030969,0,10,000,00,2,1,02,A01
201200030969,0,07,000,00,2,4,23,C01
201200030970,0,07,000,00,1,1,01,A01
201200030971,0,01,000,00,2,8,19,B01
201200030971,0,33,000,00,2,2,01,A01
201200030972,0,07,000,00,1,1,01,A01
201200030973,0,15,000,00,1,3,01,A01
201200030974,0,01,000,00,2,0,00,B01
201200030974,0,07,000,00,9,0,00,A01
201200030975,0,07,000,00,2,1,09,A01
201200030975,0,07,000,00,2,8,23,D01
201200030975,0,07,000,00,2,7,01,B01
201200030976,0,01,000,00,2,8,01,B01
201200030976,0,07,000,00,2,1,09,A01
201200030977,0,07,000,00,2,1,01,C01
201200030977,0,07,000,00,2,1,01,A01
201200030977,0,07,000,00,2,8,01,B01
201200030978,0,07,000,06,0,1,01,A01
201200030979,0,07,000,00,2,1,01,A01
201200030979,0,01,000,00,2,1,19,B01
201200030980,0,01,000,00,2,3,01,B01
201200030980,0,07,000,00,2,1,19,A01
201200030981,0,07,000,00,2,8,15,A01
201200030981,0,02,000,00,2,1,06,B01
201200030982,0,01,000,00,2,4,02,A01
201200030982,1,07,000,00,9,0,00,B01
201200030983,0,07,000,09,0,0,01,A01
201200030984,0,33,000,00,2,7,01,A01
201200030984,0,07,000,00,2,8,13,B01
201200030985,0,07,000,00,1,1,01,A01
201200030986,0,07,000,00,2,6,13,B01
201200030986,0,33,000,09,2,5,17,A01
201200030987,0,07,000,02,0,1,01,A01
201200030988,0,07,000,03,2,7,21,B01
201200030988,0,07,000,00,2,1,13,A01
201200030989,0,07,000,00,2,0,06,A01
201200030989,0,02,000,00,2,0,01,B01
201200030990,0,07,000,00,1,1,01,A01
201200030991,0,07,000,00,1,1,01,A01
201200030992,0,07,000,00,2,4,01,B01
201200030992,0,07,000,00,2,4,01,C01
201200030992,0,07,000,00,2,2,01,A01
201200030993,0,07,000,00,0,0,00,A01
201200030994,0,07,000,00,1,0,01,A01
201200030995,1,02,000,00,1,0,01,A01
201200030996,0,07,000,00,1,7,01,A01
201200030997,0,07,000,00,2,3,01,B01
201200030997,0,07,000,06,2,2,17,A01
201200030998,0,07,000,00,0,0,00,A01
201200030999,0,07,000,00,2,2,01,B01
201200030999,0,07,000,00,2,1,01,A01
201200031000,0,33,000,00,0,0,01,A01
201200031001,0,07,000,00,1,0,00,A01
201200031002,0,01,000,00,2,0,01,A01
201200031003,0,30,000,00,2,0,01,A01
201200031004,0,33,000,00,2,1,01,B01
201200031004,0,07,000,00,2,3,15,A01
201200031005,0,07,000,00,2,4,10,A01
201200031005,0,33,000,00,2,0,01,B01
201200031006,0,14,000,00,2,1,16,A01
201200031006,0,01,000,00,2,0,01,B01
201200031007,0,07,000,03,2,0,09,A01
201200031007,0,07,000,00,2,1,01,B01
201200031008,0,07,000,12,0,9,00,A01
201200031009,0,07,000,00,2,3,01,A01
201200031009,0,07,000,00,2,3,01,B01
201200031010,0,07,000,00,2,3,15,A01
201200031010,0,01,000,00,2,0,00,B01
201200031011,0,01,000,00,2,0,01,B01
201200031011,0,07,000,00,2,0,19,A01
201200031012,0,07,000,00,2,4,23,B01
201200031012,0,02,000,00,2,1,01,A01
201200031013,0,07,000,00,2,1,16,A01
201200031013,0,01,000,00,2,7,19,B01
201200031014,0,10,000,00,2,3,01,B01
201200031014,0,07,000,00,2,2,01,A01
201200031015,0,02,000,00,0,1,00,A01
201200031016,0,30,000,00,1,0,01,A01
201200031017,0,07,000,00,2,1,01,A01
201200031017,0,07,000,00,2,4,01,B01
201200031018,0,01,000,00,0,0,01,A01
201200031019,0,07,000,00,2,7,01,A01
201200031019,0,07,000,00,2,2,01,B01
201200031020,0,02,000,00,2,4,00,B01
201200031020,0,07,000,00,2,1,01,A01
201200031021,0,07,000,13,0,9,00,A01
201200031022,0,07,000,00,1,2,00,A01
201200031023,0,02,000,00,0,0,01,A01
201200031024,0,01,000,00,2,0,01,B01
201200031024,0,07,000,00,2,2,16,A01
201200031025,0,02,000,13,0,1,14,A01
201200031026,0,07,000,02,0,1,01,A01
201200031027,0,07,000,13,0,2,14,A01
201200031028,0,07,000,00,1,0,01,A01
201200031029,0,07,000,00,2,4,00,D01
201200031029,0,07,000,00,2,3,00,A01
201200031029,0,07,000,00,2,4,00,B01
201200031029,0,07,000,00,2,1,00,C01
201200031030,0,07,000,00,2,1,02,A01
201200031030,0,07,000,00,2,4,02,B01
201200031031,0,02,000,00,5,0,01,A01
201200031032,0,07,000,00,2,0,01,B01
201200031032,0,07,000,00,2,0,01,C01
201200031032,0,07,000,00,2,0,01,A01
201200031033,0,07,000,00,2,1,02,A01
201200031033,0,07,000,00,2,4,23,B01
201200031034,0,07,000,00,2,1,02,A01
201200031034,0,07,000,00,2,4,02,B01
201200031035,0,07,000,00,2,2,15,A01
201200031035,0,33,000,00,2,1,01,B01
201200031036,0,02,000,00,2,0,01,A01
201200031036,0,07,000,00,2,1,01,B01
201200031037,0,02,000,00,2,1,17,A01
201200031037,0,07,000,00,2,3,15,B01
201200031038,0,07,000,00,2,1,01,A01
201200031038,0,02,000,00,2,4,01,B01
201200031039,0,02,000,00,2,1,01,A01
201200031039,0,07,000,00,2,3,15,B01
201200031040,0,07,000,00,1,1,15,A01
201200031041,0,01,000,00,2,0,19,A01
201200031041,0,37,001,00,2,2,07,B01
201200031042,0,07,000,08,0,1,20,A01
201200031043,0,07,000,00,2,4,11,A01
201200031043,0,07,000,00,2,1,01,B01
201200031044,0,07,000,00,2,4,02,B01
201200031044,0,07,000,00,2,1,02,A01
201200031045,0,01,000,00,0,0,01,A01
201200031046,0,01,000,00,0,0,13,A01
201200031047,0,33,000,00,2,3,01,B01
201200031047,0,07,000,00,2,2,15,A01
201200031048,0,07,000,00,2,7,15,A01
201200031048,0,33,000,00,2,1,01,B01
201200031049,0,02,000,00,0,0,01,A01
201200031050,0,07,000,00,1,1,01,A01
201200031051,0,07,000,00,2,1,09,A01
201200031051,0,01,000,00,2,1,01,B01
201200031052,0,07,000,00,1,1,17,A01
201200031053,0,02,000,00,0,7,15,A01
201200031054,0,07,000,00,1,1,01,A01
201200031055,0,07,000,00,2,2,01,B01
201200031055,0,01,000,12,2,1,01,A01
201200031056,0,07,000,00,1,1,01,A01
201200031057,0,07,000,00,2,1,01,A01
201200031057,0,07,000,00,2,4,23,B01
201200031057,0,03,000,00,2,4,23,C01
201200031058,0,02,000,00,0,0,00,A01
201200031059,0,07,000,08,2,5,15,A01
201200031059,0,07,000,00,2,5,01,B01
201200031060,0,07,000,00,1,1,00,A01
201200031061,0,07,000,00,2,0,09,A01
201200031061,0,33,000,00,2,1,01,B01
201200031062,0,02,000,00,0,0,00,A01
201200031063,0,07,000,00,2,1,13,A01
201200031063,0,07,000,02,2,1,01,B01
201200031064,0,02,000,00,0,0,01,A01
201200031065,0,02,000,00,0,0,01,A01
201200031066,0,33,000,00,2,1,01,A01
201200031066,0,07,000,00,2,5,01,B01
201200031067,0,07,000,00,2,6,01,B01
201200031067,0,07,000,00,2,1,00,A01
201200031068,0,01,000,00,2,0,00,B01
201200031068,0,07,000,00,2,3,00,A01
201200031069,0,07,000,01,0,0,24,A01
201200031070,0,02,000,01,0,1,00,A01
201200031071,0,07,000,00,2,2,00,A01
201200031071,0,07,000,00,2,0,00,B01
201200031072,0,02,000,00,0,0,00,A01
201200031073,0,02,000,00,0,7,00,A01
201200031074,0,07,000,00,2,8,01,B01
201200031074,0,13,000,00,2,7,09,A01
201200031075,0,33,000,00,2,7,00,A01
201200031075,0,07,000,00,2,6,00,B01
201200031076,0,07,000,00,2,4,02,B01
201200031076,0,07,000,00,2,1,02,A01
201200031076,0,07,000,00,2,4,02,C01
201200031077,0,38,001,00,2,0,01,B01
201200031077,0,07,000,00,2,1,13,A01
201200031078,0,02,000,00,0,0,00,A01
201200031079,0,33,000,00,2,1,00,A01
201200031079,0,07,000,00,2,3,00,B01
201200031080,0,07,000,00,0,5,01,A01
201200031081,0,07,000,00,0,0,00,A01
201200031082,0,07,000,00,1,3,01,A01
201200031083,0,01,000,00,2,1,01,B01
201200031083,0,07,000,00,2,1,15,A01
201200031084,0,07,000,00,2,3,01,B01
201200031084,0,02,000,00,2,1,13,A01
201200031085,0,16,000,00,0,0,00,A01
201200031085,0,33,000,00,0,0,01,B01
201200031086,0,33,000,00,0,0,01,A01
201200031087,0,01,000,00,2,1,01,A01
201200031087,0,01,000,00,2,4,01,B01
201200031088,0,33,000,01,2,9,01,B01
201200031088,0,07,000,00,2,2,00,A01
201200031089,0,02,000,00,0,8,09,A01
201200031090,0,02,000,00,0,8,01,A01
201200031091,0,07,000,00,2,2,01,B01
201200031091,0,33,000,00,2,8,15,A01
201200031092,0,33,000,00,2,0,09,B01
201200031092,0,07,000,00,2,3,09,A01
201200031093,1,07,000,00,1,0,01,Z01
201200031094,0,07,000,08,0,1,14,A01
201200031095,0,07,000,00,2,1,01,B01
201200031095,0,07,000,00,2,7,15,A01
201200031096,0,07,000,06,0,1,01,A01
201200031097,0,03,000,13,0,2,14,A01
201200031098,0,01,000,00,0,0,00,A01
201200031099,0,07,000,00,1,1,01,A01
201200031100,0,07,000,00,2,4,23,B01
201200031100,0,07,000,00,2,1,02,A01
201200031101,0,02,000,00,2,1,13,A01
201200031101,0,07,000,00,2,3,01,B01
201200031102,0,07,000,06,1,0,04,A01
201200031103,0,07,000,00,2,7,01,B01
201200031103,0,07,000,00,2,8,09,A01
201200031104,0,07,000,00,2,1,09,A01
201200031104,0,02,000,00,2,7,01,B01
201200031105,0,02,000,00,0,0,16,A01
201200031106,0,07,000,00,2,4,01,B01
201200031106,0,07,000,00,2,1,01,A01
201200031107,0,07,000,00,2,3,01,B01
201200031107,0,02,000,00,2,0,01,A01
201200031108,0,07,000,01,0,1,21,A01
201200031109,0,02,000,00,0,0,00,A01
201200031110,0,07,000,00,0,0,00,A01
201200031111,0,07,000,00,2,0,01,B01
201200031111,0,07,000,00,2,2,01,A01
201200031112,0,07,000,00,2,1,00,A01
201200031112,0,07,000,00,2,0,00,B01
201200031112,0,10,000,00,2,4,00,C01
201200031113,0,07,000,00,1,1,16,A01
201200031114,0,02,000,00,0,8,01,A01
201200031115,0,07,000,00,2,1,01,A01
201200031115,0,02,000,00,2,4,02,B01
201200031116,0,02,000,00,0,0,01,A01
201200031117,0,07,000,00,2,0,09,A01
201200031117,0,01,000,00,2,0,09,B01
201200031118,0,01,000,00,0,0,01,A01
201200031119,0,07,000,00,1,0,01,A01
201200031120,0,37,001,00,1,0,01,A01
201200031121,0,07,000,01,0,0,00,A01
201200031122,0,07,000,00,2,1,01,B01
201200031122,0,07,000,00,2,7,01,A01
201200031123,0,07,000,00,2,7,01,A01
201200031123,0,02,000,00,2,7,09,B01
201200031124,0,02,000,00,0,0,01,A01
201200031125,0,10,000,00,2,3,01,B01
201200031125,0,07,000,00,2,1,13,A01
201200031126,0,30,000,00,2,1,01,B01
201200031126,0,07,000,00,2,1,09,A01
201200031127,0,37,001,00,2,1,01,B01
201200031127,0,07,000,00,2,6,01,A01
201200031128,0,07,000,06,0,1,14,A01
201200031129,0,07,000,08,0,1,17,A01
201200031130,0,07,000,00,1,5,01,A01
201200031131,0,07,000,00,2,1,01,A01
201200031131,0,07,000,00,2,4,23,B01
201200031131,0,07,000,00,2,4,23,C01
201200031132,0,02,000,00,0,0,00,A01
201200031133,0,07,000,00,2,2,09,A01
201200031133,0,33,000,00,2,3,09,B01
201200031134,0,07,000,00,2,3,09,A01
201200031134,0,33,000,00,2,0,01,B01
201200031135,0,07,000,00,1,0,04,A01
201200031136,0,07,000,00,2,1,15,A01
201200031136,0,07,000,00,2,1,23,C01
201200031136,0,07,000,00,2,1,01,B01
201200031137,0,10,000,00,0,0,09,A01
201200031137,0,31,000,00,0,7,01,B01
201200031138,0,33,000,00,2,1,13,A01
201200031138,0,07,000,00,2,1,01,B01
201200031139,0,02,000,00,0,7,16,A01
201200031140,0,07,000,00,1,5,16,A01
201200031141,0,07,000,00,2,4,02,B01
201200031141,0,07,000,00,2,1,02,A01
201200031142,0,02,000,00,0,1,01,A01
201200031143,0,37,001,00,1,5,01,A01
201200031144,0,07,000,00,1,0,02,A01
201200031145,0,07,000,00,1,3,01,A01
201200031146,0,07,000,00,2,4,02,B01
201200031146,0,07,000,00,2,3,02,A01
201200031147,0,01,000,01,0,0,00,A01
201200031148,0,02,000,00,2,1,00,A01
201200031148,0,07,000,00,2,3,01,B01
201200031149,0,01,000,00,0,0,00,A01
201200031150,0,07,000,00,1,2,01,A01
201200031151,0,07,000,00,2,1,00,A01
201200031151,0,07,000,00,2,4,00,B01
201200031152,0,07,000,00,2,3,00,A01
201200031152,0,01,000,00,2,1,00,B01
201200031153,0,33,000,00,0,0,01,A01
201200031154,0,07,000,00,1,4,04,A01
201200031155,0,07,000,00,2,3,00,B01
201200031155,0,07,000,00,2,2,01,A01
201200031156,0,07,000,00,2,3,01,B01
201200031156,0,01,000,00,2,0,01,A01
201200031157,0,07,000,00,1,1,09,A01
201200031158,0,02,000,00,0,0,00,A01
201200031159,0,07,000,08,0,0,00,A01
201200031160,0,07,000,00,2,3,00,A01
201200031160,0,01,000,00,2,7,00,B01
201200031161,0,07,000,00,2,0,00,A01
201200031161,0,01,000,00,2,0,00,B01
201200031162,0,07,000,00,2,3,01,B01
201200031162,0,07,000,00,2,1,01,A01
201200031163,0,07,000,00,2,4,00,B01
201200031163,0,02,000,00,2,1,01,A01
201200031164,0,02,000,12,0,0,00,A01
201200031165,0,37,001,00,1,1,07,A01
201200031166,0,01,000,00,2,0,00,B01
201200031166,0,07,000,00,2,2,00,A01
201200031167,0,03,000,01,0,1,00,A01
201200031168,0,14,000,00,2,5,14,A01
201200031168,0,01,000,00,2,1,01,B01
201200031169,0,07,000,00,2,0,14,A01
201200031169,0,02,000,00,2,8,01,B01
201200031170,0,07,000,00,1,0,00,A01
201200031171,0,02,000,00,0,3,00,A01
201200031172,0,07,000,00,1,0,00,A01
201200031173,0,02,000,00,2,1,01,B01
201200031173,0,07,000,00,2,2,20,A01
201200031174,0,02,000,06,0,1,14,A01
201200031175,0,07,000,00,2,1,01,B01
201200031175,0,07,000,00,2,5,01,A01
201200031176,0,02,000,00,2,1,01,A01
201200031176,0,07,000,00,2,1,01,B01
201200031177,0,07,000,01,0,1,01,A01
201200031178,0,07,000,00,1,1,01,A01
201200031179,0,01,000,00,0,0,00,A01
201200031180,0,07,000,00,2,1,00,A01
201200031180,0,07,000,00,2,0,01,B01
201200031180,0,07,000,00,2,4,01,C01
201200031181,0,07,000,01,0,0,00,A01
201200031182,0,07,000,15,0,0,00,A01
201200031183,0,37,001,00,1,7,01,A01
201200031184,0,01,000,00,2,8,16,B01
201200031184,0,07,000,00,2,1,01,A01
201200031185,0,07,000,11,0,1,01,A01
201200031186,0,07,000,00,2,0,01,A01
201200031187,0,07,000,13,0,0,00,A01
201200031188,1,07,000,00,1,0,00,Z01
201200031189,0,07,000,06,0,1,00,A01
201200031190,0,07,000,00,2,1,01,B01
201200031190,0,07,000,03,2,7,13,A01
201200031191,0,07,000,00,1,1,01,A01
201200031192,0,07,000,03,0,1,13,A01
201200031193,0,02,000,00,2,8,01,B01
201200031193,0,07,000,00,2,3,15,A01
201200031194,0,33,000,00,1,7,17,A01
201200031195,0,07,000,00,2,1,00,A01
201200031195,0,07,000,00,2,4,00,B01
201200031196,1,07,000,00,1,0,01,Z01
201200031197,0,07,000,00,2,3,10,A01
201200031197,0,02,000,00,2,7,01,B01
201200031198,0,02,000,00,0,8,15,A01
201200031199,0,07,000,00,2,1,01,A01
201200031199,0,07,000,00,2,4,01,B01
201200031200,0,02,000,00,0,0,00,A01