Num_Acc,senc,catv,occutc,obs,obsm,choc,manv,num_veh
201200032736,0,07,000,14,0,1,06,A01
201200032737,0,07,000,00,2,2,15,A01
201200032737,1,07,000,00,2,1,01,B01
201200032738,0,07,000,00,1,2,01,A01
201200032739,0,40,000,00,1,2,01,A01
201200032740,0,07,000,01,1,8,01,A01
201200032741,0,07,000,01,1,2,15,A01
201200032742,0,07,000,00,1,2,01,A01
201200032743,0,07,000,01,0,2,14,A01
201200032744,0,07,000,00,2,1,15,A01
201200032744,0,07,000,00,2,1,01,B01
201200032745,0,07,000,00,1,1,02,A01
201200032746,0,30,000,00,2,1,01,B01
201200032746,0,07,000,16,2,3,15,A01
201200032747,0,02,000,00,2,3,01,A01
201200032747,0,07,000,00,2,2,15,B01
201200032748,0,07,000,00,2,1,02,A01
201200032748,0,07,000,00,0,6,02,B01
201200032748,0,07,000,00,0,1,02,C01
201200032749,0,07,000,00,1,1,01,A01
201200032750,0,07,000,12,0,9,21,A01
201200032751,1,07,000,00,1,0,17,Z01
201200032752,0,07,000,00,2,1,01,B01
201200032752,0,07,000,00,2,3,15,A01
201200032753,0,07,000,00,1,3,00,A01
201200032754,0,01,000,00,2,1,05,Y01
201200032754,0,07,000,00,2,2,01,A01
201200032755,0,07,000,06,0,1,06,A01
201200032756,0,07,000,00,2,1,02,B01
201200032756,1,07,000,00,0,0,02,Z01
201200032757,0,07,000,00,1,1,02,A01
201200032758,0,07,000,00,2,1,01,B01
201200032758,0,07,000,00,2,6,15,A01
201200032759,1,07,000,00,9,0,17,Z01
201200032759,0,01,000,00,0,8,11,B01
201200032760,0,30,000,00,9,7,05,A01
201200032760,0,01,000,00,2,7,05,B01
201200032761,0,07,000,00,2,1,15,A01
201200032761,0,07,000,00,2,3,01,B01
201200032762,0,07,000,00,1,7,16,A01
201200032763,0,07,000,00,0,3,01,B01
201200032763,0,07,000,00,0,7,01,A01
201200032764,0,07,000,00,1,3,01,A01
201200032765,0,07,000,00,2,2,15,A01
201200032765,0,30,000,00,0,1,01,B01
201200032766,0,07,000,01,0,1,15,A01
201200032767,2,07,000,02,0,1,00,A01
201200032768,0,07,000,00,1,2,01,A01
201200032769,0,07,000,07,4,2,15,A01
201200032769,0,40,000,00,2,3,01,B01
201200032770,0,07,000,00,2,1,14,A01
201200032771,0,07,000,00,2,3,09,A01
201200032771,0,02,000,00,2,7,15,B01
201200032772,0,07,000,00,2,1,16,A01
201200032772,0,07,000,00,2,1,01,B01
201200032773,0,30,000,02,0,1,13,Y01
201200032774,0,10,000,00,1,1,01,A01
201200032775,1,33,000,00,2,1,17,Z01
201200032776,0,30,000,00,2,1,01,B01
201200032776,0,07,000,00,2,2,15,A01
201200032777,0,07,000,00,1,1,02,A01
201200032778,0,07,000,00,0,1,23,B01
201200032778,0,14,000,00,0,4,04,A01
201200032779,0,07,000,02,0,3,00,A01
201200032780,0,07,000,00,2,5,10,A01
201200032780,0,07,000,00,2,1,02,B01
201200032781,0,37,001,00,0,3,02,B01
201200032781,0,07,000,00,0,2,16,A01
201200032782,0,07,000,00,1,3,01,A01
201200032783,0,07,000,00,0,3,15,A01
201200032783,0,32,000,00,2,1,01,B01
201200032784,0,31,000,00,0,1,01,B01
201200032784,0,07,000,00,0,7,11,A01
201200032785,0,07,000,00,1,1,01,A01
201200032786,0,07,000,00,2,1,01,B01
201200032786,0,07,000,00,2,3,01,A01
201200032787,0,07,000,00,0,8,09,A01
201200032787,0,01,000,00,2,1,01,B01
201200032788,0,02,000,00,2,0,01,B01
201200032788,0,07,000,00,2,3,01,A01
201200032789,0,07,000,00,1,3,01,A01
201200032790,0,07,000,00,2,1,01,B01
201200032790,0,07,000,00,2,1,15,A01
201200032791,0,07,000,00,2,1,15,A01
201200032791,0,07,000,00,2,3,01,B01
201200032792,0,10,000,01,0,1,13,A01
201200032793,0,07,000,00,2,3,10,A01
201200032793,0,07,000,00,2,2,01,B01
201200032794,0,07,000,00,2,5,16,A01
201200032794,0,01,000,00,2,3,02,B01
201200032795,0,07,000,00,2,3,15,A01
201200032795,0,01,000,00,2,1,05,B01
201200032796,0,07,000,00,1,1,00,A01
201200032797,0,31,000,00,1,4,04,A01
201200032798,0,07,000,00,2,1,01,B01
201200032798,0,01,000,00,2,8,01,A01
201200032799,0,32,000,01,0,1,14,A01
201200032800,2,07,000,15,0,1,01,A01
201200032801,0,02,000,00,2,8,12,A01
201200032801,0,07,000,00,9,8,02,B01
201200032802,0,01,000,00,2,1,02,B01
201200032802,0,07,000,00,9,2,02,A01
201200032803,0,07,000,00,1,3,01,A01
201200032804,0,30,000,00,2,7,19,A01
201200032804,0,07,000,00,0,3,01,B01
201200032805,0,07,000,00,2,1,01,B01
201200032805,0,01,000,00,2,1,19,A01
201200032806,0,07,000,00,1,1,15,A01
201200032807,0,07,000,00,2,1,01,B01
201200032807,0,07,000,00,2,3,15,A01
201200032808,0,07,000,00,1,2,01,A01
201200032809,0,07,000,01,0,1,13,A01
201200032810,0,07,000,00,2,7,01,A01
201200032810,0,07,000,00,2,3,23,C01
201200032810,0,07,000,00,2,1,01,B01
201200032811,0,31,000,00,2,1,01,B01
201200032811,0,07,000,00,2,8,10,A01
201200032812,0,07,000,00,2,4,15,B01
201200032812,0,33,000,00,2,1,02,A01
201200032813,0,07,000,08,2,8,01,B01
201200032813,0,07,000,00,2,1,15,A01
201200032814,0,07,000,00,2,7,01,A01
201200032814,0,07,000,00,2,1,01,B01
201200032815,0,33,000,00,2,1,15,A01
201200032815,0,07,000,00,0,6,15,B01
201200032816,0,07,000,00,2,1,16,A01
201200032816,0,07,000,00,2,2,15,B01
201200032817,0,02,000,00,2,1,09,A01
201200032817,0,07,000,00,2,3,01,B01
201200032818,0,07,000,01,1,7,01,A01
201200032819,0,07,000,00,1,3,01,A01
201200032820,0,07,000,00,2,5,15,A01
201200032820,0,07,000,00,2,1,01,B01
201200032821,0,01,000,00,2,6,16,B01
201200032821,0,10,000,00,2,2,16,A01
201200032822,0,01,000,00,2,7,17,A01
201200032822,0,37,001,00,2,6,01,B01
201200032823,0,07,000,00,1,1,19,A01
201200032824,0,07,000,00,1,2,01,A01
201200032825,0,30,000,00,2,8,17,A01
201200032825,0,07,000,00,2,8,15,B01
201200032826,0,30,000,01,0,8,02,A01
201200032827,0,07,000,00,2,0,01,B01
201200032827,0,17,000,00,2,4,04,A01
201200032828,0,07,000,00,2,3,01,B01
201200032828,0,07,000,00,2,1,15,A01
201200032829,0,30,000,00,2,7,17,A01
201200032829,0,07,000,00,2,6,15,B01
201200032830,0,07,000,01,0,1,14,A01
201200032831,0,02,000,00,2,2,01,B01
201200032831,0,07,000,00,2,3,09,A01
201200032832,0,07,000,00,1,1,02,A01
201200032833,0,34,000,00,2,1,12,B01
201200032833,0,07,000,00,2,3,09,A01
201200032834,0,07,000,00,2,1,02,A01
201200032835,0,32,000,00,2,1,01,B01
201200032835,0,07,000,00,2,3,05,A01
201200032836,0,07,000,00,2,3,15,A01
201200032836,0,33,000,00,2,8,02,B01
201200032837,0,07,000,00,2,3,15,A01
201200032837,0,07,000,00,2,8,16,B01
201200032838,0,07,000,00,9,6,02,B01
201200032838,0,02,000,00,2,1,02,A01
201200032839,0,07,000,01,0,1,14,A01
201200032840,0,03,000,00,1,3,02,A01
201200032841,0,01,000,00,2,1,02,B01
201200032841,0,07,000,00,2,2,15,A01
201200032842,0,01,000,00,0,3,02,B01
201200032842,0,37,001,00,9,5,17,A01
201200032843,0,07,000,00,2,1,01,B01
201200032843,0,07,000,00,2,8,01,A01
201200032844,0,07,000,01,2,1,01,B01
201200032844,0,07,000,00,2,3,15,A01
201200032845,0,07,000,00,2,4,01,B01
201200032845,0,33,000,00,2,4,01,A01
201200032846,0,30,000,00,2,8,02,B01
201200032846,0,07,000,00,2,2,20,A01
201200032847,1,07,000,00,9,0,01,A01
201200032847,0,01,000,00,2,8,19,B01
201200032848,0,31,000,00,2,1,01,B01
201200032848,0,07,000,00,0,5,10,A01
201200032849,0,07,000,00,2,3,17,A01
201200032849,0,07,000,00,0,3,02,C01
201200032849,0,30,000,00,2,1,21,B01
201200032850,0,07,000,00,1,1,02,A01
201200032851,0,02,000,00,2,1,01,A01
201200032851,0,07,000,00,2,3,01,C01
201200032851,0,07,000,00,2,7,15,B01
201200032852,1,07,000,00,1,0,00,Z01
201200032853,0,07,000,00,1,2,01,A01
201200032854,0,07,000,00,2,8,15,B01
201200032854,0,07,000,00,2,1,11,A01
201200032855,0,07,000,00,1,1,01,A01
201200032856,0,30,000,00,2,1,17,B01
201200032856,0,07,000,00,2,8,10,A01
201200032857,0,07,000,00,9,1,15,A01
201200032857,0,01,000,00,2,8,01,B01
201200032858,0,07,000,00,2,7,16,B01
201200032858,0,33,000,00,2,7,14,A01
201200032859,0,30,000,00,2,1,01,B01
201200032859,0,07,000,00,2,2,15,A01
201200032860,0,01,000,00,2,7,05,A01
201200032860,0,07,000,00,2,1,01,B01
201200032861,0,07,000,00,9,2,15,A01
201200032861,0,30,000,00,2,1,01,B01
201200032862,0,07,000,00,0,2,01,A01
201200032863,0,13,000,00,2,3,00,B01
201200032863,0,07,000,00,2,6,13,A01
201200032864,0,07,000,00,2,5,15,A01
201200032864,0,07,000,00,2,2,01,B01
201200032865,0,02,000,00,2,1,01,B01
201200032865,0,07,000,00,0,2,00,A01
201200032866,0,07,000,00,0,3,02,B01
201200032866,0,30,000,01,2,1,17,A01
201200032867,0,07,000,00,0,2,15,A01
201200032867,0,30,000,00,0,1,01,B01
201200032868,0,07,000,00,2,7,12,A01
201200032868,0,07,000,00,2,1,01,B01
201200032869,0,07,000,00,2,8,09,A01
201200032869,0,07,000,00,0,1,01,B01
201200032870,0,07,000,00,2,3,01,A01
201200032870,0,07,000,00,0,1,01,B01
201200032871,0,30,000,00,2,1,19,B01
201200032871,0,07,000,00,2,1,15,A01
201200032872,1,07,000,00,1,0,00,Z01
201200032873,0,07,000,00,1,1,01,A01
201200032874,0,02,000,00,0,1,01,A01
201200032874,0,07,000,00,0,4,00,B01
201200032875,0,07,000,00,2,7,19,A01
201200032875,0,07,000,00,2,1,01,B01
201200032876,1,10,000,00,1,4,04,A01
201200032877,0,07,000,00,2,1,02,B01
201200032877,0,07,000,00,2,8,00,A01
201200032878,0,07,000,08,0,2,01,A01
201200032879,0,30,000,00,2,4,00,A01
201200032879,0,07,000,00,2,4,02,B01
201200032880,0,07,000,00,1,5,04,A01
201200032881,0,10,000,01,2,2,01,B01
201200032881,0,07,000,00,2,3,16,A01
201200032882,0,10,000,00,0,2,02,A01
201200032882,0,30,000,00,2,3,02,B01
201200032883,0,07,000,00,0,8,23,B01
201200032883,0,07,000,00,0,4,23,E01
201200032883,0,07,000,00,0,4,23,D01
201200032883,0,07,000,00,0,3,23,C01
201200032883,0,07,000,00,2,1,01,A01
201200032884,0,07,000,00,2,1,02,A01
201200032884,0,07,000,01,2,4,02,B01
201200032885,0,07,000,00,1,7,01,A01
201200032886,0,07,000,00,0,6,15,A01
201200032886,0,30,000,00,2,1,01,B01
201200032887,0,07,000,00,0,2,01,B01
201200032887,0,30,000,00,0,1,01,A01
201200032888,0,07,000,00,1,2,02,A01
201200032889,0,02,000,00,0,0,00,A01
201200032889,0,07,000,00,0,0,00,T01
201200032890,0,40,000,00,1,2,00,A01
201200032891,0,07,000,00,1,3,02,A01
201200032892,0,07,000,00,1,1,01,A01
201200032893,0,37,000,00,2,3,00,B01
201200032893,0,07,000,00,2,2,00,A01
201200032894,0,07,000,00,2,7,15,A01
201200032894,0,30,000,00,2,1,01,B01
201200032895,0,07,000,00,2,3,13,A01
201200032895,0,07,000,00,2,3,00,B01
201200032896,0,02,000,00,2,1,01,B01
201200032896,0,07,000,00,2,1,00,A01
201200032897,0,07,000,00,0,4,20,B01
201200032897,0,07,000,00,2,1,02,A01
201200032898,0,07,000,00,2,7,15,A01
201200032898,0,07,000,00,2,1,02,B01
201200032899,0,07,000,08,0,1,15,A01
201200032900,0,07,000,00,2,3,00,A01
201200032900,0,30,000,00,2,1,01,B01
201200032901,0,30,000,00,2,1,00,B01
201200032901,0,07,000,00,2,3,00,A01
201200032902,0,07,000,00,2,3,01,B01
201200032902,0,07,000,00,2,2,16,A01
201200032903,0,07,000,06,2,7,01,B01
201200032903,0,07,000,00,2,1,16,A01
201200032904,0,07,000,00,2,1,01,A01
201200032904,0,07,000,00,2,1,01,B01
201200032905,0,07,000,00,0,4,01,A01
201200032905,0,31,000,00,2,1,00,B01
201200032906,0,07,000,00,1,4,04,A01
201200032907,0,07,000,00,1,3,15,A01
201200032908,0,07,000,00,0,7,13,A01
201200032908,0,07,000,00,0,3,00,B01
201200032909,0,07,000,00,1,1,00,A01
201200032910,0,07,000,00,2,2,10,A01
201200032910,0,07,000,00,2,3,01,B01
201200032911,0,07,000,00,2,4,02,A01
201200032911,0,07,000,00,2,4,23,B01
201200032912,0,07,000,00,2,3,09,B01
201200032912,0,30,000,00,2,3,00,A01
201200032913,2,07,000,00,0,3,01,B01
201200032913,0,07,000,00,0,1,01,A01
201200032914,0,02,000,00,2,1,01,B01
201200032914,0,07,000,00,2,2,15,A01
201200032915,0,10,000,00,1,1,01,A01
201200032916,0,07,000,00,2,1,01,B01
201200032916,0,07,000,00,2,3,11,A01
201200032917,0,07,000,00,2,7,01,A01
201200032917,0,10,000,00,0,1,01,B01
201200032918,0,33,000,00,0,7,01,B01
201200032918,0,10,000,00,2,8,09,A01
201200032919,0,10,000,00,2,1,01,B01
201200032919,0,07,000,00,0,3,09,A01
201200032920,0,07,000,01,0,3,05,A01
201200032921,0,07,000,00,2,2,15,A01
201200032921,0,30,000,00,2,1,01,B01
201200032922,0,07,000,00,1,2,00,A01
201200032923,0,07,000,00,2,3,09,A01
201200032923,0,07,000,00,2,7,00,B01
201200032924,0,07,000,00,1,8,01,A01
201200032925,0,07,000,00,2,1,00,A01
201200032925,0,07,000,00,2,3,02,B01
201200032926,0,10,000,00,1,1,01,A01
201200032927,0,07,000,00,2,8,09,A01
201200032927,0,30,000,00,2,2,02,B01
201200032928,0,07,000,00,1,1,15,A01
201200032929,0,33,000,00,2,0,00,B01
201200032929,0,07,000,00,2,0,00,A01
201200032930,0,07,000,00,0,4,02,B01
201200032930,0,07,000,00,2,1,01,A01
201200032931,0,07,000,00,1,1,15,A01
201200032932,0,07,000,00,2,3,11,B01
201200032932,0,02,000,00,2,2,02,A01
201200032933,0,07,000,00,2,0,02,B01
201200032933,0,07,000,00,2,0,00,A01
201200032934,0,07,000,00,1,1,00,A01
201200032935,0,07,000,00,2,5,15,A01
201200032935,0,07,000,00,2,1,01,B01
201200032936,0,07,000,08,0,1,02,A01
201200032937,0,07,000,00,1,1,15,A01
201200032938,0,07,000,00,2,1,01,A01
201200032938,0,07,000,00,2,3,11,B01
201200032939,0,07,000,01,0,2,01,A01
201200032940,0,07,000,00,1,1,17,A01
201200032941,0,07,000,00,1,1,19,A01
201200032942,0,07,000,00,1,3,16,A01
201200032943,0,10,000,00,1,2,01,A01
201200032944,0,07,000,00,0,3,10,A01
201200032944,0,31,000,00,0,2,17,B01
201200032945,0,07,000,01,9,8,00,B01
201200032945,0,07,000,00,2,1,01,A01
201200032946,1,07,000,00,2,7,05,A01
201200032946,0,07,000,00,2,7,00,B01
201200032947,1,07,000,00,0,0,00,A01
201200032947,0,30,000,00,0,0,00,B01
201200032948,0,07,000,00,0,7,15,B01
201200032948,0,07,000,00,0,1,00,A01
201200032949,0,30,000,00,0,0,02,A01
201200032950,0,10,000,00,1,2,01,A01
201200032950,0,01,000,00,2,3,00,B01
201200032951,0,33,000,00,2,1,01,B01
201200032951,0,07,000,00,2,1,13,A01
201200032952,0,07,000,00,0,4,02,B01
201200032952,0,07,000,00,2,1,02,A01
201200032953,0,07,000,00,1,3,01,A01
201200032954,0,07,000,01,2,3,17,A01
201200032954,0,30,000,00,2,1,01,B01
201200032955,0,07,000,00,1,1,00,A01
201200032956,0,07,000,00,1,2,01,A01
201200032957,0,07,000,00,2,1,15,A01
201200032957,0,30,000,00,2,1,01,B01
201200032958,0,07,000,00,2,8,01,A01
201200032958,0,01,000,00,2,4,01,B01
201200032959,0,33,000,14,0,0,13,A01
201200032960,0,07,000,00,1,4,00,A01
201200032961,0,07,000,01,1,3,00,B01
201200032961,0,07,000,00,1,2,02,A01
201200032962,0,01,000,00,2,7,00,B01
201200032962,0,07,000,00,2,1,00,A01
201200032963,0,07,000,00,0,2,01,A01
201200032964,0,07,000,00,2,1,01,A01
201200032964,0,14,000,00,0,4,00,B01
201200032965,0,07,000,00,2,8,01,B01
201200032965,0,07,000,00,2,3,01,A01
201200032966,0,07,000,00,0,2,13,A01
201200032966,0,01,000,00,2,8,01,B01
201200032967,0,07,000,00,2,2,01,A01
201200032967,0,10,000,02,2,8,01,B01
201200032968,0,30,000,00,2,1,01,A01
201200032968,0,07,000,00,0,4,23,B01
201200032968,0,30,000,00,0,2,02,C01
201200032969,0,10,000,00,1,3,15,A01
201200032970,1,07,000,00,1,4,04,Z01
201200032971,0,02,000,00,0,0,02,A01
201200032972,0,07,000,00,2,1,01,A01
201200032972,0,07,000,00,2,2,01,B01
201200032973,0,07,000,00,0,2,15,A01
201200032973,0,07,000,00,0,7,01,B01
201200032974,0,07,000,00,0,3,01,B01
201200032974,0,07,000,00,0,0,00,A01
201200032975,0,13,000,00,2,2,01,A01
201200032975,0,07,000,00,2,3,15,B01
201200032976,0,07,000,00,2,3,01,A01
201200032976,0,07,000,00,2,1,15,B01
201200032977,0,07,000,06,0,1,02,A01
201200032978,0,15,000,00,0,6,04,A01
201200032978,0,31,000,00,2,1,00,B01
201200032979,0,07,000,00,1,1,01,A01
201200032980,0,07,000,00,1,3,02,A01
201200032981,0,07,000,00,1,3,02,A01
201200032982,0,07,000,00,1,1,00,A01
201200032983,0,07,000,01,0,1,14,A01
201200032984,0,07,000,00,0,3,00,B01
201200032984,0,30,000,00,0,1,00,A01
201200032985,0,07,000,00,1,1,01,A01
201200032986,0,07,000,00,1,1,13,A01
201200032987,0,07,000,00,1,1,02,A01
201200032988,0,07,000,00,2,1,02,A01
201200032988,0,07,000,00,2,4,02,B01
201200032989,0,07,000,00,2,4,02,B01
201200032989,0,07,000,00,2,1,01,A01
201200032990,0,07,000,00,2,1,24,B01
201200032990,0,07,000,01,0,6,04,A01
201200032991,0,31,000,00,2,7,00,A01
201200032991,1,07,000,00,2,3,00,Z01
201200032992,0,07,000,00,2,1,15,A01
201200032992,0,07,000,01,2,1,01,B01
201200032993,0,07,000,00,2,1,01,B01
201200032993,0,07,000,00,2,1,15,A01
201200032994,0,02,000,00,2,3,01,B01
201200032994,0,07,000,00,2,2,15,A01
201200032995,0,07,000,00,0,5,01,B01
201200032995,0,30,000,00,2,1,01,A01
201200032996,0,02,000,00,0,0,00,A01
201200032997,1,07,000,00,1,0,00,A01
201200032998,0,07,000,00,1,1,15,A01
201200032999,0,07,000,00,2,2,01,A01
201200032999,0,30,000,00,2,1,15,B01
201200033000,0,07,000,00,2,3,16,B01
201200033000,0,37,004,00,2,1,01,A01
201200033001,0,33,000,00,0,7,21,A01
201200033001,0,07,000,00,2,0,15,B01
201200033002,0,33,000,00,2,3,01,A01
201200033002,0,10,000,00,2,3,11,B01
201200033003,0,07,000,00,2,8,12,A01
201200033003,0,07,000,00,2,7,04,B01
201200033004,0,07,000,00,2,2,00,A01
201200033004,0,01,000,00,2,0,00,B01
201200033005,0,10,000,00,1,8,00,A01
201200033006,0,33,000,13,0,1,17,A01
201200033007,0,33,000,00,2,1,02,B01
201200033007,0,07,000,00,0,8,10,A01
201200033008,0,10,000,00,2,4,04,A01
201200033008,0,30,000,00,2,1,01,B01
201200033009,0,07,000,09,0,2,00,B01
201200033009,0,07,000,00,2,3,16,A01
201200033010,0,07,000,14,0,1,01,A01
201200033011,0,07,000,00,1,2,00,A01
201200033012,0,07,000,00,0,3,15,B01
201200033012,0,07,000,00,2,1,17,A01
201200033013,0,30,000,00,2,0,02,A01
201200033013,0,07,000,00,0,4,02,B01
201200033014,0,07,000,00,0,0,00,A01
201200033014,0,07,000,00,0,0,00,B01
201200033015,0,33,000,00,2,1,03,A01
201200033015,0,07,000,00,2,5,11,B01
201200033016,0,07,000,08,0,1,11,A01
201200033017,0,07,000,00,1,3,01,A01
201200033018,0,02,000,00,2,2,00,A01
201200033018,1,07,000,00,0,0,00,Z01
201200033019,0,02,000,00,2,1,01,A01
201200033019,1,07,000,00,0,0,00,Z01
201200033020,0,07,000,00,2,2,16,B01
201200033020,1,33,000,00,2,1,01,A01
201200033021,0,02,000,00,0,0,00,B01
201200033021,0,07,000,00,0,0,00,A01
201200033022,0,07,000,00,2,1,02,A01
201200033022,0,07,000,00,2,4,15,B01
201200033022,0,07,000,00,2,3,01,C01
201200033023,0,07,000,00,1,4,00,B01
201200033023,0,07,000,00,0,1,00,A01
201200033024,0,07,000,00,1,2,00,A01
201200033025,0,07,000,00,1,1,01,A01
201200033026,0,30,000,00,2,2,01,B01
201200033026,0,07,000,00,2,3,15,A01
201200033027,0,07,000,00,2,1,02,A01
201200033027,0,07,000,00,0,4,02,B01
201200033028,0,30,000,00,2,7,17,A01
201200033028,0,07,000,00,2,8,15,B01
201200033029,0,07,000,00,2,4,01,B01
201200033029,0,07,000,00,2,1,01,A01
201200033030,0,32,000,00,2,8,01,B01
201200033030,0,07,000,00,2,1,11,A01
201200033031,0,03,000,00,1,1,19,A01
201200033032,0,07,000,00,2,2,01,A01
201200033032,0,07,000,00,2,3,01,B01
201200033033,0,02,000,12,0,1,01,A01
201200033034,0,07,000,00,2,8,01,B01
201200033034,0,07,000,00,2,3,11,A01
201200033035,0,07,000,00,1,2,01,A01
201200033036,0,07,000,00,0,2,00,A01
201200033036,0,33,000,00,0,0,00,B01
201200033037,0,30,000,00,2,8,00,A01
201200033037,0,07,000,00,2,1,02,B01
201200033038,0,01,000,00,9,8,01,A01
201200033038,0,01,000,00,9,7,17,B01
201200033039,1,07,000,00,1,1,01,Z01
201200033040,0,07,000,00,2,3,10,A01
201200033040,0,07,000,00,2,1,01,B01
201200033041,0,07,000,00,2,1,23,C01
201200033041,0,07,000,00,2,3,15,B01
201200033041,0,07,000,00,2,3,02,A01
201200033042,0,10,000,00,2,1,01,B01
201200033042,0,07,000,00,2,7,15,A01
201200033043,0,07,000,00,2,1,00,B01
201200033043,0,07,000,00,2,2,15,A01
201200033044,0,07,000,00,2,2,02,A01
201200033044,0,01,000,00,2,8,02,B01
201200033045,0,07,000,06,0,3,00,A01
201200033046,0,01,000,00,2,1,05,A01
201200033046,0,31,000,00,2,1,01,B01
201200033047,0,30,000,00,2,1,13,B01
201200033047,0,07,000,00,2,1,02,A01
201200033048,0,07,000,00,0,1,02,A01
201200033048,0,07,000,00,0,4,02,B01
201200033049,0,14,000,00,2,8,15,B01
201200033049,0,02,000,00,2,1,17,A01
201200033050,0,07,000,00,2,3,00,A01
201200033050,0,30,000,00,2,1,05,B01
201200033051,0,07,000,00,2,7,02,A01
201200033051,0,30,000,00,2,2,01,B01
201200033052,1,07,000,00,0,0,00,Z01
201200033052,0,33,000,00,2,1,01,A01
201200033053,0,07,000,13,0,1,01,A01
201200033054,0,33,000,00,0,8,02,A01
201200033054,1,07,000,00,0,0,00,Z01
201200033055,0,37,000,00,2,6,00,B01
201200033055,0,07,000,01,0,1,01,A01
201200033056,0,07,000,00,0,3,00,B01
201200033056,0,07,000,01,0,2,09,A01
201200033057,0,07,000,00,2,1,00,B01
201200033057,0,20,000,00,2,7,10,A01
201200033058,0,30,000,00,0,1,02,A01
201200033059,0,07,000,00,2,3,05,A01
201200033059,0,07,000,00,2,6,00,B01
201200033060,0,07,000,00,2,5,15,A01
201200033060,0,02,000,00,2,1,01,B01
201200033061,0,07,000,00,0,6,15,A01
201200033061,0,33,000,00,2,2,17,B01
201200033062,0,10,000,00,2,3,01,B01
201200033062,0,07,000,15,2,6,19,A01
201200033063,0,02,000,00,2,1,02,B01
201200033063,0,07,000,00,9,8,02,A01
201200033064,0,02,000,00,2,8,00,B01
201200033064,0,07,000,00,2,2,16,A01
201200033065,0,07,000,00,1,1,15,A01
201200033066,0,33,000,00,1,7,01,A01
201200033067,0,01,000,00,2,0,15,B01
201200033067,0,07,000,00,2,5,00,A01
201200033068,0,07,000,00,2,2,15,A01
201200033068,0,02,000,00,2,1,01,B01
201200033069,0,07,000,00,2,7,15,A01
201200033069,0,02,000,00,2,1,17,B01
201200033070,0,34,000,12,0,1,00,A01
201200033071,0,02,000,01,0,4,01,A01
201200033072,0,07,000,00,2,3,02,B01
201200033072,0,07,000,00,2,1,02,A01
201200033073,0,10,000,00,1,4,04,A01
201200033074,0,07,000,00,2,2,01,A01
201200033074,0,01,000,00,2,1,01,B01
201200033075,0,10,000,00,2,3,15,A01
201200033075,0,02,000,00,2,8,01,B01
201200033076,0,07,000,00,1,0,01,A01
201200033077,0,07,000,00,0,1,01,A01
201200033078,0,07,000,00,2,4,02,C01
201200033078,0,07,000,00,2,1,24,B01
201200033078,0,37,004,00,2,4,24,E01
201200033078,0,15,000,00,2,1,02,A01
201200033078,0,07,000,00,2,4,02,D01
201200033079,1,07,000,00,0,0,00,Z01
201200033079,0,33,000,00,0,8,09,A01
201200033080,0,07,000,08,2,6,15,A01
201200033080,0,07,000,00,2,1,01,B01
201200033081,0,07,000,00,2,1,01,A01
201200033081,0,07,000,00,2,8,01,B01
201200033082,0,07,000,00,1,1,00,A01
201200033083,0,37,015,00,0,2,07,A01
201200033084,0,07,000,00,2,4,23,B01
201200033084,0,30,000,00,2,1,01,A01
201200033085,0,07,000,00,2,1,00,A01
201200033085,0,07,000,00,2,8,00,B01
201200033085,0,15,000,00,2,6,00,C01
201200033086,0,07,000,00,2,3,15,A01
201200033086,0,30,000,00,2,1,02,B01
201200033087,0,10,000,00,2,8,15,A01
201200033087,0,07,000,00,2,1,02,B01
201200033088,0,07,000,00,1,2,01,A01
201200033089,1,07,000,00,1,2,00,A01
201200033090,0,30,000,00,2,1,01,A01
201200033090,0,07,000,00,2,3,10,B01
201200033091,0,07,000,00,2,2,01,B01
201200033091,0,02,000,00,2,3,01,A01
201200033092,0,07,000,00,2,1,01,A01
201200033092,0,33,000,00,2,7,01,B01
201200033093,0,02,000,00,2,8,00,A01
201200033093,0,07,000,00,2,2,01,B01
201200033094,0,07,000,00,0,1,00,A01
201200033094,0,07,000,00,0,2,00,B01
201200033095,0,07,000,00,1,3,00,A01
201200033096,0,07,000,00,0,1,11,A01
201200033097,0,07,000,00,0,0,00,B01
201200033097,0,30,000,00,0,2,21,A01
201200033098,0,07,000,00,2,3,09,A01
201200033098,0,02,000,00,2,1,02,B01
201200033099,0,07,000,00,2,2,15,A01
201200033099,0,01,000,00,2,1,01,B01
201200033100,0,02,000,00,2,1,19,B01
201200033100,0,07,000,00,2,5,13,A01
201200033101,0,07,000,01,2,8,00,B01
201200033101,0,07,000,00,2,2,00,A01
201200033102,0,07,000,00,2,2,16,A01
201200033102,0,30,000,00,2,1,01,B01
201200033103,0,07,000,00,0,3,15,A01
201200033103,0,07,000,00,0,3,01,B01
201200033104,0,07,000,00,2,7,19,A01
201200033104,0,07,000,00,2,1,19,B01
201200033105,1,30,000,00,2,3,01,B01
201200033105,1,07,000,00,2,0,02,Z01
201200033106,0,33,000,00,0,1,00,A01
201200033107,0,07,000,00,1,2,15,A01
201200033108,0,07,000,00,1,1,15,A01
201200033109,0,07,000,01,2,1,01,B01
201200033109,0,07,000,00,2,7,15,A01
201200033110,0,07,000,00,2,4,02,E01
201200033110,0,10,000,00,2,1,02,A01
201200033110,0,07,000,00,2,4,02,D01
201200033110,0,07,000,00,2,4,02,C01
201200033110,0,07,000,00,2,4,02,B01