Num_Acc,senc,catv,occutc,obs,obsm,choc,manv,num_veh
201200033497,0,14,000,00,2,1,02,A01
201200033497,0,07,000,16,2,4,02,B01
201200033498,0,07,000,00,2,1,01,B01
201200033498,0,30,000,00,0,4,16,A01
201200033499,0,07,000,00,9,2,01,B01
201200033499,0,01,000,00,2,8,15,A01
201200033500,0,07,000,00,1,1,01,A01
201200033501,0,07,000,00,1,2,11,A01
201200033502,0,07,000,15,0,1,13,A01
201200033503,0,07,000,06,0,1,02,A01
201200033504,0,07,000,00,2,1,01,B01
201200033504,0,07,000,00,2,8,01,A01
201200033505,0,07,000,00,2,1,17,A01
201200033505,0,07,000,00,0,4,15,B01
201200033506,0,07,000,13,0,1,01,A01
201200033507,0,33,000,15,0,1,01,A01
201200033508,0,02,000,00,2,1,01,B01
201200033508,0,07,000,00,2,7,01,A01
201200033509,0,34,000,00,2,1,16,B01
201200033509,0,07,000,00,2,6,15,A01
201200033510,0,30,000,00,2,1,09,A01
201200033510,0,07,000,00,2,7,01,B01
201200033511,0,10,000,06,0,1,14,A01
201200033512,0,33,000,07,0,0,01,A01
201200033513,0,03,000,00,2,7,01,A01
201200033513,0,07,000,00,2,3,20,B01
201200033514,0,07,000,00,1,2,01,A01
201200033515,0,33,000,00,0,0,00,A01
201200033516,0,07,000,00,1,0,09,A01
201200033517,0,07,000,06,0,1,21,A01
201200033518,0,10,000,00,2,1,01,A01
201200033518,0,01,000,00,2,4,01,B01
201200033519,0,07,000,00,1,2,15,A01
201200033520,0,07,000,00,2,2,15,A01
201200033520,0,02,000,00,2,1,01,B01
201200033521,0,07,000,00,2,1,01,B01
201200033521,0,37,001,00,2,1,13,A01
201200033522,0,07,000,00,2,1,01,B01
201200033522,0,07,000,00,2,1,01,A01
201200033523,0,07,000,00,0,4,02,B01
201200033523,1,07,000,00,2,1,02,A01
201200033524,2,07,000,00,1,3,00,A01
201200033525,1,07,000,00,1,1,01,Z01
201200033526,0,07,000,00,1,2,00,A01
201200033527,0,07,000,00,1,3,01,A01
201200033528,0,02,000,00,2,3,16,A01
201200033528,0,07,000,00,2,8,01,B01
201200033529,1,07,000,00,1,1,01,Z01
201200033530,0,07,000,00,0,5,01,B01
201200033530,0,33,000,00,2,1,01,A01
201200033531,0,07,000,00,2,1,00,A01
201200033531,0,07,000,00,2,3,00,B01
201200033532,0,07,000,00,9,7,16,A01
201200033532,0,32,000,00,2,8,00,B01
201200033533,0,07,000,00,2,3,11,A01
201200033533,0,07,000,00,2,3,00,B01
201200033534,0,07,000,00,1,8,21,A01
201200033535,0,07,000,00,1,2,01,A01
201200033536,0,07,000,00,1,0,00,A01
201200033537,0,33,000,00,5,0,21,A01
201200033538,0,07,000,00,2,1,13,A01
201200033538,0,07,000,00,2,1,01,B01
201200033539,2,07,000,00,1,1,11,A01
201200033540,0,07,000,00,2,2,10,A01
201200033540,0,33,000,00,2,1,01,B01
201200033541,0,07,000,00,1,1,00,A01
201200033542,1,07,000,00,1,3,01,Z01
201200033543,0,07,000,00,1,2,11,A01
201200033544,0,07,000,00,1,2,01,A01
201200033545,0,07,000,00,1,1,09,A01
201200033546,0,07,000,00,1,2,01,A01
201200033547,0,07,000,00,2,7,15,A01
201200033547,0,33,000,00,2,1,00,B01
201200033548,0,07,000,00,1,2,15,A01
201200033549,0,33,000,00,1,1,13,A01
201200033550,0,07,000,00,1,1,02,A01
201200033551,0,30,000,01,0,1,01,B01
201200033552,0,01,000,00,2,2,00,A01
201200033552,0,07,000,00,1,2,01,B01
201200033553,0,10,000,00,0,7,05,A01
201200033553,0,07,000,00,2,3,01,B01
201200033554,0,33,000,00,1,1,17,A01
201200033555,0,07,000,00,0,7,15,A01
201200033555,0,30,000,00,2,1,01,B01
201200033556,0,02,000,00,2,4,02,A01
201200033556,0,10,000,00,0,4,23,B01
201200033557,0,07,000,00,2,6,13,A01
201200033557,0,33,000,00,2,1,01,B01
201200033558,0,07,000,00,2,8,01,B01
201200033558,0,07,000,00,2,1,01,D01
201200033558,0,07,000,00,0,1,13,A01
201200033558,0,07,000,00,2,8,01,C01
201200033559,0,07,000,00,1,2,01,A01
201200033560,0,07,000,00,2,1,01,B01
201200033560,0,07,000,00,2,1,11,A01
201200033561,1,07,000,00,1,2,01,Z01
201200033562,0,10,000,00,9,2,15,A01
201200033562,0,01,000,00,2,1,01,B01
201200033563,0,10,000,00,0,9,01,A01
201200033564,0,07,000,00,1,3,01,A01
201200033565,0,02,000,00,2,1,02,B01
201200033565,0,07,000,00,0,3,15,A01
201200033566,0,07,000,00,9,3,09,B01
201200033566,0,31,000,00,0,0,01,A01
201200033567,0,01,000,00,2,1,01,B01
201200033567,0,07,000,00,2,8,22,A01
201200033568,0,07,000,00,1,3,00,A01
201200033569,0,07,000,00,0,1,23,B01
201200033569,0,07,000,14,0,4,04,A01
201200033570,0,07,000,00,2,3,09,A01
201200033570,0,01,000,00,2,1,01,B01
201200033571,1,07,000,00,1,0,00,Z01
201200033572,1,07,000,00,2,3,01,Z01
201200033572,0,01,000,00,2,1,01,A01
201200033573,0,10,000,00,1,1,01,A01
201200033574,0,07,000,00,1,3,01,A01
201200033575,0,33,000,00,2,1,01,A01
201200033575,0,07,000,00,2,6,19,B01
201200033576,0,07,000,00,2,1,01,A01
201200033576,0,07,000,00,2,3,19,B01
201200033577,1,02,000,00,2,0,00,Z01
201200033577,0,02,000,01,2,0,00,A01
201200033578,0,07,000,00,1,3,01,A01
201200033579,0,07,000,00,1,2,01,A01
201200033580,0,02,000,00,2,1,01,B01
201200033580,0,07,000,00,2,3,13,A01
201200033581,0,07,000,00,1,1,01,A01
201200033582,0,02,000,00,2,1,01,B01
201200033582,0,07,000,00,2,3,09,A01
201200033583,0,07,000,00,2,8,01,B01
201200033583,0,07,000,00,2,1,13,A01
201200033583,0,07,000,00,2,1,01,C01
201200033584,0,07,000,00,1,2,01,A01
201200033585,0,07,000,00,2,3,09,A01
201200033585,0,07,000,00,2,1,01,B01
201200033586,0,07,000,00,2,2,15,A01
201200033586,0,07,000,00,2,1,01,B01
201200033587,0,07,000,00,1,1,00,A01
201200033588,0,01,000,00,2,7,05,A01
201200033588,0,10,000,00,2,1,01,B01
201200033589,0,15,000,03,0,0,14,A01
201200033590,0,33,000,00,2,0,17,B01
201200033590,0,10,000,00,2,6,15,A01
201200033591,0,10,000,08,0,1,14,A01
201200033592,0,01,000,00,2,1,05,A01
201200033592,0,07,000,00,2,8,23,C01
201200033592,0,30,000,00,2,7,01,B01
201200033593,0,07,000,00,2,3,01,B01
201200033593,0,07,000,00,2,5,01,A01
201200033594,0,07,000,00,1,0,01,A01
201200033595,0,33,000,00,2,2,23,B01
201200033595,0,15,000,00,2,4,04,A01
201200033596,0,07,000,00,2,3,17,A01
201200033596,0,02,000,00,2,1,01,B01
201200033597,0,07,000,06,0,1,00,A01
201200033598,0,07,000,00,2,2,15,A01
201200033598,0,02,000,00,2,1,01,B01
201200033599,0,07,000,00,2,1,01,A01
201200033599,0,10,000,00,2,7,01,B01
201200033600,0,07,000,00,1,7,01,A01
201200033601,0,07,000,00,2,3,00,A01
201200033601,0,02,000,00,2,1,00,B01
201200033602,0,07,000,00,1,1,09,A01
201200033603,0,37,001,00,2,2,00,A01
201200033603,0,01,000,00,2,0,00,B01
201200033604,0,07,000,00,2,8,01,C01
201200033604,0,07,000,00,2,8,01,B01
201200033604,1,07,000,00,2,0,00,Z01
201200033604,0,07,000,00,2,8,01,A01
201200033605,0,99,000,00,2,1,01,A01
201200033605,0,07,000,00,2,8,01,B01
201200033606,0,07,000,00,2,2,09,A01
201200033606,0,30,000,00,2,1,01,B01
201200033607,0,01,000,00,2,0,21,B01
201200033607,0,07,000,00,2,7,17,A01
201200033608,0,07,000,00,2,8,01,A01
201200033608,0,02,000,00,2,6,01,B01
201200033609,0,07,000,00,1,1,01,A01
201200033610,1,07,000,00,1,0,01,Z01
201200033611,0,07,000,00,2,1,09,B01
201200033611,0,31,000,00,2,2,01,A01
201200033612,0,07,000,00,2,3,15,B01
201200033612,0,30,000,00,2,0,17,A01
201200033613,0,07,000,00,2,1,01,A01
201200033613,0,30,000,00,2,5,01,B01
201200033614,0,33,000,00,2,2,17,A01
201200033614,0,07,000,00,2,3,15,B01
201200033615,0,14,000,00,2,4,01,B01
201200033615,0,07,000,00,2,1,01,A01
201200033616,0,07,000,00,1,3,01,A01
201200033617,0,15,000,03,0,6,01,A01
201200033618,0,15,000,03,0,0,00,A01
201200033619,0,07,000,00,1,3,16,A01
201200033620,0,07,000,00,2,8,15,B01
201200033620,0,33,000,00,2,1,17,A01
201200033621,0,07,000,00,1,1,01,A01
201200033622,0,01,000,00,0,1,01,B01
201200033622,0,07,000,00,2,6,01,A01
201200033623,0,07,000,00,2,8,01,A01
201200033623,0,30,000,00,0,1,01,B01
201200033624,1,15,000,00,0,0,00,A01
201200033624,0,01,000,00,0,3,00,B01
201200033625,0,07,000,14,0,2,01,A01
201200033626,0,10,000,00,2,2,01,B01
201200033626,0,31,000,00,2,1,00,A01
201200033627,1,17,000,00,2,0,00,Z01
201200033627,0,07,000,00,2,1,23,A01
201200033628,0,07,000,00,1,3,01,A01
201200033629,0,07,000,00,1,1,19,A01
201200033630,0,07,000,00,2,2,01,A01
201200033630,0,99,000,00,2,3,01,B01
201200033631,0,30,000,00,2,1,00,A01
201200033631,0,07,000,00,2,3,00,B01
201200033632,0,07,000,00,1,3,01,A01
201200033633,0,07,000,00,2,2,01,B01
201200033633,0,01,000,00,2,1,19,A01
201200033634,0,07,000,00,1,2,01,A01
201200033635,0,30,000,00,0,0,00,A01
201200033635,1,07,000,00,0,0,00,Z01
201200033636,0,07,000,00,2,1,01,A01
201200033636,0,07,000,00,2,1,01,B01
201200033637,0,30,000,06,0,1,00,A01
201200033638,0,07,000,00,0,4,01,A01
201200033638,0,07,000,00,2,4,01,B01
201200033639,0,07,000,00,1,2,16,A01
201200033640,0,07,000,00,1,1,00,A01
201200033641,0,07,000,00,2,1,01,B01
201200033641,0,07,000,00,2,1,13,A01
201200033642,0,07,000,00,1,5,01,A01
201200033643,0,07,000,00,1,1,01,A01
201200033643,0,03,000,00,2,3,01,B01
201200033643,0,07,000,00,0,3,01,C01
201200033644,0,07,000,00,1,1,01,A01
201200033645,0,07,000,00,2,3,15,A01
201200033645,0,30,000,00,2,1,01,B01
201200033646,0,07,000,00,1,3,01,A01
201200033646,0,07,000,00,1,1,01,B01
201200033647,0,07,000,00,2,3,00,B01
201200033647,0,07,000,00,2,8,01,A01
201200033648,0,07,000,00,1,3,01,A01
201200033649,0,07,000,00,2,1,15,A01
201200033649,0,01,000,00,2,1,01,B01
201200033650,0,02,000,00,0,0,01,A01
201200033651,0,02,000,09,0,1,14,A01
201200033652,0,07,000,00,1,1,01,A01
201200033653,1,03,000,00,1,1,13,A01
201200033654,0,17,000,01,2,1,16,B01
201200033654,0,33,000,00,2,1,01,A01
201200033655,1,02,000,00,0,0,00,A01
201200033656,0,33,000,00,2,1,01,B01
201200033656,0,07,000,00,2,3,09,A01
201200033657,0,07,000,00,2,1,01,B01
201200033657,0,07,000,00,0,2,01,C01
201200033657,0,33,000,00,2,1,17,A01
201200033658,0,14,000,00,2,1,01,A01
201200033658,0,07,000,00,2,3,16,B01
201200033659,0,35,000,12,0,1,01,A01
201200033660,0,03,000,00,2,1,11,A01
201200033660,0,07,000,00,2,1,01,B01
201200033661,0,07,000,00,1,1,01,A01
201200033662,0,30,000,00,2,7,00,A01
201200033662,0,07,000,00,2,0,01,B01
201200033663,0,07,000,00,2,1,00,A01
201200033663,0,30,000,00,2,1,00,B01
201200033664,0,03,000,00,2,1,01,A01
201200033664,0,10,000,00,2,4,01,B01
201200033665,0,07,000,00,2,1,01,A01
201200033665,0,03,000,00,2,4,01,B01
201200033666,0,21,000,00,2,1,00,A01
201200033666,0,30,000,00,2,1,01,B01
201200033667,0,17,000,00,2,1,01,B01
201200033667,0,07,000,00,2,8,00,A01
201200033668,0,33,000,00,2,1,05,A01
201200033668,0,07,000,00,2,1,01,B01
201200033669,0,30,000,01,9,1,11,A01
201200033669,0,01,000,00,2,1,01,B01
201200033670,0,07,000,00,1,3,15,A01
201200033671,1,07,000,00,1,1,01,Z01
201200033672,0,07,000,00,2,1,15,A01
201200033672,0,33,000,00,2,7,01,B01
201200033673,0,07,000,00,2,2,15,A01
201200033673,0,30,000,00,2,7,01,B01
201200033674,0,07,000,00,2,7,10,A01
201200033674,0,30,000,00,2,1,01,B01
201200033675,0,07,000,00,2,6,15,A01
201200033675,0,30,000,00,2,1,01,B01
201200033676,0,07,000,00,2,3,17,A01
201200033676,0,01,000,00,2,1,01,B01
201200033677,1,07,000,00,1,1,01,Z01
201200033678,0,10,000,00,2,6,09,A01
201200033678,0,07,000,00,2,6,23,C01
201200033678,0,07,000,00,2,2,09,B01
201200033679,0,07,000,00,1,1,01,A01
201200033680,0,07,000,00,2,6,15,B01
201200033680,0,31,000,00,2,1,13,A01
201200033681,0,07,000,00,0,0,01,C01
201200033681,0,07,000,00,2,7,01,A01
201200033681,0,01,000,00,2,0,13,B01
201200033682,0,02,000,00,2,1,16,A01
201200033682,0,07,000,00,2,6,01,B01
201200033683,0,07,000,00,2,2,01,B01
201200033683,0,07,000,00,2,1,16,A01
201200033684,0,32,000,00,0,3,01,B01
201200033684,0,10,000,00,2,3,09,A01
201200033685,0,07,000,00,1,1,01,A01
201200033686,0,02,000,12,0,1,14,A01
201200033687,0,07,000,00,1,1,15,A01
201200033688,0,34,000,00,2,1,01,B01
201200033688,0,07,000,00,2,3,15,A01
201200033689,0,07,000,00,1,1,01,A01
201200033690,0,07,000,02,0,8,14,A01
201200033691,0,07,000,00,1,1,01,A01
201200033692,0,02,000,00,2,1,17,B01
201200033692,0,07,000,00,2,8,15,A01
201200033693,0,07,000,00,2,3,01,B01
201200033693,0,07,000,00,2,3,13,A01
201200033694,0,07,000,00,2,2,01,B01
201200033694,0,07,000,00,2,1,09,A01
201200033695,0,07,000,01,0,1,14,A01
201200033696,0,07,000,00,2,3,01,B01
201200033696,0,07,000,00,0,3,01,A01
201200033697,0,07,000,00,2,1,02,A01
201200033697,0,02,000,00,2,4,15,B01
201200033698,0,07,000,00,1,1,01,A01
201200033699,0,07,000,07,0,1,16,A01
201200033700,0,07,000,00,1,1,01,A01
201200033701,0,07,000,00,0,4,16,B01
201200033701,0,07,000,00,2,1,16,A01
201200033702,1,07,000,00,2,0,00,A01
201200033702,0,03,000,00,2,1,23,B01
201200033703,0,07,000,00,2,2,01,A01
201200033703,0,07,000,00,1,3,16,B01
201200033704,0,07,000,00,2,4,02,A01
201200033704,0,07,000,00,2,1,02,B01
201200033705,0,07,000,00,1,1,01,A01
201200033706,0,10,000,00,9,3,09,A01
201200033706,0,30,000,00,2,1,01,B01
201200033707,0,07,000,00,2,1,01,B01
201200033707,0,07,000,00,2,8,15,A01
201200033708,0,07,000,00,0,4,02,B01
201200033708,0,07,000,00,2,2,02,A01
201200033709,0,33,000,00,1,1,01,A01
201200033710,0,07,000,00,9,3,10,A01
201200033710,0,30,000,00,2,1,01,B01
201200033711,0,33,000,00,2,1,21,B01
201200033711,0,07,000,00,9,8,20,A01
201200033712,0,07,000,00,1,2,01,A01
201200033713,0,07,000,00,2,1,02,A01
201200033713,0,07,000,00,2,4,16,B01
201200033714,0,07,000,00,2,6,02,B01
201200033714,0,07,000,00,0,0,19,C01
201200033714,0,02,000,00,2,1,02,A01
201200033715,0,07,000,00,1,2,01,A01
201200033716,0,33,000,15,0,1,01,A01
201200033717,0,02,000,00,2,1,01,A01
201200033717,0,07,000,00,9,3,01,B01
201200033718,0,35,000,00,1,3,15,A01
201200033719,0,10,000,00,2,3,13,A01
201200033719,0,33,000,00,2,1,01,B01
201200033720,0,07,000,00,1,1,02,A01
201200033721,0,07,000,00,0,8,01,B01
201200033721,0,07,000,00,2,1,19,A01
201200033722,0,07,000,00,0,4,23,A01
201200033722,0,07,000,00,2,4,02,B01
201200033722,0,07,000,00,2,1,02,C01
201200033723,0,07,000,00,9,3,23,C01
201200033723,0,33,000,00,2,4,23,B01
201200033723,0,07,000,00,9,1,02,A01
201200033724,0,07,000,00,1,2,01,A01
201200033725,0,02,000,12,0,1,14,A01
201200033726,0,07,000,00,9,1,01,A01
201200033726,0,37,001,00,2,8,15,B01
201200033727,0,33,000,06,0,1,00,A01
201200033728,0,10,000,00,1,1,01,A01
201200033729,0,33,000,00,2,7,01,B01
201200033729,0,07,000,00,2,1,15,A01
201200033730,0,30,000,01,0,0,00,A01
201200033731,0,37,004,00,9,3,15,A01
201200033731,0,33,000,00,2,1,01,B01
201200033732,0,33,000,00,2,1,01,B01
201200033732,0,07,000,00,2,3,15,A01
201200033733,0,07,000,14,0,0,01,A01
201200033734,0,02,000,00,2,1,19,B01
201200033734,0,07,000,00,2,2,19,A01
201200033735,0,36,000,00,9,1,02,A01
201200033735,0,01,000,00,9,4,01,B01
201200033736,0,07,000,00,1,2,01,A01
201200033737,0,01,000,00,2,1,19,A01
201200033737,0,07,000,00,9,2,15,B01
201200033738,0,10,000,00,9,2,15,A01
201200033738,0,02,000,00,2,8,01,B01
201200033739,0,07,000,06,0,1,00,A01
201200033740,1,07,000,00,2,1,10,A01
201200033740,0,02,000,00,2,3,01,B01
201200033741,0,07,000,00,2,8,19,A01
201200033741,0,01,000,00,2,1,16,B01
201200033742,0,07,000,00,1,1,01,A01
201200033743,0,10,000,00,1,0,01,A01
201200033744,0,10,000,00,2,2,16,A01
201200033744,0,02,000,00,2,1,01,B01
201200033745,0,07,000,00,2,1,23,B01
201200033745,0,07,000,00,2,2,02,A01
201200033746,0,07,000,00,2,3,15,B01
201200033746,0,07,000,00,2,1,01,A01
201200033747,0,07,000,00,9,2,01,B01
201200033747,0,30,000,00,2,1,15,A01
201200033748,0,07,000,00,2,3,19,B01
201200033748,0,07,000,00,2,1,19,A01
201200033749,0,07,000,00,2,1,17,A01
201200033749,0,07,000,00,2,1,01,B01
201200033750,0,07,000,00,9,3,16,B01
201200033750,0,30,000,00,2,5,16,A01
201200033751,0,10,000,00,9,1,15,A01
201200033751,0,01,000,00,9,6,01,B01
201200033752,0,07,000,00,2,2,17,A01
201200033752,0,07,000,00,2,8,15,B01
201200033753,0,30,000,00,1,1,02,A01
201200033754,0,07,000,00,2,3,01,B01
201200033754,0,07,000,00,2,1,13,A01
201200033755,0,30,000,00,2,7,01,A01
201200033755,0,07,000,00,9,1,01,B01
201200033756,0,30,000,00,2,1,00,A01
201200033757,0,10,000,00,0,0,00,A01
201200033758,0,17,000,00,1,0,00,A01
201200033759,0,07,000,00,2,4,02,B01
201200033759,0,07,000,00,2,1,02,A01
201200033760,0,07,000,00,1,6,00,A01
201200033761,0,07,000,00,1,1,00,A01
201200033762,0,02,000,00,2,4,01,B01
201200033762,0,07,000,00,2,1,01,A01
201200033763,0,33,000,00,2,4,02,B01
201200033763,0,07,000,00,2,1,02,A01
201200033764,0,07,000,00,2,1,01,A01
201200033764,0,07,000,00,2,4,01,B01
201200033765,0,01,000,00,2,1,09,A01
201200033765,0,07,000,00,2,2,01,B01
201200033766,0,33,000,00,2,1,00,A01
201200033766,0,07,000,00,2,3,00,B01
201200033767,0,07,000,00,2,0,00,A01
201200033767,0,31,000,00,2,0,01,B01
201200033768,0,07,000,02,0,9,01,A01
201200033769,0,07,000,00,2,1,00,A01
201200033769,0,07,000,00,2,3,00,B01
201200033770,0,33,000,00,2,1,02,A01
201200033770,0,07,000,00,1,4,02,B01
201200033771,0,01,000,00,2,1,00,A01
201200033771,0,07,000,00,2,3,01,B01
201200033772,0,07,000,00,0,6,02,B01
201200033772,0,02,000,00,0,0,02,A01
201200033773,0,07,000,00,9,0,01,A01
201200033773,0,33,000,00,0,8,19,B01
201200033774,0,07,000,00,2,3,01,B01
201200033774,0,07,000,00,2,1,05,A01
201200033775,0,31,000,06,2,1,01,A01
201200033775,0,07,000,00,2,8,01,B01
201200033776,0,07,000,00,1,2,01,A01
201200033777,0,30,000,00,2,3,15,A01
201200033777,0,33,000,00,2,1,01,B01
201200033778,0,30,000,00,2,0,01,B01
201200033778,1,30,000,00,2,0,01,A01
201200033779,0,07,000,00,1,3,01,A01
201200033780,0,02,000,06,0,1,00,A01
201200033781,1,07,000,00,1,0,20,A01
201200033782,0,07,000,00,2,7,00,A01
201200033782,0,30,000,00,2,8,01,B01
201200033783,0,07,000,00,1,3,01,A01
201200033784,0,07,000,00,2,3,05,A01
201200033784,0,07,000,00,2,3,01,B01
201200033784,0,07,000,00,2,1,01,C01
201200033785,0,07,000,00,1,1,01,A01
201200033786,0,07,000,00,1,0,01,A01
201200033787,0,07,000,00,1,2,01,A01
201200033788,0,30,000,15,0,1,14,A01
201200033789,0,01,000,00,2,1,00,B01
201200033789,0,07,000,00,9,2,11,A01
201200033790,0,07,000,00,0,4,02,B01
201200033790,0,07,000,00,2,1,02,A01
201200033791,0,07,000,15,2,1,02,A01
201200033791,0,07,000,00,0,6,02,B01
201200033792,1,07,000,06,2,1,02,A01
201200033792,0,07,000,06,2,1,02,B01
201200033793,0,07,000,06,0,1,00,A01
201200033794,0,07,000,00,2,2,00,B01
201200033794,0,02,000,00,2,1,05,A01
201200033795,0,02,000,00,9,1,01,A01
201200033795,0,01,000,00,9,3,19,B01
201200033796,0,33,000,00,0,7,06,A01
201200033796,0,10,000,00,9,1,21,B01
201200033797,0,07,000,00,2,1,01,A01
201200033797,0,07,000,00,2,5,10,B01
201200033798,0,07,000,14,0,3,13,B01
201200033798,0,07,000,02,0,8,14,A01
201200033799,0,10,000,00,2,7,02,A01
201200033799,0,01,000,00,2,8,02,B01
201200033800,0,02,000,00,2,8,00,B01
201200033800,0,07,000,00,2,1,23,C01
201200033800,0,07,000,00,2,1,00,A01
201200033801,0,07,000,13,0,1,00,A01
201200033802,0,07,000,00,2,3,10,A01
201200033802,0,33,000,01,2,1,21,B01
201200033803,0,30,000,00,0,0,01,A01
201200033804,0,07,000,00,1,3,01,A01
201200033805,0,33,000,14,0,8,02,A01
201200033806,0,07,000,00,1,1,01,B01
201200033807,0,37,005,00,1,7,06,A01
201200033808,0,02,000,00,2,4,00,A01
201200033808,1,07,000,00,2,1,02,Z01
201200033809,0,07,000,11,0,9,06,A01
201200033810,0,02,000,00,1,1,02,A01
201200033811,0,07,000,00,2,3,24,B01
201200033811,0,01,000,01,0,1,01,A01
201200033812,0,07,000,00,1,2,01,A01
201200033813,0,07,000,00,2,2,15,A01
201200033813,0,07,000,00,2,1,01,B01
201200033814,0,07,000,00,2,1,01,A01
201200033814,0,01,000,00,2,8,19,B01
201200033815,0,01,000,00,2,8,01,B01
201200033815,0,10,000,00,9,2,02,A01
201200033816,0,10,000,00,1,2,01,A01
201200033817,0,07,000,00,2,1,09,A01
201200033817,0,30,000,00,2,1,11,B01
201200033818,0,07,000,00,1,2,01,A01
201200033819,0,02,000,08,0,1,00,A01
201200033820,0,07,000,00,9,3,19,A01
201200033820,0,01,000,00,0,7,19,B01
201200033821,0,07,000,00,0,4,23,B01
201200033821,0,30,000,00,0,1,01,A01
201200033822,0,07,000,00,1,7,01,A01
201200033823,0,07,000,00,2,7,16,A01
201200033823,0,01,000,00,2,0,00,B01
201200033824,1,07,000,00,0,0,15,Z01
201200033824,0,07,000,08,0,1,21,B01
201200033825,0,07,000,00,2,3,09,A01
201200033825,0,01,000,00,2,3,09,B01
201200033826,0,07,000,00,2,3,01,B01
201200033826,0,07,000,00,2,2,01,A01
201200033827,0,07,000,00,2,1,15,A01
201200033827,0,07,000,00,2,1,01,B01
201200033828,0,07,000,00,1,3,15,A01
201200033829,0,07,000,01,0,8,01,B01
201200033829,0,07,000,01,0,7,01,A01
201200033830,0,30,000,00,0,0,01,A01
201200033831,0,07,000,00,1,1,01,A01
201200033832,0,07,000,00,2,6,15,A01
201200033832,0,30,000,00,2,1,01,B01
201200033833,0,31,000,00,2,7,00,B01
201200033833,0,07,000,00,2,6,00,A01
201200033834,0,07,000,00,2,1,01,A01
201200033834,0,07,000,00,2,4,23,B01
201200033835,0,31,000,00,2,7,01,B01
201200033835,0,07,000,00,0,0,01,A01
201200033836,0,07,000,00,2,1,02,A01
201200033836,0,07,000,00,0,4,15,B01
201200033837,0,07,000,00,1,4,04,A01
201200033838,0,07,000,00,2,2,15,A01
201200033838,0,31,000,00,2,1,01,B01
201200033839,0,07,000,00,1,1,01,A01
201200033840,0,07,000,00,2,3,15,A01
201200033840,0,33,000,00,2,1,03,B01
201200033841,0,07,000,00,2,1,01,A01
201200033841,0,07,000,00,2,4,01,B01
201200033842,0,33,000,00,1,2,01,A01
201200033843,0,07,000,00,2,1,01,A01
201200033843,0,07,000,00,0,2,01,B01
201200033844,1,99,000,00,1,0,00,A01
201200033845,0,07,000,00,2,1,02,A01
201200033845,0,07,000,00,2,9,02,B01
201200033845,0,07,000,00,0,0,02,C01
201200033846,0,02,000,00,2,1,01,B01
201200033846,0,07,000,00,2,7,14,A01
201200033847,0,10,000,00,2,3,15,A01
201200033847,0,07,000,00,2,3,01,B01
201200033848,0,02,000,00,2,1,01,A01
201200033848,0,07,000,00,2,1,15,B01
201200033849,0,07,000,00,1,0,15,A01
201200033850,0,07,000,00,2,1,13,A01
201200033850,0,07,000,00,2,1,01,B01
201200033851,0,10,000,00,1,4,04,A01
201200033852,0,33,000,00,0,0,00,A01
201200033853,0,07,000,00,2,1,01,A01
201200033853,0,30,000,00,2,0,00,B01
201200033854,0,07,000,00,0,0,09,A01
201200033854,0,01,000,11,2,1,01,B01
201200033854,0,07,000,00,9,1,23,C01
201200033855,0,07,000,00,0,2,01,A01
201200033855,0,01,000,00,2,1,13,B01
201200033856,0,07,000,00,2,7,16,A01
201200033856,0,01,000,00,2,1,01,B01
201200033857,0,07,000,00,2,7,19,A01
201200033857,0,07,000,00,2,1,01,B01
201200033858,0,33,000,00,2,1,01,A01
201200033858,0,07,000,00,2,3,15,B01
201200033859,0,30,000,00,2,7,00,A01
201200033859,0,07,000,00,2,8,00,B01
201200033860,0,07,000,00,2,4,00,C01
201200033860,0,30,000,00,2,4,01,B01
201200033860,0,07,000,00,2,1,01,A01
201200033860,0,07,000,00,2,4,01,D01
201200033861,0,07,000,01,0,1,14,A01
201200033862,0,30,000,00,1,1,01,A01
201200033863,0,07,000,00,0,4,16,B01
201200033863,0,30,000,00,2,1,01,A01
201200033864,0,07,000,00,0,3,01,B01
201200033864,0,07,000,00,2,1,01,A01
201200033865,0,07,000,00,1,1,00,A01
201200033866,0,07,000,00,2,1,01,A01
201200033866,0,07,000,00,2,4,01,B01
201200033867,0,07,000,00,5,1,01,A01
201200033868,0,07,000,14,0,1,02,A01
201200033868,0,07,000,00,2,4,23,B01
201200033869,0,07,000,00,2,0,00,A01
201200033870,0,07,000,00,2,1,01,A01
201200033870,0,07,000,00,2,4,23,B01
201200033870,0,07,000,00,2,4,23,C01
201200033871,0,07,000,00,0,3,01,B01
201200033871,0,07,000,00,2,3,15,A01
201200033872,0,07,000,00,1,1,01,A01
201200033873,0,07,000,00,1,1,01,A01
201200033874,0,07,000,00,2,2,16,A01
201200033874,0,07,000,00,2,5,01,B01
201200033875,0,07,000,00,1,1,09,A01
201200033876,0,07,000,02,0,1,13,A01
201200033877,0,01,000,00,1,1,01,A01
201200033878,0,07,000,00,1,1,00,A01
201200033879,0,07,000,00,1,3,15,A01
201200033880,0,07,000,00,2,1,13,A01
201200033880,0,07,000,00,2,1,01,B01
201200033881,0,07,000,03,0,1,01,A01
201200033881,0,07,000,00,2,1,01,B01
201200033881,0,07,000,00,0,0,01,C01
201200033882,0,07,000,00,2,1,01,A01
201200033882,0,07,000,00,2,4,01,B01
201200033883,1,99,000,00,9,4,04,Z01