Num_Acc,senc,catv,occutc,obs,obsm,choc,manv,num_veh
201200033884,0,40,001,00,2,0,00,A01
201200033885,0,07,000,00,2,1,01,A01
201200033885,0,07,000,00,2,7,01,B01
201200033886,0,07,000,00,1,8,01,A01
201200033887,0,07,000,00,1,1,15,A01
201200033888,0,07,000,00,2,1,09,A01
201200033888,0,07,000,00,2,1,01,B01
201200033889,0,07,000,00,2,1,01,A01
201200033890,0,07,000,00,1,1,01,A01
201200033891,0,07,000,00,1,4,20,A01
201200033892,0,07,000,00,2,1,01,B01
201200033892,0,07,000,00,2,1,01,A01
201200033893,0,07,000,00,1,1,01,A01
201200033894,0,07,000,15,0,0,01,A01
201200033895,0,07,000,12,0,8,13,A01
201200033896,0,07,000,08,0,1,14,A01
201200033897,0,07,000,00,2,7,15,A01
201200033897,0,07,000,00,2,1,01,B01
201200033898,0,07,000,00,2,3,05,A01
201200033898,0,07,000,00,2,1,00,B01
201200033899,0,07,000,01,2,0,14,A01
201200033899,0,07,000,00,2,8,00,B01
201200033899,0,07,000,00,2,5,01,C01
201200033900,0,07,000,00,2,0,00,A01
201200033900,0,07,000,00,0,0,00,B01
201200033901,0,07,000,00,2,2,15,A01
201200033901,0,07,000,00,2,1,01,B01
201200033902,0,07,000,00,0,0,15,A01
201200033902,0,33,000,00,0,0,21,B01
201200033903,0,07,000,00,1,3,01,A01
201200033904,0,01,000,01,0,1,01,B01
201200033904,0,07,000,00,2,3,22,A01
201200033905,0,10,000,00,2,6,00,A01
201200033905,0,07,000,00,2,2,15,B01
201200033906,0,07,000,00,2,8,01,B01
201200033906,0,07,000,00,2,3,10,A01
201200033907,0,07,000,00,2,3,15,B01
201200033907,0,33,000,01,2,1,17,A01
201200033908,0,10,000,00,0,0,00,A01
201200033908,0,13,000,00,0,0,00,B01
201200033909,0,07,000,00,0,6,15,A01
201200033909,0,33,000,00,0,1,17,B01
201200033910,0,31,000,00,2,1,17,A01
201200033910,0,07,000,00,2,8,15,B01
201200033911,0,07,000,00,1,1,01,A01
201200033912,0,07,000,00,2,1,01,A01
201200033912,0,07,000,00,2,4,01,B01
201200033913,0,07,000,00,1,1,01,A01
201200033914,0,13,000,00,2,1,15,A01
201200033914,0,02,000,00,2,8,01,B01
201200033915,0,07,000,00,0,9,00,A01
201200033916,0,14,000,06,0,1,01,A01
201200033917,0,07,000,00,2,5,01,A01
201200033917,0,07,000,00,2,6,01,B01
201200033917,0,07,000,00,0,4,01,C01
201200033918,0,07,000,00,2,8,15,A01
201200033918,0,34,000,00,2,1,17,B01
201200033919,0,02,000,00,2,1,00,A01
201200033919,0,07,000,00,2,7,00,B01
201200033920,0,01,000,00,1,1,01,A01
201200033921,0,07,000,00,1,1,01,A01
201200033922,0,01,000,00,2,0,00,A01
201200033922,0,07,000,00,1,0,01,B01
201200033923,0,33,000,00,1,1,01,A01
201200033924,0,33,000,00,2,1,01,A01
201200033924,0,07,000,00,0,4,01,B01
201200033925,0,01,000,00,1,1,01,A01
201200033926,0,07,000,05,0,1,01,A01
201200033927,0,07,000,00,2,3,15,A01
201200033927,0,07,000,00,2,2,01,B01
201200033928,0,07,000,00,1,7,01,A01
201200033929,0,07,000,00,2,3,13,A01
201200033929,0,30,000,00,2,7,01,B01
201200033930,0,07,000,00,1,1,01,A01
201200033931,0,07,000,00,1,1,01,A01
201200033932,0,07,000,00,2,2,01,A01
201200033933,0,10,000,00,2,7,15,A01
201200033933,0,07,000,00,2,1,01,B01
201200033934,0,30,000,00,0,8,01,A01
201200033935,0,33,000,00,1,1,00,A01
201200033936,0,07,000,00,2,7,12,A01
201200033936,0,33,000,00,2,1,01,B01
201200033937,0,33,000,00,2,9,01,B01
201200033937,0,07,000,00,2,6,00,C01
201200033937,0,07,000,00,2,2,10,A01
201200033938,0,07,000,00,2,1,01,A01
201200033938,0,07,000,00,2,4,01,B01
201200033939,0,07,000,00,1,4,04,A01
201200033940,0,07,000,15,2,1,01,A01
201200033941,0,07,000,00,1,2,01,A01
201200033942,0,31,000,00,2,1,02,A01
201200033942,0,07,000,00,0,4,02,B01
201200033943,0,07,000,00,2,8,09,A01
201200033943,0,32,000,00,2,2,01,B01
201200033944,0,07,000,00,2,5,16,A01
201200033944,0,01,000,00,2,8,01,B01
201200033945,0,07,000,00,0,1,01,A01
201200033945,0,07,000,00,2,4,23,B01
201200033945,0,07,000,00,2,4,23,C01
201200033946,0,07,000,00,1,0,01,A01
201200033947,0,33,000,00,0,3,15,A01
201200033947,0,32,000,00,2,1,01,B01
201200033948,0,07,000,00,2,2,01,B01
201200033948,0,07,000,00,2,2,01,A01
201200033949,0,34,000,00,2,1,01,A01
201200033949,0,07,000,00,2,1,01,B01
201200033950,0,02,000,14,0,1,01,A01
201200033951,0,33,000,16,0,8,14,A01
201200033952,0,07,000,08,0,1,00,A01
201200033953,0,37,001,00,2,1,01,A01
201200033953,0,07,000,00,2,4,01,B01
201200033954,0,07,000,08,0,1,00,A01
201200033955,0,10,000,00,2,8,11,A01
201200033955,0,07,000,08,2,7,01,B01
201200033956,0,30,000,00,2,1,01,A01
201200033956,0,07,000,00,2,3,01,B01
201200033957,0,07,000,00,9,1,09,A01
201200033957,0,01,000,00,2,0,01,B01
201200033958,0,07,000,00,2,1,00,A01
201200033958,0,02,000,00,2,0,00,B01
201200033959,0,32,000,00,2,2,01,A01
201200033959,0,07,000,00,2,3,15,B01
201200033960,0,33,000,00,2,1,02,A01
201200033960,0,33,000,00,2,1,01,B01
201200033960,0,07,000,00,2,2,01,C01
201200033961,0,30,000,00,2,1,00,A01
201200033961,0,07,000,00,9,3,00,B01
201200033962,0,07,000,00,2,7,01,A01
201200033962,0,07,000,00,2,1,01,B01
201200033963,0,07,000,00,2,6,15,A01
201200033963,0,02,000,00,2,1,17,B01
201200033964,0,33,000,00,2,1,01,B01
201200033964,0,07,000,00,2,7,15,A01
201200033965,0,07,000,00,2,1,01,A01
201200033965,0,07,000,00,2,7,01,B01
201200033965,0,10,000,00,2,8,23,C01
201200033966,0,32,000,00,0,7,14,A01
201200033967,0,07,000,00,1,2,01,A01
201200033968,0,07,000,00,0,0,00,A01
201200033968,0,07,000,00,2,6,00,B01
201200033969,0,07,000,00,2,7,01,A01
201200033969,0,01,000,00,2,1,01,B01
201200033970,1,99,000,00,0,,,Z01
201200033971,0,07,000,00,0,5,01,A01
201200033971,0,33,000,00,2,1,01,B01
201200033972,0,07,000,00,2,3,00,A01
201200033972,0,07,000,00,2,1,01,B01
201200033973,1,07,000,00,2,0,04,Z01
201200033974,0,07,000,06,0,1,13,A01
201200033975,0,07,000,00,2,2,15,A01
201200033975,0,34,000,00,2,1,07,B01
201200033976,0,07,000,00,2,4,04,A01
201200033976,0,07,000,00,2,8,00,B01
201200033977,0,07,000,00,1,4,04,A01
201200033978,0,07,000,00,1,2,01,A01
201200033979,0,07,000,00,0,3,10,A01
201200033979,0,33,000,00,2,1,01,B01
201200033980,0,07,000,00,2,1,01,A01
201200033980,0,07,000,00,0,1,01,B01
201200033981,0,07,000,00,2,7,12,A01
201200033981,0,32,000,00,2,1,01,B01
201200033982,0,07,000,01,0,1,01,A01
201200033982,0,07,000,00,0,1,00,B01
201200033982,0,07,000,00,0,1,00,C01
201200033982,0,07,000,00,0,1,00,D01
201200033983,0,07,000,00,2,2,01,B01
201200033983,0,07,000,00,2,2,15,A01
201200033984,0,01,000,00,0,0,00,B01
201200033984,1,07,000,00,0,0,00,Z01
201200033985,0,07,000,00,2,5,14,A01
201200033985,0,31,000,00,2,1,01,B01
201200033986,0,07,000,00,2,2,15,A01
201200033986,0,31,000,00,2,1,01,B01
201200033986,0,07,000,00,0,3,23,C01
201200033987,0,07,000,00,2,0,00,A01
201200033988,0,07,000,00,1,1,00,A01
201200033989,0,07,000,00,1,1,15,A01
201200033990,0,01,000,00,2,1,01,A01
201200033990,0,07,000,00,2,8,01,B01
201200033991,0,07,000,00,0,5,00,B01
201200033991,0,07,000,00,0,3,09,A01
201200033992,0,07,000,00,2,6,10,A01
201200033992,0,07,000,00,2,2,01,B01
201200033993,0,07,000,00,2,1,02,A01
201200033993,0,07,000,00,2,4,02,B01
201200033993,0,07,000,00,0,4,02,C01
201200033994,0,33,000,00,9,9,21,A01
201200033995,0,07,000,05,2,1,00,B01
201200033995,0,07,000,00,2,1,00,A01
201200033996,0,07,000,00,2,7,09,A01
201200033996,0,33,000,00,2,1,01,B01
201200033997,0,07,000,00,2,3,13,A01
201200033997,0,33,000,00,2,1,01,B01
201200033998,0,30,000,00,2,7,15,A01
201200033998,0,07,000,00,2,1,01,B01
201200033999,0,07,000,00,2,1,00,A01
201200033999,0,37,001,00,2,2,00,B01
201200034000,0,07,000,00,2,0,00,A01
201200034000,0,07,000,00,2,3,00,B01
201200034001,0,07,000,06,0,3,13,A01
201200034002,0,07,000,00,0,3,13,A01
201200034002,0,07,000,00,2,3,01,B01
201200034003,0,07,000,00,2,2,15,A01
201200034003,0,07,000,00,2,3,15,B01
201200034004,0,07,000,08,0,1,01,A01
201200034005,0,07,000,00,0,1,01,A01
201200034006,0,07,000,07,0,1,00,A01
201200034007,0,07,000,06,0,1,13,A01
201200034008,0,07,000,00,2,1,00,A01
201200034008,0,07,000,00,2,3,01,B01
201200034009,0,07,000,00,2,1,01,B01
201200034009,0,32,000,00,2,3,01,A01
201200034010,0,07,000,00,1,1,01,A01
201200034011,0,07,000,00,2,2,16,B01
201200034011,0,07,000,00,2,7,15,A01
201200034012,0,07,000,00,0,1,01,A01
201200034012,0,33,000,00,2,6,01,B01
201200034013,0,07,000,00,2,1,01,A01
201200034013,0,07,000,00,2,4,01,B01
201200034014,0,07,000,00,2,4,02,B01
201200034014,0,07,000,00,2,1,02,A01
201200034015,0,07,000,00,2,1,01,A01
201200034015,0,07,000,00,2,8,15,B01
201200034016,0,07,000,00,2,1,00,A01
201200034016,0,07,000,00,0,1,01,B01
201200034017,0,10,000,00,2,1,01,A01
201200034017,0,07,000,00,2,4,00,B01
201200034017,0,07,000,00,2,4,01,C01
201200034018,0,33,000,00,2,1,01,A01
201200034018,0,07,000,00,2,4,01,B01
201200034019,0,30,000,00,1,1,02,A01
201200034019,0,07,000,00,0,4,02,B01
201200034020,0,07,000,00,2,1,02,A01
201200034020,0,07,000,00,0,4,02,B01
201200034021,0,07,000,00,2,6,11,A01
201200034021,0,30,000,00,2,2,01,B01
201200034022,0,07,000,00,1,1,01,A01
201200034023,0,14,000,00,2,1,01,A01
201200034023,0,07,000,00,2,4,23,B01
201200034023,0,07,000,00,2,4,23,C01
201200034023,0,07,000,00,2,4,23,D01
201200034024,0,07,000,00,1,2,16,A01
201200034025,0,07,000,00,2,3,01,B01
201200034025,0,07,000,00,2,1,01,A01
201200034026,0,07,000,00,0,4,02,B01
201200034026,0,07,000,00,2,1,02,A01
201200034027,1,07,000,00,0,0,00,X01
201200034028,0,02,000,00,0,0,00,A01
201200034029,0,07,000,00,1,1,01,A01
201200034030,0,02,000,00,2,2,01,A01
201200034030,0,07,000,00,2,6,01,B01
201200034031,0,02,000,00,2,1,01,A01
201200034031,0,07,000,00,2,7,01,B01
201200034032,0,07,000,00,1,4,20,A01
201200034033,0,07,000,00,0,0,00,A01
201200034034,0,07,000,00,0,0,00,A01
201200034035,0,07,000,03,0,3,13,A01
201200034036,0,07,000,00,2,2,15,A01
201200034036,0,33,000,00,2,1,01,B01
201200034037,0,07,000,00,2,3,01,B01
201200034037,0,33,000,00,2,1,13,A01
201200034038,0,07,000,00,2,1,02,A01
201200034038,0,07,000,00,0,4,02,B01
201200034039,0,07,000,00,2,1,01,B01
201200034039,0,02,000,00,2,6,15,A01
201200034040,0,07,000,01,0,1,14,A01
201200034041,0,02,000,01,2,9,09,A01
201200034041,0,07,000,00,2,1,00,B01
201200034042,0,07,000,09,2,1,01,A01
201200034042,0,07,000,00,2,6,01,B01
201200034043,0,07,000,00,9,7,01,A01
201200034044,0,07,000,00,2,2,00,A01
201200034044,0,37,030,00,2,7,00,B01
201200034045,0,07,000,00,2,1,01,A01
201200034045,0,07,000,00,2,4,23,B01
201200034046,0,10,000,00,2,3,15,A01
201200034046,0,07,000,00,2,3,01,B01
201200034047,0,07,000,00,2,3,03,A01
201200034047,0,14,000,00,2,7,01,B01
201200034048,0,10,000,00,2,3,01,A01
201200034048,0,07,000,00,2,4,01,B01
201200034049,0,10,000,00,2,2,01,A01
201200034049,0,07,000,00,2,1,13,B01
201200034050,0,07,000,00,2,8,15,A01
201200034050,0,33,000,00,2,1,01,B01
201200034051,0,07,000,00,2,1,15,A01
201200034051,0,07,000,00,2,1,01,B01
201200034052,0,07,000,00,2,8,15,A01
201200034052,0,30,000,00,2,2,17,B01
201200034053,0,07,000,00,2,1,00,B01
201200034053,0,07,000,00,2,1,15,A01
201200034054,0,37,001,00,2,1,01,A01
201200034054,0,07,000,00,2,4,01,B01
201200034054,0,07,000,00,2,1,01,C01
201200034055,0,07,000,00,2,1,01,A01
201200034055,0,07,000,00,2,8,01,B01
201200034056,0,07,000,00,1,1,01,A01
201200034057,0,07,000,00,2,1,01,A01
201200034057,0,07,000,00,2,4,02,B01
201200034058,0,07,000,00,2,3,15,A01
201200034058,0,30,000,00,2,1,00,B01
201200034059,0,07,000,00,2,1,02,A01
201200034059,0,14,000,00,2,4,01,B01
201200034060,0,07,000,00,2,3,01,A01
201200034061,0,07,000,09,0,1,01,A01
201200034062,0,07,000,00,1,1,01,A01
201200034063,0,07,000,00,2,1,16,A01
201200034063,0,07,000,00,2,5,01,B01
201200034064,0,07,000,00,2,1,13,A01
201200034064,0,07,000,00,2,1,01,B01
201200034065,0,02,000,00,2,0,00,A01
201200034065,0,07,000,00,2,2,00,B01
201200034066,0,07,000,00,0,0,00,A01
201200034067,0,30,000,00,2,1,02,A01
201200034067,0,07,000,00,2,4,02,B01
201200034068,0,07,000,00,2,2,15,A01
201200034068,0,37,001,00,2,3,01,B01
201200034069,0,07,000,00,1,0,00,A01
201200034070,0,07,000,00,2,1,02,A01
201200034070,0,07,000,00,2,4,02,B01
201200034071,0,07,000,00,2,2,05,A01
201200034071,0,07,000,00,2,6,00,B01
201200034072,0,07,000,00,2,1,01,A01
201200034072,0,33,000,00,2,4,01,B01
201200034073,0,33,000,00,1,0,15,A01
201200034074,0,07,000,00,2,1,01,A01
201200034074,0,07,000,00,2,8,01,B01
201200034075,0,07,000,09,2,0,00,A01
201200034075,0,07,000,00,2,4,00,B01
201200034075,0,07,000,00,2,1,00,C01
201200034075,0,07,000,00,2,1,00,D01
201200034076,0,07,000,00,2,3,15,A01
201200034076,0,33,000,00,2,7,17,B01
201200034077,0,07,000,14,0,1,01,A01
201200034077,0,07,000,14,0,4,23,B01
201200034077,0,07,000,00,2,4,23,C01
201200034078,0,33,000,00,2,2,16,A01
201200034078,0,07,000,00,2,3,01,B01
201200034079,0,07,000,00,0,3,01,A01
201200034080,0,07,000,00,9,1,01,A01
201200034080,0,01,000,00,2,4,01,B01
201200034081,0,33,000,00,1,0,01,A01
201200034082,0,33,000,00,2,1,01,B01
201200034082,0,07,000,00,2,3,01,A01
201200034083,0,30,000,00,2,1,17,A01
201200034083,0,07,000,00,2,1,15,B01
201200034084,0,07,000,00,2,1,01,A01
201200034084,0,07,000,00,2,1,01,B01
201200034085,0,07,000,08,0,2,00,A01
201200034086,0,07,000,03,0,1,13,A01
201200034087,1,07,000,00,1,1,15,Z01
201200034088,0,02,000,00,2,1,12,A01
201200034088,0,07,000,00,0,4,01,B01
201200034089,0,07,000,00,2,1,02,A01
201200034089,0,07,000,00,2,4,02,B01
201200034090,0,07,000,00,2,1,01,A01
201200034090,0,33,000,00,2,7,01,B01
201200034091,0,33,000,00,2,0,01,A01
201200034091,0,07,000,00,2,0,01,B01
201200034092,0,07,000,00,2,1,01,B01
201200034092,0,07,000,00,2,7,15,A01
201200034093,0,07,000,00,0,3,10,A01
201200034093,0,33,000,00,2,1,01,B01
201200034094,0,33,000,00,2,1,19,A01
201200034094,0,07,000,00,2,2,19,B01
201200034095,0,01,000,00,2,1,00,A01
201200034095,0,07,000,00,2,1,01,B01
201200034096,0,07,000,12,0,0,00,A01
201200034097,0,07,000,00,2,1,02,A01
201200034097,0,30,000,00,2,4,02,B01
201200034098,0,33,000,00,2,1,02,A01
201200034098,0,07,000,00,2,4,02,B01
201200034099,0,07,000,00,2,2,15,A01
201200034099,0,33,000,00,2,1,01,B01
201200034100,0,07,000,00,2,1,01,A01
201200034100,0,07,000,00,2,4,23,B01
201200034100,0,07,000,00,2,4,23,C01
201200034101,0,30,000,00,2,1,21,A01
201200034101,0,10,000,00,0,5,01,B01
201200034102,1,30,000,00,1,1,01,Z01
201200034103,0,07,000,01,2,3,01,A01
201200034103,0,07,000,00,2,8,01,B01
201200034104,0,07,000,00,2,1,02,A01
201200034104,0,07,000,00,2,4,02,B01
201200034104,0,07,000,00,0,4,23,C01
201200034105,0,07,000,00,2,8,01,A01
201200034105,0,07,000,00,2,1,01,B01
201200034106,0,07,000,00,2,3,11,A01
201200034106,0,33,000,07,2,5,01,B01
201200034107,0,14,000,00,2,1,01,A01
201200034107,0,07,000,00,0,4,00,B01
201200034108,0,07,000,15,0,7,01,A01
201200034109,0,07,000,00,2,4,04,A01
201200034109,0,33,000,00,2,2,01,B01
201200034110,0,02,000,00,0,0,00,A01
201200034111,0,07,000,00,2,3,10,A01
201200034111,0,32,000,00,2,1,01,B01
201200034112,0,07,000,00,2,1,01,A01
201200034112,0,07,000,00,2,4,23,B01
201200034113,0,07,000,00,2,1,01,A01
201200034113,0,07,000,00,0,4,00,B01
201200034114,0,30,000,01,0,8,00,A01
201200034115,0,01,000,00,2,1,01,A01
201200034115,0,07,000,00,2,7,01,B01
201200034116,0,30,000,00,2,1,00,A01
201200034116,0,40,100,00,2,2,01,B01
201200034117,0,07,000,08,0,1,00,A01
201200034118,0,07,000,00,1,4,04,A01
201200034119,0,07,000,00,2,1,01,A01
201200034119,0,07,000,00,2,4,23,B01
201200034120,0,07,000,00,2,2,15,A01
201200034120,0,07,000,00,2,3,01,B01
201200034121,0,07,000,00,1,4,20,A01
201200034122,0,07,000,01,0,1,13,A01
201200034123,0,07,000,00,0,4,02,B01
201200034123,0,07,000,00,2,1,02,A01
201200034124,0,02,000,00,0,2,01,A01
201200034125,0,07,000,00,2,1,01,A01
201200034125,0,07,000,00,2,4,01,B01
201200034125,0,07,000,00,2,4,01,C01
201200034126,0,02,000,00,2,0,01,A01
201200034126,0,07,000,00,2,0,01,B01
201200034127,0,07,000,00,0,4,24,B01
201200034127,0,33,000,00,0,1,01,A01
201200034128,0,02,000,00,2,1,16,A01
201200034128,0,07,000,00,2,8,16,B01
201200034129,0,07,000,00,2,1,15,A01
201200034129,0,33,000,00,2,1,01,B01
201200034130,0,07,000,00,0,0,00,A01
201200034131,0,07,000,00,2,8,00,A01
201200034131,0,13,000,00,2,7,00,B01
201200034132,0,10,000,00,2,3,01,B01
201200034132,0,07,000,00,2,1,13,A01
201200034133,0,07,000,00,1,1,01,A01
201200034134,0,31,000,00,2,3,00,A01
201200034135,0,07,000,00,2,8,09,A01
201200034135,0,33,000,00,2,1,17,B01
201200034136,1,33,000,00,1,1,01,Z01
201200034137,0,07,000,00,2,1,01,A01
201200034137,0,32,000,00,2,4,01,B01
201200034138,0,07,000,00,1,1,01,A01
201200034139,0,30,000,00,2,1,00,A01
201200034139,0,07,000,00,2,2,01,B01
201200034140,1,07,000,00,1,4,04,A01
201200034141,0,07,000,00,2,1,01,A01
201200034141,0,07,000,00,2,4,01,B01
201200034141,0,07,000,00,2,4,01,C01
201200034142,0,07,000,00,2,2,15,A01
201200034142,0,02,000,00,2,1,01,B01
201200034143,0,07,000,03,2,1,01,A01
201200034143,0,07,000,00,2,4,01,B01
201200034144,0,07,000,00,2,1,09,A01
201200034144,0,07,000,00,2,1,01,B01
201200034145,0,07,000,00,1,0,04,A01
201200034146,0,07,000,00,2,2,00,A01
201200034146,0,07,000,00,2,7,00,B01
201200034147,0,07,000,00,0,4,23,B01
201200034147,0,33,000,01,0,1,01,A01
201200034148,0,07,000,00,2,2,19,A01
201200034148,0,07,000,00,2,2,00,B01
201200034149,0,07,000,00,2,7,16,B01
201200034149,0,02,000,00,2,1,00,A01
201200034150,0,07,000,00,2,2,15,A01
201200034150,0,07,000,00,2,3,01,B01
201200034151,0,07,000,00,2,3,01,B01
201200034151,0,07,000,00,2,2,15,A01
201200034152,0,07,000,00,2,4,02,B01
201200034152,0,07,000,01,0,1,02,A01
201200034152,0,07,000,00,0,4,02,C01
201200034153,0,07,000,00,2,2,15,A01
201200034153,0,33,000,00,2,1,01,B01
201200034154,0,07,000,00,2,1,00,A01
201200034154,0,07,000,00,2,1,00,B01
201200034155,0,07,000,00,1,1,01,B01
201200034156,0,07,000,00,2,1,19,A01
201200034156,0,07,000,00,2,1,01,B01
201200034157,0,07,000,00,2,5,19,A01
201200034157,0,07,000,00,2,3,13,B01
201200034158,0,07,000,00,2,7,01,B01
201200034158,0,07,000,00,2,8,01,C01
201200034158,0,07,000,00,2,1,09,A01
201200034159,0,07,000,00,0,0,00,A01
201200034160,0,07,000,00,2,5,02,B01
201200034160,0,30,000,00,2,1,01,A01
201200034161,0,07,000,00,0,4,02,D01
201200034161,0,07,000,00,2,1,02,A01
201200034161,0,07,000,00,2,4,02,C01
201200034161,0,07,000,00,2,4,02,B01
201200034162,0,07,000,00,2,4,00,A01
201200034162,0,07,000,00,2,1,01,B01
201200034163,0,30,000,16,0,0,01,A01
201200034164,0,07,000,00,2,1,15,B01
201200034164,0,01,000,00,2,9,19,A01
201200034165,0,07,000,00,2,3,15,A01
201200034165,0,30,000,00,2,1,17,B01
201200034166,0,07,000,00,1,1,15,A01
201200034167,0,07,000,00,2,3,19,A01
201200034167,0,07,000,00,2,6,01,B01
201200034167,0,07,000,00,2,3,01,C01
201200034167,0,07,000,00,2,1,01,D01
201200034168,0,33,000,00,2,2,01,B01
201200034168,0,07,000,00,2,8,20,A01
201200034169,0,07,000,00,2,1,01,A01
201200034169,0,33,000,00,2,4,23,B01
201200034170,0,07,000,00,2,4,02,B01
201200034170,0,13,000,00,2,1,02,A01
201200034171,0,07,000,00,0,0,00,A01
201200034172,0,07,000,00,2,3,15,A01
201200034172,0,07,000,00,2,2,01,B01
201200034173,0,07,000,00,2,4,23,B01
201200034173,0,33,000,00,2,1,01,A01
201200034174,0,07,000,00,2,1,02,A01
201200034174,0,07,000,00,2,9,02,B01
201200034174,0,07,000,00,2,4,02,C01
201200034174,0,07,000,00,0,4,02,D01
201200034175,0,07,000,00,0,1,01,A01
201200034176,0,07,000,00,2,6,04,A01
201200034176,0,31,000,00,2,1,01,B01
201200034177,0,07,000,00,1,1,15,A01
201200034178,0,07,000,00,2,1,15,A01
201200034178,0,32,000,00,2,1,01,B01
201200034179,0,07,000,00,2,1,01,B01
201200034179,0,07,000,00,2,1,00,A01
201200034180,0,07,000,00,2,1,01,A01
201200034180,0,07,000,00,2,4,23,B01
201200034181,0,07,000,00,1,3,01,A01
201200034182,0,30,000,12,0,0,00,A01
201200034183,0,07,000,00,2,7,15,A01
201200034183,0,31,000,00,2,1,01,B01
201200034184,0,33,000,00,2,1,01,B01
201200034184,0,07,000,00,2,3,15,A01
201200034185,0,07,000,00,1,1,01,A01
201200034186,0,07,000,00,2,3,12,A01
201200034186,0,07,000,00,0,4,01,B01
201200034187,0,07,000,00,1,0,01,A01
201200034188,0,07,000,00,1,4,04,A01
201200034189,0,32,000,00,0,9,21,A01
201200034190,0,07,000,00,2,3,13,A01
201200034190,0,07,000,00,2,2,01,B01
201200034191,0,01,000,00,2,1,05,A01
201200034191,0,07,000,00,9,3,15,B01
201200034192,0,07,000,00,2,1,00,A01
201200034192,0,07,000,00,2,3,00,B01
201200034193,0,07,000,00,1,0,01,A01
201200034194,0,07,000,06,0,1,01,A01
201200034195,0,07,000,00,0,1,02,A01
201200034195,0,07,000,00,0,4,02,B01
201200034196,0,07,000,00,2,8,11,A01
201200034196,0,33,000,00,2,1,01,B01
201200034197,0,07,000,00,2,3,04,A01
201200034198,0,40,000,00,1,2,01,A01
201200034199,0,07,000,00,0,8,01,A01
201200034199,0,01,000,00,2,1,19,B01
201200034200,0,07,000,01,0,1,02,A01
201200034200,0,07,000,00,0,4,02,B01
201200034200,0,07,000,00,0,4,02,C01
201200034201,0,07,000,00,2,0,16,A01
201200034201,0,07,000,00,0,3,01,B01
201200034202,0,07,000,00,2,1,01,A01
201200034202,0,07,000,00,2,4,01,B01
201200034203,0,07,000,00,0,0,01,B01
201200034203,0,07,000,00,2,3,13,A01
201200034204,0,30,000,00,0,0,01,A01
201200034205,0,07,000,00,2,1,01,A01
201200034205,0,07,000,00,2,4,01,B01
201200034206,0,30,000,00,2,7,00,A01
201200034206,0,07,000,00,2,0,00,B01
201200034207,0,07,000,06,0,1,01,A01
201200034208,0,02,000,00,2,1,13,A01
201200034208,0,07,000,00,2,2,01,B01
201200034209,0,07,000,00,2,3,01,A01
201200034209,0,33,000,00,2,1,01,B01
201200034210,0,07,000,00,2,1,01,A01
201200034210,0,07,000,00,2,4,01,B01
201200034211,0,34,000,00,2,3,01,B01
201200034211,0,07,000,00,2,5,12,A01
201200034212,0,30,000,00,2,1,18,A01
201200034212,0,07,000,00,2,5,16,B01
201200034213,0,02,000,00,2,1,17,B01
201200034213,0,07,000,00,2,6,15,A01
201200034214,0,33,000,00,2,1,01,B01
201200034214,0,07,000,00,2,1,01,A01
201200034215,0,99,000,00,2,0,00,A01
201200034216,0,07,000,00,1,1,17,A01
201200034217,0,07,000,00,2,4,02,C01
201200034217,0,07,000,00,2,5,02,B01
201200034217,0,33,000,00,2,2,01,A01
201200034218,0,33,000,00,2,1,05,A01
201200034218,0,07,000,00,2,1,01,B01
201200034219,0,07,000,00,2,7,01,B01
201200034219,0,07,000,00,2,8,15,A01
201200034220,0,31,000,00,2,2,01,B01
201200034220,0,07,000,00,2,1,09,A01
201200034221,0,07,000,09,0,1,14,A01
201200034222,0,07,000,00,2,1,01,A01
201200034222,0,07,000,00,2,4,23,B01
201200034223,0,32,000,00,2,1,01,A01
201200034223,0,07,000,00,2,3,15,B01
201200034224,0,07,000,00,0,4,02,A01
201200034224,1,07,000,00,2,1,02,Z01
201200034225,0,07,000,00,2,3,11,A01
201200034225,0,33,000,00,2,7,01,B01
201200034226,0,07,000,00,2,3,09,A01
201200034226,0,07,000,00,2,2,01,B01
201200034227,0,07,000,00,2,3,15,A01
201200034227,0,33,000,00,2,0,01,B01
201200034228,0,07,000,00,2,1,01,A01
201200034228,0,07,000,00,2,4,23,B01
201200034229,0,07,000,06,0,1,14,A01
201200034230,0,07,000,08,0,0,00,A01
201200034231,0,07,000,00,2,1,01,B01
201200034231,0,07,000,00,2,2,15,A01
201200034232,0,33,000,00,2,7,15,A01
201200034232,0,07,000,00,2,7,15,B01
201200034233,0,07,000,00,2,1,01,A01
201200034233,0,07,000,00,2,2,01,B01
201200034234,0,07,000,00,1,8,01,A01
201200034235,0,07,000,00,1,1,01,A01
201200034236,0,07,000,00,2,4,16,A01
201200034236,0,07,000,00,2,1,01,B01
201200034236,0,07,000,00,0,1,01,C01
201200034237,0,02,000,00,2,8,01,B01
201200034237,0,07,000,00,2,7,17,A01
201200034238,0,01,000,00,2,1,01,A01
201200034238,0,14,000,00,0,5,16,B01
201200034239,0,07,000,00,1,0,01,A01
201200034240,0,07,000,00,1,3,01,A01
201200034241,0,07,000,06,0,1,00,A01
201200034242,0,07,000,00,0,0,01,A01
201200034242,0,07,000,00,2,4,01,B01
201200034243,0,07,000,00,2,2,01,A01
201200034244,0,07,000,00,1,1,01,A01
201200034245,0,07,000,00,2,1,00,A01
201200034245,0,31,000,00,2,4,01,B01