Num_Acc,senc,catv,occutc,obs,obsm,choc,manv,num_veh
201200034245,0,07,000,00,2,4,01,C01
201200034246,0,07,000,00,2,3,15,A01
201200034246,0,01,000,00,2,1,01,B01
201200034247,0,17,000,00,2,3,01,B01
201200034247,0,07,000,00,2,7,01,A01
201200034248,0,07,000,00,1,2,00,A01
201200034249,0,07,000,00,2,1,02,A01
201200034249,0,07,000,00,2,4,02,B01
201200034249,0,07,000,00,2,1,02,C01
201200034250,0,07,000,00,2,7,12,A01
201200034250,0,33,000,00,2,1,01,B01
201200034251,0,02,000,00,2,8,11,A01
201200034251,0,07,000,00,2,2,01,B01
201200034252,0,07,000,00,1,8,22,A01
201200034252,0,07,000,00,2,2,00,B01
201200034252,0,07,000,00,0,6,00,C01
201200034253,0,33,000,00,2,1,01,A01
201200034253,0,07,000,00,2,4,01,B01
201200034254,0,07,000,00,2,1,01,B01
201200034254,0,07,000,00,2,5,01,A01
201200034255,0,07,000,00,1,2,15,A01
201200034256,0,07,000,00,1,3,01,A01
201200034257,0,07,000,00,2,1,01,A01
201200034257,0,07,000,00,2,4,23,B01
201200034258,0,31,000,00,2,1,17,A01
201200034258,0,07,000,00,2,8,15,B01
201200034259,0,07,000,00,2,1,15,A01
201200034259,0,07,000,00,2,1,01,B01
201200034260,0,07,000,00,1,1,01,A01
201200034261,0,07,000,00,1,3,01,A01
201200034262,0,07,000,06,0,1,00,A01
201200034263,0,30,000,00,0,0,01,A01
201200034264,0,07,000,00,1,1,01,A01
201200034265,0,37,000,00,2,2,01,A01
201200034266,0,07,000,00,2,7,20,A01
201200034266,0,33,000,00,2,8,01,B01
201200034267,0,07,000,00,1,2,00,A01
201200034268,0,07,000,00,2,2,15,A01
201200034268,0,07,000,00,2,1,01,B01
201200034269,0,07,000,00,2,2,00,A01
201200034269,0,07,000,00,2,4,01,B01
201200034270,0,07,000,06,0,1,14,A01
201200034271,0,07,000,01,0,1,01,A01
201200034271,0,07,000,01,0,0,00,B01
201200034271,0,07,000,01,0,0,00,C01
201200034272,0,07,000,00,2,1,02,A01
201200034272,0,07,000,00,0,4,02,B01
201200034273,0,30,000,00,2,1,01,A01
201200034273,0,07,000,00,2,3,01,B01
201200034274,0,07,000,00,2,8,00,B01
201200034274,0,07,000,00,2,1,00,A01
201200034275,0,10,000,00,2,1,01,A01
201200034275,0,07,000,00,2,4,23,B01
201200034276,0,07,000,00,2,1,01,A01
201200034276,0,07,000,00,0,4,01,B01
201200034277,0,07,000,00,1,3,01,A01
201200034278,0,30,000,00,1,1,01,A01
201200034279,0,07,000,00,2,1,00,A01
201200034280,0,07,000,00,2,1,01,A01
201200034280,0,07,000,00,2,4,23,B01
201200034281,1,07,000,00,1,1,15,A01
201200034282,0,33,000,00,2,1,02,A01
201200034282,0,07,000,00,2,4,02,B01
201200034282,0,07,000,00,0,4,02,C01
201200034283,0,07,000,00,2,1,01,A01
201200034283,0,07,000,00,2,1,01,B01
201200034283,0,07,000,00,2,4,01,C01
201200034284,0,07,000,01,0,1,14,A01
201200034285,0,07,000,00,1,2,00,A01
201200034286,0,07,000,00,1,1,19,A01
201200034286,0,01,000,00,2,1,01,B01
201200034287,0,07,000,00,2,8,10,A01
201200034287,0,34,000,00,2,1,01,B01
201200034288,0,07,000,03,0,1,14,A01
201200034289,0,07,000,00,2,1,15,A01
201200034289,0,07,000,00,2,1,01,B01
201200034290,0,01,000,00,0,0,00,A01
201200034291,0,37,001,00,2,1,01,A01
201200034291,0,07,000,00,2,4,23,B01
201200034292,0,07,000,00,2,7,15,A01
201200034292,0,33,000,00,2,1,01,B01
201200034293,0,07,000,00,1,1,15,A01
201200034294,0,07,000,00,2,1,01,A01
201200034294,0,07,000,00,0,0,00,B01
201200034295,0,07,000,00,2,1,13,A01
201200034295,0,07,000,00,2,1,01,B01
201200034296,0,02,000,00,2,1,02,A01
201200034297,0,07,000,00,1,1,01,A01
201200034298,0,07,000,00,2,1,15,A01
201200034298,0,07,000,00,2,3,01,B01
201200034299,0,07,000,00,2,2,15,A01
201200034299,0,07,000,00,2,1,01,B01
201200034300,0,07,000,00,2,3,01,A01
201200034301,0,07,000,00,1,7,01,A01
201200034302,0,07,000,00,2,1,00,A01
201200034302,0,07,000,00,2,1,01,B01
201200034303,0,02,000,00,2,1,01,B01
201200034303,0,07,000,00,2,3,09,A01
201200034304,0,07,000,00,2,1,15,A01
201200034304,0,07,000,00,2,3,01,B01
201200034305,0,07,000,00,2,8,20,A01
201200034305,0,02,000,00,2,2,01,B01
201200034306,0,07,000,00,1,3,15,A01
201200034307,0,07,000,00,2,2,11,A01
201200034307,0,07,000,00,0,6,01,B01
201200034308,0,30,000,00,2,1,15,A01
201200034308,0,07,000,00,2,8,01,B01
201200034309,0,07,000,00,2,9,11,A01
201200034309,0,10,000,00,2,7,01,B01
201200034309,0,07,000,00,2,4,23,C01
201200034310,0,07,000,00,2,1,09,A01
201200034310,0,07,000,00,2,7,01,B01
201200034311,0,07,000,00,2,1,17,A01
201200034311,0,07,000,00,2,8,01,B01
201200034312,0,07,000,00,2,1,00,A01
201200034312,0,07,000,00,2,8,01,B01
201200034313,0,07,000,00,1,2,20,A01
201200034314,0,07,000,00,2,1,01,A01
201200034314,0,07,000,07,2,2,01,B01
201200034315,0,07,000,00,2,2,15,A01
201200034315,0,07,000,00,2,1,01,B01
201200034316,0,07,000,01,0,9,13,A01
201200034317,0,07,000,02,0,0,00,A01
201200034318,0,07,000,04,0,1,00,A01
201200034319,0,07,000,01,0,2,14,A01
201200034320,0,34,000,00,2,1,21,A01
201200034320,0,07,000,00,2,1,01,B01
201200034321,0,07,000,00,1,2,01,A01
201200034322,0,07,000,00,1,1,01,A01
201200034323,0,07,000,00,2,3,02,A01
201200034323,0,07,000,00,0,4,01,B01
201200034324,0,01,000,00,0,4,01,B01
201200034324,0,10,000,00,2,2,01,A01
201200034325,0,07,000,00,1,3,01,A01
201200034326,0,07,000,00,2,5,01,A01
201200034326,0,07,000,00,2,1,01,B01
201200034327,0,02,000,00,1,1,01,A01
201200034328,0,07,000,00,2,7,09,A01
201200034328,0,01,000,00,0,7,01,B01
201200034329,0,10,000,00,2,5,01,B01
201200034329,0,07,000,00,2,1,09,A01
201200034330,0,07,000,00,2,1,01,B01
201200034330,0,07,000,00,2,7,15,A01
201200034331,0,30,000,00,2,7,01,A01
201200034331,0,07,000,00,2,1,01,B01
201200034332,0,10,000,01,0,4,02,A01
201200034332,0,07,000,01,0,4,02,B01
201200034332,0,07,000,00,0,6,23,C01
201200034333,0,07,000,08,0,8,14,A01
201200034334,0,10,000,00,2,5,16,A01
201200034334,0,01,000,00,2,1,01,B01
201200034335,0,07,000,00,1,2,01,A01
201200034336,0,07,000,00,2,1,02,A01
201200034336,0,07,000,00,2,4,01,B01
201200034336,0,07,000,00,0,4,01,C01
201200034337,0,07,000,00,2,3,01,A01
201200034337,0,15,000,00,2,3,01,B01
201200034338,0,07,000,00,1,1,01,A01
201200034339,0,07,000,00,9,1,02,A01
201200034339,0,01,000,00,0,4,02,B01
201200034340,0,07,000,00,9,3,00,B01
201200034340,0,01,000,00,2,1,16,A01
201200034341,0,33,000,00,0,4,06,B01
201200034341,0,07,000,00,2,1,09,A01
201200034342,0,07,000,00,2,2,02,A01
201200034342,0,33,000,00,0,6,02,B01
201200034343,0,07,000,00,1,4,04,A01
201200034344,0,07,000,00,2,1,15,A01
201200034344,0,07,000,00,2,1,01,B01
201200034345,0,02,000,00,2,3,02,B01
201200034345,1,17,000,00,0,0,02,Z01
201200034346,0,07,000,00,2,2,02,A01
201200034346,0,31,000,00,0,4,02,B01
201200034347,0,07,000,00,2,1,13,A01
201200034347,0,07,000,00,2,1,01,B01
201200034348,0,07,000,00,2,1,00,A01
201200034348,0,07,000,00,2,4,00,B01
201200034348,0,07,000,00,2,1,00,C01
201200034348,0,07,000,00,2,1,01,D01
201200034349,0,10,000,00,1,4,04,A01
201200034350,0,07,000,00,1,7,01,A01
201200034351,0,33,000,00,2,0,01,B01
201200034351,0,10,000,00,2,2,01,A01
201200034352,0,07,000,00,2,3,01,A01
201200034352,0,38,001,06,2,3,01,B01
201200034353,0,07,000,00,2,1,13,A01
201200034353,0,07,000,00,2,1,01,B01
201200034354,0,07,000,00,1,1,01,A01
201200034355,0,33,000,00,2,1,13,A01
201200034355,0,33,000,00,2,1,01,B01
201200034356,0,33,000,00,0,7,01,A01
201200034357,0,07,000,08,0,7,01,A01
201200034358,0,07,000,00,1,1,16,A01
201200034358,0,32,000,00,2,1,01,B01
201200034359,0,07,000,00,2,1,15,B01
201200034359,0,33,000,00,2,1,15,A01
201200034360,0,07,000,00,1,1,15,A01
201200034361,0,02,000,00,1,1,01,A01
201200034362,0,07,000,00,2,1,13,A01
201200034362,0,07,000,00,2,3,01,B01
201200034362,0,07,000,00,9,1,01,C01
201200034363,0,07,000,00,2,3,05,A01
201200034363,0,07,000,00,2,3,01,B01
201200034364,0,02,000,16,0,1,01,A01
201200034364,0,07,000,00,0,0,00,B01
201200034365,0,07,000,00,2,1,01,A01
201200034365,0,21,000,00,2,4,01,B01
201200034365,0,07,000,00,2,2,01,C01
201200034366,0,07,000,00,1,1,01,A01
201200034367,0,07,000,09,0,8,01,A01
201200034368,0,02,000,00,2,4,15,A01
201200034368,0,32,000,00,2,8,01,B01
201200034369,0,07,000,00,2,1,01,B01
201200034369,0,02,000,00,2,1,05,A01
201200034370,0,02,000,00,0,1,01,A01
201200034371,0,33,000,00,0,1,01,A01
201200034372,0,07,000,00,1,2,01,A01
201200034373,0,07,000,00,1,2,01,A01
201200034374,0,30,000,00,2,1,02,A01
201200034374,0,01,000,00,2,4,02,B01
201200034375,0,07,000,00,1,2,01,A01
201200034376,0,07,000,00,2,5,15,A01
201200034376,0,02,000,00,2,1,01,B01
201200034377,0,07,000,00,2,1,01,A01
201200034377,0,07,000,00,0,4,01,B01
201200034378,0,30,000,00,2,1,01,B01
201200034378,0,34,000,00,0,0,15,A01
201200034379,0,07,000,00,2,1,05,A01
201200034379,0,07,000,00,2,1,01,B01
201200034380,0,07,000,00,2,2,00,A01
201200034380,0,02,000,00,2,1,01,B01
201200034381,0,16,000,00,2,1,09,A01
201200034381,0,07,000,00,2,7,01,B01
201200034382,0,07,000,11,0,1,09,A01
201200034383,0,02,000,00,2,1,01,B01
201200034383,0,10,000,00,2,0,20,A01
201200034384,0,01,000,00,2,4,01,B01
201200034384,0,33,000,00,2,1,01,A01
201200034385,0,07,000,00,2,3,15,B01
201200034385,0,30,000,00,2,1,17,A01
201200034386,0,07,000,00,2,4,23,B01
201200034386,0,30,000,00,2,1,02,A01
201200034387,0,33,000,00,2,9,17,B01
201200034387,0,07,000,00,2,8,15,A01
201200034388,0,02,000,00,2,1,00,A01
201200034388,0,07,000,00,2,8,01,B01
201200034389,0,07,000,00,2,2,00,A01
201200034389,0,01,000,00,2,0,00,B01
201200034390,0,10,000,00,2,1,01,A01
201200034390,0,07,000,00,2,4,23,B01
201200034391,0,02,000,12,0,0,15,A01
201200034392,0,07,000,00,2,3,01,B01
201200034392,0,07,000,00,2,3,23,A01
201200034392,0,34,000,00,2,1,21,C01
201200034393,0,07,000,00,2,1,09,A01
201200034393,0,33,000,00,2,1,01,B01
201200034394,0,10,000,14,1,2,16,A01
201200034395,0,33,000,11,0,1,01,A01
201200034396,0,07,000,00,2,4,15,B01
201200034396,0,31,000,00,2,1,01,A01
201200034397,0,07,000,00,2,3,15,B01
201200034397,0,33,000,00,2,7,01,A01
201200034398,0,07,000,00,0,3,01,A01
201200034399,0,07,000,00,2,8,00,B01
201200034399,0,02,000,00,2,1,15,A01
201200034400,0,30,000,00,2,1,13,A01
201200034400,0,07,000,00,2,3,01,B01
201200034401,0,01,000,12,0,1,21,A01
201200034402,0,07,000,00,1,0,01,A01
201200034403,0,07,000,00,2,5,12,B01
201200034403,0,30,000,00,2,1,01,A01
201200034404,0,02,000,00,0,1,00,A01
201200034405,0,02,000,00,0,4,01,B01
201200034405,0,07,000,00,0,0,00,A01
201200034406,0,07,000,00,2,1,01,B01
201200034406,0,07,000,00,2,1,15,A01
201200034407,0,30,000,11,0,3,01,A01
201200034408,0,02,000,16,0,1,01,A01
201200034409,0,07,000,00,2,6,16,A01
201200034409,0,01,000,00,2,0,01,B01
201200034410,0,01,000,14,0,1,01,A01
201200034411,0,10,000,00,2,6,23,B01
201200034411,0,30,000,00,2,1,14,A01
201200034412,0,31,000,00,2,7,19,A01
201200034412,0,07,000,00,2,3,01,B01
201200034413,0,33,000,00,2,8,17,A01
201200034413,0,10,000,00,2,6,15,B01
201200034414,0,07,000,00,2,8,15,B01
201200034414,0,30,000,00,2,1,01,A01
201200034415,0,07,000,00,2,3,00,B01
201200034415,0,30,000,00,2,3,00,A01
201200034416,0,10,000,00,2,4,01,B01
201200034416,0,02,000,00,2,1,01,A01
201200034417,0,07,000,08,2,1,01,A01
201200034417,0,07,000,00,2,7,01,B01
201200034418,0,02,000,09,0,3,00,A01
201200034419,0,07,000,00,2,1,00,A01
201200034419,0,07,000,00,2,3,00,B01
201200034420,0,07,000,00,1,2,01,A01
201200034421,0,07,000,00,2,2,09,A01
201200034421,0,30,000,00,2,3,01,B01
201200034422,0,07,000,00,2,1,01,A01
201200034422,0,07,000,00,2,6,16,B01
201200034422,0,30,000,00,2,1,01,C01
201200034423,0,02,000,00,2,1,17,A01
201200034423,0,07,000,00,2,3,23,B01
201200034424,0,01,000,12,0,1,01,A01
201200034425,0,02,000,00,2,2,17,A01
201200034425,0,07,000,00,0,3,15,B01
201200034426,0,07,000,00,0,2,01,A01
201200034427,0,34,000,12,0,1,13,A01
201200034428,0,33,000,11,0,1,13,A01
201200034429,0,07,000,00,1,1,00,A01
201200034430,0,07,000,00,2,1,01,A01
201200034430,0,07,000,00,2,4,01,B01
201200034431,0,07,000,00,2,4,02,B01
201200034431,0,30,000,00,2,1,02,A01
201200034432,0,10,000,00,2,6,23,B01
201200034432,0,30,000,01,0,1,01,A01
201200034433,0,07,000,00,0,3,09,A01
201200034433,0,01,000,00,2,2,01,B01
201200034434,0,07,000,00,0,7,16,A01
201200034434,0,33,000,00,2,3,16,B01
201200034435,0,32,000,00,0,0,01,A01
201200034436,0,02,000,00,0,0,01,A01
201200034437,0,33,000,00,0,8,01,A01
201200034438,0,02,000,00,2,1,02,A01
201200034438,0,02,000,00,2,4,02,B01
201200034439,0,30,000,00,2,1,01,B01
201200034439,0,07,000,00,2,8,19,A01
201200034440,0,33,000,00,2,3,07,A01
201200034440,0,07,000,00,2,2,16,B01
201200034441,0,33,000,00,2,0,00,B01
201200034441,0,07,000,00,2,0,17,A01
201200034442,0,32,000,00,1,1,00,A01
201200034443,0,07,000,00,2,0,00,A01
201200034443,0,31,000,00,2,0,00,B01
201200034444,0,07,000,00,2,7,01,B01
201200034444,0,01,000,00,2,0,18,A01
201200034445,0,07,000,00,2,2,01,B01
201200034445,0,02,000,00,2,2,01,A01
201200034446,0,07,000,00,0,8,22,A01
201200034446,0,32,000,00,2,1,01,B01
201200034447,0,02,000,00,2,1,17,A01
201200034447,0,07,000,00,0,3,15,B01
201200034448,0,07,000,00,2,9,01,B01
201200034448,0,07,000,03,2,3,11,A01
201200034449,0,07,000,00,2,5,15,A01
201200034449,0,02,000,00,2,1,01,B01
201200034450,0,07,000,00,2,2,01,A01
201200034450,0,07,000,00,2,3,00,B01
201200034451,0,33,000,00,2,1,13,A01
201200034451,0,07,000,00,2,8,01,B01
201200034452,0,07,000,00,1,2,01,A01
201200034453,0,02,000,00,2,1,01,B01
201200034453,0,07,000,00,0,7,15,A01
201200034454,0,30,000,00,0,0,00,A01
201200034455,0,02,000,00,2,7,01,B01
201200034455,0,10,000,00,2,1,09,A01
201200034456,0,02,000,00,2,1,01,B01
201200034456,0,07,000,00,2,3,15,A01
201200034457,0,02,000,15,0,1,13,A01
201200034458,0,07,000,00,2,6,01,B01
201200034458,0,34,000,00,2,1,02,A01
201200034459,0,10,000,00,2,4,02,B01
201200034459,0,30,000,00,2,1,02,A01
201200034460,0,07,000,00,1,1,03,A01
201200034461,0,02,000,00,2,2,15,A01
201200034461,0,32,000,00,2,1,01,B01
201200034462,0,07,000,00,0,1,01,A01
201200034462,0,30,000,00,2,3,01,B01
201200034463,0,20,000,00,1,1,01,A01
201200034464,0,07,000,00,2,5,15,A01
201200034464,0,01,000,00,2,1,01,B01
201200034465,0,14,000,00,2,3,09,A01
201200034465,0,30,000,00,2,1,01,B01
201200034466,0,37,005,00,2,3,01,B01
201200034466,0,07,000,00,2,7,12,A01
201200034467,0,02,000,12,0,1,01,A01
201200034468,0,31,000,12,0,1,01,A01
201200034469,0,02,000,02,0,1,14,A01
201200034470,0,30,000,00,2,1,17,B01
201200034470,0,07,000,00,0,6,15,A01
201200034471,0,30,000,00,2,1,19,A01
201200034471,0,07,000,00,2,8,01,B01
201200034472,0,02,000,00,2,1,07,A01
201200034472,0,07,000,00,2,5,16,B01
201200034473,0,07,000,00,1,3,21,A01
201200034474,0,02,000,00,2,1,01,B01
201200034474,0,07,000,00,0,2,16,A01
201200034475,0,34,000,00,0,7,01,A01
201200034476,0,07,000,00,0,2,15,A01
201200034476,0,02,000,00,2,1,01,B01
201200034477,0,07,000,08,0,1,01,A01
201200034478,0,02,000,00,2,1,02,A01
201200034478,0,07,000,00,2,5,23,B01
201200034479,0,07,000,00,0,0,23,B01
201200034479,0,07,000,00,2,5,23,C01
201200034479,0,34,000,00,2,9,17,A01
201200034479,0,07,000,00,2,5,23,D01
201200034480,0,02,000,00,0,3,01,A01
201200034481,0,07,000,00,1,1,01,A01
201200034482,1,07,000,00,1,3,05,Z01
201200034483,0,07,000,00,2,4,23,C01
201200034483,0,07,000,00,2,4,23,B01
201200034483,0,07,000,14,2,1,02,A01
201200034484,0,07,000,00,2,1,01,A01
201200034484,0,07,000,00,0,4,23,C01
201200034484,0,07,000,00,0,4,23,D01
201200034484,0,07,000,00,0,4,23,B01
201200034485,0,30,000,00,0,7,01,A01
201200034486,0,07,000,00,2,3,15,A01
201200034486,0,30,000,00,2,7,17,B01
201200034487,0,10,000,00,1,3,20,A01
201200034488,0,33,000,00,2,1,01,B01
201200034488,0,03,000,00,2,3,10,A01
201200034489,0,33,000,00,2,7,01,B01
201200034489,0,07,000,00,2,3,09,A01
201200034490,0,34,000,02,0,1,14,A01
201200034491,0,07,000,00,2,1,19,A01
201200034491,0,30,000,00,2,5,01,B01
201200034492,1,07,000,00,0,0,12,Z01
201200034492,0,32,000,14,0,8,21,A01
201200034493,0,01,000,00,2,1,01,B01
201200034493,0,07,000,00,0,1,15,A01
201200034494,0,07,000,08,0,2,01,A01
201200034495,0,07,000,00,2,3,15,A01
201200034495,0,02,000,00,2,1,01,B01
201200034496,0,07,000,00,2,3,01,B01
201200034496,0,07,000,09,2,6,09,A01
201200034497,0,07,000,01,0,1,00,A01
201200034498,0,07,000,00,2,7,15,A01
201200034498,0,02,000,00,2,1,01,B01
201200034499,0,34,000,00,2,1,01,B01
201200034499,0,07,000,00,9,3,19,A01
201200034500,0,33,000,00,2,2,17,B01
201200034500,0,07,000,00,9,6,15,A01
201200034501,0,02,000,00,2,1,02,B01
201200034501,0,07,000,00,2,8,10,A01
201200034502,0,07,000,00,1,4,04,A01
201200034503,0,10,000,00,9,6,01,B01
201200034503,0,02,000,00,2,1,02,A01
201200034504,0,07,000,00,1,4,04,A01
201200034505,0,34,000,08,0,1,14,A01
201200034506,0,07,000,00,2,2,09,A01
201200034506,0,07,000,00,2,2,01,B01
201200034507,0,07,000,00,1,4,04,A01
201200034508,0,30,000,00,2,1,01,B01
201200034508,0,37,001,00,9,8,01,A01
201200034509,0,07,000,00,2,4,01,D01
201200034509,0,07,000,00,2,4,01,C01
201200034509,0,07,000,00,2,1,01,A01
201200034509,0,07,000,00,2,4,01,B01
201200034510,0,07,000,00,2,8,01,B01
201200034510,0,07,000,00,2,2,14,A01
201200034511,0,07,000,00,9,3,15,A01
201200034511,0,32,000,00,2,7,01,B01
201200034512,0,07,000,00,2,1,05,A01
201200034512,0,07,000,00,2,1,01,B01
201200034513,0,15,000,00,2,4,01,B01
201200034513,0,07,000,00,2,1,01,A01
201200034514,0,33,000,00,0,8,01,A01
201200034515,0,07,000,00,9,6,01,B01
201200034515,0,33,000,00,2,1,17,A01
201200034516,0,07,000,01,0,1,13,A01
201200034517,0,07,000,00,9,1,09,A01
201200034517,0,34,000,00,2,8,01,B01
201200034518,0,07,000,01,0,1,13,A01
201200034519,0,07,000,00,9,1,09,A01
201200034519,0,34,000,00,2,4,23,B01
201200034520,0,30,000,00,2,1,01,A01
201200034520,0,07,000,00,9,4,01,B01
201200034521,1,07,000,00,0,1,01,Z01
201200034522,0,07,000,00,1,1,01,A01
201200034523,0,07,000,06,0,2,01,A01
201200034524,0,07,000,00,9,2,15,A01
201200034524,0,30,000,00,2,1,01,B01
201200034525,0,30,000,00,2,1,01,B01
201200034525,0,07,000,00,9,2,15,A01
201200034526,0,07,000,00,2,2,12,A01
201200034526,0,02,000,00,2,3,01,B01
201200034527,0,07,000,00,2,2,01,B01
201200034527,0,02,000,00,2,1,15,A01
201200034528,0,07,000,00,1,2,01,A01
201200034529,0,30,000,00,0,1,14,A01
201200034530,0,30,000,00,2,8,01,B01
201200034530,0,07,000,00,9,1,01,A01
201200034531,0,30,000,00,0,1,14,A01
201200034532,0,07,000,00,9,8,09,A01
201200034532,0,01,000,00,2,1,01,B01
201200034533,1,07,000,00,9,8,17,Z01
201200034533,0,34,000,00,2,8,01,B01
201200034534,0,31,000,11,0,8,00,A01
201200034535,0,02,000,00,2,1,17,A01
201200034535,0,07,000,00,2,8,15,B01
201200034536,0,07,000,00,9,8,09,A01
201200034536,0,02,000,00,2,1,01,B01
201200034537,0,07,000,06,0,1,01,A01
201200034538,0,02,000,08,0,1,00,A01
201200034539,0,07,000,00,2,3,15,A01
201200034539,0,01,000,00,2,1,15,B01
201200034540,0,02,000,00,2,1,17,B01
201200034540,0,07,000,00,2,3,15,A01
201200034541,1,10,000,00,2,7,17,A01
201200034541,0,02,000,00,2,1,01,B01
201200034542,0,07,000,00,1,1,01,A01
201200034543,0,30,000,00,1,1,13,A01
201200034544,0,07,000,00,2,3,09,A01
201200034544,0,02,000,00,2,3,01,B01
201200034545,0,01,000,00,2,1,01,B01
201200034545,0,07,000,00,2,3,15,A01
201200034546,0,07,000,00,1,1,15,A01
201200034547,0,07,000,08,0,1,14,A01
201200034548,0,30,000,00,2,1,17,B01
201200034548,0,07,000,00,9,3,15,A01
201200034549,0,07,000,00,2,4,02,B01
201200034549,0,07,000,00,2,1,02,A01
201200034550,0,02,000,00,2,1,14,B01
201200034550,0,02,000,00,2,7,16,A01
201200034551,0,07,000,00,0,0,00,A01
201200034552,0,31,000,00,2,8,02,A01
201200034552,0,07,000,00,2,2,00,B01
201200034553,0,30,000,02,0,1,00,A01
201200034554,0,10,000,00,2,2,16,A01
201200034554,0,07,000,00,2,3,01,B01
201200034555,0,02,000,00,2,1,15,A01
201200034555,0,02,000,00,2,3,01,B01
201200034556,0,33,000,00,2,8,09,B01
201200034556,0,07,000,00,9,2,09,A01
201200034557,0,07,000,00,2,4,15,B01
201200034557,0,02,000,00,2,2,01,A01
201200034558,0,02,000,15,0,1,00,A01
201200034559,0,33,000,08,0,1,01,A01
201200034560,0,07,000,00,2,9,01,B01
201200034560,0,07,000,00,2,1,15,A01
201200034561,0,03,000,00,1,3,01,A01
201200034562,0,07,000,00,2,5,02,C01
201200034562,0,07,000,00,2,4,02,D01
201200034562,0,07,000,00,2,3,02,A01
201200034562,0,07,000,00,2,3,02,B01
201200034563,0,07,000,00,2,2,15,A01
201200034563,0,31,000,00,2,3,01,B01
201200034564,0,07,000,00,2,5,23,B01
201200034564,0,33,000,00,2,1,01,A01
201200034565,0,30,000,00,2,2,01,B01
201200034565,0,07,000,00,9,2,09,A01
201200034566,0,30,000,00,2,1,01,B01
201200034566,0,07,000,00,9,3,04,A01
201200034567,0,31,000,00,2,8,01,A01
201200034567,0,31,000,00,2,1,01,B01
201200034568,0,02,000,01,0,2,01,A01
201200034569,0,02,000,00,2,1,13,B01
201200034569,0,07,000,00,2,1,15,A01
201200034570,0,07,000,07,0,2,14,A01
201200034571,0,07,000,00,9,1,15,A01
201200034571,0,02,000,00,2,1,01,B01
201200034572,0,07,000,00,2,1,01,B01
201200034572,0,02,000,00,2,1,00,A01
201200034573,0,02,000,01,0,9,01,A01
201200034574,0,07,000,00,2,8,01,B01
201200034574,0,01,000,00,2,5,12,A01
201200034575,0,07,000,00,1,1,15,A01
201200034576,0,30,000,00,0,8,01,A01
201200034577,0,30,000,14,0,1,01,A01
201200034578,0,07,000,00,1,1,16,A01
201200034579,0,30,000,01,0,1,00,A01
201200034580,0,07,000,00,2,7,15,A01
201200034580,0,33,000,00,2,1,01,B01
201200034581,0,07,000,00,0,0,15,A01
201200034581,0,02,000,00,0,1,21,B01
201200034582,0,33,000,00,2,1,01,B01
201200034582,0,07,000,00,2,3,15,A01
201200034583,0,07,000,00,2,0,02,B01
201200034583,0,07,000,00,2,1,02,A01
201200034583,0,07,000,00,0,4,23,C01
201200034584,0,07,000,01,2,2,17,A01
201200034584,0,07,000,00,2,8,15,B01
201200034585,0,07,000,00,1,1,15,A01
201200034586,0,37,000,00,1,2,01,A01
201200034587,0,07,000,00,2,8,09,A01
201200034587,0,30,000,00,2,1,01,B01
201200034588,0,07,000,00,2,3,09,A01
201200034588,0,02,000,00,2,1,01,B01
201200034589,0,07,000,00,2,1,17,A01
201200034589,0,07,000,00,2,1,23,B01
201200034589,0,07,000,00,2,1,23,C01
201200034590,0,07,000,00,2,5,17,A01
201200034590,0,01,000,00,2,8,01,B01
201200034591,0,33,000,00,2,0,01,B01
201200034591,0,07,000,00,2,0,09,A01
201200034592,0,07,000,00,2,1,02,A01
201200034592,0,07,000,00,2,4,01,B01
201200034593,0,30,000,00,2,1,01,B01
201200034593,0,07,000,00,2,6,09,A01
201200034594,0,07,000,00,1,1,15,A01
201200034595,0,07,000,00,2,1,09,A01
201200034595,0,32,000,00,2,5,01,B01
201200034596,0,30,000,00,2,1,01,B01
201200034596,0,07,000,00,2,5,15,A01
201200034597,0,07,000,00,1,1,01,A01
201200034598,0,07,000,00,2,8,01,B01
201200034598,0,07,000,00,2,2,15,A01
201200034599,0,07,000,00,2,4,02,B01
201200034599,0,07,000,00,2,4,02,D01
201200034599,0,07,000,00,2,4,02,C01
201200034599,0,07,000,00,2,1,02,A01
201200034600,0,07,000,00,9,3,09,A01
201200034600,0,01,000,00,2,0,01,B01
201200034601,0,01,000,00,2,7,15,A01
201200034601,0,07,000,00,2,1,01,B01
201200034602,0,07,000,00,2,1,02,A01
201200034602,0,07,000,00,1,4,23,B01
201200034603,0,07,000,00,2,8,13,A01
201200034603,0,07,000,00,2,1,09,C01
201200034603,0,33,000,00,2,7,01,B01
201200034604,0,07,000,00,2,4,01,B01
201200034604,0,02,000,00,2,1,02,A01
201200034605,0,07,000,00,2,1,01,C01
201200034605,0,07,000,00,2,1,01,B01
201200034605,0,07,000,00,2,8,10,A01
201200034606,0,07,000,00,1,1,16,A01
201200034607,0,07,000,00,2,1,01,B01
201200034607,0,07,000,00,2,3,15,A01
201200034608,0,07,000,09,0,2,15,A01
201200034609,0,01,000,00,2,5,01,B01
201200034609,0,07,000,00,2,8,09,A01
201200034610,0,07,000,00,1,1,16,A01
201200034611,1,15,000,00,2,7,02,Z01
201200034611,0,01,000,00,2,4,02,B01
201200034612,0,07,000,01,0,2,01,A01
201200034613,0,07,000,00,2,4,23,B01
201200034613,0,07,000,00,2,1,02,A01
201200034614,0,17,000,00,2,1,02,A01
201200034614,0,10,000,00,2,4,02,B01