Num_Acc,senc,catv,occutc,obs,obsm,choc,manv,num_veh
201200034614,0,17,000,00,2,4,23,C01
201200034615,0,07,000,00,1,4,04,A01
201200034616,0,07,000,00,2,2,15,A01
201200034616,0,02,000,00,2,1,01,B01
201200034617,0,07,000,00,1,1,01,A01
201200034618,0,07,000,00,1,4,20,A01
201200034619,0,07,000,00,2,3,09,A01
201200034619,0,01,000,00,2,1,01,B01
201200034620,0,01,000,00,2,7,01,B01
201200034620,0,07,000,00,2,4,20,A01
201200034621,0,07,000,00,2,4,01,B01
201200034621,0,07,000,00,2,1,02,A01
201200034622,0,03,000,00,2,1,01,B01
201200034622,0,07,000,00,2,7,01,A01
201200034623,0,07,000,00,2,4,23,B01
201200034623,0,07,000,00,2,1,02,A01
201200034624,0,32,000,00,2,1,01,B01
201200034624,0,07,000,00,2,3,15,A01
201200034625,0,07,000,00,2,2,15,A01
201200034625,0,30,000,00,2,1,01,B01
201200034626,0,07,000,00,2,4,02,B01
201200034626,0,07,000,00,2,1,02,A01
201200034626,0,07,000,00,2,4,02,C01
201200034627,0,01,000,00,2,3,15,B01
201200034627,0,33,000,00,2,1,17,A01
201200034628,0,07,000,00,1,1,00,A01
201200034629,0,01,000,00,2,1,01,B01
201200034629,0,07,000,00,2,2,15,A01
201200034630,0,07,000,00,1,1,01,A01
201200034631,0,01,000,00,2,7,01,B01
201200034631,0,07,000,00,2,3,09,A01
201200034632,0,07,000,00,2,3,16,B01
201200034632,0,30,000,00,2,8,13,A01
201200034633,0,30,000,00,2,0,17,A01
201200034633,0,07,000,00,2,0,01,B01
201200034634,0,01,000,01,0,1,01,A01
201200034634,0,07,000,00,2,4,23,B01
201200034635,0,07,000,00,2,2,15,A01
201200034635,0,33,000,00,2,1,01,B01
201200034636,0,07,000,00,1,1,01,A01
201200034637,0,07,000,00,2,1,01,B01
201200034637,0,07,000,00,2,7,15,A01
201200034638,0,07,000,00,2,3,09,A01
201200034638,0,01,000,00,2,7,01,B01
201200034639,0,07,000,00,2,1,02,A01
201200034639,0,07,000,00,2,4,23,B01
201200034640,0,07,000,00,2,4,02,B01
201200034640,0,07,000,00,2,1,02,A01
201200034641,0,03,000,00,2,3,09,A01
201200034641,0,33,000,00,2,1,01,B01
201200034642,0,07,000,08,0,9,01,A01
201200034643,0,07,000,00,2,3,01,B01
201200034643,0,07,000,00,2,6,09,A01
201200034644,0,07,000,00,2,1,01,A01
201200034645,0,07,000,00,2,4,02,B01
201200034645,0,10,000,00,2,1,02,A01
201200034646,0,33,000,01,2,1,01,B01
201200034646,0,07,000,00,2,8,13,A01
201200034647,0,33,000,00,2,9,01,B01
201200034647,0,07,000,00,2,1,15,A01
201200034648,0,02,000,00,2,1,16,B01
201200034648,0,02,000,00,2,1,15,A01
201200034649,0,07,000,00,2,1,02,A01
201200034649,0,07,000,00,2,4,23,C01
201200034649,0,07,000,00,2,4,23,B01
201200034650,0,07,000,00,2,1,02,A01
201200034650,0,07,000,00,2,4,02,B01
201200034651,0,07,000,00,2,1,02,A01
201200034651,0,07,000,00,2,0,23,C01
201200034651,0,07,000,00,2,4,02,B01
201200034652,0,01,000,00,2,8,19,A01
201200034652,1,07,000,00,2,0,01,Z01
201200034653,0,07,000,00,2,1,01,B01
201200034653,0,07,000,00,2,5,01,A01
201200034654,0,30,000,00,2,4,01,B01
201200034654,0,07,000,00,2,1,02,A01
201200034655,0,07,000,00,1,1,01,A01
201200034656,0,07,000,00,2,1,01,A01
201200034656,0,07,000,00,2,4,23,B01
201200034657,0,07,000,00,2,1,15,A01
201200034657,0,32,000,00,2,1,01,B01
201200034658,0,07,000,00,2,2,15,B01
201200034658,0,07,000,00,2,1,01,A01
201200034659,0,07,000,13,0,1,01,A01
201200034660,1,07,000,00,1,1,01,Z01
201200034661,0,07,000,00,2,3,15,A01
201200034661,0,30,000,00,2,2,17,B01
201200034662,0,07,000,00,2,2,15,A01
201200034662,0,30,000,00,2,8,01,B01
201200034663,0,07,000,00,2,1,02,B01
201200034663,0,07,000,00,2,1,05,A01
201200034664,0,07,000,01,1,1,15,A01
201200034665,0,07,000,00,2,1,01,B01
201200034665,0,07,000,00,2,2,15,A01
201200034666,0,07,000,06,0,1,01,A01
201200034667,0,07,000,00,2,1,01,B01
201200034667,0,07,000,00,2,7,15,A01
201200034668,0,07,000,06,0,1,14,A01
201200034669,0,07,000,00,2,4,23,B01
201200034669,0,07,000,00,2,1,02,A01
201200034669,0,07,000,00,2,4,23,C01
201200034670,0,30,000,00,2,7,16,A01
201200034670,0,02,000,00,2,8,07,B01
201200034671,0,07,000,15,0,1,06,A01
201200034672,0,01,000,00,2,1,01,A01
201200034673,0,07,000,00,1,1,01,A01
201200034674,0,07,000,00,1,1,01,A01
201200034675,0,07,000,00,2,8,15,A01
201200034675,0,33,000,00,2,1,01,B01
201200034676,0,30,000,00,2,1,01,B01
201200034676,0,07,000,00,2,7,09,A01
201200034677,0,07,000,00,2,7,15,A01
201200034677,0,01,000,00,2,1,01,B01
201200034678,0,07,000,06,2,1,01,A01
201200034678,0,07,000,00,2,6,15,B01
201200034679,0,07,000,00,2,4,01,B01
201200034679,0,07,000,00,2,1,01,A01
201200034680,0,07,000,00,2,4,04,A01
201200034680,0,32,000,00,2,7,01,B01
201200034681,0,07,000,00,2,7,15,A01
201200034681,0,32,000,00,2,3,01,B01
201200034682,0,07,000,00,2,1,09,A01
201200034682,0,01,000,00,2,4,01,B01
201200034683,0,30,000,00,2,1,16,A01
201200034683,0,07,000,00,2,1,01,B01
201200034684,0,07,000,00,1,1,01,A01
201200034685,0,07,000,00,1,3,01,A01
201200034686,0,07,000,00,2,3,01,B01
201200034686,0,30,000,00,2,1,05,A01
201200034687,0,10,000,00,2,1,01,A01
201200034687,0,13,000,00,2,5,01,B01
201200034688,0,07,000,00,2,2,16,A01
201200034688,0,01,000,00,2,8,01,B01
201200034689,0,07,000,06,0,1,13,A01
201200034690,0,07,000,00,1,1,01,A01
201200034691,0,07,000,00,2,1,01,A01
201200034691,0,07,000,00,2,4,01,B01
201200034692,0,37,001,00,2,4,23,B01
201200034692,0,30,000,00,2,1,01,A01
201200034693,0,30,000,00,2,1,05,A01
201200034693,0,07,000,00,2,1,01,B01
201200034694,0,10,000,00,2,1,01,A01
201200034694,0,07,000,00,2,4,23,B01
201200034695,0,10,000,00,2,0,09,A01
201200034695,0,33,000,00,2,8,01,B01
201200034696,0,07,000,00,1,1,01,A01
201200034697,0,13,000,00,2,1,02,A01
201200034697,0,07,000,00,2,4,13,B01
201200034698,0,33,000,00,2,1,01,B01
201200034698,0,07,000,00,2,8,10,A01
201200034699,0,07,000,00,1,1,15,A01
201200034700,0,07,000,00,2,1,01,A01
201200034700,0,07,000,00,2,8,01,B01
201200034701,0,07,000,00,2,4,01,B01
201200034701,0,32,000,00,2,1,01,A01
201200034702,0,07,000,00,2,1,01,A01
201200034702,0,07,000,00,2,4,01,B01
201200034703,0,07,000,00,1,4,04,A01
201200034704,0,07,000,00,1,1,01,A01
201200034705,0,01,000,00,2,1,05,A01
201200034705,0,07,000,00,2,2,16,B01
201200034706,0,07,000,00,1,1,01,A01
201200034707,0,07,000,00,2,4,01,B01
201200034707,0,30,000,00,2,1,02,A01
201200034708,1,07,000,00,2,4,04,A01
201200034708,0,33,000,00,2,7,01,B01
201200034709,0,38,000,00,2,3,16,B01
201200034709,0,07,000,00,2,1,15,A01
201200034710,0,10,000,00,2,6,01,B01
201200034710,0,32,000,00,2,1,01,A01
201200034711,0,07,000,00,1,1,01,A01
201200034712,0,30,000,00,2,1,01,A01
201200034712,0,10,000,00,2,6,01,B01
201200034713,0,30,000,00,2,8,01,B01
201200034713,0,07,000,00,2,3,01,A01
201200034714,0,07,000,00,1,1,17,A01
201200034715,0,07,000,00,2,8,01,B01
201200034715,0,07,000,00,2,3,15,A01
201200034716,0,07,000,00,2,2,01,A01
201200034716,0,07,000,00,2,1,01,B01
201200034717,0,10,000,00,2,8,09,A01
201200034717,0,01,000,00,2,7,01,B01
201200034718,0,07,000,00,2,1,01,A01
201200034718,0,07,000,00,2,6,23,B01
201200034719,0,07,000,00,2,3,01,B01
201200034719,0,07,000,14,2,5,01,A01
201200034720,0,07,000,00,2,1,02,A01
201200034720,0,07,000,00,2,4,23,B01
201200034721,0,07,000,00,2,1,01,B01
201200034721,0,07,000,00,2,1,05,A01
201200034722,0,07,000,00,1,1,01,A01
201200034723,0,07,000,00,2,5,01,B01
201200034723,0,02,000,00,2,1,18,A01
201200034724,0,10,000,00,2,3,01,A01
201200034724,0,07,000,00,2,5,02,B01
201200034725,0,07,000,00,2,4,01,B01
201200034725,0,30,000,00,2,1,02,A01
201200034726,0,07,000,00,2,2,01,B01
201200034726,0,07,000,00,2,1,01,A01
201200034727,0,07,000,00,2,8,09,A01
201200034727,0,01,000,00,2,1,01,B01
201200034728,0,01,000,00,2,1,17,B01
201200034728,0,07,000,00,2,8,15,A01
201200034729,0,01,000,00,2,2,01,B01
201200034729,0,07,000,00,2,1,09,A01
201200034730,0,07,000,00,2,7,01,A01
201200034730,0,33,000,00,2,8,01,B01
201200034731,0,07,000,00,2,3,01,B01
201200034731,0,07,000,00,2,2,10,A01
201200034732,0,07,000,00,2,7,15,B01
201200034732,0,02,000,00,2,1,17,A01
201200034733,0,01,000,00,2,1,01,B01
201200034733,0,07,000,00,2,3,09,A01
201200034734,0,07,000,00,2,3,15,A01
201200034734,0,07,000,00,2,3,01,B01
201200034735,0,01,000,00,2,1,01,B01
201200034735,0,15,000,00,2,1,01,A01
201200034736,0,30,000,00,0,0,01,B01
201200034736,0,07,000,00,0,0,09,A01
201200034737,0,07,000,00,2,3,16,A01
201200034737,0,01,000,00,2,7,01,B01
201200034738,0,01,000,00,2,7,01,B01
201200034738,0,07,000,00,2,3,16,A01
201200034739,0,07,000,00,2,7,15,A01
201200034739,0,07,000,00,2,1,01,B01
201200034740,0,33,000,00,2,2,01,A01
201200034740,0,01,000,00,2,3,15,B01
201200034741,0,07,000,00,2,1,01,B01
201200034741,0,07,000,00,2,3,15,A01
201200034742,0,07,000,00,2,7,15,A01
201200034742,0,07,000,00,2,1,01,B01
201200034743,0,07,000,00,2,1,01,B01
201200034743,0,01,000,00,2,1,05,A01
201200034744,0,07,000,00,2,1,23,A01
201200034744,0,07,000,00,2,4,01,B01
201200034745,0,07,000,00,2,4,23,B01
201200034745,0,07,000,00,2,1,01,A01
201200034746,0,07,000,00,1,1,01,A01
201200034747,0,07,000,00,2,1,01,A01
201200034747,0,07,000,00,2,4,23,B01
201200034748,0,10,000,00,2,4,23,B01
201200034748,0,07,000,00,2,4,23,C01
201200034748,0,10,000,00,2,1,01,A01
201200034749,0,07,000,00,2,2,02,A01
201200034749,0,30,000,00,2,8,02,B01
201200034750,0,07,000,00,2,0,09,A01
201200034750,0,01,000,00,2,1,01,B01
201200034751,0,07,000,00,2,3,01,B01
201200034751,0,07,000,00,2,1,01,A01
201200034752,0,07,000,00,1,1,01,A01
201200034753,0,07,000,00,2,1,01,A01
201200034753,0,07,000,00,2,4,15,B01
201200034754,0,07,000,00,0,9,21,A01
201200034755,0,07,000,00,2,4,01,B01
201200034755,0,13,000,00,2,6,16,C01
201200034755,0,07,000,00,2,1,01,A01
201200034756,0,07,000,00,2,3,15,A01
201200034756,0,07,000,00,2,3,01,B01
201200034757,0,30,000,00,2,8,01,B01
201200034757,0,07,000,00,2,3,15,A01
201200034758,0,07,000,00,2,1,01,B01
201200034758,0,07,000,00,2,1,15,A01
201200034759,0,07,000,00,1,1,15,A01
201200034760,0,07,000,00,2,4,16,B01
201200034760,0,30,000,00,2,1,01,A01
201200034761,0,07,000,00,2,7,15,A01
201200034761,0,14,000,00,2,1,01,B01
201200034762,0,33,000,00,2,1,17,B01
201200034762,0,07,000,00,2,1,15,A01
201200034763,0,07,000,00,2,4,04,A01
201200034763,0,01,000,00,2,1,23,B01
201200034764,0,07,000,00,2,4,23,B01
201200034764,0,07,000,00,2,4,23,D01
201200034764,0,07,000,00,2,1,02,A01
201200034764,0,07,000,00,2,4,02,C01
201200034765,0,02,000,00,2,1,01,B01
201200034765,0,07,000,00,2,2,15,A01
201200034766,1,07,000,00,2,3,15,A01
201200034766,0,02,000,00,2,1,01,B01
201200034767,0,07,000,00,2,6,23,B01
201200034767,0,07,000,00,2,3,01,C01
201200034767,0,33,000,00,2,1,02,A01
201200034768,0,14,000,00,2,5,23,B01
201200034768,0,07,000,00,2,1,01,A01
201200034769,0,01,000,00,2,7,01,B01
201200034769,0,07,000,00,2,1,01,A01
201200034770,1,13,000,00,2,7,16,A01
201200034770,0,01,000,00,2,0,16,B01
201200034771,0,37,000,00,2,3,01,B01
201200034771,0,07,000,00,2,2,16,A01
201200034772,0,07,000,00,1,7,01,A01
201200034773,0,07,000,00,1,2,01,A01
201200034774,0,07,000,00,2,3,01,B01
201200034774,0,07,000,00,2,3,05,A01
201200034775,0,30,000,00,2,4,23,B01
201200034775,0,07,000,00,2,1,01,A01
201200034776,0,07,000,00,2,4,02,A01
201200034776,0,07,000,00,2,4,02,B01
201200034777,0,07,000,01,2,3,04,A01
201200034777,0,07,000,00,2,2,01,B01
201200034778,0,07,000,00,1,3,01,A01
201200034779,0,30,000,00,2,1,01,B01
201200034779,0,07,000,00,2,1,09,A01
201200034780,0,07,000,00,2,3,15,A01
201200034780,0,07,000,00,2,2,01,B01
201200034781,0,07,000,00,2,0,01,A01
201200034781,0,07,000,00,2,4,01,B01
201200034781,0,07,000,00,2,4,01,C01
201200034782,0,07,000,00,2,1,02,A01
201200034782,0,07,000,00,2,4,23,B01
201200034782,0,07,000,00,2,4,23,C01
201200034783,0,07,000,00,2,4,23,B01
201200034783,0,07,000,00,2,4,23,C01
201200034783,0,07,000,00,2,1,02,A01
201200034784,0,07,000,00,2,1,01,B01
201200034784,0,07,000,00,2,7,15,A01
201200034785,0,07,000,00,2,8,01,B01
201200034785,0,33,000,00,2,1,09,A01
201200034786,0,07,000,00,2,1,02,A01
201200034786,0,30,000,00,2,4,23,B01
201200034787,0,07,000,00,2,1,02,A01
201200034787,0,33,000,00,2,4,23,C01
201200034787,0,07,000,00,2,4,23,B01
201200034788,0,33,000,00,2,1,02,A01
201200034788,0,07,000,00,2,4,23,B01
201200034789,0,07,000,00,2,3,01,B01
201200034789,0,30,000,00,2,1,01,A01
201200034790,0,14,000,00,2,1,01,C01
201200034790,0,33,000,00,2,1,17,A01
201200034790,0,10,000,00,2,6,23,B01
201200034791,0,33,000,00,2,1,01,A01
201200034791,0,10,000,00,2,5,23,B01
201200034792,0,07,000,06,0,3,01,A01
201200034793,0,07,000,00,2,2,15,A01
201200034793,0,32,000,00,2,1,01,B01
201200034794,0,07,000,00,2,5,15,A01
201200034794,0,30,000,00,2,1,01,B01
201200034795,0,07,000,00,2,3,01,A01
201200034795,0,07,000,00,2,8,01,B01
201200034796,0,30,000,00,2,8,18,A01
201200034796,0,07,000,00,2,2,23,B01
201200034797,0,07,000,00,2,1,10,A01
201200034797,0,02,000,00,2,7,01,B01
201200034798,0,07,000,00,2,3,20,A01
201200034798,0,31,000,00,2,7,17,B01
201200034799,0,01,000,00,2,7,01,B01
201200034799,0,07,000,00,2,1,01,A01
201200034800,0,07,000,00,2,4,23,E01
201200034800,0,07,000,00,2,4,23,C01
201200034800,0,07,000,00,2,4,23,D01
201200034800,0,07,000,00,2,4,23,B01
201200034800,0,07,000,00,2,1,01,A01
201200034801,0,07,000,00,2,3,13,A01
201200034801,0,07,000,00,2,2,21,B01
201200034802,0,07,000,00,2,4,23,B01
201200034802,0,07,000,00,2,1,01,A01
201200034803,0,07,000,00,2,7,01,B01
201200034803,0,07,000,00,2,1,01,A01
201200034804,0,07,000,00,2,1,15,A01
201200034804,0,33,000,00,2,2,01,B01
201200034805,0,07,000,00,2,7,15,A01
201200034805,0,30,000,00,2,1,18,B01
201200034806,0,07,000,00,2,3,15,A01
201200034806,0,30,000,00,2,7,17,B01
201200034807,0,07,000,01,0,1,14,A01
201200034808,0,07,000,00,0,4,02,B01
201200034808,0,30,000,00,2,1,02,A01
201200034809,0,32,000,00,2,1,02,A01
201200034809,0,07,000,00,2,6,09,B01
201200034810,0,07,000,00,2,3,15,B01
201200034810,0,30,000,00,2,1,02,A01
201200034811,0,01,000,00,2,8,01,B01
201200034811,0,07,000,00,2,7,15,A01
201200034812,0,07,000,00,2,4,23,B01
201200034812,0,07,000,00,2,1,02,A01
201200034813,0,07,000,00,2,1,01,C01
201200034813,0,33,000,00,2,1,02,A01
201200034813,0,07,000,00,2,4,02,B01
201200034814,0,32,000,00,2,1,01,A01
201200034814,0,07,000,00,2,4,23,B01
201200034815,0,07,000,00,2,4,01,B01
201200034815,0,07,000,00,2,1,02,A01
201200034816,0,30,000,00,2,1,02,A01
201200034816,0,01,000,00,2,4,13,B01
201200034817,0,07,000,00,2,1,09,A01
201200034817,0,32,000,00,2,7,02,B01
201200034818,0,01,000,00,2,7,01,B01
201200034818,0,07,000,00,2,1,15,A01
201200034819,0,07,000,00,2,4,23,C01
201200034819,0,07,000,00,2,1,02,A01
201200034819,0,07,000,00,0,4,23,B01
201200034820,0,07,000,01,2,1,13,A01
201200034820,0,07,000,00,2,7,24,C01
201200034820,0,07,000,00,2,1,01,B01
201200034821,0,07,000,00,2,1,09,A01
201200034821,0,01,000,00,2,7,01,B01
201200034822,0,30,000,00,2,1,01,A01
201200034822,0,07,000,00,2,8,01,B01
201200034823,0,33,000,00,2,2,17,A01
201200034823,0,01,000,00,2,4,13,B01
201200034824,0,01,000,00,2,7,01,B01
201200034824,0,07,000,00,2,1,09,A01
201200034825,1,07,000,00,2,0,14,Z01
201200034825,0,07,000,00,2,8,01,B01
201200034826,0,07,000,00,2,8,09,A01
201200034826,0,30,000,00,2,1,01,B01
201200034827,0,07,000,00,2,3,01,A01
201200034828,0,07,000,00,2,4,23,C01
201200034828,0,07,000,00,2,4,23,B01
201200034828,0,07,000,00,2,1,01,A01
201200034829,0,07,000,00,2,3,15,B01
201200034829,0,07,000,00,2,2,01,A01
201200034830,1,07,000,00,1,2,01,Z01
201200034831,1,07,000,00,2,0,15,Z01
201200034831,0,02,000,00,2,7,01,B01
201200034832,0,07,000,00,2,4,15,B01
201200034832,0,10,000,00,2,1,01,A01
201200034833,0,01,000,00,2,4,16,B01
201200034833,0,07,000,00,2,3,01,A01
201200034834,0,07,000,00,2,4,01,B01
201200034834,0,10,000,00,2,1,01,A01
201200034835,0,07,000,00,2,3,13,A01
201200034835,0,01,000,00,2,7,01,B01
201200034836,0,07,000,00,2,1,15,A01
201200034836,0,07,000,00,2,3,01,B01
201200034837,0,07,000,00,1,1,01,A01
201200034838,0,07,000,00,2,2,01,A01
201200034838,0,07,000,00,2,5,01,B01
201200034839,0,07,000,00,2,5,01,B01
201200034839,0,07,000,00,2,3,13,A01
201200034840,0,07,000,00,2,6,15,A01
201200034840,0,33,000,00,2,8,01,B01
201200034841,0,10,000,00,2,1,01,A01
201200034841,0,07,000,00,2,4,23,D01
201200034841,0,07,000,00,2,4,23,B01
201200034841,0,07,000,00,2,4,23,C01
201200034842,0,01,000,00,2,4,01,B01
201200034842,1,07,000,00,2,0,01,Z01
201200034843,0,07,000,00,1,6,20,A01
201200034844,0,07,000,00,1,1,00,A01
201200034845,0,07,000,00,2,3,09,A01
201200034845,0,01,000,00,2,4,01,B01
201200034846,0,30,000,00,2,1,01,B01
201200034846,0,07,000,00,2,3,15,A01
201200034847,0,07,000,00,2,3,01,A01
201200034847,0,07,000,00,2,3,01,B01
201200034848,0,02,000,00,1,1,01,A01
201200034849,0,07,000,00,2,1,01,A01
201200034849,0,07,000,00,2,4,23,B01
201200034850,0,07,000,00,1,1,01,A01
201200034851,0,33,000,00,2,1,01,A01
201200034851,0,01,000,00,2,1,15,B01
201200034852,0,07,000,00,2,4,02,C01
201200034852,0,07,000,00,2,4,02,B01
201200034852,0,07,000,00,2,1,02,A01
201200034853,0,07,000,00,1,1,01,A01
201200034854,0,07,000,00,2,1,01,A01
201200034854,0,07,000,00,2,4,23,B01
201200034854,0,07,000,00,2,4,23,C01
201200034855,0,07,000,00,2,5,01,B01
201200034855,0,07,000,00,2,3,01,A01
201200034855,0,07,000,00,2,1,01,C01
201200034856,0,07,000,00,2,3,10,A01
201200034856,0,07,000,00,2,1,01,B01
201200034857,0,07,000,00,1,1,01,A01
201200034858,0,07,000,00,0,9,01,A01
201200034859,0,01,000,00,2,4,01,B01
201200034859,0,07,000,00,2,1,16,A01
201200034860,0,01,000,00,2,1,01,B01
201200034860,0,07,000,00,2,1,15,A01
201200034861,0,02,000,00,2,8,01,B01
201200034861,0,07,000,00,2,1,15,A01
201200034862,0,07,000,00,2,1,01,B01
201200034862,0,32,000,00,2,3,15,A01
201200034863,0,31,000,00,2,1,02,A01
201200034863,0,07,000,00,2,5,01,B01
201200034864,0,01,000,00,2,1,01,B01
201200034864,0,07,000,00,2,3,09,A01
201200034865,0,07,000,00,2,4,15,B01
201200034865,0,07,000,00,2,1,01,A01
201200034866,0,07,000,00,2,4,23,B01
201200034866,0,30,000,00,2,1,00,A01
201200034867,0,07,000,00,2,1,02,A01
201200034867,0,07,000,00,2,4,01,B01
201200034868,0,07,000,00,2,1,02,A01
201200034868,0,07,000,00,2,4,01,B01
201200034869,0,30,000,00,2,1,01,B01
201200034869,1,07,000,00,2,1,15,A01
201200034870,0,07,000,00,2,4,02,C01
201200034870,0,07,000,00,2,4,23,D01
201200034870,0,07,000,00,2,4,02,B01
201200034870,0,07,000,00,2,1,01,A01
201200034871,0,02,000,00,2,7,12,B01
201200034871,0,07,000,00,2,8,09,A01
201200034872,0,07,000,00,2,7,01,A01
201200034873,0,07,000,00,1,7,01,A01
201200034874,0,07,000,00,2,1,15,A01
201200034874,0,32,000,00,2,2,01,B01
201200034875,0,07,000,00,1,1,01,A01
201200034876,0,33,000,00,2,1,17,A01
201200034876,0,07,000,00,2,8,15,B01
201200034877,0,07,000,00,2,1,01,B01
201200034877,0,07,000,00,2,1,15,A01
201200034878,0,07,000,00,2,1,02,A01
201200034878,0,07,000,00,2,4,23,B01
201200034879,0,07,000,00,2,3,15,A01
201200034879,0,31,000,00,2,1,01,B01
201200034880,0,30,000,03,0,0,14,A01
201200034881,0,02,000,00,2,1,01,B01
201200034881,0,07,000,00,2,3,16,A01
201200034882,0,02,000,00,1,1,01,A01
201200034883,0,07,000,00,2,4,01,B01
201200034883,0,07,000,00,2,1,02,A01
201200034884,0,07,000,00,2,8,09,A01
201200034884,0,33,000,00,2,1,01,B01
201200034885,0,07,000,00,2,8,09,A01
201200034885,0,33,000,00,2,7,01,B01
201200034886,0,07,000,00,2,1,02,A01
201200034886,0,07,000,00,2,4,01,B01
201200034887,0,02,000,00,2,1,02,A01
201200034887,0,07,000,00,2,5,01,B01
201200034888,0,30,000,00,2,1,17,A01
201200034888,0,07,000,00,2,8,15,B01
201200034889,0,02,000,00,1,1,17,A01
201200034890,0,07,000,00,2,3,15,A01
201200034890,0,31,000,00,2,1,01,B01
201200034891,0,07,000,16,0,0,13,A01
201200034892,0,07,000,00,2,3,15,A01
201200034892,0,30,000,00,2,1,01,B01
201200034893,0,07,000,00,2,3,01,B01
201200034893,0,07,000,00,2,3,01,A01
201200034894,0,07,000,00,2,1,02,A01
201200034894,0,07,000,00,2,4,01,B01
201200034895,0,02,000,00,2,1,17,B01
201200034895,0,07,000,00,2,3,15,A01
201200034896,0,02,000,00,2,1,02,A01
201200034896,0,07,000,00,2,4,01,B01
201200034897,0,07,000,00,1,4,20,A01
201200034898,0,07,000,00,2,2,09,B01
201200034898,0,07,000,00,2,1,01,A01
201200034899,0,30,000,00,2,1,01,B01
201200034899,0,07,000,00,2,1,19,A01
201200034900,0,07,000,00,2,1,13,A01
201200034900,0,14,000,00,2,8,01,B01
201200034901,0,14,000,00,2,3,00,B01
201200034901,0,07,000,00,2,1,13,A01
201200034902,0,07,000,00,2,4,15,C01
201200034902,0,07,000,00,2,1,02,A01
201200034902,0,07,000,00,2,4,02,B01
201200034903,0,01,000,00,2,3,15,A01
201200034903,0,01,000,00,2,2,01,B01
201200034904,0,02,000,09,0,7,01,A01
201200034905,0,07,000,00,2,6,15,B01
201200034905,0,02,000,00,2,1,17,A01
201200034906,0,07,000,00,2,1,09,A01
201200034906,0,01,000,00,2,2,01,B01
201200034907,0,07,000,00,2,1,02,A01
201200034907,0,07,000,00,2,4,01,B01
201200034908,0,07,000,00,2,3,01,B01
201200034908,0,30,000,00,2,1,13,A01
201200034909,0,07,000,00,2,3,01,B01
201200034909,0,02,000,00,2,1,09,A01
201200034910,0,07,000,00,2,3,01,B01
201200034910,0,07,000,00,2,8,09,A01
201200034911,0,07,000,00,2,2,01,B01
201200034911,0,07,000,00,2,3,15,A01
201200034912,0,33,000,00,2,7,17,B01
201200034912,0,07,000,00,2,1,15,A01
201200034913,0,07,000,00,2,4,02,B01
201200034913,0,07,000,00,2,1,02,A01
201200034914,0,07,000,00,2,8,01,B01
201200034914,0,07,000,00,2,3,13,A01
201200034915,0,07,000,00,2,4,01,B01
201200034915,0,07,000,00,2,1,02,A01
201200034916,0,07,000,00,2,4,23,B01
201200034916,0,07,000,00,2,1,02,A01
201200034917,0,30,000,00,2,1,17,A01
201200034917,0,30,000,00,2,8,15,B01
201200034918,0,32,000,00,2,1,02,A01
201200034918,0,07,000,00,2,5,09,B01
201200034919,0,07,000,13,0,3,13,A01
201200034920,0,07,000,00,2,4,01,B01
201200034920,0,07,000,00,2,1,02,A01
201200034921,0,07,000,00,1,7,01,A01
201200034922,0,02,000,00,2,1,17,B01
201200034922,0,07,000,00,2,8,15,A01
201200034923,0,07,000,00,1,3,16,A01
201200034924,0,07,000,00,2,1,02,A01
201200034924,0,07,000,00,2,4,01,B01
201200034924,0,07,000,00,2,4,01,C01
201200034925,0,01,000,00,2,8,01,A01
201200034926,0,33,000,13,0,1,14,A01
201200034927,0,07,000,00,2,2,01,A01
201200034927,0,07,000,00,2,2,01,B01
201200034928,0,07,000,00,2,4,01,B01
201200034928,0,07,000,00,2,1,02,A01
201200034929,0,02,000,00,2,1,17,A01
201200034930,0,07,000,00,2,1,02,A01
201200034930,0,07,000,00,2,4,01,B01
201200034930,0,07,000,00,2,4,01,C01
201200034931,0,07,000,00,2,1,01,B01
201200034931,0,07,000,00,2,1,15,A01
201200034932,0,07,000,00,0,4,23,B01
201200034932,0,07,000,00,2,1,02,A01
201200034933,0,32,000,00,2,2,17,A01
201200034933,0,33,000,01,2,3,01,B01
201200034934,0,02,000,00,2,1,17,A01
201200034934,0,07,000,00,2,3,15,B01
201200034935,0,33,000,00,2,1,01,B01
201200034935,0,33,000,00,2,3,15,A01
201200034936,0,07,000,00,2,2,09,A01
201200034936,0,33,000,00,2,1,01,B01
201200034937,0,07,000,00,1,2,01,A01
201200034938,0,31,000,00,2,2,01,B01
201200034938,0,07,000,00,2,1,15,A01
201200034939,0,07,000,00,2,5,15,B01
201200034939,0,02,000,00,2,1,02,A01
201200034940,0,30,000,00,0,8,01,B01
201200034940,0,07,000,00,0,0,15,A01
201200034941,0,33,000,00,2,1,01,B01
201200034941,0,07,000,00,2,1,01,A01
201200034942,0,07,000,00,2,3,15,A01
201200034942,0,01,000,00,2,1,01,B01
201200034943,0,07,000,00,2,1,02,A01
201200034943,0,07,000,00,0,4,23,B01
201200034944,0,01,000,00,2,1,00,B01
201200034944,0,07,000,00,9,2,19,A01
201200034945,0,02,000,00,2,1,17,A01
201200034945,0,07,000,00,2,3,15,B01
201200034946,0,07,000,01,2,1,02,A01
201200034946,0,07,000,00,2,4,01,B01
201200034947,0,34,000,16,0,7,01,A01
201200034948,0,02,000,00,2,3,15,A01