Num_Acc,senc,catv,occutc,obs,obsm,choc,manv,num_veh
201200035286,0,07,000,00,2,2,15,A01
201200035287,0,07,000,00,2,4,01,B01
201200035287,0,07,000,00,2,1,01,A01
201200035288,0,07,000,00,1,8,01,A01
201200035289,0,30,000,00,2,0,01,A01
201200035289,0,07,000,00,2,1,01,B01
201200035290,1,07,000,00,1,0,00,A01
201200035291,0,02,000,00,2,1,21,B01
201200035291,0,07,000,00,2,2,15,A01
201200035292,0,31,000,15,0,1,01,A01
201200035293,0,07,000,00,2,4,23,B01
201200035293,0,07,000,00,2,1,01,A01
201200035294,0,07,000,00,1,2,01,A01
201200035295,0,01,000,00,2,1,09,A01
201200035295,0,07,000,00,2,7,01,B01
201200035296,0,07,000,00,2,8,15,B01
201200035296,0,33,000,00,2,1,17,A01
201200035297,0,07,000,00,2,8,09,A01
201200035297,0,07,000,00,2,7,01,B01
201200035298,0,07,000,00,1,7,01,A01
201200035299,0,07,000,00,9,1,15,A01
201200035299,0,31,000,00,2,0,01,B01
201200035300,0,07,000,00,2,5,01,B01
201200035300,0,02,000,00,2,1,01,A01
201200035301,0,07,000,00,2,1,13,A01
201200035301,0,07,000,00,2,1,21,B01
201200035302,0,07,000,00,2,1,09,A01
201200035302,0,07,000,00,2,8,15,B01
201200035303,0,07,000,00,2,1,09,A01
201200035303,0,07,000,00,2,7,01,B01
201200035304,0,07,000,00,2,1,21,B01
201200035304,0,07,000,00,2,6,21,C01
201200035304,0,07,000,00,2,3,13,A01
201200035305,0,07,000,00,2,1,01,A01
201200035305,0,07,000,00,2,4,23,B01
201200035306,0,33,000,00,2,1,01,A01
201200035306,0,07,000,00,2,3,09,B01
201200035307,0,07,000,00,2,3,15,B01
201200035307,0,32,000,00,2,1,17,A01
201200035308,0,07,000,00,2,3,23,B01
201200035308,0,01,000,00,2,1,01,A01
201200035309,0,07,000,00,2,1,09,A01
201200035309,0,02,000,00,2,7,21,B01
201200035310,0,07,000,06,0,2,13,A01
201200035310,0,07,000,00,2,6,23,B01
201200035311,0,07,000,00,2,4,23,C01
201200035311,0,07,000,00,2,1,01,A01
201200035311,0,30,000,00,2,4,23,B01
201200035312,0,30,000,00,2,1,10,A01
201200035312,0,07,000,00,2,1,01,B01
201200035313,0,30,000,00,2,1,01,A01
201200035313,0,07,000,00,2,8,01,B01
201200035314,0,07,000,00,1,4,04,A01
201200035315,0,07,000,00,2,1,02,A01
201200035315,0,07,000,00,2,4,02,B01
201200035316,0,07,000,00,2,7,01,B01
201200035316,0,01,000,00,2,1,01,A01
201200035317,0,33,000,16,0,7,01,B01
201200035317,0,17,000,00,2,3,05,A01
201200035318,0,07,000,00,2,2,15,A01
201200035318,0,33,000,00,2,1,21,B01
201200035319,0,07,000,00,1,3,01,A01
201200035320,0,07,000,00,2,3,01,B01
201200035320,0,01,000,00,2,1,09,A01
201200035321,1,07,000,00,0,0,00,A01
201200035322,0,07,000,00,2,4,02,D01
201200035322,0,07,000,00,2,1,02,A01
201200035322,0,07,000,00,2,4,02,B01
201200035322,0,07,000,00,2,4,02,C01
201200035323,0,07,000,00,2,4,02,B01
201200035323,0,07,000,00,2,1,02,A01
201200035323,0,07,000,00,2,4,02,C01
201200035324,1,30,000,00,1,1,01,A01
201200035325,0,07,000,01,0,1,13,A01
201200035326,0,30,000,00,2,1,16,B01
201200035326,1,07,000,00,2,0,01,A01
201200035327,0,07,000,00,1,4,04,A01
201200035328,0,07,000,00,2,1,15,A01
201200035328,0,07,000,00,2,3,01,B01
201200035329,0,07,000,00,1,2,21,A01
201200035330,1,07,000,00,2,1,09,A01
201200035330,0,07,000,00,2,7,01,B01
201200035331,0,30,000,00,2,7,01,A01
201200035331,0,07,000,00,2,1,16,B01
201200035332,0,07,000,00,2,3,21,B01
201200035332,0,07,000,00,2,2,15,A01
201200035333,0,07,000,00,2,4,01,B01
201200035333,0,07,000,00,2,1,01,A01
201200035334,0,07,000,00,2,7,16,B01
201200035334,0,33,000,00,2,1,18,A01
201200035335,0,07,000,00,2,1,21,B01
201200035335,0,07,000,00,2,6,13,A01
201200035336,0,07,000,00,1,3,01,A01
201200035337,0,07,000,02,0,1,00,A01
201200035338,0,07,000,00,2,1,01,A01
201200035338,0,07,000,00,2,1,00,B01
201200035338,0,07,000,00,2,3,01,C01
201200035339,0,33,000,00,2,2,12,A01
201200035339,0,07,000,00,2,3,01,B01
201200035340,0,07,000,00,2,1,05,A01
201200035340,0,07,000,00,2,1,05,B01
201200035341,0,07,000,00,1,2,01,A01
201200035342,0,07,000,00,1,1,01,A01
201200035343,1,07,000,00,1,2,00,A01
201200035344,0,07,000,00,1,1,01,A01
201200035345,0,10,000,00,1,3,01,A01
201200035346,0,39,000,00,2,1,00,B01
201200035346,0,03,000,00,0,8,00,A01
201200035347,0,07,000,00,2,2,21,A01
201200035347,0,01,000,00,2,7,19,B01
201200035348,0,02,000,00,2,1,21,B01
201200035348,0,07,000,00,2,3,19,A01
201200035349,0,33,000,00,2,3,01,B01
201200035349,0,07,000,00,2,3,15,A01
201200035350,0,02,000,00,2,1,13,A01
201200035350,0,07,000,00,2,3,17,B01
201200035351,0,07,000,15,0,3,00,A01
201200035352,0,07,000,00,2,3,01,B01
201200035352,0,07,000,00,2,1,13,A01
201200035353,0,07,000,00,2,3,01,B01
201200035353,0,01,000,00,2,1,19,A01
201200035354,0,07,000,00,1,4,04,A01
201200035355,0,07,000,00,1,1,01,A01
201200035356,0,36,000,06,9,1,15,A01
201200035357,0,07,000,00,2,3,15,A01
201200035357,0,30,000,00,2,1,21,B01
201200035358,0,33,000,00,2,6,01,B01
201200035358,0,07,000,00,2,3,15,A01
201200035359,0,07,000,02,0,1,00,A01
201200035360,0,07,000,00,2,1,01,A01
201200035360,0,07,000,00,2,3,09,B01
201200035361,0,01,000,00,2,7,19,B01
201200035361,0,07,000,00,2,3,15,A01
201200035362,0,07,000,04,0,1,01,A01
201200035363,0,01,000,00,2,1,01,B01
201200035363,0,07,000,00,2,1,15,A01
201200035364,0,07,000,00,2,1,15,A01
201200035364,0,07,000,00,1,3,01,B01
201200035365,0,07,000,00,2,1,01,A01
201200035365,0,07,000,00,2,7,01,B01
201200035366,0,01,000,00,2,1,05,A01
201200035366,0,07,000,00,2,1,16,B01
201200035367,0,07,000,00,1,1,01,A01
201200035368,0,07,000,00,1,1,15,A01
201200035369,0,07,000,00,0,0,04,A01
201200035369,0,30,000,00,0,0,01,B01
201200035370,0,07,000,00,2,1,01,A01
201200035370,0,07,000,00,2,4,01,B01
201200035371,0,31,000,00,2,1,01,B01
201200035371,0,07,000,00,2,2,01,A01
201200035372,1,07,000,00,2,0,01,Z01
201200035372,0,01,000,00,2,0,01,B01
201200035373,0,07,000,06,0,1,01,A01
201200035374,0,01,000,00,2,7,01,B01
201200035374,0,07,000,00,2,8,22,A01
201200035375,0,07,000,00,2,4,23,B01
201200035375,0,07,000,14,0,1,02,A01
201200035376,0,07,000,00,2,2,01,B01
201200035376,0,07,000,00,2,2,15,A01
201200035377,0,07,000,00,2,4,02,B01
201200035377,0,02,000,00,2,1,02,A01
201200035378,0,30,000,00,2,1,01,B01
201200035378,0,07,000,00,2,5,15,A01
201200035379,0,07,000,01,,1,01,A01
201200035380,0,07,000,00,2,1,02,A01
201200035380,0,07,000,00,2,4,02,B01
201200035381,0,01,000,00,2,1,01,A01
201200035381,0,01,000,00,9,7,01,B01
201200035382,0,07,000,00,2,4,01,B01
201200035382,0,07,000,00,2,1,02,A01
201200035383,0,07,000,00,2,8,11,B01
201200035383,0,33,000,00,2,1,01,A01
201200035384,0,40,000,00,1,1,01,A01
201200035385,0,07,000,00,2,1,02,A01
201200035385,0,07,000,00,2,4,02,B01
201200035386,0,07,000,00,2,1,15,A01
201200035386,0,01,000,00,2,8,19,B01
201200035387,0,10,000,00,1,0,09,A01
201200035388,0,07,000,00,1,4,04,A01
201200035389,0,07,000,00,2,4,23,B01
201200035389,0,07,000,00,2,1,01,A01
201200035390,0,07,000,00,1,5,01,A01
201200035391,1,07,000,00,1,0,00,Z01
201200035392,0,07,000,00,1,1,01,A01
201200035393,0,07,000,00,2,3,20,B01
201200035393,0,01,000,00,2,1,01,A01
201200035394,0,07,000,00,2,5,23,A01
201200035394,0,01,000,00,2,1,01,B01
201200035395,0,07,000,00,2,4,01,D01
201200035395,0,07,000,00,2,4,01,B01
201200035395,0,07,000,00,2,4,01,C01
201200035395,0,07,000,00,2,1,01,A01
201200035396,0,07,000,00,1,7,01,A01
201200035397,0,07,000,00,2,8,01,B01
201200035397,0,07,000,00,2,2,01,A01
201200035398,0,07,000,00,2,4,02,C01
201200035398,0,10,000,00,2,4,02,B01
201200035398,0,10,000,00,2,1,02,A01
201200035399,1,01,000,00,1,1,01,Z01
201200035400,0,07,000,00,1,1,16,A01
201200035401,0,01,000,01,0,1,05,A01
201200035401,0,07,000,00,2,8,24,B01
201200035402,0,07,000,00,1,1,15,A01
201200035403,0,15,000,00,1,3,15,A01
201200035404,0,01,000,00,2,8,09,A01
201200035404,0,38,001,00,2,7,01,B01
201200035405,0,07,000,00,2,7,01,B01
201200035405,0,07,000,00,2,1,01,A01
201200035406,0,07,000,00,1,1,01,A01
201200035407,0,07,000,00,2,2,15,B01
201200035407,0,01,000,00,2,1,19,A01
201200035408,0,07,000,00,1,1,16,A01
201200035409,0,01,000,00,2,1,05,A01
201200035409,0,07,000,00,2,3,01,B01
201200035410,0,07,000,00,2,5,01,B01
201200035410,0,01,000,00,2,1,19,A01
201200035411,0,10,000,00,1,1,01,A01
201200035412,0,07,000,00,2,3,01,A01
201200035412,0,01,000,00,2,1,01,B01
201200035413,0,07,000,00,2,8,01,C01
201200035413,0,07,000,00,2,1,01,D01
201200035413,0,07,000,00,2,1,15,A01
201200035413,0,07,000,00,2,8,01,B01
201200035414,0,07,000,00,2,7,01,A01
201200035414,0,30,000,00,2,1,01,B01
201200035415,0,07,000,00,2,5,15,A01
201200035415,0,01,000,00,2,1,01,B01
201200035416,0,07,000,00,1,1,01,A01
201200035417,0,07,000,00,2,1,19,A01
201200035417,0,02,000,00,2,8,01,B01
201200035418,0,07,000,00,2,1,01,B01
201200035418,0,10,000,00,2,1,13,A01
201200035419,0,01,000,00,2,1,01,A01
201200035419,0,07,000,00,2,2,09,B01
201200035420,0,01,000,00,2,7,01,B01
201200035420,0,07,000,00,2,1,16,A01
201200035421,0,07,000,00,1,1,01,A01
201200035422,0,03,000,00,2,8,01,B01
201200035422,0,07,000,00,2,7,12,A01
201200035423,0,07,000,00,2,1,01,B01
201200035423,0,01,000,00,2,8,19,A01
201200035424,0,01,000,00,2,3,19,A01
201200035424,0,10,000,00,2,3,01,B01
201200035425,0,34,000,00,2,1,01,B01
201200035425,0,07,000,00,2,8,10,A01
201200035426,0,07,000,00,1,3,01,A01
201200035427,0,07,000,00,2,7,16,A01
201200035427,0,07,000,00,2,1,01,B01
201200035428,0,07,000,00,1,1,01,A01
201200035429,0,10,000,00,2,1,01,A01
201200035429,0,07,000,00,2,4,01,B01
201200035429,0,07,000,00,2,4,23,C01
201200035430,0,07,000,00,2,1,02,A01
201200035430,0,07,000,00,2,4,23,B01
201200035431,1,10,000,00,1,1,01,Z01
201200035432,0,30,000,00,2,1,01,B01
201200035432,0,10,000,00,2,3,15,A01
201200035433,0,01,000,00,2,8,01,A01
201200035433,0,07,000,00,2,7,02,B01
201200035434,0,07,000,00,2,4,01,B01
201200035434,0,07,000,00,2,1,01,A01
201200035435,0,07,000,00,1,7,01,A01
201200035436,0,02,000,00,2,1,01,A01
201200035436,0,07,000,00,2,8,15,B01
201200035437,0,01,000,00,2,1,19,B01
201200035437,0,07,000,00,2,1,15,A01
201200035438,0,01,000,00,2,1,01,A01
201200035438,0,07,000,00,2,3,01,B01
201200035439,0,01,000,00,2,1,01,B01
201200035439,0,07,000,00,2,2,15,A01
201200035440,0,07,000,08,0,1,16,A01
201200035441,0,07,000,00,2,7,15,A01
201200035441,0,07,000,00,2,1,01,B01
201200035442,0,07,000,00,2,1,01,B01
201200035442,0,07,000,00,2,1,15,A01
201200035443,0,07,000,00,2,1,01,B01
201200035443,0,07,000,00,2,1,01,A01
201200035444,0,01,000,00,2,2,01,B01
201200035444,0,07,000,00,2,4,04,A01
201200035445,0,32,000,00,2,1,01,A01
201200035445,0,07,000,00,2,2,01,B01
201200035446,0,01,000,00,1,1,00,A01
201200035447,0,07,000,00,2,4,10,A01
201200035447,0,30,000,00,2,1,01,B01
201200035448,0,01,000,00,1,1,01,A01
201200035449,0,07,000,00,2,2,17,A01
201200035449,0,07,000,00,2,8,15,B01
201200035450,0,40,000,00,2,2,01,B01
201200035450,0,07,000,00,2,3,15,A01
201200035451,0,07,000,00,2,1,17,A01
201200035451,0,33,000,00,2,1,01,B01
201200035452,0,02,000,06,0,1,00,A01
201200035453,0,07,000,00,2,3,15,A01
201200035453,0,02,000,00,2,1,21,B01
201200035454,0,10,000,00,2,4,23,B01
201200035454,0,07,000,00,2,1,01,A01
201200035454,0,07,000,00,2,4,23,C01
201200035454,0,07,000,00,2,4,23,D01
201200035455,0,38,002,00,2,7,15,B01
201200035455,0,07,000,00,2,1,01,A01
201200035456,0,07,000,00,2,2,10,A01
201200035456,0,07,000,00,2,1,01,B01
201200035457,0,01,000,00,2,0,01,A01
201200035457,1,01,000,00,0,0,00,Z01
201200035458,0,01,000,00,2,1,01,B01
201200035458,0,07,000,00,2,3,01,A01
201200035459,0,10,000,00,2,4,04,A01
201200035459,0,10,000,00,2,2,01,B01
201200035460,0,07,000,00,1,2,23,A01
201200035461,0,10,000,00,0,0,15,B01
201200035461,0,36,000,01,0,1,01,A01
201200035462,0,10,000,00,1,1,01,A01
201200035463,0,30,000,00,2,1,09,A01
201200035463,0,07,000,00,2,7,01,B01
201200035464,0,07,000,00,1,2,01,A01
201200035465,0,10,000,00,2,2,01,A01
201200035465,0,01,000,00,2,3,19,B01
201200035466,0,07,000,00,2,1,09,A01
201200035466,0,07,000,00,2,2,01,B01
201200035467,0,02,000,00,1,1,01,A01
201200035468,0,07,000,00,2,2,17,A01
201200035468,0,01,000,00,2,8,15,B01
201200035469,0,07,000,00,2,4,23,C01
201200035469,0,10,000,00,2,1,01,A01
201200035469,0,02,000,00,2,4,23,B01
201200035470,0,07,000,00,1,0,04,A01
201200035471,0,07,000,00,2,1,09,B01
201200035471,0,01,000,00,2,1,05,A01
201200035472,0,33,000,00,2,1,01,B01
201200035472,0,07,000,00,2,3,15,A01
201200035473,0,07,000,00,2,1,15,A01
201200035473,0,01,000,00,2,3,01,B01
201200035474,0,07,000,00,2,8,01,A01
201200035474,0,01,000,00,2,1,05,B01
201200035475,0,07,000,00,2,1,16,A01
201200035475,0,01,000,00,2,8,01,B01
201200035476,0,07,000,00,2,7,22,A01
201200035476,0,01,000,01,0,1,01,B01
201200035477,0,10,000,00,1,1,15,A01
201200035478,0,01,000,00,2,8,19,A01
201200035478,0,07,000,00,2,1,01,B01
201200035479,0,07,000,00,1,1,01,A01
201200035480,0,07,000,00,2,5,01,B01
201200035480,0,07,000,00,2,3,16,A01
201200035481,0,07,000,00,2,3,15,A01
201200035481,0,07,000,00,2,3,01,B01
201200035482,0,07,000,00,2,1,16,A01
201200035482,0,01,000,00,2,1,19,B01
201200035483,0,07,000,00,2,5,01,B01
201200035483,0,30,000,00,2,3,11,A01
201200035484,1,07,000,00,2,0,15,Z01
201200035484,0,32,000,00,2,2,01,B01
201200035485,0,40,000,00,1,1,01,A01
201200035486,0,07,000,00,2,3,16,A01
201200035486,0,01,000,00,2,1,01,B01
201200035487,0,07,000,00,2,3,15,A01
201200035487,0,32,000,00,2,1,01,B01
201200035487,0,10,000,00,2,3,23,C01
201200035488,0,07,000,00,2,3,01,B01
201200035488,0,01,000,00,2,1,15,A01
201200035489,0,10,000,00,2,5,01,B01
201200035489,0,10,000,00,2,1,01,A01
201200035490,0,07,000,00,2,2,15,A01
201200035490,0,33,000,00,2,1,01,B01
201200035491,0,07,000,00,2,1,15,B01
201200035491,0,07,000,00,2,1,01,A01
201200035492,0,07,000,00,1,2,15,A01
201200035493,0,07,000,01,0,1,01,A01
201200035494,0,40,000,00,1,2,01,A01
201200035495,0,07,000,00,2,8,15,B01
201200035495,0,01,000,00,2,1,19,A01
201200035496,1,32,000,00,1,1,01,Z01
201200035497,0,07,000,00,2,4,01,B01
201200035497,0,07,000,00,2,1,01,A01
201200035498,0,01,000,00,2,7,19,B01
201200035498,0,10,000,00,2,1,01,A01
201200035499,0,07,000,00,2,1,01,B01
201200035499,0,37,001,00,2,6,01,C01
201200035499,1,07,000,00,2,1,17,Z01
201200035500,0,07,000,00,2,3,23,A01
201200035500,0,01,000,00,2,1,01,B01
201200035501,0,07,000,00,1,1,01,A01
201200035502,0,07,000,00,2,3,24,C01
201200035502,0,07,000,01,2,1,01,A01
201200035502,0,07,000,00,2,3,01,B01
201200035503,1,33,000,00,1,1,01,Z01
201200035504,0,30,000,00,2,3,01,A01
201200035504,0,10,000,00,2,8,01,B01
201200035504,0,07,000,00,2,0,01,C01
201200035504,0,07,000,00,2,6,01,D01
201200035505,0,33,000,00,2,1,17,A01
201200035505,0,07,000,00,2,3,15,B01
201200035506,0,07,000,00,2,7,01,B01
201200035506,0,30,000,00,2,1,01,A01
201200035507,0,07,000,00,2,4,01,B01
201200035507,0,30,000,00,2,1,01,A01
201200035508,0,07,000,00,1,2,01,A01
201200035509,0,07,000,07,0,2,16,A01
201200035510,0,01,000,00,1,0,00,A01
201200035511,0,07,000,00,2,2,16,A01
201200035511,0,01,000,00,2,1,01,B01
201200035512,0,07,000,00,2,1,15,A01
201200035512,0,31,000,00,2,1,01,B01
201200035513,0,33,000,00,2,8,01,B01
201200035513,0,07,000,00,2,1,10,A01
201200035514,0,07,000,00,2,1,05,A01
201200035514,0,01,000,00,2,1,19,B01
201200035515,0,33,000,00,2,7,01,B01
201200035515,0,01,000,00,2,1,05,A01
201200035516,0,07,000,00,1,7,01,A01
201200035517,0,01,000,00,2,1,01,A01
201200035517,0,07,000,00,2,2,16,B01
201200035518,0,33,000,00,2,1,05,A01
201200035518,0,07,000,00,2,6,16,B01
201200035519,0,07,000,00,2,7,15,A01
201200035519,0,07,000,00,2,1,01,B01
201200035520,0,30,000,00,2,1,01,B01
201200035520,0,07,000,00,2,3,15,A01
201200035521,0,02,000,00,2,1,01,B01
201200035521,0,07,000,00,2,3,09,A01
201200035522,0,07,000,00,1,1,01,A01
201200035523,0,10,000,00,2,2,02,A01
201200035523,0,01,000,00,2,8,02,B01
201200035524,0,07,000,00,2,1,01,B01
201200035524,0,02,000,00,2,8,01,A01
201200035525,0,07,000,00,2,7,09,A01
201200035525,0,02,000,00,2,1,01,B01
201200035526,0,07,000,00,1,1,01,A01
201200035527,0,10,000,00,2,2,01,A01
201200035527,1,02,000,00,2,0,01,B01
201200035528,0,01,000,00,2,1,19,A01
201200035528,0,07,000,00,2,3,01,B01
201200035529,0,07,000,00,2,8,15,A01
201200035529,0,07,000,00,2,3,01,B01
201200035530,0,01,000,00,2,8,15,A01
201200035530,0,07,000,00,2,2,01,B01
201200035531,0,07,000,01,0,1,01,A01
201200035532,0,30,000,00,2,1,01,A01
201200035532,0,07,000,00,2,4,01,B01
201200035533,0,01,000,00,2,1,19,B01
201200035533,0,07,000,00,2,1,01,A01
201200035534,0,07,000,00,2,8,22,A01
201200035534,0,01,000,01,0,1,01,B01
201200035535,0,07,000,01,0,2,01,A01
201200035536,0,01,000,00,2,1,19,B01
201200035536,0,07,000,00,2,7,04,A01
201200035537,0,07,000,00,2,6,15,B01
201200035537,0,02,000,00,2,1,01,A01
201200035538,0,07,000,00,1,2,01,A01
201200035539,0,33,000,00,2,1,01,B01
201200035539,0,07,000,00,2,2,15,A01
201200035540,0,40,000,00,1,1,01,A01
201200035541,0,07,000,00,9,1,01,A01
201200035541,0,01,000,00,2,1,01,B01
201200035542,0,07,000,00,2,7,13,A01
201200035542,0,15,000,00,2,1,01,B01
201200035543,0,07,000,00,1,1,01,A01
201200035544,0,07,000,00,1,2,01,A01
201200035545,1,07,000,00,2,1,01,Z01
201200035545,0,02,000,00,2,4,01,B01
201200035546,0,02,000,00,2,8,01,A01
201200035546,0,07,000,00,2,1,01,B01
201200035547,0,01,000,00,2,1,15,A01
201200035547,0,07,000,00,2,3,01,B01
201200035548,0,07,000,09,0,1,01,A01
201200035549,0,07,000,15,0,1,01,A01
201200035550,0,38,047,00,2,2,01,B01
201200035550,0,01,000,00,2,1,01,A01
201200035551,0,07,000,00,2,2,15,A01
201200035551,0,30,000,00,2,1,01,B01
201200035552,0,10,000,00,1,1,01,A01
201200035553,0,07,000,00,1,1,01,A01
201200035554,0,07,000,02,0,1,01,A01
201200035555,0,07,000,00,2,6,00,A01
201200035555,0,07,000,00,2,2,01,B01
201200035556,0,07,000,00,2,3,01,A01
201200035556,0,01,000,00,2,7,01,B01
201200035557,0,07,000,00,2,1,01,A01
201200035557,0,07,000,00,2,8,15,B01
201200035558,0,07,000,00,2,3,15,B01
201200035558,1,02,000,00,2,1,01,A01
201200035559,0,01,000,00,2,1,01,B01
201200035559,0,07,000,00,2,3,16,A01
201200035560,1,07,000,00,2,1,01,Z01
201200035560,0,07,000,00,2,4,23,B01
201200035561,0,30,000,00,2,1,01,A01
201200035561,0,07,000,00,2,4,23,B01
201200035562,0,07,000,00,2,7,01,A01
201200035562,0,01,000,00,2,1,19,B01
201200035563,0,02,000,05,0,1,01,A01
201200035564,0,07,000,00,2,2,01,A01
201200035564,0,07,000,00,0,3,01,B01
201200035565,0,07,000,00,1,1,01,A01
201200035566,0,02,000,01,0,1,01,A01
201200035567,0,07,000,00,2,1,01,A01
201200035567,0,07,000,00,2,7,01,B01
201200035568,0,07,000,00,2,3,01,B01
201200035568,0,07,000,16,2,3,16,A01
201200035569,0,07,000,00,2,2,01,B01
201200035569,0,07,000,01,2,3,10,A01
201200035570,0,01,000,00,1,1,01,A01
201200035571,0,01,000,00,2,6,19,A01
201200035571,0,07,000,00,2,1,01,B01
201200035572,0,01,000,00,2,1,01,A01
201200035572,0,01,000,00,2,1,01,B01
201200035573,0,07,000,01,2,5,01,A01
201200035573,0,07,000,00,2,1,01,B01
201200035574,0,01,000,00,2,1,01,A01
201200035574,0,01,000,00,2,1,01,B01
201200035575,0,07,000,00,2,4,01,B01
201200035575,0,07,000,00,2,1,01,A01
201200035576,0,07,000,00,2,5,16,B01
201200035576,0,01,000,00,2,1,01,A01
201200035577,0,07,000,00,0,2,01,A01
201200035578,0,01,000,00,2,1,01,B01
201200035578,0,01,000,00,2,1,05,A01
201200035579,0,01,000,00,2,1,19,B01
201200035579,0,07,000,00,2,2,01,A01
201200035580,0,07,000,00,2,1,01,B01
201200035580,0,01,000,00,2,8,19,A01
201200035581,0,01,000,00,2,0,01,B01
201200035581,1,10,000,00,2,1,13,Z01
201200035582,0,07,000,00,2,1,01,A01
201200035582,0,07,000,00,2,4,01,B01
201200035583,0,07,000,00,2,1,01,A01
201200035583,0,07,000,00,2,4,01,B01
201200035584,0,07,000,00,2,4,01,C01
201200035584,0,10,000,00,2,1,01,A01
201200035584,0,07,000,00,2,4,23,B01
201200035585,0,07,000,00,2,2,01,B01
201200035585,1,30,000,00,2,1,11,A01
201200035586,0,07,000,00,2,4,23,B01
201200035586,2,07,000,00,2,1,01,A01
201200035587,0,07,000,00,2,6,23,A01
201200035587,0,07,000,00,2,3,09,B01
201200035588,0,01,000,00,0,4,01,A01
201200035589,0,02,000,00,2,1,01,A01
201200035589,0,07,000,00,2,4,23,B01
201200035590,0,01,000,00,1,1,05,A01
201200035591,0,07,000,00,2,1,01,B01
201200035591,0,10,000,00,2,8,15,A01
201200035592,0,07,000,00,2,2,15,A01
201200035592,0,01,000,00,2,1,05,B01
201200035593,0,07,000,00,2,4,02,B01
201200035593,0,07,000,00,2,1,23,C01
201200035593,0,07,000,00,2,1,02,A01
201200035594,0,07,000,00,1,1,01,A01
201200035595,0,02,000,00,2,1,01,A01
201200035595,0,07,000,00,2,8,01,B01
201200035596,0,32,000,00,2,7,01,B01
201200035596,0,07,000,00,2,3,01,C01
201200035596,0,07,000,00,0,0,00,A01
201200035597,0,40,000,00,1,1,01,A01
201200035598,0,02,000,15,0,1,01,A01
201200035599,1,01,000,00,1,1,01,Z01
201200035600,0,07,000,00,2,1,13,A01
201200035600,0,07,000,00,2,1,01,B01
201200035600,0,07,000,00,2,1,02,C01
201200035601,0,07,000,00,1,1,01,A01
201200035602,0,01,000,00,1,1,01,A01
201200035603,1,07,000,00,1,0,01,Z01
201200035604,0,07,000,00,2,1,02,A01
201200035604,0,07,000,00,0,4,02,B01
201200035605,0,31,000,00,2,1,01,B01
201200035605,0,07,000,00,2,3,15,A01
201200035606,0,02,000,00,2,5,01,B01
201200035606,0,07,000,00,2,3,09,A01
201200035607,0,01,000,00,2,7,02,A01
201200035607,0,01,000,00,2,8,02,B01
201200035608,1,15,000,00,2,1,01,Z01
201200035608,0,10,000,00,2,1,15,B01
201200035608,0,10,000,00,2,4,23,A01
201200035609,0,07,000,00,2,2,15,B01
201200035609,0,37,001,00,2,1,01,A01
201200035610,0,07,000,00,2,3,01,B01
201200035610,0,01,000,00,2,1,01,A01
201200035611,0,40,000,00,1,2,01,A01
201200035612,0,07,000,00,1,2,01,A01
201200035613,0,15,000,00,1,5,01,A01
201200035614,0,07,000,00,2,7,01,B01
201200035614,0,33,000,00,2,1,18,A01
201200035615,0,07,000,00,2,7,01,A01
201200035615,0,01,000,00,2,1,01,B01
201200035616,0,07,000,00,2,1,09,A01
201200035616,0,01,000,00,2,8,01,B01
201200035617,0,07,000,00,2,2,15,A01
201200035617,0,07,000,00,2,1,01,B01
201200035618,2,07,000,00,2,9,01,A01
201200035618,0,07,000,00,2,1,15,B01
201200035619,0,07,000,00,2,1,02,D01
201200035619,0,07,000,00,2,4,02,E01
201200035619,0,07,000,00,2,6,02,A01
201200035619,0,07,000,00,2,1,02,F02
201200035619,0,07,000,00,2,2,02,B01
201200035619,0,07,000,00,2,4,02,C01
201200035620,0,07,000,00,2,1,01,A01
201200035620,0,01,000,00,2,7,19,B01
201200035621,0,07,000,00,2,1,02,B01
201200035621,0,07,000,00,2,4,02,A01
201200035622,0,07,000,00,1,3,01,A01
201200035623,0,30,000,00,2,7,16,B01
201200035623,0,07,000,00,2,8,00,A01
201200035624,0,07,000,00,2,3,15,A01
201200035624,0,01,000,00,2,1,01,B01
201200035625,0,07,000,00,2,1,15,A01
201200035625,0,02,000,00,2,8,01,B01
201200035626,0,32,000,00,2,1,02,A01
201200035626,0,07,000,00,2,4,02,B01
201200035627,0,01,000,00,1,1,02,A01
201200035628,0,07,000,00,2,4,02,B01
201200035628,0,10,000,00,2,1,02,A01
201200035629,0,07,000,00,2,8,01,B01
201200035629,0,33,000,00,2,8,01,A01
201200035630,0,07,000,00,1,1,15,A01
201200035631,0,01,000,00,0,0,00,A01
201200035632,0,07,000,00,2,7,22,A01
201200035632,0,01,000,01,2,1,01,B01
201200035633,0,30,000,00,2,2,01,A01
201200035633,0,10,000,00,2,2,00,B01
201200035634,0,07,000,00,1,8,01,A01
201200035635,0,07,000,00,1,1,15,A01
201200035636,0,07,000,00,2,2,16,A01
201200035636,0,01,000,00,2,7,01,B01
201200035637,0,07,000,00,2,1,16,A01
201200035637,0,01,000,00,2,8,19,B01
201200035638,0,01,000,00,2,8,19,B01
201200035638,0,07,000,00,2,1,15,A01
201200035639,1,07,000,00,0,0,00,Z01
201200035640,0,07,000,01,0,1,01,A01
201200035640,0,07,000,00,2,3,15,B01
201200035641,1,02,000,00,1,1,01,Z01
201200035642,0,07,000,06,0,1,01,A01
201200035643,0,07,000,00,2,8,01,B01