Num_Acc,senc,catv,occutc,obs,obsm,choc,manv,num_veh
201200036017,0,07,000,00,2,4,23,C01
201200036018,0,07,000,12,2,3,15,B01
201200036018,0,07,000,08,2,3,01,A01
201200036019,0,01,000,00,2,0,01,B01
201200036019,0,07,000,00,9,0,16,A01
201200036020,0,07,000,01,0,0,21,A01
201200036021,0,07,000,00,2,1,01,A01
201200036021,0,07,000,00,2,1,15,B01
201200036022,0,07,000,00,2,3,01,B01
201200036022,0,07,000,00,2,2,15,A01
201200036023,0,07,000,00,2,1,05,B01
201200036023,0,37,001,00,2,1,01,A01
201200036024,0,02,000,00,2,0,16,A01
201200036024,0,07,000,00,2,2,15,B01
201200036025,1,07,000,00,2,1,01,Z01
201200036025,0,07,000,00,0,4,01,A01
201200036026,0,07,000,00,1,3,01,A01
201200036027,0,07,000,07,2,7,01,B01
201200036027,0,07,000,00,2,8,15,A01
201200036028,0,07,000,00,1,1,02,A01
201200036029,0,07,000,00,1,3,15,A01
201200036030,0,07,000,00,0,4,02,B01
201200036030,0,07,000,00,2,1,02,A01
201200036031,0,07,000,00,1,1,01,A01
201200036032,0,10,000,00,2,2,21,A01
201200036032,0,07,000,00,2,3,01,B01
201200036033,0,07,000,00,1,3,01,A01
201200036034,0,07,000,00,2,1,02,A01
201200036034,0,10,000,00,2,1,02,B01
201200036034,0,07,000,00,2,4,02,C01
201200036034,0,07,000,00,2,6,01,D01
201200036035,0,07,000,00,1,1,01,A01
201200036036,0,03,000,12,0,2,02,A01
201200036037,0,30,000,00,1,0,03,A01
201200036038,0,07,000,02,0,1,01,A01
201200036039,0,07,000,12,0,0,02,A01
201200036040,0,30,000,14,2,9,17,A01
201200036040,0,07,000,00,2,3,01,B01
201200036041,0,33,000,12,0,0,01,A01
201200036042,0,33,000,00,0,0,01,A01
201200036042,0,07,000,00,0,0,01,B01
201200036043,0,34,000,00,1,1,00,A01
201200036044,0,07,000,00,1,1,15,A01
201200036045,0,34,000,00,2,7,17,A01
201200036045,0,07,000,00,2,6,15,B01
201200036046,0,30,000,12,0,7,01,A01
201200036047,0,01,000,00,2,1,01,A01
201200036047,0,07,000,00,2,0,15,B01
201200036048,0,33,000,00,0,7,01,A01
201200036048,0,07,000,00,0,0,15,B01
201200036049,0,07,000,00,2,1,00,A01
201200036049,0,10,000,00,2,7,01,B01
201200036050,0,10,000,00,1,4,04,A01
201200036051,0,07,000,00,2,1,02,A01
201200036051,0,31,000,00,2,4,15,B01
201200036052,0,01,000,00,1,1,01,A01
201200036053,0,07,000,00,2,2,09,A01
201200036053,0,07,000,00,2,3,01,B01
201200036054,0,10,000,00,2,2,01,A01
201200036054,0,30,000,00,2,8,16,B01
201200036055,0,07,000,00,2,3,10,A01
201200036055,0,01,000,00,2,1,17,B01
201200036056,0,07,000,00,2,1,13,A01
201200036056,0,07,000,00,2,1,01,B01
201200036057,0,07,000,00,1,1,01,A01
201200036058,0,07,000,00,2,6,10,A01
201200036058,0,33,000,00,2,1,01,B01
201200036059,0,07,000,00,2,8,15,A01
201200036059,1,07,000,00,2,0,16,Z01
201200036060,0,37,001,00,1,3,07,A01
201200036061,0,07,000,00,2,5,15,A01
201200036061,0,30,000,00,2,1,02,B01
201200036062,0,07,000,00,2,5,15,A01
201200036062,0,33,000,00,2,1,01,B01
201200036063,0,01,000,00,2,1,05,A01
201200036063,0,07,000,00,2,2,01,B01
201200036064,0,34,000,00,2,6,17,A01
201200036064,0,07,000,00,2,6,23,B01
201200036065,1,07,000,00,1,0,07,Z01
201200036066,0,07,000,00,1,7,17,A01
201200036067,1,33,000,00,1,0,01,Z01
201200036068,0,07,000,00,2,1,01,A01
201200036068,0,07,000,00,2,4,01,B01
201200036069,0,07,000,00,2,6,04,A01
201200036069,0,30,000,00,2,1,02,B01
201200036070,0,02,000,00,2,1,02,A01
201200036070,0,07,000,00,2,4,02,B01
201200036071,0,07,000,08,0,1,14,A01
201200036072,0,07,000,01,0,2,01,A01
201200036073,0,07,000,12,0,2,01,A01
201200036074,0,37,007,00,1,6,02,A01
201200036075,0,30,000,00,2,7,01,A01
201200036075,0,07,000,00,2,3,15,B01
201200036076,0,07,000,00,2,3,01,A01
201200036076,0,07,000,00,2,3,15,B01
201200036077,0,07,000,00,2,3,01,B01
201200036077,0,07,000,00,2,3,15,A01
201200036078,0,07,000,00,2,2,20,A01
201200036078,1,30,000,00,2,1,05,Z01
201200036079,0,07,000,12,2,3,01,A01
201200036079,0,07,000,00,2,1,01,B01
201200036079,1,07,000,00,2,3,05,Z01
201200036080,0,07,000,00,2,1,21,B01
201200036080,0,01,000,00,2,7,19,A01
201200036081,0,07,000,00,2,1,10,A01
201200036081,0,33,000,00,2,1,05,B01
201200036082,0,07,000,00,1,2,01,A01
201200036083,0,07,000,00,2,8,15,A01
201200036083,0,32,000,00,2,1,17,B01
201200036084,0,07,000,00,2,2,20,A01
201200036084,0,02,000,00,2,1,00,B01
201200036085,0,01,000,00,2,1,19,A01
201200036085,0,07,000,00,2,5,01,B01
201200036086,0,07,000,00,2,3,15,A01
201200036086,0,10,000,00,2,3,01,B01
201200036087,0,07,000,00,1,2,00,A01
201200036088,0,07,000,00,1,3,01,A01
201200036089,0,10,000,00,2,2,23,A01
201200036089,0,01,000,00,2,1,00,B01
201200036090,0,07,000,09,2,1,02,A01
201200036090,0,07,000,00,2,5,02,B01
201200036091,0,07,000,12,2,1,01,B01
201200036091,0,30,000,06,2,1,01,C01
201200036091,0,07,000,00,2,1,15,A01
201200036092,0,07,000,00,2,1,09,A01
201200036092,0,01,000,00,2,0,01,B01
201200036093,0,31,000,00,0,8,01,A01
201200036094,0,07,000,08,0,1,14,A01
201200036095,0,07,000,00,1,0,01,A01
201200036096,0,02,000,00,2,7,02,A01
201200036097,0,07,000,00,2,3,01,A01
201200036097,0,02,000,14,0,1,01,B01
201200036098,0,07,000,00,2,4,02,B01
201200036098,0,10,000,00,2,4,02,C01
201200036098,0,07,000,00,2,1,02,A01
201200036099,0,07,000,00,1,1,01,A01
201200036100,0,07,000,00,1,2,02,A01
201200036101,0,02,000,00,2,1,17,A01
201200036101,0,07,000,00,2,3,15,B01
201200036102,0,07,000,00,1,3,01,A01
201200036103,0,07,000,00,2,4,02,B01
201200036103,0,07,000,00,2,1,01,A01
201200036104,0,07,000,00,2,3,15,B01
201200036104,0,30,000,00,2,3,17,A01
201200036105,0,30,000,00,2,1,02,B01
201200036105,0,07,000,00,2,3,01,A01
201200036106,0,30,000,00,2,1,01,B01
201200036106,0,07,000,00,2,3,15,A01
201200036107,0,07,000,00,2,3,01,A01
201200036107,0,07,000,00,2,1,15,B01
201200036108,0,10,000,00,1,4,04,A01
201200036109,0,07,000,00,1,1,02,A01
201200036110,0,07,000,00,2,4,02,B01
201200036110,0,02,000,00,2,1,02,A01
201200036111,0,33,000,00,2,1,02,B01
201200036111,0,07,000,00,2,3,15,A01
201200036112,0,07,000,00,1,2,01,A01
201200036113,0,07,000,00,2,4,02,C01
201200036113,0,07,000,00,2,4,02,B01
201200036113,0,07,000,00,2,1,02,A01
201200036113,0,07,000,00,2,4,02,D01
201200036114,0,07,000,00,2,7,02,B01
201200036114,0,07,000,00,2,1,19,A01
201200036115,0,07,000,00,2,4,02,B01
201200036115,0,07,000,00,2,1,05,A01
201200036115,0,07,000,00,2,3,02,C01
201200036116,0,30,000,00,2,1,02,A01
201200036116,0,07,000,00,2,8,22,B01
201200036117,0,01,000,00,2,1,01,A01
201200036117,0,07,000,00,2,3,01,B01
201200036118,0,07,000,00,2,1,01,A01
201200036118,0,07,000,00,2,4,01,B01
201200036119,0,07,000,00,2,1,01,A01
201200036119,0,07,000,00,2,6,01,B01
201200036120,0,07,000,08,0,1,01,A01
201200036121,0,07,000,00,2,2,00,A01
201200036121,0,07,000,00,2,3,00,B01
201200036122,0,07,000,00,1,7,00,A01
201200036123,0,07,000,06,0,1,01,A01
201200036124,0,07,000,08,0,2,01,A01
201200036125,0,33,000,00,2,1,01,B01
201200036125,0,07,000,00,2,2,01,A01
201200036126,0,33,000,03,0,0,01,A01
201200036126,1,17,000,00,0,0,01,B01
201200036127,0,07,000,00,2,7,15,A01
201200036127,0,33,000,00,2,1,01,B01
201200036128,0,03,000,00,2,7,16,A01
201200036128,0,01,000,00,2,8,01,B01
201200036129,0,01,000,00,2,8,19,B01
201200036129,0,07,000,00,2,1,01,A01
201200036130,0,07,000,00,2,2,01,B01
201200036130,0,10,000,00,2,3,13,A01
201200036131,0,07,000,00,1,2,01,A01
201200036132,0,07,000,00,2,4,02,A01
201200036132,0,07,000,00,2,9,02,B01
201200036132,0,07,000,00,2,1,02,C01
201200036133,0,01,000,00,2,4,01,A01
201200036133,1,07,000,00,2,0,02,B01
201200036134,0,07,000,04,0,9,01,A01
201200036135,0,07,000,06,0,1,01,A01
201200036136,0,07,000,00,2,3,15,A01
201200036136,0,07,000,00,2,2,16,B01
201200036137,0,07,000,00,1,1,01,A01
201200036138,0,07,000,00,1,2,01,A01
201200036138,0,99,000,00,0,0,00,C01
201200036139,0,01,000,00,2,9,01,B01
201200036139,0,07,000,00,2,3,09,A01
201200036140,0,33,000,00,2,7,02,A01
201200036140,0,10,000,00,2,8,02,B01
201200036141,0,33,000,00,2,1,01,A01
201200036141,0,07,000,00,2,2,15,B01
201200036142,0,07,000,00,2,2,02,B01
201200036142,0,07,000,00,2,1,02,A01
201200036143,0,07,000,00,2,2,01,B01
201200036143,0,07,000,00,2,7,15,A01
201200036144,0,07,000,00,0,0,13,A01
201200036144,0,07,000,00,2,1,01,B01
201200036144,0,07,000,00,2,4,02,C01
201200036145,0,07,000,06,2,8,13,A01
201200036145,0,07,000,00,2,3,01,B01
201200036146,0,07,000,00,2,1,16,B01
201200036146,0,07,000,00,2,4,02,A01
201200036147,0,17,000,00,2,8,01,B01
201200036147,0,07,000,00,2,1,01,A01
201200036148,0,10,000,00,1,1,15,A01
201200036149,0,10,000,08,0,1,02,A01
201200036150,0,10,000,00,1,1,15,A01
201200036151,0,10,000,00,1,1,15,A01
201200036152,0,01,000,00,2,1,09,B01
201200036152,0,33,000,00,9,2,01,A01
201200036153,0,10,000,00,1,8,01,A01
201200036154,0,10,000,00,1,7,01,A01
201200036155,0,10,000,00,2,1,02,A01
201200036155,0,10,000,00,2,6,20,B01
201200036156,0,10,000,00,2,1,02,A01
201200036156,0,10,000,00,0,4,02,B01
201200036157,0,10,000,00,1,1,01,A01
201200036158,0,10,000,00,2,2,12,A01
201200036158,0,30,000,00,2,1,01,B01
201200036159,0,10,000,00,2,4,01,A01
201200036159,0,10,000,00,0,1,01,B01
201200036160,0,10,000,00,0,1,17,A01
201200036161,0,33,000,00,2,3,19,A01
201200036161,0,10,000,00,2,1,02,B01
201200036162,0,10,000,00,2,2,02,A01
201200036162,0,30,000,00,2,8,18,B01
201200036163,0,10,000,00,2,3,15,A01
201200036163,0,10,000,00,2,1,17,B01
201200036164,0,10,000,04,0,1,02,A01
201200036165,0,10,000,00,2,5,15,B01
201200036165,0,10,000,00,2,1,01,A01
201200036166,0,10,000,00,2,1,15,A01
201200036166,0,30,000,00,2,1,01,B01
201200036167,0,10,000,13,0,1,02,A01
201200036168,0,07,000,00,1,4,20,A01
201200036169,0,07,000,00,1,1,15,A01
201200036170,0,07,000,00,1,1,01,A01
201200036171,0,07,000,00,2,2,15,A01
201200036171,0,33,000,00,2,1,01,B01
201200036172,0,07,000,00,1,1,01,A01
201200036173,0,07,000,00,0,4,02,B01
201200036173,0,07,000,00,2,1,02,A01
201200036174,0,07,000,00,2,1,02,A01
201200036174,0,07,000,00,2,4,02,B01
201200036174,0,10,000,00,2,4,02,C01
201200036175,0,02,000,16,2,2,17,A01
201200036175,0,07,000,16,2,3,15,B01
201200036176,0,07,000,00,1,6,20,A01
201200036177,0,07,000,00,2,2,15,A01
201200036177,0,01,000,00,2,1,01,B01
201200036178,0,07,000,00,1,3,01,A01
201200036179,0,07,000,00,1,4,04,A01
201200036180,0,33,000,00,2,1,00,A01
201200036180,0,07,000,00,2,3,01,B01
201200036181,0,07,000,00,2,1,13,A01
201200036181,0,07,000,00,2,3,01,B01
201200036182,0,07,000,00,2,1,02,A01
201200036182,0,07,000,00,2,1,23,B01
201200036182,0,07,000,00,2,4,23,C01
201200036183,0,07,000,06,0,1,01,A01
201200036184,0,07,000,00,2,9,13,A01
201200036185,0,07,000,00,2,1,02,A01
201200036185,0,07,000,08,2,4,02,B01
201200036186,0,07,000,00,2,1,02,A01
201200036186,0,07,000,00,2,4,02,B01
201200036186,0,07,000,00,2,4,02,C01
201200036186,0,07,000,00,2,4,02,D01
201200036186,0,07,000,00,2,4,02,E01
201200036187,0,33,000,00,2,7,02,A01
201200036187,0,07,000,00,0,6,02,B01
201200036188,0,07,000,00,2,1,13,A01
201200036188,0,07,000,00,2,1,23,B01
201200036188,0,07,000,00,2,1,23,C01
201200036189,0,07,000,00,1,3,15,A01
201200036190,0,10,000,00,2,4,02,A01
201200036190,0,07,000,00,2,1,02,B01
201200036190,0,07,000,00,2,1,02,C01
201200036191,0,33,000,00,2,3,21,A01
201200036191,0,16,000,00,2,2,23,B01
201200036192,0,01,000,15,0,6,01,A01
201200036193,0,37,015,12,1,3,01,A01
201200036194,0,07,000,00,2,5,00,B01
201200036194,0,33,000,00,2,1,00,A01
201200036195,0,10,000,09,0,1,01,A01
201200036196,0,01,000,00,2,1,01,B01
201200036196,0,07,000,00,2,5,15,A01
201200036197,0,07,000,00,2,3,01,A01
201200036198,0,07,000,12,0,9,13,A01
201200036199,0,07,000,08,0,1,00,A01
201200036200,0,07,000,09,9,1,02,A01
201200036201,0,10,000,00,1,4,20,A01
201200036202,0,07,000,00,2,2,15,A01
201200036202,0,07,000,00,2,1,01,B01
201200036203,0,33,000,08,0,1,01,A01
201200036204,0,07,000,00,2,1,15,A01
201200036204,0,33,000,00,2,3,01,B01
201200036205,0,02,000,00,2,1,01,A01
201200036205,0,07,000,00,2,5,00,B01
201200036206,0,07,000,00,2,3,15,A01
201200036206,0,33,000,00,2,3,01,B01
201200036207,0,10,000,00,1,2,01,A01
201200036208,0,07,000,06,0,1,01,A01
201200036209,0,07,000,00,2,8,15,B01
201200036209,0,02,000,00,2,9,17,A01
201200036210,0,01,000,00,2,1,01,B01
201200036210,0,07,000,00,2,7,15,A01
201200036211,0,07,000,00,1,4,04,A01
201200036212,0,30,000,00,2,1,14,A01
201200036212,0,30,000,00,2,1,01,B01
201200036213,0,07,000,01,0,1,14,A01
201200036214,0,07,000,00,2,1,01,B01
201200036214,0,07,000,00,2,2,09,A01
201200036215,0,07,000,00,1,1,15,A01
201200036216,0,33,000,00,1,1,17,A01
201200036217,0,07,000,00,2,3,16,A01
201200036217,0,07,000,00,2,3,23,B01
201200036218,0,07,000,00,1,3,01,A01
201200036219,0,33,000,00,2,1,21,A01
201200036219,0,07,000,00,2,4,02,B01
201200036219,0,07,000,00,2,3,01,C01
201200036220,0,30,000,00,2,1,02,A01
201200036220,0,07,000,00,2,4,02,B01
201200036221,0,02,000,12,0,0,21,A01
201200036222,0,07,000,00,2,7,15,A01
201200036222,0,02,000,00,2,1,01,B01
201200036223,0,33,000,00,1,1,01,A01
201200036224,0,07,000,00,1,3,15,A01
201200036225,0,07,000,08,0,3,15,A01
201200036226,0,07,000,00,2,1,13,A01
201200036226,0,07,000,00,2,1,01,B01
201200036227,0,31,000,00,2,1,01,B01
201200036227,0,07,000,00,2,8,15,A01
201200036228,0,07,000,00,2,7,01,D01
201200036228,0,07,000,00,2,4,02,C01
201200036228,0,07,000,00,2,4,02,B01
201200036228,0,07,000,00,2,1,02,A01
201200036229,0,07,000,00,2,5,15,A01
201200036229,0,33,000,00,2,7,01,B01
201200036230,0,07,000,00,1,4,04,A01
201200036231,0,30,000,00,2,9,01,B01
201200036231,0,10,000,00,2,0,05,A01
201200036232,0,07,000,00,1,1,01,A01
201200036233,0,10,000,00,2,3,10,A01
201200036233,0,02,000,12,2,2,17,B01
201200036234,0,07,000,00,2,2,15,A01
201200036234,0,07,000,08,2,3,02,B01
201200036235,1,32,000,00,1,2,00,Z01
201200036236,0,07,000,00,1,2,04,A01
201200036237,0,07,000,00,2,7,13,A01
201200036237,0,07,000,00,2,1,01,B01
201200036238,0,07,000,00,1,1,01,A01
201200036239,0,33,000,00,2,1,01,B01
201200036239,0,07,000,00,2,6,01,A01
201200036240,0,10,000,08,0,9,01,A01
201200036241,0,30,000,00,2,8,18,A01
201200036241,0,07,000,00,2,7,14,B01
201200036242,0,07,000,00,2,1,02,A01
201200036242,0,07,000,00,2,4,01,B01
201200036243,0,07,000,00,1,1,01,A01
201200036244,0,07,000,00,1,1,01,A01
201200036245,0,37,000,01,0,3,13,A01
201200036246,0,07,000,00,2,7,16,A01
201200036246,0,01,000,00,2,8,01,B01
201200036247,0,07,000,00,2,3,01,B01
201200036247,0,07,000,00,2,2,01,A01
201200036248,0,40,001,00,2,3,01,B01
201200036248,0,01,000,00,4,1,16,A01
201200036249,0,33,000,00,2,7,17,A01
201200036249,0,07,000,00,2,8,15,B01
201200036250,0,07,000,00,2,1,01,B01
201200036250,0,07,000,00,2,1,15,A01
201200036251,0,07,000,00,2,2,15,A01
201200036251,0,07,000,00,2,1,01,B01
201200036252,0,07,000,00,2,1,01,A01
201200036252,0,07,000,00,2,4,23,B01
201200036253,0,07,000,00,2,4,01,A01
201200036253,1,07,000,00,2,1,02,Z01
201200036253,0,07,000,00,2,4,01,B01
201200036254,0,38,001,00,2,2,02,B01
201200036254,0,07,000,00,2,3,01,A01
201200036255,0,07,000,00,2,2,15,A01
201200036255,0,33,000,00,2,8,01,B01
201200036256,0,07,000,00,2,2,07,A01
201200036256,0,10,000,00,2,3,15,B01
201200036257,0,01,000,00,2,4,01,A01
201200036257,1,07,000,00,2,1,01,Z01
201200036258,0,15,000,00,1,1,16,A01
201200036259,0,07,000,00,2,2,00,A01
201200036259,0,07,000,00,2,9,01,B01
201200036260,0,07,000,00,2,7,09,A01
201200036260,0,07,000,00,2,6,01,B01
201200036261,0,10,000,00,1,3,01,A01
201200036262,0,07,000,00,1,2,02,A01
201200036263,0,07,000,00,2,2,15,A01
201200036263,0,33,000,00,2,1,01,B01
201200036264,0,07,000,12,0,1,13,A01
201200036265,0,07,000,00,2,1,01,A01
201200036265,0,07,000,00,2,4,23,B01
201200036265,0,07,000,00,2,4,23,C01
201200036266,0,07,000,00,1,1,01,A01
201200036267,0,37,002,00,2,2,01,B01
201200036267,0,10,000,00,2,3,15,A01
201200036268,0,33,000,00,2,2,17,A01
201200036268,0,07,000,00,2,3,15,B01
201200036269,0,07,000,00,1,1,01,A01
201200036270,0,32,000,00,2,2,01,B01
201200036270,0,07,000,00,2,3,09,A01
201200036271,0,10,000,00,2,1,01,B01
201200036271,0,10,000,00,2,1,01,A01
201200036272,0,30,000,00,2,1,01,A01
201200036272,1,99,000,00,0,0,00,Z01
201200036273,0,07,000,01,0,1,01,A01
201200036274,0,07,000,00,1,2,17,A01
201200036275,0,37,002,00,0,0,01,A01
201200036276,0,10,000,00,1,3,01,A01
201200036277,0,07,000,02,0,0,01,A01
201200036278,0,07,000,15,2,2,17,A01
201200036278,0,07,000,08,2,8,15,B01
201200036279,0,07,000,15,0,1,14,A01
201200036280,0,07,000,00,2,8,15,A01
201200036280,1,99,000,00,0,0,00,Z01
201200036281,0,07,000,00,1,2,01,A01
201200036282,0,32,000,00,2,0,21,B01
201200036282,0,07,000,00,2,0,15,A01
201200036283,0,07,000,00,1,1,01,A01
201200036284,0,07,000,00,2,3,02,B01
201200036284,0,15,000,00,2,2,15,A01
201200036285,0,07,000,08,0,3,16,A01
201200036286,0,01,000,00,0,0,16,B01
201200036286,0,07,000,00,2,5,16,A01
201200036287,0,30,000,00,0,7,01,B01
201200036287,1,99,000,00,0,0,00,Z01
201200036288,0,07,000,08,0,1,01,A01
201200036289,0,07,000,00,2,3,15,A01
201200036289,0,31,000,00,2,8,01,B01
201200036290,0,07,000,02,0,1,01,A01
201200036291,0,07,000,00,1,8,01,A01
201200036292,0,07,000,00,2,1,02,A01
201200036292,0,07,000,00,2,4,23,B01
201200036293,0,07,000,00,2,1,15,A01
201200036293,0,02,000,00,2,1,02,B01
201200036293,1,07,000,00,0,0,02,Z01
201200036294,0,32,000,00,1,3,01,A01
201200036295,0,07,000,00,1,1,01,A01
201200036296,0,30,000,00,2,1,02,B01
201200036296,0,99,000,00,9,2,02,A01
201200036297,0,10,000,08,0,2,01,A01
201200036298,0,07,000,00,1,2,01,A01
201200036299,0,07,000,00,2,6,01,A01
201200036299,0,30,000,00,2,9,15,B01
201200036300,0,07,000,00,2,1,15,B01
201200036300,0,07,000,08,2,1,01,A01
201200036301,0,07,000,00,9,1,02,A01
201200036302,0,07,000,00,1,3,15,A01
201200036303,0,07,000,00,2,4,01,A01
201200036303,0,07,000,00,2,4,00,B01
201200036303,0,07,000,00,2,1,01,C01
201200036304,0,07,000,00,2,1,09,A01
201200036304,0,01,000,00,2,7,17,B01
201200036305,0,10,000,00,9,3,09,A01
201200036305,0,32,000,00,9,1,18,B01
201200036306,0,07,000,00,2,2,01,A01
201200036306,0,07,000,00,0,3,15,B01
201200036307,0,07,000,08,0,1,15,A01
201200036308,0,07,000,00,2,2,16,A01
201200036308,0,01,000,00,2,3,01,B01
201200036309,0,07,000,00,2,2,01,B01
201200036309,0,07,000,00,2,3,00,A01
201200036310,0,33,000,00,2,1,01,A01
201200036310,0,07,000,00,2,8,15,B01
201200036311,0,07,000,00,1,3,01,A01
201200036312,0,01,000,00,2,1,00,A01
201200036312,0,07,000,12,2,1,00,B01
201200036313,0,07,000,00,9,2,01,A01
201200036313,0,01,000,00,2,1,01,B01
201200036314,0,07,000,00,1,1,01,A01
201200036315,0,33,000,00,2,4,09,A01
201200036315,0,07,000,00,2,1,01,B01
201200036316,0,07,000,00,9,1,01,A01
201200036317,0,07,000,00,2,1,02,A01
201200036317,0,07,000,09,2,8,01,B01
201200036318,0,07,000,00,2,4,02,B01
201200036318,0,07,000,00,2,1,02,A01
201200036319,1,30,000,00,1,0,00,Z01
201200036320,0,07,000,00,2,6,09,A01
201200036320,0,07,000,00,2,8,01,B01
201200036321,0,10,000,00,1,4,04,A01
201200036322,0,07,000,00,2,3,01,A01
201200036322,0,07,000,00,2,7,00,B01
201200036323,0,07,000,00,2,0,02,A01
201200036323,0,33,000,00,2,0,02,B01
201200036324,0,30,000,12,0,1,13,A01
201200036325,0,37,010,00,1,5,01,A01
201200036326,1,30,000,00,1,1,01,A01
201200036327,0,07,000,00,2,7,15,A01
201200036327,0,01,000,00,2,1,01,B01
201200036328,0,01,000,00,0,1,01,A01
201200036329,0,07,000,00,9,8,01,A01
201200036330,0,07,000,00,1,2,01,A01
201200036331,0,07,000,00,2,3,01,B01
201200036331,0,07,000,00,2,2,01,A01
201200036332,0,07,000,00,1,1,01,A01
201200036333,0,07,000,00,2,2,17,A01
201200036333,0,07,000,01,2,6,01,B01
201200036334,0,07,000,00,2,1,01,B01
201200036334,0,07,000,00,2,4,15,A01
201200036335,0,07,000,00,2,3,20,A01
201200036335,0,07,000,00,2,2,02,B01
201200036336,0,07,000,00,2,2,15,A01
201200036336,0,07,000,00,2,3,01,B01
201200036337,0,32,000,00,2,9,18,A01
201200036337,0,07,000,00,2,5,16,B01
201200036338,0,07,000,00,2,1,15,A01
201200036338,0,07,000,00,2,3,01,B01
201200036339,0,07,000,00,1,4,04,A01
201200036340,0,07,000,00,2,7,01,A01
201200036340,0,07,000,00,2,3,02,B01
201200036341,0,07,000,00,0,2,01,A01
201200036342,0,07,000,00,2,1,15,A01
201200036342,0,07,000,00,2,1,01,B01
201200036343,0,07,000,00,1,5,16,A01
201200036344,0,30,000,00,2,7,17,B01
201200036344,0,07,000,00,2,8,15,A01
201200036345,0,07,000,00,2,8,01,B01
201200036345,0,07,000,00,2,1,01,A01
201200036346,0,07,000,08,2,2,13,A01
201200036346,0,07,000,00,2,1,01,B01
201200036347,0,07,000,00,2,3,00,A01
201200036347,0,02,000,00,2,1,02,B01
201200036348,0,07,000,00,2,7,22,A01
201200036348,0,32,000,00,2,1,18,B01
201200036349,0,07,000,01,0,2,14,A01
201200036350,0,30,000,00,2,1,18,A01
201200036350,0,07,000,00,2,2,15,B01
201200036351,0,33,000,00,2,7,01,A01
201200036351,0,10,000,00,2,3,01,B01
201200036352,0,30,000,00,1,1,01,A01
201200036353,0,07,000,00,2,4,04,A01
201200036353,0,07,000,00,2,1,01,B01
201200036354,0,30,000,00,2,4,15,A01
201200036354,0,07,000,00,2,2,01,B01
201200036355,0,10,000,00,2,7,02,A01
201200036355,0,33,000,00,0,8,02,B01
201200036356,0,14,000,00,2,5,04,A01
201200036356,0,35,000,00,2,1,01,B01
201200036357,0,31,000,00,2,3,01,A01
201200036357,0,07,000,00,2,3,09,B01
201200036358,0,07,000,00,2,1,01,A01
201200036358,0,07,000,00,2,4,01,B01
201200036359,0,07,000,00,1,1,01,A01
201200036360,0,07,000,00,1,2,01,A01
201200036361,0,30,000,00,2,2,02,A01
201200036361,0,07,000,00,2,8,02,B01
201200036362,0,07,000,08,0,1,01,A01
201200036363,0,35,000,00,2,1,05,A01
201200036363,0,07,000,00,0,1,01,B01
201200036364,1,30,000,00,1,0,00,A01
201200036365,0,07,000,00,2,3,01,A01
201200036365,0,32,000,00,2,2,01,B01
201200036366,0,07,000,00,2,7,15,A01
201200036366,0,07,000,00,2,3,01,B01
201200036367,0,30,000,00,2,1,18,A01
201200036367,0,07,000,00,2,7,16,B01
201200036368,0,31,000,00,2,1,02,A01
201200036368,0,07,000,00,2,6,15,B01
201200036369,0,07,000,00,2,3,00,B01
201200036369,0,99,000,00,2,2,00,A01
201200036370,0,07,000,00,2,7,15,A01
201200036370,0,07,000,00,2,1,02,B01
201200036371,0,07,000,00,2,4,01,B01
201200036371,0,99,000,00,2,1,01,A01
201200036372,1,07,000,00,2,0,00,A01
201200036372,0,07,000,00,0,0,00,B01
201200036373,0,07,000,00,2,2,15,B01
201200036373,0,33,000,00,2,1,01,A01
201200036374,0,07,000,08,0,1,13,A01
201200036375,0,07,000,00,2,8,15,A01
201200036375,0,30,000,00,2,1,17,B01
201200036376,0,07,000,00,1,3,01,A01
201200036377,0,07,000,00,2,1,01,A01
201200036377,0,07,000,00,2,4,15,B01
201200036378,0,07,000,00,2,1,05,A01
201200036378,0,07,000,00,2,1,01,B01
201200036379,0,07,000,00,2,2,01,A01
201200036379,0,32,000,00,2,3,01,B01
201200036380,0,07,000,00,2,1,01,A01
201200036380,0,07,000,00,2,4,01,B01
201200036381,0,07,000,00,9,3,01,B01
201200036381,0,30,000,00,2,0,00,A01
201200036382,0,07,000,09,2,3,02,A01
201200036382,0,07,000,08,2,5,02,B01
201200036383,0,30,000,11,0,1,02,A01
201200036384,1,30,000,00,0,0,00,A01
201200036385,0,07,000,00,1,1,01,A01
201200036386,0,07,000,00,1,0,01,A01
201200036387,0,07,000,00,2,1,01,A01
201200036387,0,07,000,00,2,8,15,B01
201200036388,0,01,000,00,0,0,00,A01
201200036388,0,07,000,00,0,2,01,B01
201200036389,0,07,000,00,1,2,01,A01
201200036390,0,10,000,00,2,1,01,A01
201200036390,0,01,000,00,2,8,00,B01
201200036391,0,30,000,00,1,1,17,A01
201200036392,0,07,000,00,2,2,00,A01
201200036392,0,30,000,00,2,1,00,B01
201200036393,0,07,000,00,2,5,16,A01
201200036393,0,02,000,00,2,8,01,B01
201200036394,0,07,000,00,2,1,01,A01
201200036394,2,07,000,00,2,7,01,B01
201200036395,0,07,000,05,2,3,11,B01
201200036395,0,07,000,09,2,1,17,A01
201200036396,0,07,000,00,2,1,15,A01
201200036396,0,07,000,00,0,3,01,B01
201200036397,0,07,000,00,2,3,15,A01