Num_Acc,senc,catv,occutc,obs,obsm,choc,manv,num_veh
201200036770,0,15,000,00,2,1,01,B01
201200036771,0,07,000,00,2,1,01,A01
201200036771,0,07,000,00,2,4,01,B01
201200036771,0,07,000,00,0,4,23,C01
201200036772,0,01,000,00,9,0,00,A01
201200036773,1,07,000,00,2,1,19,Z01
201200036773,0,07,000,07,2,8,15,A01
201200036774,0,07,000,00,2,2,15,A01
201200036774,0,31,000,00,2,1,01,B01
201200036775,0,07,000,00,1,1,01,A01
201200036776,0,07,000,00,1,1,17,A01
201200036777,0,02,000,00,2,1,01,A01
201200036777,0,07,000,00,0,3,01,B01
201200036778,0,07,000,00,2,8,09,A01
201200036778,0,07,000,00,2,2,01,B01
201200036779,0,07,000,00,2,1,01,B01
201200036779,0,10,000,00,2,8,01,A01
201200036780,0,30,000,00,2,1,21,B01
201200036780,0,07,000,00,2,3,01,A01
201200036781,0,07,000,06,0,1,14,A01
201200036782,0,07,000,00,2,3,11,B01
201200036782,0,31,000,14,2,1,01,A01
201200036783,0,33,000,15,0,1,00,A01
201200036784,0,07,000,00,9,7,01,A01
201200036784,0,01,000,00,2,4,01,B01
201200036785,0,07,000,00,2,1,13,A01
201200036785,0,07,000,00,2,3,01,B01
201200036785,0,07,000,00,0,8,01,C01
201200036786,0,07,000,01,0,1,01,A01
201200036787,0,07,000,00,1,1,01,A01
201200036788,0,07,000,00,2,2,01,A01
201200036788,0,31,000,00,2,3,01,B01
201200036789,0,07,000,00,0,0,10,A01
201200036789,0,33,000,00,2,5,01,B01
201200036790,0,07,000,15,0,5,04,A01
201200036791,0,07,000,00,1,8,01,A01
201200036792,0,07,000,15,0,2,01,A01
201200036793,0,07,000,00,1,3,01,A01
201200036794,0,30,000,00,0,8,00,A01
201200036794,0,07,000,00,1,1,14,Z01
201200036795,1,99,000,00,0,0,00,Z01
201200036795,0,30,000,00,2,0,01,A01
201200036796,0,07,000,00,2,1,05,A01
201200036796,0,07,000,00,0,1,01,B01
201200036797,0,30,000,01,0,1,14,A01
201200036798,0,07,000,00,2,1,01,A01
201200036798,0,07,000,00,0,7,01,B01
201200036799,0,07,000,00,1,7,01,A01
201200036800,0,30,000,00,2,1,15,A01
201200036800,0,30,000,00,2,1,01,B01
201200036801,0,30,000,14,0,1,01,A01
201200036802,0,07,000,00,2,1,02,A01
201200036802,0,07,000,00,0,4,02,B01
201200036803,0,32,000,09,0,1,01,A01
201200036804,0,31,000,12,0,1,01,A01
201200036805,0,07,000,00,1,1,01,A01
201200036806,0,07,000,00,2,1,01,B01
201200036806,1,07,000,00,2,3,09,A01
201200036807,1,07,000,00,1,1,01,Z01
201200036808,0,07,000,00,2,1,09,A01
201200036808,0,07,000,00,2,7,01,B01
201200036809,0,07,000,00,1,1,01,A01
201200036810,0,07,000,02,0,1,14,A01
201200036811,0,07,000,00,2,1,01,A01
201200036811,0,10,000,00,2,4,02,B01
201200036811,0,10,000,00,2,4,02,C01
201200036811,0,07,000,00,2,4,02,D01
201200036811,0,10,000,00,2,4,02,E01
201200036811,0,07,000,00,0,4,02,F02
201200036812,0,07,000,00,1,2,01,A01
201200036813,0,10,000,06,0,1,01,A01
201200036814,0,07,000,00,1,1,01,A01
201200036815,0,07,000,02,0,0,01,A01
201200036816,0,07,000,00,2,3,01,B01
201200036816,0,30,000,00,2,1,01,A01
201200036817,0,07,000,15,2,0,09,A01
201200036817,0,07,000,00,2,0,01,B01
201200036818,0,07,000,00,2,8,15,B01
201200036818,0,02,000,00,2,1,17,A01
201200036819,0,31,000,00,2,8,01,B01
201200036819,0,07,000,00,2,1,19,A01
201200036819,0,07,000,00,2,3,23,C01
201200036820,0,07,000,01,0,0,00,A01
201200036821,0,07,000,02,0,7,01,A01
201200036822,0,07,000,00,2,2,17,A01
201200036822,0,01,000,00,2,8,15,B01
201200036823,0,07,000,00,2,0,09,A01
201200036823,0,33,000,00,0,0,01,B01
201200036824,0,07,000,00,1,3,01,A01
201200036825,0,02,000,00,2,1,01,A01
201200036825,0,07,000,00,2,8,15,B01
201200036826,0,02,000,00,2,1,00,A01
201200036826,0,07,000,00,2,3,01,B01
201200036827,0,15,000,03,2,2,01,A01
201200036827,0,33,000,00,2,3,01,B01
201200036828,0,30,000,06,0,1,16,A01
201200036829,0,16,000,00,2,1,01,A01
201200036829,0,30,000,00,0,4,02,B01
201200036829,0,07,000,00,0,4,01,C01
201200036829,0,07,000,00,2,1,01,D01
201200036830,0,07,000,00,2,1,06,A01
201200036830,0,07,000,00,2,1,01,B01
201200036830,0,07,000,00,2,1,01,C01
201200036831,0,07,000,14,0,1,01,A01
201200036831,0,15,000,00,2,1,23,B01
201200036832,0,07,000,00,2,3,15,A01
201200036832,0,30,000,00,2,3,01,B01
201200036833,0,07,000,00,0,4,02,C01
201200036833,0,07,000,00,2,4,02,B01
201200036833,0,10,000,00,2,1,02,A01
201200036834,0,07,000,02,0,1,01,A01
201200036835,0,07,000,00,0,0,20,A01
201200036835,0,33,000,00,0,8,21,B01
201200036836,0,07,000,00,0,3,01,B01
201200036836,0,07,000,00,2,1,15,A01
201200036837,0,07,000,00,0,3,15,B01
201200036837,0,02,000,00,2,7,17,A01
201200036838,0,01,000,00,0,1,15,B01
201200036838,0,07,000,00,2,3,01,A01
201200036839,0,07,000,00,0,7,10,A01
201200036839,0,07,000,00,2,1,01,B01
201200036840,0,10,000,00,1,8,01,A01
201200036841,0,07,000,00,2,4,02,C01
201200036841,0,14,000,00,2,1,02,A01
201200036841,0,07,000,00,0,4,02,D01
201200036841,0,10,000,00,2,4,02,B01
201200036842,0,02,000,16,0,1,01,A01
201200036843,0,07,000,00,1,2,01,A01
201200036844,0,07,000,09,0,9,01,A01
201200036845,0,07,000,00,2,3,15,B01
201200036845,0,07,000,00,2,3,01,A01
201200036846,0,35,000,00,0,4,01,B01
201200036846,0,07,000,00,2,1,01,A01
201200036847,0,07,000,00,2,7,16,A01
201200036847,0,01,000,00,2,3,01,B01
201200036848,0,07,000,00,2,3,01,A01
201200036848,0,01,000,00,2,1,01,B01
201200036849,0,07,000,00,1,3,01,A01
201200036850,0,07,000,00,2,3,22,A01
201200036850,0,01,000,01,0,1,01,B01
201200036851,0,07,000,00,1,1,01,A01
201200036852,0,33,000,00,0,8,01,D01
201200036852,0,33,000,00,0,7,01,B01
201200036852,0,33,000,00,0,8,01,C01
201200036852,0,33,000,00,2,7,17,A01
201200036853,0,33,000,00,0,4,02,B01
201200036853,0,33,000,00,0,4,02,C01
201200036853,0,33,000,00,2,1,02,A01
201200036854,0,07,000,09,0,1,01,A01
201200036855,0,07,000,00,2,3,01,B01
201200036855,0,33,000,00,2,1,15,A01
201200036856,0,01,000,00,2,1,01,B01
201200036856,0,14,000,00,2,7,16,A01
201200036857,0,07,000,00,0,6,01,B01
201200036857,0,02,000,00,2,1,03,A01
201200036858,0,02,000,16,0,7,01,A01
201200036859,0,33,000,00,2,3,15,A01
201200036859,0,07,000,00,0,7,01,B01
201200036860,0,07,000,00,0,3,15,A01
201200036860,0,01,000,00,2,1,01,B01
201200036861,0,02,000,00,0,1,01,B01
201200036861,0,07,000,00,2,2,20,A01
201200036862,0,07,000,00,2,1,21,A01
201200036862,0,07,000,00,0,1,01,B01
201200036863,0,07,000,00,0,4,02,B01
201200036863,0,07,000,00,2,1,02,A01
201200036864,0,07,000,15,2,2,12,A01
201200036864,0,07,000,00,0,3,01,B01
201200036865,0,07,000,00,0,4,02,B01
201200036865,0,07,000,00,2,1,02,A01
201200036866,0,07,000,03,2,1,01,B01
201200036866,0,07,000,03,2,1,05,A01
201200036866,0,14,000,00,0,3,01,C01
201200036867,0,07,000,00,0,8,01,D01
201200036867,0,07,000,00,0,1,01,B01
201200036867,0,07,000,00,2,1,10,A01
201200036867,0,07,000,00,0,4,01,C01
201200036868,0,07,000,00,2,1,01,A01
201200036869,0,33,000,00,2,1,01,B01
201200036869,0,07,000,00,2,2,16,A01
201200036870,0,07,000,00,0,3,10,A01
201200036870,0,33,000,00,2,1,17,B01
201200036871,0,02,000,16,0,1,01,A01
201200036872,0,07,000,00,0,4,23,B01
201200036872,0,33,000,00,2,1,02,A01
201200036873,0,07,000,00,0,8,01,B01
201200036873,0,02,000,00,2,1,01,A01
201200036874,0,07,000,00,1,1,01,A01
201200036875,0,07,000,00,1,1,01,A01
201200036876,0,02,000,01,0,1,01,A01
201200036877,0,33,000,00,0,1,01,B01
201200036877,0,10,000,00,0,8,15,A01
201200036878,0,07,000,00,0,3,15,B01
201200036878,0,33,000,00,2,7,17,A01
201200036879,0,07,000,03,0,1,09,A01
201200036880,0,07,000,09,0,1,01,A01
201200036881,0,07,000,00,1,1,01,A01
201200036882,0,02,000,00,2,1,02,A01
201200036882,0,07,000,00,0,4,02,B01
201200036883,0,02,000,16,0,1,16,A01
201200036884,0,07,000,00,0,1,01,B01
201200036884,0,33,000,00,2,1,13,A01
201200036885,0,07,000,00,1,2,01,A01
201200036886,0,33,000,00,2,1,01,B01
201200036886,0,07,000,00,2,2,15,A01
201200036887,0,33,000,00,2,1,01,B01
201200036887,1,07,000,00,2,7,15,Z01
201200036888,1,33,000,00,2,1,02,Z01
201200036888,0,33,000,00,2,4,02,B01
201200036889,1,33,000,00,1,1,00,A01
201200036890,0,01,000,00,2,1,15,B01
201200036890,0,07,000,00,2,1,01,A01
201200036891,1,07,000,00,1,6,00,Z01
201200036892,0,02,000,00,2,1,13,A01
201200036892,0,07,000,00,0,8,01,B01
201200036893,0,07,000,00,2,3,15,A01
201200036893,1,02,000,00,2,0,01,B01
201200036894,0,07,000,00,0,3,15,A01
201200036894,0,33,000,01,2,1,01,B01
201200036895,0,33,000,00,2,8,01,B01
201200036895,0,07,000,00,0,3,15,A01
201200036896,0,07,000,00,0,4,02,B01
201200036896,0,10,000,00,2,1,02,A01
201200036897,0,36,000,11,0,1,01,A01
201200036898,0,07,000,00,1,1,01,A01
201200036899,0,33,000,00,2,1,13,A01
201200036899,0,07,000,00,0,1,01,B01
201200036900,0,07,000,00,1,3,01,A01
201200036901,1,07,000,00,2,1,01,Z01
201200036902,1,07,000,00,2,4,04,Z01
201200036902,0,02,000,00,0,1,01,B01
201200036903,0,01,000,16,0,0,01,A01
201200036904,0,07,000,00,2,3,02,A01
201200036904,0,07,000,00,0,4,02,B01
201200036905,0,10,000,00,1,1,16,A01
201200036906,0,07,000,00,1,2,01,A01
201200036907,0,07,000,00,1,1,01,A01
201200036908,0,30,000,00,0,7,01,B01
201200036908,0,07,000,00,2,8,15,A01
201200036909,0,07,000,00,1,2,01,A01
201200036910,0,32,000,00,0,5,01,B01
201200036910,0,07,000,00,2,3,09,A01
201200036911,0,15,000,00,2,2,01,A01
201200036911,0,01,000,00,0,4,09,B01
201200036912,0,07,000,00,2,2,16,A01
201200036912,0,01,000,00,0,8,01,B01
201200036913,0,07,000,00,2,1,00,A01
201200036913,0,01,000,00,0,4,00,B01
201200036914,0,07,000,00,2,2,01,A01
201200036914,0,01,000,00,0,7,15,B01
201200036915,1,10,000,00,1,0,01,A01
201200036916,0,07,000,00,1,2,01,A01
201200036917,0,07,000,00,1,3,01,A01
201200036918,0,07,000,13,0,1,13,A01
201200036919,0,07,000,00,0,0,09,B01
201200036919,0,07,000,00,1,2,01,A01
201200036920,0,02,000,00,2,1,17,A01
201200036920,0,07,000,00,2,3,15,B01
201200036921,0,07,000,00,2,2,02,A01
201200036921,0,33,000,00,0,6,02,B01
201200036922,0,07,000,00,1,2,00,A01
201200036923,1,10,000,00,2,1,01,A01
201200036923,0,07,000,00,1,1,01,B01
201200036924,0,07,000,00,2,8,15,A01
201200036924,0,07,000,00,2,1,01,B01
201200036925,0,07,000,00,2,0,01,B01
201200036925,0,07,000,00,2,0,17,A01
201200036926,0,07,000,00,0,4,01,B01
201200036926,0,30,000,00,2,1,02,A01
201200036927,0,33,000,06,0,1,01,A01
201200036928,0,30,000,00,2,1,01,A01
201200036928,0,07,000,00,2,3,10,B01
201200036929,0,07,000,00,2,8,00,B01
201200036929,0,33,000,00,2,1,05,A01
201200036930,0,07,000,03,2,1,01,C01
201200036930,0,07,000,00,2,8,01,D01
201200036930,0,07,000,03,2,8,01,B01
201200036930,0,17,000,03,2,0,06,A01
201200036930,0,07,000,03,2,0,01,E01
201200036931,0,07,000,00,1,1,01,A01
201200036932,0,01,000,08,0,1,00,A01
201200036933,0,07,000,00,2,3,02,A01
201200036933,0,32,000,00,2,2,02,B01
201200036934,0,33,000,00,2,1,01,B01
201200036934,0,07,000,00,2,8,13,A01
201200036935,0,10,000,00,1,3,15,A01
201200036936,0,07,000,08,0,2,01,A01
201200036937,0,07,000,10,0,9,01,A01
201200036938,0,02,000,00,2,1,01,B01
201200036938,0,07,000,00,2,8,01,A01
201200036939,0,33,000,00,2,1,01,B01
201200036939,0,07,000,00,2,3,19,A01
201200036940,0,10,000,00,1,3,15,A01
201200036941,0,07,000,01,1,3,01,A01
201200036942,0,07,000,00,1,1,16,A01
201200036943,0,07,000,00,1,1,01,A01
201200036944,0,07,000,00,2,2,01,A01
201200036944,0,07,000,00,0,1,15,B01
201200036945,0,07,000,00,1,1,01,A01
201200036946,0,32,000,00,1,1,01,A01
201200036947,0,34,000,00,0,4,01,B01
201200036947,0,07,000,00,2,1,09,A01
201200036948,0,07,000,00,2,5,15,A01
201200036948,0,31,000,00,0,1,00,B01
201200036949,0,07,000,00,2,8,09,A01
201200036949,0,02,000,00,0,1,01,B01
201200036950,0,07,000,00,1,1,01,A01
201200036951,0,07,000,00,1,1,01,A01
201200036952,0,07,000,00,2,1,05,A01
201200036952,0,10,000,00,0,1,01,B01
201200036953,0,07,000,00,2,3,16,A01
201200036953,0,01,000,00,0,1,01,B01
201200036954,0,07,000,00,1,1,01,A01
201200036955,0,07,000,01,2,1,19,A01
201200036955,0,02,000,00,0,8,01,B01
201200036956,0,30,000,00,1,1,01,A01
201200036957,0,07,000,00,2,8,10,A01
201200036957,0,34,000,00,0,3,01,B01
201200036958,0,14,000,00,2,1,01,A01
201200036958,0,07,000,14,0,4,01,B01
201200036959,0,01,000,00,1,1,01,A01
201200036960,0,02,000,00,1,1,01,A01
201200036961,0,01,000,00,6,1,01,A01
201200036962,0,07,000,00,2,3,19,A01
201200036962,0,31,000,00,0,1,01,B01
201200036963,0,07,000,00,0,2,01,A01
201200036963,0,07,000,00,0,7,01,B01
201200036964,0,07,000,00,1,1,01,A01
201200036965,0,07,000,03,0,9,01,A01
201200036966,0,02,000,00,0,1,01,A01
201200036967,0,07,000,00,2,3,01,A01
201200036967,0,33,000,00,0,1,01,B01
201200036968,0,07,000,00,2,2,01,A01
201200036968,0,17,000,00,0,2,23,B01
201200036969,0,07,000,00,2,1,01,A01
201200036969,0,07,000,00,0,3,01,B01
201200036970,0,07,000,,2,3,01,A01
201200036970,0,07,000,,2,2,01,C02
201200036970,0,07,000,,2,3,01,B01
201200036971,0,01,000,00,1,1,09,A01
201200036972,0,07,000,00,2,1,13,A01
201200036972,0,07,000,00,0,0,01,B01
201200036973,0,07,000,00,1,1,01,A01
201200036974,0,07,000,00,2,1,13,A01
201200036974,0,07,000,00,0,1,01,B01
201200036975,0,07,000,00,1,1,16,A01
201200036976,0,07,000,00,2,1,13,A01
201200036976,0,07,000,00,0,1,01,B01
201200036977,0,10,000,00,2,1,01,A01
201200036977,0,07,000,00,0,0,00,B01
201200036978,0,07,000,00,2,6,09,A01
201200036978,0,07,000,00,0,7,01,B01
201200036979,0,10,000,06,0,1,01,A01
201200036980,0,07,000,00,2,5,04,B01
201200036980,0,34,000,00,2,1,02,A02
201200036981,0,07,000,00,2,3,16,A01
201200036981,0,33,000,00,2,7,09,B01
201200036982,0,01,000,00,2,0,01,A01
201200036982,0,07,000,00,2,1,00,B01
201200036983,0,07,000,00,2,1,01,B01
201200036983,0,33,000,00,2,1,01,A01
201200036984,0,07,000,00,1,7,02,A01
201200036985,0,07,000,00,2,1,02,A01
201200036985,0,07,000,00,2,1,02,B01
201200036986,0,33,000,00,2,7,02,A01
201200036986,0,10,000,00,2,5,19,B01
201200036987,0,07,000,00,2,3,09,A01
201200036987,0,32,000,00,2,3,02,B01
201200036988,0,07,000,00,0,1,00,A01
201200036989,0,07,000,00,1,8,02,A01
201200036990,0,07,000,00,2,8,09,A01
201200036990,0,31,000,00,2,1,13,B01
201200036991,0,07,000,00,2,4,00,A01
201200036991,0,30,000,00,2,1,02,B01
201200036992,0,07,000,02,0,1,02,A01
201200036993,0,07,000,00,2,8,16,A01
201200036993,0,07,000,00,2,1,02,B01
201200036994,0,07,000,00,1,4,04,A01
201200036995,0,07,000,00,1,1,00,A01
201200036996,0,07,000,00,1,0,00,A01
201200036997,0,07,000,00,2,0,01,A01
201200036997,0,07,000,00,2,0,01,B01
201200036998,1,07,000,00,0,0,00,A01
201200036999,0,07,000,00,1,8,00,A01
201200037000,0,07,000,00,2,7,16,A01
201200037000,0,30,000,00,2,8,00,B01
201200037001,0,07,000,00,1,4,04,A01
201200037002,0,30,000,00,1,1,01,A01
201200037003,0,07,000,00,1,1,01,A01
201200037004,0,31,000,00,1,3,01,A01
201200037005,0,07,000,00,1,2,01,A01
201200037006,0,07,000,00,2,7,15,A01
201200037006,0,07,000,00,2,1,16,B01
201200037007,0,02,000,00,0,1,02,A01
201200037007,0,02,000,00,0,0,00,B01
201200037008,0,07,000,00,2,2,13,A01
201200037008,0,07,000,00,2,1,01,B01
201200037009,0,07,000,00,2,1,01,A01
201200037009,0,07,000,00,2,1,01,B01
201200037010,0,07,000,00,2,0,01,A01
201200037010,0,07,000,00,2,0,01,B01
201200037010,0,07,000,00,2,0,01,C01
201200037011,0,07,000,00,2,1,01,A01
201200037011,0,07,000,00,2,4,01,B01
201200037012,0,01,000,00,2,1,01,B01
201200037012,0,07,000,00,9,7,15,A01
201200037013,0,07,000,00,0,1,01,A01
201200037013,0,07,000,00,0,4,01,A02
201200037014,0,07,000,00,0,4,02,A01
201200037014,0,02,000,00,2,1,02,B01
201200037015,0,07,000,00,1,7,01,A01
201200037016,0,07,000,00,9,3,20,A01
201200037016,0,33,000,00,2,3,01,B01
201200037017,0,07,000,00,1,1,01,A01
201200037018,0,10,000,00,1,1,01,A01
201200037019,0,07,000,00,1,4,04,A01
201200037020,0,07,000,00,2,3,15,A01
201200037020,0,07,000,00,2,2,01,B01
201200037021,0,07,000,00,1,3,01,A01
201200037022,0,07,000,00,2,3,23,A01
201200037022,0,02,000,00,2,1,01,B01
201200037023,0,33,000,00,2,1,01,B01
201200037023,0,07,000,00,2,3,15,A01
201200037024,0,07,000,00,1,3,00,A01
201200037025,0,07,000,00,2,0,01,A01
201200037025,0,07,000,00,2,0,01,B01
201200037026,0,32,000,00,2,1,17,A01
201200037026,0,07,000,00,2,8,10,B01
201200037027,0,07,000,00,1,4,01,B01
201200037027,0,10,000,00,2,1,01,A01
201200037028,0,31,000,00,0,7,01,A02
201200037028,0,07,000,00,0,1,01,A01
201200037029,0,07,000,00,1,7,01,A01
201200037030,0,07,000,00,2,2,01,A01
201200037030,0,07,000,00,2,2,11,B01
201200037031,0,07,000,00,1,3,01,A01
201200037032,0,30,000,00,9,2,01,A01
201200037032,0,01,000,00,9,6,15,B01
201200037033,0,07,000,00,2,1,02,A01
201200037033,0,07,000,00,0,4,23,B01
201200037034,0,07,000,00,2,2,12,A01
201200037034,0,30,000,00,2,8,01,B01
201200037034,0,07,000,00,2,7,01,C01
201200037035,0,30,000,00,2,1,13,A01
201200037035,0,07,000,00,2,2,02,B01
201200037036,0,07,000,00,1,2,01,A01
201200037037,0,33,000,01,2,1,01,B01
201200037037,0,07,000,01,2,3,13,A01
201200037038,0,30,000,00,2,1,13,A01
201200037038,0,07,000,00,9,3,21,B01
201200037039,0,07,000,00,9,7,02,A01
201200037039,0,01,000,00,2,8,02,B01
201200037040,0,30,000,12,0,1,01,A01
201200037041,0,07,000,00,2,3,15,B01
201200037041,0,33,000,00,2,1,01,A01
201200037042,0,07,000,00,0,6,01,C01
201200037042,0,07,000,01,2,3,01,B01
201200037042,0,07,000,00,2,3,19,A01
201200037043,0,30,000,08,0,1,06,A01
201200037044,0,13,000,00,0,6,01,A01
201200037044,0,02,000,00,2,8,05,B01
201200037045,0,02,000,00,0,8,02,A01
201200037045,1,07,000,00,0,0,00,Z01
201200037046,0,07,000,14,0,1,02,A01
201200037046,0,07,000,00,0,4,23,B01
201200037047,0,07,000,00,2,3,15,A01
201200037047,0,30,000,00,2,7,01,B01
201200037048,0,07,000,00,2,8,15,A01
201200037048,0,17,000,00,2,1,01,B01
201200037049,0,30,000,08,0,1,15,A01
201200037050,0,07,000,00,1,1,01,A01
201200037051,0,07,000,00,1,2,01,A01
201200037052,0,30,000,07,0,2,02,A01
201200037053,0,07,000,00,2,2,01,B01
201200037053,0,07,000,00,2,1,01,A01
201200037054,0,33,000,00,0,8,02,A01
201200037055,0,07,000,00,2,3,01,D01
201200037055,0,07,000,00,2,1,13,A01
201200037055,0,07,000,00,2,8,01,B01
201200037055,0,07,000,00,2,1,01,C01
201200037056,0,15,000,00,2,2,17,A01
201200037056,0,07,000,00,0,8,15,B01
201200037057,0,07,000,15,0,3,14,A01
201200037058,0,07,000,00,0,3,10,A01
201200037058,0,02,000,00,2,5,01,B01
201200037059,0,02,000,00,0,8,00,A01
201200037060,0,10,000,00,2,1,00,B01
201200037060,0,07,000,00,2,1,05,A01
201200037061,0,07,000,00,2,3,19,A01
201200037061,0,07,000,00,2,2,01,B01
201200037062,0,10,000,00,2,3,00,B01
201200037062,0,07,000,00,2,2,00,A01
201200037063,0,07,000,00,1,3,01,A01
201200037064,0,07,000,00,1,1,01,A01
201200037065,0,30,000,12,0,1,01,A01
201200037066,0,07,000,02,0,1,14,A01
201200037067,0,07,000,00,2,2,01,B01
201200037067,0,07,000,07,2,2,13,A01
201200037068,0,33,000,03,0,1,01,A01
201200037069,0,07,000,16,0,0,14,A01
201200037070,0,07,000,00,2,1,01,B01
201200037070,0,07,000,00,2,2,19,A01
201200037070,0,07,000,00,2,3,23,C01
201200037071,0,07,000,16,9,1,01,A01
201200037072,0,07,000,16,9,0,01,A01
201200037073,0,33,000,00,2,1,01,B01
201200037073,0,07,000,00,0,7,19,A01
201200037074,0,07,000,00,2,8,00,B01
201200037074,0,07,000,00,2,9,01,A01
201200037074,0,07,000,00,2,6,00,C01
201200037075,0,07,000,00,2,3,15,B01
201200037075,0,02,000,00,2,2,13,A01
201200037076,0,34,000,16,0,0,13,A01
201200037077,0,02,000,00,2,8,13,A01
201200037077,0,07,000,00,2,7,17,B01
201200037078,0,33,000,00,2,1,02,A01
201200037078,0,10,000,00,2,4,02,B01
201200037079,0,02,000,00,0,8,01,A01
201200037080,0,02,000,00,2,3,13,A01
201200037080,0,07,000,00,2,1,01,B01
201200037081,0,07,000,00,0,4,02,C01
201200037081,0,07,000,00,2,4,02,B01
201200037081,0,07,000,00,2,1,02,A01
201200037082,0,07,000,00,0,4,02,B01
201200037082,0,33,000,00,2,1,02,A01
201200037083,0,30,000,00,0,7,01,A01
201200037084,0,07,000,00,2,8,15,A01
201200037084,0,02,000,00,2,1,01,B01
201200037085,0,07,000,00,0,4,02,B01
201200037085,0,07,000,00,2,1,02,A01
201200037086,0,07,000,00,1,1,01,A01
201200037087,0,07,000,00,2,4,02,B01
201200037087,0,15,000,00,2,1,02,A01
201200037088,0,07,000,00,1,2,01,A01
201200037089,0,07,000,09,0,0,13,A01
201200037090,0,07,000,16,0,3,23,A01
201200037091,0,07,000,00,2,1,01,B01
201200037091,0,07,000,00,2,1,13,A01
201200037091,0,07,000,00,2,8,01,C01
201200037092,0,02,000,00,1,0,00,A01
201200037093,0,07,000,00,2,4,02,B01
201200037093,0,07,000,00,2,1,02,A01
201200037094,0,07,000,00,1,2,01,A01
201200037095,0,07,000,00,1,7,02,A01
201200037096,0,07,000,00,2,1,01,B01
201200037096,0,33,000,00,2,1,02,A01
201200037097,0,30,000,00,2,1,01,B01
201200037097,0,07,000,00,2,3,15,A01
201200037098,0,37,001,00,1,3,01,A01
201200037099,0,07,000,00,2,1,01,B01
201200037099,0,07,000,00,2,3,01,A01
201200037100,0,07,000,00,2,3,15,A01
201200037100,0,07,000,00,2,1,01,B01
201200037100,0,07,000,00,2,8,23,C01
201200037101,0,07,000,00,2,1,01,B01
201200037101,0,07,000,00,2,8,15,A01
201200037102,0,30,000,00,2,1,01,B01
201200037102,0,07,000,00,2,3,15,A01
201200037103,0,07,000,00,2,7,02,C01
201200037103,2,07,000,00,2,1,19,Z01
201200037103,0,10,000,00,2,1,19,B01
201200037104,0,07,000,00,2,2,15,A01
201200037104,0,33,000,00,2,9,01,B01
201200037105,0,07,000,00,2,1,13,A01
201200037105,0,07,000,00,2,1,01,B01
201200037106,0,07,000,00,2,8,01,B01
201200037106,0,02,000,00,2,1,19,A01
201200037107,0,30,000,09,0,1,01,A01
201200037108,0,10,000,00,2,2,01,A01
201200037108,0,01,000,00,2,1,01,B01
201200037109,2,30,000,00,1,1,00,Z01
201200037110,0,07,000,00,2,7,15,A01
201200037110,0,01,000,00,2,1,01,B01
201200037111,0,07,000,02,0,1,14,A01
201200037112,0,07,000,00,2,3,15,A01
201200037112,0,33,000,00,2,8,01,B01
201200037113,0,07,000,00,2,2,16,B01
201200037113,2,02,000,00,1,1,21,A01
201200037114,0,02,000,00,2,5,01,A01
201200037114,0,07,000,00,2,5,13,B01
201200037115,0,34,000,08,0,1,01,A01
201200037116,0,33,000,00,2,1,01,A01
201200037116,0,07,000,00,0,4,01,B01
201200037117,0,07,000,00,2,1,01,B01
201200037117,0,07,000,03,2,1,01,A01
201200037118,0,07,000,00,1,1,01,A01
201200037119,1,07,000,00,1,7,01,Z01
201200037120,1,07,000,00,1,2,01,Z01
201200037121,0,02,000,00,1,2,02,A01
201200037122,0,07,000,02,0,7,16,A01
201200037123,0,02,000,12,0,7,15,A01
201200037124,0,07,000,00,1,1,15,A01
201200037125,0,07,000,00,2,3,01,B01
201200037125,0,07,000,00,2,1,13,A01
201200037126,0,07,000,01,0,8,14,A01
201200037127,0,07,000,00,2,3,01,B01
201200037127,0,07,000,00,2,7,01,A01
201200037128,0,07,000,00,2,3,01,B01
201200037128,0,30,000,00,2,1,01,A01
201200037129,0,01,000,00,1,1,00,A01
201200037130,0,03,000,00,0,0,01,A01
201200037131,0,07,000,02,0,1,01,A01
201200037132,0,07,000,00,2,1,02,A01
201200037132,0,07,000,00,2,4,02,B01
201200037133,0,07,000,00,2,1,01,B01
201200037133,0,07,000,00,2,1,13,A01
201200037134,0,07,000,01,2,2,01,A01
201200037134,0,07,000,06,2,1,01,B01
201200037135,0,07,000,00,1,2,01,A01
201200037136,0,38,001,00,1,2,01,A01
201200037137,0,02,000,00,2,1,01,B01
201200037137,0,07,000,00,2,2,15,A01
201200037138,0,07,000,00,1,2,01,A01
201200037139,1,07,000,00,1,1,01,Z01
201200037140,0,07,000,00,2,1,02,A01
201200037140,0,07,000,00,2,4,02,B01
201200037141,0,33,000,00,0,8,00,A01
201200037142,0,07,000,00,2,2,15,A01
201200037142,0,33,000,00,2,2,01,B01
201200037143,0,30,000,00,0,3,01,A01
201200037144,1,99,000,00,0,0,00,Z01
201200037145,0,07,000,00,2,4,23,C01
201200037145,0,07,000,00,2,4,23,B01
201200037145,1,10,000,00,0,0,00,A01
201200037146,0,10,000,00,1,1,15,A01
201200037147,0,02,000,01,2,7,17,A01
201200037147,0,07,000,00,2,3,20,B01
201200037148,0,07,000,00,0,0,01,A01
201200037148,0,30,000,00,0,7,16,B01
201200037149,0,07,000,00,1,1,01,A01
201200037150,0,07,000,00,1,2,01,A01
201200037151,0,07,000,00,2,1,01,C01
201200037151,0,07,000,00,2,4,23,B01
201200037151,0,07,000,16,0,9,01,A01