Num_Acc,senc,catv,occutc,obs,obsm,choc,manv,num_veh
201200037152,0,07,000,09,0,2,14,A01
201200037153,0,07,000,00,1,1,01,A01
201200037154,0,07,000,00,1,7,15,A01
201200037155,0,30,000,00,0,8,01,A01
201200037156,0,10,000,00,1,4,04,A01
201200037157,0,07,000,00,2,8,15,A01
201200037157,0,31,000,00,2,7,01,B01
201200037158,0,31,000,12,0,1,01,A01
201200037159,0,07,000,00,1,3,01,A01
201200037160,0,07,000,00,2,6,01,B01
201200037160,0,07,000,00,2,2,05,A01
201200037161,0,07,000,00,1,1,01,A01
201200037162,0,07,000,01,0,4,01,A01
201200037163,0,01,000,00,2,1,01,B01
201200037163,0,07,000,00,2,1,15,A01
201200037164,0,30,000,16,0,0,01,A01
201200037165,0,07,000,04,0,8,01,A01
201200037166,0,33,000,00,2,7,01,B01
201200037166,0,07,000,00,2,3,11,A01
201200037167,0,02,000,09,0,7,00,A01
201200037168,0,07,000,00,1,1,01,A01
201200037169,0,02,000,00,2,4,02,B01
201200037169,0,02,000,00,2,1,02,A01
201200037170,1,07,000,00,1,1,01,A01
201200037171,0,07,000,00,1,1,01,A01
201200037172,0,07,000,00,2,4,23,B01
201200037172,0,30,000,00,2,1,01,A01
201200037173,0,07,000,01,0,1,20,D01
201200037174,0,07,000,00,2,1,02,A01
201200037174,0,07,000,00,2,4,02,B01
201200037175,0,07,000,00,2,7,01,A01
201200037175,0,02,000,00,2,0,01,B01
201200037176,0,07,000,00,2,3,15,A01
201200037176,0,30,000,00,2,1,17,B01
201200037177,0,07,000,00,1,1,01,A01
201200037178,0,07,000,00,1,4,01,A01
201200037179,0,30,000,00,2,0,00,B01
201200037179,0,10,000,00,2,0,01,A01
201200037180,0,01,000,00,2,0,01,B01
201200037180,0,14,000,00,2,0,16,A01
201200037181,0,07,000,00,0,2,01,A01
201200037182,0,33,000,00,2,1,17,B01
201200037182,0,07,000,00,2,3,15,A01
201200037183,0,07,000,00,2,1,09,A01
201200037183,0,30,000,00,2,1,17,B01
201200037184,0,07,000,13,0,1,13,A01
201200037185,0,07,000,00,1,5,01,A01
201200037186,0,07,000,00,2,2,15,A01
201200037186,0,07,000,09,2,3,01,B01
201200037187,0,07,000,00,2,1,01,A01
201200037187,0,07,000,00,2,1,01,B01
201200037187,0,10,000,00,2,4,23,C01
201200037188,1,07,000,00,2,2,15,Z01
201200037188,0,07,000,02,2,1,01,B01
201200037189,0,32,000,00,2,1,01,B01
201200037189,0,10,000,00,2,2,15,A01
201200037190,0,30,000,16,0,0,01,A01
201200037191,0,07,000,00,2,3,01,B01
201200037191,0,07,000,00,2,3,13,A01
201200037192,0,07,000,01,2,1,01,B01
201200037192,0,07,000,00,2,3,15,A01
201200037193,0,15,000,00,2,7,01,A01
201200037193,0,01,000,00,2,9,00,B01
201200037194,0,02,000,00,2,1,01,B01
201200037194,0,07,000,00,2,3,15,A01
201200037195,0,07,000,01,0,2,01,A01
201200037196,0,07,000,09,0,2,00,A01
201200037197,0,33,000,00,2,1,01,B01
201200037197,0,07,000,00,2,2,15,A01
201200037198,0,30,000,00,2,1,01,A01
201200037198,0,07,000,00,2,2,01,B01
201200037199,0,33,000,00,0,0,01,A01
201200037200,0,07,000,00,2,1,01,B01
201200037200,0,07,000,00,2,2,15,A01
201200037201,0,07,000,00,2,1,01,A01
201200037201,0,07,000,00,2,3,01,B01
201200037202,0,07,000,00,2,2,01,A01
201200037202,0,02,000,00,2,1,01,B01
201200037203,0,33,000,00,2,1,09,A01
201200037203,0,07,000,00,2,4,01,B01
201200037204,0,30,000,00,2,5,01,B01
201200037204,0,07,000,00,2,6,13,A01
201200037205,0,30,000,00,0,0,01,A01
201200037206,1,07,000,00,2,0,12,Z01
201200037206,0,07,000,03,2,1,21,A01
201200037206,0,07,000,00,2,1,01,B01
201200037207,0,02,000,00,2,4,01,A01
201200037207,1,07,000,00,2,1,02,Z01
201200037208,0,07,000,00,2,1,15,A01
201200037208,0,07,000,00,2,1,01,B01
201200037209,0,07,000,00,0,9,01,A01
201200037210,0,07,000,00,2,1,01,B01
201200037210,0,02,000,00,2,1,01,A01
201200037211,0,07,000,00,1,2,01,A01
201200037212,0,32,000,00,2,7,01,B01
201200037212,0,07,000,00,2,1,15,A01
201200037213,0,02,000,00,2,8,01,A01
201200037213,0,07,000,00,2,8,01,B01
201200037214,0,02,000,00,2,7,01,B01
201200037214,0,07,000,00,2,2,15,A01
201200037215,0,07,000,04,0,3,01,A01
201200037216,0,07,000,14,0,1,01,A01
201200037217,0,01,000,00,2,1,10,B01
201200037217,0,33,000,00,2,1,01,A01
201200037218,0,30,000,00,0,0,01,A01
201200037219,0,31,000,16,0,0,10,A01
201200037220,0,33,000,00,2,1,01,B01
201200037220,0,07,000,00,2,7,16,A01
201200037221,0,07,000,00,2,3,15,A01
201200037221,0,07,000,00,2,6,01,B01
201200037222,0,30,000,00,2,1,01,B01
201200037222,0,07,000,00,2,2,16,A01
201200037223,0,07,000,00,1,1,01,A01
201200037224,0,07,000,00,2,8,01,B01
201200037224,0,33,000,01,2,1,01,A01
201200037225,0,07,000,08,0,1,01,A01
201200037226,0,01,000,01,0,7,00,A01
201200037227,0,33,000,00,2,8,01,B01
201200037227,0,16,000,00,2,7,20,A01
201200037228,0,07,000,00,1,1,15,A01
201200037229,0,07,000,11,0,9,01,A01
201200037230,0,10,000,04,0,3,01,A01
201200037231,0,07,000,16,0,0,01,A01
201200037232,0,07,000,00,2,8,01,B01
201200037232,2,07,000,00,2,0,00,A01
201200037233,0,31,000,00,0,0,01,A01
201200037234,0,33,000,08,0,2,01,A01
201200037235,0,02,000,00,2,1,01,B01
201200037235,0,07,000,00,2,2,01,A01
201200037236,0,02,000,06,0,1,01,A01
201200037237,1,07,000,00,1,5,04,Z01
201200037238,0,33,000,16,0,0,01,A01
201200037239,1,07,000,00,2,8,17,Z01
201200037239,0,30,000,00,2,2,17,A01
201200037240,1,07,000,00,2,3,16,Z01
201200037240,0,30,000,00,2,2,01,A01
201200037241,0,07,000,00,1,1,01,A01
201200037242,0,07,000,00,2,7,17,A01
201200037242,0,30,000,00,2,6,01,B01
201200037243,0,07,000,00,1,3,01,A01
201200037244,0,02,000,11,0,1,01,A01
201200037245,0,07,000,00,2,6,01,B01
201200037245,0,07,000,00,2,2,01,A01
201200037246,0,07,000,00,1,1,01,A01
201200037247,0,07,000,00,2,4,23,B01
201200037247,1,07,000,00,2,1,01,A01
201200037248,0,07,000,00,2,4,23,B01
201200037248,0,07,000,00,2,1,01,A01
201200037249,0,07,000,02,0,9,14,A01
201200037250,0,37,001,00,1,2,01,A01
201200037251,0,07,000,00,2,4,23,C01
201200037251,0,07,000,00,2,1,01,A01
201200037251,0,07,000,00,2,4,23,B01
201200037252,0,33,000,03,0,8,00,A01
201200037253,0,02,000,00,0,7,01,A01
201200037254,0,07,000,00,2,1,01,A01
201200037254,0,10,000,00,2,4,23,B01
201200037255,0,01,000,00,2,4,15,B01
201200037255,0,07,000,00,2,1,01,A01
201200037256,0,33,000,15,0,0,01,A01
201200037257,0,01,000,00,2,1,15,B01
201200037257,0,10,000,00,2,7,06,A01
201200037258,0,01,000,00,2,7,19,B01
201200037258,0,07,000,00,2,1,01,A01
201200037259,0,07,000,06,0,1,01,A01
201200037260,0,07,000,00,2,2,16,A01
201200037260,0,37,000,00,2,3,09,B01
201200037261,0,34,000,12,0,1,05,A01
201200037262,0,30,000,00,0,0,01,A01
201200037263,0,30,000,00,2,1,01,A01
201200037263,0,07,000,00,2,2,01,B01
201200037264,0,07,000,00,2,3,01,C01
201200037264,0,07,000,00,2,8,01,B01
201200037264,0,07,000,00,2,3,13,A01
201200037265,0,07,000,08,0,1,01,A01
201200037266,0,01,000,00,2,4,19,B01
201200037266,0,07,000,00,2,1,01,A01
201200037267,0,32,000,14,0,1,01,A01
201200037268,1,07,000,00,0,0,00,B01
201200037268,0,30,000,00,2,1,01,A01
201200037269,0,07,000,00,1,1,15,A01
201200037270,0,14,000,00,2,3,23,A01
201200037270,0,01,000,00,2,1,01,B01
201200037271,0,07,000,00,2,2,14,A01
201200037271,0,30,000,00,2,3,18,B01
201200037272,0,31,000,00,2,8,01,B01
201200037272,2,07,000,00,2,8,05,A01
201200037273,1,30,000,00,2,0,17,A01
201200037273,0,07,000,00,2,6,15,B01
201200037274,0,30,000,00,0,1,12,A01
201200037275,0,36,000,00,2,3,01,A01
201200037275,0,07,000,00,2,3,01,B01
201200037276,0,01,000,00,2,0,01,A01
201200037276,0,07,000,00,2,2,01,B01
201200037277,0,30,000,00,2,1,01,B01
201200037277,0,07,000,00,2,3,15,A01
201200037278,0,01,000,00,0,0,16,A01
201200037279,0,07,000,00,1,1,01,A01
201200037280,0,30,000,00,0,0,09,A01
201200037281,0,01,000,00,0,0,11,A01
201200037282,0,07,000,00,1,5,04,A01
201200037283,0,07,000,00,2,1,02,A01
201200037283,0,33,000,00,2,6,23,B01
201200037284,0,30,000,00,2,1,01,A01
201200037284,0,07,000,00,2,5,23,B01
201200037285,0,30,000,12,0,1,01,A01
201200037286,0,07,000,00,1,5,04,A01
201200037287,0,33,000,00,1,1,00,A01
201200037288,0,07,000,00,2,2,01,B01
201200037288,2,07,000,00,2,1,01,A01
201200037289,0,07,000,00,2,3,00,B01
201200037289,0,07,000,00,2,6,16,A01
201200037290,0,31,000,00,2,1,01,B01
201200037290,0,10,000,00,2,2,15,A01
201200037291,0,07,000,00,2,7,15,B01
201200037291,0,34,000,00,2,1,01,A01
201200037292,0,07,000,00,2,2,15,A01
201200037292,0,30,000,00,2,1,01,B01
201200037293,0,02,000,16,0,0,01,A01
201200037294,0,07,000,00,1,1,01,A01
201200037295,0,07,000,00,2,4,23,B01
201200037295,1,07,000,00,2,1,01,A01
201200037296,0,07,000,00,2,4,01,B01
201200037296,1,99,000,00,2,1,02,Z01
201200037297,1,07,000,00,1,1,01,Z01
201200037298,0,07,000,00,1,2,01,A01
201200037299,0,31,000,00,2,1,01,B01
201200037299,0,07,000,00,2,0,19,A01
201200037300,0,01,000,16,0,0,01,A01
201200037301,0,07,000,00,2,4,23,B01
201200037301,2,07,000,14,0,1,01,A01
201200037302,1,07,000,00,0,0,00,A01
201200037303,0,07,000,00,2,3,15,B01
201200037303,0,07,000,00,2,2,01,A01
201200037304,0,01,000,12,0,1,00,A01
201200037305,0,07,000,00,1,2,11,A01
201200037306,0,31,000,16,0,0,01,A01
201200037307,0,14,000,00,1,3,01,A01
201200037308,0,07,000,00,2,1,01,A01
201200037308,0,33,000,00,2,7,01,B01
201200037309,0,07,000,00,2,5,01,B01
201200037309,0,30,000,00,2,2,01,A01
201200037310,0,01,000,00,0,0,01,A01
201200037311,0,02,000,00,2,1,01,A01
201200037311,1,07,000,00,2,4,23,B01
201200037312,0,30,000,16,0,7,01,A01
201200037313,0,07,000,00,1,1,16,A01
201200037314,2,07,000,14,0,1,13,A01
201200037315,0,07,000,14,0,3,01,A01
201200037315,0,07,000,00,2,4,23,B01
201200037316,0,17,000,04,0,7,01,A01
201200037317,0,30,000,16,0,0,01,A01
201200037318,0,32,000,00,0,1,01,B01
201200037318,0,07,000,00,2,8,15,A01
201200037319,0,07,000,00,2,1,01,B01
201200037319,0,07,000,00,2,1,01,A01
201200037320,0,30,000,05,0,7,01,A01
201200037321,1,01,000,00,1,0,01,A01
201200037322,0,07,000,00,2,7,16,B01
201200037322,1,30,000,00,0,0,00,A01
201200037323,0,30,000,00,2,1,01,A01
201200037323,1,07,000,00,2,2,01,Z01
201200037324,0,07,000,00,2,2,15,A01
201200037324,0,30,000,00,2,8,01,B01
201200037325,0,07,000,00,1,3,01,A01
201200037326,0,33,000,00,2,3,01,B01
201200037326,0,07,000,00,2,2,01,A01
201200037327,1,07,000,00,1,1,01,Z01
201200037328,0,07,000,00,1,2,15,A01
201200037329,2,02,000,00,2,1,16,A01
201200037329,0,07,000,00,2,3,15,B01
201200037330,0,07,000,00,1,2,16,A01
201200037331,0,33,000,16,0,0,01,A01
201200037332,0,02,000,00,2,1,16,A01
201200037332,0,07,000,00,2,8,01,B01
201200037333,0,02,000,00,2,1,01,A01
201200037333,0,07,000,00,2,8,01,B01
201200037334,0,02,000,00,2,1,01,B01
201200037334,0,07,000,00,2,8,09,A01
201200037335,0,07,000,00,2,8,01,B01
201200037335,1,07,000,00,2,1,01,A01
201200037336,0,07,000,00,2,1,01,A01
201200037336,0,07,000,00,2,1,01,B01
201200037337,0,07,000,00,1,7,01,A01
201200037338,0,07,000,00,2,1,02,A01
201200037338,0,07,000,00,2,4,23,C01
201200037338,0,07,000,00,2,4,23,B01
201200037339,0,07,000,00,1,1,15,A01
201200037340,0,07,000,00,2,1,01,B01
201200037340,0,07,000,00,2,1,01,A01
201200037341,0,07,000,00,2,8,10,A01
201200037341,0,07,000,00,2,1,01,B01
201200037342,0,07,000,00,1,2,01,A01
201200037343,0,07,000,00,2,2,01,A01
201200037343,0,07,000,00,2,3,01,B01
201200037344,0,07,000,00,1,1,01,A01
201200037345,0,02,000,00,0,0,01,A01
201200037346,0,02,000,00,0,8,15,A01
201200037347,0,07,000,01,0,2,01,A01
201200037348,0,32,000,00,0,7,01,A01
201200037349,0,07,000,00,2,4,23,B01
201200037349,0,30,000,00,2,1,01,A01
201200037350,0,07,000,00,2,2,15,B01
201200037350,0,02,000,00,2,1,01,A01
201200037351,0,07,000,00,2,8,15,B01
201200037351,2,07,000,00,2,1,01,Z01
201200037352,0,07,000,00,1,1,01,A01
201200037353,0,07,000,00,1,2,01,A01
201200037354,0,07,000,14,0,7,01,A01
201200037355,0,30,000,01,0,7,01,A01
201200037356,0,30,000,16,0,0,01,A01
201200037357,0,07,000,00,2,3,01,B01
201200037357,0,07,000,01,2,3,01,A01
201200037358,0,17,000,00,2,3,01,B01
201200037358,0,07,000,01,2,5,17,A01
201200037359,0,30,000,16,0,0,01,A01
201200037360,0,02,000,16,0,0,01,A01
201200037361,0,33,000,16,0,0,01,A01
201200037362,1,99,000,00,0,0,00,A01
201200037362,0,07,000,00,2,3,09,B01
201200037363,0,02,000,08,0,1,00,A01
201200037364,0,02,000,06,0,1,01,A01
201200037365,0,07,000,00,1,4,04,A01
201200037366,0,07,000,15,2,0,00,A01
201200037366,0,07,000,00,2,1,15,B01
201200037367,0,07,000,00,2,7,15,A01
201200037367,0,07,000,00,2,6,23,C01
201200037367,0,31,000,00,2,1,01,B01
201200037368,0,07,000,00,2,4,02,C01
201200037368,0,07,000,00,2,1,02,A01
201200037368,0,07,000,00,2,4,02,B01
201200037369,0,07,000,01,2,2,13,A01
201200037369,0,07,000,00,2,3,23,C01
201200037369,0,07,000,00,2,3,23,D01
201200037370,0,07,000,00,2,6,00,B01
201200037370,0,32,000,00,2,6,00,A01
201200037371,0,10,000,00,2,4,00,B01
201200037371,0,07,000,00,2,1,01,A01
201200037372,1,07,000,00,1,0,00,Z01
201200037373,0,30,000,00,0,0,00,A01
201200037374,0,01,000,00,2,1,01,B01
201200037374,0,07,000,00,0,1,15,A01
201200037375,0,33,000,00,0,7,00,A01
201200037376,0,34,000,00,2,1,01,A01
201200037376,0,07,000,00,2,1,15,B01
201200037377,0,07,000,00,2,3,02,A01
201200037377,0,01,000,00,2,2,01,B01
201200037378,0,07,000,00,0,4,02,D01
201200037378,0,07,000,00,2,4,02,C01
201200037378,0,07,000,00,2,1,02,A01
201200037378,0,07,000,00,2,4,02,B01
201200037379,0,07,000,00,1,1,00,A01
201200037380,0,07,000,00,1,2,01,A01
201200037381,0,07,000,00,1,3,01,A01
201200037382,1,07,000,00,0,0,00,Z01
201200037383,0,07,000,00,1,1,21,A01
201200037384,0,07,000,02,0,3,13,A01
201200037385,0,07,000,00,1,1,01,A01
201200037386,0,07,000,00,2,1,02,A01
201200037386,0,07,000,14,2,4,23,B01
201200037387,1,34,000,00,1,0,00,Z01
201200037388,0,02,000,00,2,1,01,B01
201200037388,0,07,000,00,2,8,15,A01
201200037389,0,07,000,04,0,3,01,A01
201200037390,0,07,000,00,2,7,01,A01
201200037390,0,07,000,00,2,7,01,B01
201200037391,2,07,000,06,2,2,01,A01
201200037391,0,07,000,00,2,1,15,B01
201200037392,0,07,000,00,2,8,00,A01
201200037392,0,31,000,00,2,2,02,B01
201200037393,0,07,000,00,2,1,05,A01
201200037393,0,07,000,00,2,3,01,B01
201200037394,0,02,000,00,0,1,14,A01
201200037395,0,07,000,00,1,3,16,A01
201200037396,0,07,000,00,1,3,00,A01
201200037397,0,15,000,00,2,4,01,B01
201200037397,0,10,000,00,2,1,01,A01
201200037398,0,07,000,00,2,1,01,B01
201200037398,0,07,000,07,2,7,01,A01
201200037399,0,07,000,06,2,8,01,B01
201200037399,0,07,000,00,2,3,13,A01
201200037400,0,07,000,00,2,1,01,B01
201200037400,0,07,000,00,2,5,15,A01
201200037401,0,33,000,00,2,1,02,B01
201200037401,0,33,000,00,2,4,16,A01
201200037402,0,13,000,00,2,2,00,B01
201200037402,0,07,000,00,2,7,00,A01
201200037403,0,07,000,00,2,8,02,A01
201200037403,0,40,001,00,2,1,02,B01
201200037404,0,30,000,08,0,2,16,A01
201200037405,1,07,000,00,1,0,01,Z01
201200037406,0,07,000,00,2,4,01,B01
201200037406,0,07,000,06,2,1,02,A01
201200037407,0,07,000,02,0,1,00,A01
201200037408,0,07,000,00,0,0,00,A01
201200037409,0,01,000,00,0,4,00,B01
201200037409,0,07,000,00,2,2,01,A01
201200037410,0,07,000,00,2,1,01,A01
201200037410,0,07,000,00,2,4,01,B01
201200037410,0,07,000,00,2,0,01,D01
201200037410,0,10,000,00,2,4,00,C01
201200037410,0,07,000,00,2,4,01,E01
201200037411,0,07,000,00,2,2,00,A01
201200037411,0,07,000,00,2,1,15,B01
201200037412,0,07,000,00,2,8,01,A01
201200037412,0,07,000,09,2,1,01,B01
201200037413,0,07,000,13,0,1,14,A01
201200037414,0,30,000,00,1,1,01,A01
201200037415,0,07,000,04,2,3,00,B01
201200037415,0,07,000,04,2,9,00,A01
201200037416,0,07,000,00,2,3,09,A01
201200037416,0,02,000,00,2,1,01,B01
201200037417,0,07,000,00,2,2,00,B01
201200037417,0,07,000,00,2,3,00,C01
201200037417,0,07,000,00,0,0,00,A01
201200037418,0,07,000,00,2,1,01,A01
201200037418,0,07,000,00,2,2,15,B01
201200037419,0,07,000,03,0,1,01,A01
201200037420,0,07,000,00,2,5,15,A01
201200037420,0,07,000,00,2,2,01,B01
201200037421,0,07,000,00,1,0,00,A01
201200037422,0,33,000,00,2,0,01,A01
201200037422,0,07,000,00,2,6,10,B01
201200037423,0,30,000,00,0,0,01,A01
201200037424,0,07,000,00,1,3,01,A01
201200037425,0,30,000,00,0,0,21,A01
201200037426,0,07,000,06,0,1,00,A01
201200037426,0,07,000,00,2,8,00,B01
201200037427,0,07,000,00,1,3,00,A01
201200037428,0,07,000,01,2,3,15,A01
201200037428,0,07,000,12,2,1,01,B01
201200037429,0,07,000,00,1,2,00,A01
201200037430,0,33,000,00,2,8,00,A01
201200037430,0,07,000,00,2,3,01,B01
201200037431,0,37,001,00,1,7,01,A01
201200037432,0,07,000,00,2,3,10,A01
201200037432,0,33,000,00,2,1,01,B01
201200037433,0,07,000,00,1,2,00,A01
201200037434,0,07,000,00,2,3,15,B01
201200037434,0,33,000,15,2,1,01,A01
201200037435,0,30,000,01,0,1,01,A01
201200037435,0,07,000,00,0,6,24,B01
201200037436,0,07,000,06,0,1,01,A01
201200037437,0,07,000,00,1,1,00,A01
201200037438,0,07,000,00,2,4,01,C01
201200037438,0,33,000,04,2,1,01,B01
201200037438,0,07,000,00,2,2,09,A01
201200037439,0,02,000,00,2,1,05,A01
201200037439,0,07,000,00,2,2,01,B01
201200037440,0,02,000,00,0,0,00,A01
201200037441,0,33,000,00,2,1,00,A01
201200037441,0,07,000,00,2,4,23,B01
201200037442,0,07,000,00,2,4,00,C01
201200037442,0,07,000,00,2,4,23,B01
201200037442,0,07,000,00,2,1,00,A01
201200037443,0,07,000,02,0,1,00,A01
201200037444,0,07,000,14,0,1,15,A01
201200037445,0,33,000,00,0,7,00,A01
201200037445,0,10,000,00,0,3,15,B01
201200037446,0,07,000,02,0,1,01,A01
201200037447,1,07,000,00,1,0,01,Z01
201200037448,0,30,000,00,0,1,01,A01
201200037449,0,33,000,00,0,7,21,A01
201200037449,1,07,000,00,0,0,00,Z01
201200037450,0,07,000,00,1,2,01,A01
201200037451,0,07,000,00,2,1,01,B01
201200037451,0,07,000,01,2,2,00,A01
201200037452,0,37,001,00,2,1,01,B01
201200037452,0,07,000,00,2,7,01,A01
201200037453,0,07,000,00,2,2,10,A01
201200037453,0,32,000,00,2,1,01,B01
201200037454,0,33,000,00,2,2,01,B01
201200037454,0,07,000,00,2,5,16,A01
201200037455,0,07,000,00,2,7,16,B01
201200037455,0,31,000,12,2,8,16,A01
201200037456,0,07,000,00,2,8,01,B01
201200037456,0,07,000,00,2,1,01,A01
201200037457,0,07,000,00,2,8,00,A01
201200037457,0,31,000,00,2,7,01,B01
201200037458,0,07,000,00,2,7,17,A01
201200037458,0,07,000,01,2,3,17,B01
201200037459,0,10,000,01,0,2,01,A01
201200037460,0,02,000,00,2,7,09,A01
201200037460,0,07,000,00,2,1,01,B01
201200037461,0,07,000,00,1,3,00,A01
201200037462,0,07,000,00,1,1,01,A01
201200037463,0,07,000,00,0,1,00,A01
201200037464,0,07,000,00,2,3,15,A01
201200037464,0,02,000,00,2,8,01,B01
201200037465,0,07,000,00,1,3,15,A01
201200037466,0,07,000,12,2,1,19,B01
201200037466,0,01,000,00,2,0,00,A01
201200037467,0,13,000,00,1,0,01,A01
201200037468,0,07,000,03,0,1,00,A01
201200037469,0,13,000,00,2,3,00,B01
201200037469,0,32,000,00,2,3,00,A01
201200037470,0,33,000,00,2,2,01,B01
201200037470,0,07,000,00,2,1,01,A01
201200037471,0,10,000,00,2,6,15,B01
201200037471,0,33,000,00,2,7,02,A01
201200037472,0,37,000,00,1,3,01,A01
201200037473,0,07,000,00,1,5,24,B01
201200037473,0,07,000,01,1,2,02,A01
201200037474,0,01,000,00,2,7,00,A01
201200037474,0,07,000,00,2,1,01,B01
201200037475,0,07,000,00,1,1,01,A01
201200037476,0,37,001,00,2,1,15,A01
201200037476,0,07,000,00,2,7,00,B01
201200037477,0,07,000,00,2,3,09,A01
201200037477,0,15,000,00,2,3,01,C01
201200037477,0,07,000,04,2,7,01,B01
201200037478,0,30,000,00,2,8,01,B01
201200037478,0,10,000,00,2,2,16,A01
201200037479,0,07,000,00,2,1,05,A01
201200037479,0,07,000,00,2,1,13,B01
201200037480,0,07,000,00,2,4,02,B01
201200037480,0,13,000,00,2,1,02,A01
201200037481,0,07,000,00,2,2,01,A01
201200037481,0,30,000,00,2,1,01,B01
201200037482,0,07,000,00,1,1,01,A01
201200037483,0,07,000,00,2,1,01,A01
201200037483,0,07,000,00,2,4,23,C01
201200037483,0,07,000,00,2,4,01,B01
201200037484,0,07,000,00,1,1,00,A01
201200037485,0,02,000,00,2,1,00,A01
201200037485,0,07,000,00,2,6,00,B01
201200037486,0,07,000,01,0,0,00,A01
201200037487,0,07,000,00,2,0,00,B01
201200037487,0,33,000,00,0,1,00,A01
201200037488,0,07,000,00,0,1,00,B01
201200037488,0,07,000,09,2,6,00,C01
201200037488,0,07,000,14,2,8,00,A01
201200037489,0,31,000,06,0,1,01,A01
201200037490,0,07,000,03,0,9,00,A01
201200037491,0,07,000,00,2,1,02,A01
201200037491,0,07,000,00,2,4,02,C01
201200037491,0,07,000,00,2,4,02,B01
201200037492,0,02,000,06,0,1,01,A01
201200037493,0,07,000,06,0,2,00,A01
201200037494,0,07,000,00,2,3,09,B01
201200037494,0,01,000,00,2,1,02,A01
201200037495,0,07,000,00,1,1,15,A01
201200037496,0,07,000,00,2,8,00,B01
201200037496,0,10,000,00,2,8,00,A01
201200037497,0,01,000,00,2,0,01,B01
201200037497,0,07,000,00,2,2,00,A01
201200037498,0,33,000,00,2,7,01,B01
201200037498,0,07,000,00,0,7,05,A01
201200037499,0,07,000,00,2,3,01,B01
201200037499,0,07,000,00,2,7,12,A01
201200037500,0,10,000,00,2,4,01,B01
201200037500,0,15,000,00,2,6,01,C01
201200037500,0,07,000,00,2,2,00,A01
201200037501,0,07,000,00,1,2,01,A01
201200037502,0,07,000,00,2,4,00,B01
201200037502,0,07,000,00,2,1,02,A01
201200037503,0,07,000,00,2,8,20,B01
201200037503,0,33,000,00,2,2,17,A01
201200037504,0,15,000,00,2,1,02,A01
201200037504,0,07,000,00,2,4,02,B01
201200037505,0,10,000,00,1,1,01,A01
201200037506,0,30,000,00,0,0,00,A01
201200037506,0,07,000,00,0,5,15,B01
201200037507,0,99,000,00,0,0,00,A01
201200037507,0,07,000,00,2,3,00,B01
201200037508,0,33,000,15,0,1,00,A01
201200037509,0,30,000,12,0,1,01,A01
201200037510,0,33,000,15,0,0,01,A01
201200037511,0,07,000,00,1,7,01,A01
201200037512,0,07,000,15,2,0,00,A01
201200037512,0,07,000,00,2,7,01,B01
201200037512,0,07,000,00,9,0,01,C01
201200037512,0,07,000,00,9,5,01,D01
201200037512,0,07,000,00,9,1,01,E01
201200037513,0,30,000,00,0,8,01,A01
201200037513,0,07,000,00,0,3,01,B01
201200037514,0,14,000,00,2,1,00,A01
201200037514,0,01,000,00,2,1,00,B01
201200037515,1,07,000,00,1,1,00,Z01
201200037516,1,07,000,00,1,0,15,Z01
201200037517,0,07,000,00,2,2,16,A01
201200037517,0,33,000,00,2,3,01,B01
201200037518,0,20,000,00,0,4,01,B01
201200037518,0,37,005,00,2,1,01,A01
201200037519,0,07,000,00,0,0,09,A01
201200037519,0,30,000,00,0,8,21,B01
201200037520,0,30,000,00,0,8,01,A01
201200037521,0,30,000,00,2,1,00,A01
201200037521,0,07,000,00,0,4,01,B01
201200037522,0,07,000,00,2,8,15,A01
201200037522,0,34,000,00,2,1,00,B01
201200037523,0,07,000,14,2,3,00,A01
201200037523,0,07,000,00,2,1,01,B01
201200037524,0,01,000,00,2,0,05,A01
201200037524,0,07,000,00,2,1,01,B01
201200037525,0,15,000,00,2,3,01,B01
201200037525,0,07,000,00,2,1,00,A01
201200037526,0,07,000,00,2,3,09,A01
201200037526,0,07,000,00,2,2,01,B01
201200037527,0,01,000,00,2,1,01,A01
201200037527,1,30,000,00,2,0,13,Z01
201200037528,0,07,000,00,2,6,15,A01
201200037528,0,33,000,00,2,1,01,B01
201200037529,0,07,000,00,2,8,11,B01
201200037529,0,33,000,00,2,7,01,A01
201200037530,1,07,000,00,2,1,01,Z01
201200037530,0,02,000,00,2,8,01,B01
201200037531,1,07,000,00,0,0,02,Z01
201200037531,0,31,000,13,0,9,01,A01
201200037532,0,07,000,08,0,3,14,A01
201200037533,0,07,000,06,0,3,15,A01
201200037534,0,07,000,00,2,3,01,B01
201200037534,0,07,000,00,2,1,15,A01
201200037535,0,15,000,00,2,1,01,B01
201200037535,0,33,000,00,2,9,13,A01
201200037536,0,07,000,00,2,4,02,E01
201200037536,0,07,000,00,2,4,02,B01
201200037536,0,07,000,00,2,1,02,A01
201200037536,0,07,000,00,2,4,02,D01
201200037536,0,07,000,00,2,4,02,C01
201200037537,0,30,000,00,0,0,16,A01
201200037538,0,07,000,06,2,2,17,A01
201200037538,0,07,000,00,2,8,15,B01
201200037539,0,14,000,00,1,7,04,A01
201200037540,0,07,000,00,2,3,15,B01
201200037540,1,30,000,00,2,1,01,Z01
201200037541,1,07,000,00,1,0,00,Z01
201200037542,0,07,000,00,1,2,01,A01
201200037543,0,07,000,00,2,2,02,A01
201200037543,0,07,000,00,2,4,02,B01
201200037544,0,07,000,00,2,6,00,A01
201200037544,0,14,000,00,2,2,01,B01
201200037545,0,02,000,00,2,8,01,B01