Num_Acc,senc,catv,occutc,obs,obsm,choc,manv,num_veh
201200037545,0,07,000,00,2,2,17,A01
201200037546,0,01,000,00,2,1,01,B01
201200037546,0,07,000,00,2,3,16,A01
201200037547,0,33,000,00,2,8,01,B01
201200037547,0,07,000,00,2,7,14,A01
201200037548,0,07,000,00,2,1,17,A01
201200037548,0,07,000,08,2,3,15,B01
201200037549,0,30,000,00,0,0,01,A01
201200037550,0,30,000,00,2,1,02,A01
201200037550,0,07,000,00,2,3,01,B01
201200037551,0,07,000,00,1,6,20,A01
201200037552,0,07,000,00,2,2,00,B01
201200037552,2,07,000,00,2,2,13,A01
201200037553,0,07,000,00,2,6,02,D01
201200037553,0,10,000,00,2,8,01,C01
201200037553,0,10,000,00,2,1,02,A01
201200037553,0,07,000,00,2,4,02,B01
201200037553,0,10,000,00,2,3,01,E01
201200037554,0,33,000,00,1,1,17,A01
201200037555,0,07,000,15,2,1,16,A01
201200037555,0,07,000,01,2,8,01,B01
201200037556,0,31,000,00,0,0,00,A01
201200037557,0,07,000,00,2,6,11,A01
201200037557,0,33,000,00,2,7,21,B01
201200037558,0,07,000,00,1,7,01,A01
201200037559,0,33,000,00,0,7,00,A01
201200037560,0,30,000,00,1,1,17,A01
201200037561,0,07,000,00,1,2,15,A01
201200037562,0,07,000,00,2,7,13,A01
201200037562,0,07,000,00,2,1,01,B01
201200037563,0,17,000,14,0,2,21,A01
201200037563,0,07,000,00,2,6,23,B01
201200037564,0,07,000,00,2,1,01,B01
201200037564,0,10,000,06,0,1,01,A01
201200037565,0,07,000,00,2,1,05,A01
201200037565,0,07,000,00,2,3,01,B01
201200037566,0,33,000,00,2,1,01,A01
201200037566,0,07,000,00,2,8,15,B01
201200037567,0,07,000,00,1,1,16,A01
201200037568,0,07,000,00,1,1,15,A01
201200037569,0,07,000,00,2,3,01,A01
201200037569,0,07,000,00,2,2,01,B01
201200037570,0,10,000,00,2,4,04,A01
201200037570,0,07,000,00,2,1,01,B01
201200037571,0,07,000,00,1,1,01,A01
201200037572,0,30,000,00,2,1,07,B01
201200037572,0,07,000,00,2,8,10,A01
201200037573,0,07,000,00,2,1,01,B01
201200037573,0,07,000,00,2,2,15,A01
201200037574,1,07,000,00,1,0,00,Z01
201200037575,1,07,000,00,1,0,04,Z01
201200037576,0,01,000,00,2,8,15,A01
201200037576,0,07,000,00,2,1,01,B01
201200037577,0,07,000,04,2,7,01,B01
201200037577,0,07,000,04,2,1,01,A01
201200037578,0,07,000,14,0,3,01,A01
201200037579,0,07,000,00,2,3,01,B01
201200037579,0,07,000,00,2,6,01,A01
201200037580,0,07,000,00,2,8,01,B01
201200037580,0,07,000,00,2,1,05,A01
201200037581,0,07,000,00,2,3,01,C01
201200037581,0,07,000,00,2,3,00,A01
201200037581,0,07,000,00,2,2,00,B01
201200037582,0,07,000,00,2,3,15,B01
201200037582,0,07,000,00,2,1,01,A01
201200037583,0,07,000,00,2,3,01,B01
201200037583,0,30,000,00,2,1,16,A01
201200037584,0,07,000,00,2,8,01,A01
201200037584,0,02,000,00,2,1,00,B01
201200037585,0,33,000,00,2,7,17,A01
201200037585,0,07,000,00,2,3,15,B01
201200037586,1,07,000,00,1,0,00,Z01
201200037587,0,01,000,00,2,8,19,B01
201200037587,0,07,000,00,2,2,16,A01
201200037588,0,07,000,00,2,5,16,A01
201200037588,0,30,000,00,2,3,18,B01
201200037589,0,07,000,00,2,2,15,B01
201200037589,0,10,000,00,2,2,01,A01
201200037590,0,07,000,08,0,2,11,A01
201200037591,0,33,000,00,2,1,00,B01
201200037591,0,07,000,00,2,2,15,A01
201200037592,0,07,000,00,2,1,01,B01
201200037592,0,07,000,00,2,1,00,A01
201200037593,0,07,000,00,2,1,01,A01
201200037593,0,07,000,08,2,8,01,B01
201200037594,0,07,000,00,2,1,02,A01
201200037594,0,07,000,00,2,0,00,C01
201200037594,0,07,000,00,2,4,02,B01
201200037594,0,07,000,00,2,4,02,D01
201200037595,0,36,000,09,0,1,01,A01
201200037596,0,07,000,00,2,1,05,A01
201200037596,0,33,000,00,2,1,01,B01
201200037597,0,07,000,10,0,1,01,A01
201200037598,0,07,000,00,2,2,01,B01
201200037598,0,30,000,00,2,1,16,A01
201200037599,2,07,000,00,2,1,01,A01
201200037599,0,07,000,00,2,3,15,B01
201200037600,0,10,000,00,2,4,02,B01
201200037600,0,14,000,00,2,1,02,A01
201200037601,0,07,000,00,2,3,11,B01
201200037601,0,32,000,00,2,8,11,A01
201200037602,0,07,000,00,2,8,23,A01
201200037602,0,07,000,01,0,1,01,B01
201200037603,0,02,000,00,2,1,01,A01
201200037603,1,07,000,00,2,4,02,B01
201200037604,0,10,000,00,2,3,10,A01
201200037604,0,32,000,00,2,1,01,B01
201200037605,0,02,000,00,2,1,17,A01
201200037605,0,07,000,00,2,8,15,B01
201200037606,0,37,001,00,1,0,00,A01
201200037607,0,07,000,00,0,8,00,A01
201200037607,0,02,000,00,2,1,01,B01
201200037608,0,07,000,00,2,6,23,D01
201200037608,0,07,000,00,2,6,23,C01
201200037608,2,07,000,00,2,2,03,A01
201200037608,0,07,000,00,2,5,23,B01
201200037608,0,07,000,00,2,6,23,E01
201200037609,0,07,000,00,1,1,01,A01
201200037610,0,37,057,00,0,7,00,A01
201200037611,1,07,000,00,0,0,00,Z01
201200037612,0,37,001,00,1,2,01,A01
201200037613,0,30,000,00,2,1,01,A01
201200037613,0,07,000,00,2,0,15,Z01
201200037614,0,07,000,15,0,3,13,A01
201200037615,0,07,000,00,2,8,15,B01
201200037615,0,30,000,00,2,1,17,A01
201200037616,0,33,000,15,1,1,01,A01
201200037617,0,07,000,00,2,5,00,B01
201200037617,0,31,000,00,2,0,00,A01
201200037618,0,33,000,00,2,0,01,A01
201200037618,1,10,000,00,2,0,00,Z01
201200037619,0,07,000,00,1,2,01,A01
201200037620,0,02,000,00,1,2,01,A01
201200037621,0,07,000,00,1,2,00,A01
201200037622,0,32,000,00,2,1,00,A01
201200037622,0,07,000,00,2,3,00,B01
201200037623,0,07,000,00,1,2,15,A01
201200037624,0,07,000,00,1,2,16,A01
201200037625,0,07,000,00,2,1,01,A01
201200037625,0,07,000,00,2,4,01,C01
201200037625,0,07,000,00,2,1,01,B01
201200037626,0,07,000,05,2,6,00,B01
201200037626,0,07,000,00,2,1,17,A01
201200037627,0,07,000,00,2,3,00,A01
201200037627,0,15,000,00,2,7,00,B01
201200037628,0,07,000,00,2,2,15,A01
201200037628,0,01,000,00,2,1,01,B01
201200037629,0,07,000,00,2,4,02,B01
201200037629,0,07,000,00,2,1,02,A01
201200037630,0,07,000,00,1,4,04,A01
201200037631,0,07,000,00,1,2,01,A01
201200037632,0,02,000,00,2,8,00,B01
201200037632,0,07,000,00,2,6,15,A01
201200037633,0,07,000,00,1,3,00,A01
201200037634,0,07,000,00,2,3,15,B01
201200037634,0,07,000,00,2,6,16,A01
201200037635,0,07,000,00,2,1,01,B01
201200037635,0,07,000,00,2,1,13,A01
201200037636,0,02,000,00,2,0,02,A01
201200037636,1,99,000,00,0,0,00,Z01
201200037637,0,31,000,00,2,1,08,A01
201200037637,0,07,000,00,2,7,15,B01
201200037638,0,33,000,00,1,3,01,A01
201200037639,2,07,000,00,2,1,01,A01
201200037639,0,07,000,00,2,3,15,B01
201200037640,0,07,000,00,2,2,15,A01
201200037640,0,01,000,00,2,1,01,B01
201200037641,0,07,000,00,2,2,00,A01
201200037641,0,07,000,00,2,1,00,B01
201200037642,0,01,000,00,2,7,15,B01
201200037642,0,07,000,00,2,1,01,A01
201200037643,0,07,000,00,2,1,15,A01
201200037643,0,07,000,00,2,3,01,B01
201200037644,0,07,000,00,2,1,01,A01
201200037644,0,07,000,00,2,4,15,B01
201200037645,0,10,000,00,1,2,01,A01
201200037646,0,37,001,00,1,2,00,A01
201200037647,0,02,000,00,2,1,17,B01
201200037647,0,07,000,00,2,1,15,A01
201200037648,0,07,000,00,1,3,00,A01
201200037649,0,37,001,00,0,1,00,A01
201200037650,1,07,000,00,2,1,00,A01
201200037650,0,02,000,00,2,8,00,B01
201200037651,0,07,000,00,1,1,01,A01
201200037652,0,07,000,00,2,8,10,A01
201200037652,0,30,000,00,2,1,17,B01
201200037653,0,10,000,00,2,2,09,A01
201200037653,0,33,000,00,2,1,00,B01
201200037654,0,07,000,00,2,3,00,A01
201200037654,0,07,000,00,2,2,00,B01
201200037655,0,30,000,00,1,2,01,A01
201200037656,0,07,000,00,2,3,09,A01
201200037656,0,32,000,00,2,1,00,B01
201200037657,0,07,000,08,0,0,01,A01
201200037658,0,07,000,00,2,8,20,A01
201200037658,0,33,000,00,2,1,01,B01
201200037659,0,32,000,00,0,0,01,B01
201200037660,0,07,000,00,1,0,00,A01
201200037661,0,07,000,00,2,3,05,A01
201200037661,0,07,000,00,2,3,00,B01
201200037662,0,33,000,00,2,6,02,A01
201200037662,0,07,000,00,2,3,01,B01
201200037663,0,07,000,00,1,1,17,A01
201200037664,0,07,000,00,1,0,01,A01
201200037665,0,07,000,00,1,0,01,A01
201200037666,0,07,000,00,0,0,04,A01
201200037667,0,07,000,00,2,3,09,A01
201200037667,0,07,000,00,2,5,01,B01
201200037667,0,07,000,00,2,3,24,C01
201200037668,0,33,000,00,2,1,05,A01
201200037668,0,07,000,00,2,3,01,B01
201200037669,0,07,000,00,2,7,17,A01
201200037669,0,01,000,00,2,0,01,B01
201200037670,0,07,000,00,2,4,02,B01
201200037670,0,07,000,08,2,1,02,A01
201200037670,0,07,000,00,2,6,21,C01
201200037671,0,07,000,00,0,3,13,A01
201200037671,0,07,000,00,2,3,01,B01
201200037672,0,07,000,00,2,1,15,A01
201200037672,0,30,000,00,2,8,01,B01
201200037673,0,33,000,00,2,1,17,A01
201200037673,0,07,000,00,2,3,01,B01
201200037673,0,10,000,00,2,8,02,C01
201200037674,0,07,000,00,2,8,00,A01
201200037674,0,33,000,00,2,1,01,B01
201200037675,0,07,000,00,2,3,01,A01
201200037675,0,03,000,00,2,4,23,B01
201200037675,0,07,000,00,2,3,05,C01
201200037676,0,07,000,01,0,1,02,A01
201200037677,0,07,000,00,1,2,01,A01
201200037678,0,07,000,00,2,3,16,A01
201200037678,0,07,000,00,2,2,02,B01
201200037679,0,02,000,00,2,1,00,B01
201200037679,0,30,000,00,2,1,00,A01
201200037680,0,07,000,00,1,1,01,A01
201200037681,0,14,000,00,2,1,02,A01
201200037681,0,07,000,00,2,4,00,B01
201200037682,0,30,000,00,2,1,01,B01
201200037682,0,07,000,00,2,1,01,A01
201200037683,0,07,000,00,2,1,02,A01
201200037683,0,07,000,00,2,3,09,B01
201200037684,0,32,000,00,0,3,00,A01
201200037685,0,07,000,00,2,1,01,A01
201200037685,0,07,000,00,2,6,01,B01
201200037686,0,07,000,00,0,9,00,A01
201200037687,0,10,000,00,1,4,04,A01
201200037688,0,07,000,00,2,3,02,A01
201200037688,0,07,000,00,2,8,15,B01
201200037689,0,07,000,00,2,1,02,A01
201200037689,0,07,000,00,2,6,02,B01
201200037689,0,07,000,00,2,1,00,C01
201200037690,0,02,000,00,0,8,02,A01
201200037691,0,07,000,13,0,1,13,A01
201200037692,0,02,000,00,0,0,01,A01
201200037693,0,07,000,00,1,1,00,A01
201200037694,0,33,000,00,6,8,01,A01
201200037695,0,07,000,00,2,1,01,A01
201200037695,0,07,000,00,0,4,02,B01
201200037696,0,07,000,00,2,2,02,A01
201200037696,0,17,000,00,0,3,02,B01
201200037697,0,07,000,00,2,2,02,A01
201200037697,0,07,000,00,2,6,02,B01
201200037698,0,07,000,00,6,1,02,A01
201200037699,0,07,000,00,0,1,00,A01
201200037700,0,07,000,00,1,2,02,A01
201200037701,0,07,000,00,2,1,02,A01
201200037701,0,07,000,00,0,4,01,B01
201200037702,0,30,000,00,0,8,00,A01
201200037703,0,07,000,00,1,4,04,A01
201200037704,0,07,000,00,2,3,13,A01
201200037704,0,07,000,00,2,3,01,B01
201200037705,0,33,000,00,2,2,00,A01
201200037705,0,14,000,00,2,3,00,B01
201200037706,0,30,000,00,2,3,15,A01
201200037706,0,07,000,00,2,3,15,B01
201200037707,0,32,000,00,0,0,02,A01
201200037708,0,07,000,15,0,1,01,A01
201200037709,0,07,000,00,1,2,01,A01
201200037710,0,36,000,15,0,3,01,A01
201200037710,0,07,000,00,9,0,02,B01
201200037711,0,07,000,00,0,0,01,B01
201200037711,0,07,000,00,0,3,01,C01
201200037711,0,07,000,00,0,1,15,A01
201200037712,0,07,000,00,1,6,01,A01
201200037713,0,33,000,00,2,1,00,B01
201200037713,0,07,000,00,9,6,15,A01
201200037714,0,33,000,00,2,1,17,A01
201200037714,0,07,000,00,0,8,15,B01
201200037715,0,07,000,00,1,2,01,A01
201200037716,0,07,000,00,2,1,02,A01
201200037716,0,07,000,00,2,4,02,B01
201200037716,0,07,000,00,2,4,02,C01
201200037716,0,07,000,00,0,4,02,D01
201200037717,0,30,000,13,0,0,01,A01
201200037718,0,10,000,00,2,1,02,A01
201200037718,0,07,000,00,2,4,02,B01
201200037718,0,07,000,00,0,4,02,C01
201200037719,0,07,000,15,0,1,05,A01
201200037720,0,07,000,00,2,7,00,A01
201200037720,0,07,000,00,2,1,00,B01
201200037721,0,32,000,00,0,8,00,A01
201200037722,0,10,000,00,2,1,02,A01
201200037722,0,07,000,00,2,4,02,B01
201200037723,0,07,000,00,2,1,02,A01
201200037723,0,07,000,00,2,4,02,B01
201200037723,0,07,000,00,2,4,02,C01
201200037723,0,07,000,00,2,4,02,D01
201200037724,0,30,000,00,2,2,02,A01
201200037724,0,07,000,00,0,3,02,B01
201200037725,0,33,000,00,0,7,14,A01
201200037726,0,07,000,00,2,7,02,B01
201200037726,0,02,000,00,2,1,02,A01
201200037727,0,10,000,00,1,4,04,A01
201200037728,0,03,000,00,2,2,01,B01
201200037728,0,07,000,00,2,3,15,A01
201200037729,0,32,000,00,0,2,01,A01
201200037730,0,07,000,02,0,1,11,A01
201200037731,0,07,000,00,0,1,00,A01
201200037731,0,07,000,00,0,4,00,B01
201200037732,0,07,000,00,1,7,14,A01
201200037733,0,07,000,13,0,3,00,A01
201200037734,0,07,000,00,2,1,02,A01
201200037734,0,07,000,00,2,4,02,B01
201200037734,0,07,000,00,0,4,02,C01
201200037735,0,07,000,00,2,6,15,A01
201200037735,0,02,000,00,2,2,17,B01
201200037736,0,07,000,00,2,1,00,A01
201200037736,0,07,000,00,2,1,00,C01
201200037736,0,07,000,00,2,4,02,B01
201200037737,0,32,000,00,2,1,11,B01
201200037737,0,07,000,00,2,3,15,A01
201200037738,0,07,000,00,2,1,01,A01
201200037738,0,07,000,00,2,6,01,B01
201200037739,0,07,000,00,2,3,17,A01
201200037739,0,07,000,00,2,3,00,B01
201200037740,0,07,000,00,2,8,01,A01
201200037740,0,07,000,00,2,3,01,B01
201200037741,0,07,000,00,2,1,15,A01
201200037741,0,33,000,00,0,8,01,B01
201200037742,0,07,000,00,2,1,01,A01
201200037742,0,07,000,00,2,4,23,B01
201200037743,0,07,000,12,1,2,02,A01
201200037744,0,07,000,00,2,1,06,A01
201200037744,0,07,000,00,2,1,01,B01
201200037745,0,14,000,00,2,2,01,B01
201200037745,0,07,000,00,2,3,23,A01
201200037746,0,07,000,02,0,7,01,A01
201200037747,0,07,000,02,0,8,00,A01
201200037748,0,07,000,13,0,3,01,A01
201200037749,0,07,000,00,9,1,06,A01
201200037750,0,07,000,00,9,2,01,B01
201200037750,0,01,000,00,2,8,19,A01
201200037751,0,10,000,00,2,2,02,A01
201200037751,0,01,000,00,2,4,02,B01
201200037752,0,07,000,00,2,1,05,A01
201200037752,0,07,000,00,2,3,05,B01
201200037753,0,07,000,00,0,0,01,A01
201200037754,0,07,000,02,0,1,01,A01
201200037755,0,07,000,02,0,1,00,A01
201200037756,0,10,000,00,2,3,01,B01
201200037756,0,07,000,00,2,2,01,A01
201200037756,0,07,000,00,0,8,23,C01
201200037756,0,07,000,00,0,8,23,D01
201200037757,0,07,000,11,0,1,01,A01
201200037758,0,07,000,00,2,3,10,A01
201200037758,0,02,000,00,2,1,01,B01
201200037759,0,30,000,00,2,1,01,B01
201200037759,0,07,000,00,2,2,01,A01
201200037760,0,07,000,02,0,1,01,A01
201200037761,0,07,000,02,0,7,01,A01
201200037762,0,07,000,00,2,2,01,A01
201200037762,0,33,000,00,2,1,01,B01
201200037762,0,33,000,00,2,1,01,C01
201200037763,0,07,000,12,0,1,01,A01
201200037764,0,07,000,02,0,7,01,A01
201200037765,0,07,000,00,1,8,01,A01
201200037766,0,07,000,00,2,7,05,A01
201200037766,0,10,000,00,2,3,01,B01
201200037767,0,33,000,00,2,2,21,A01
201200037767,0,07,000,00,2,6,01,B01
201200037768,0,07,000,00,2,6,19,A01
201200037768,0,33,000,00,2,1,02,B01
201200037769,0,07,000,00,1,3,01,A01
201200037770,0,07,000,02,0,1,01,A01
201200037771,0,07,000,11,0,1,01,A01
201200037772,0,07,000,00,9,3,01,A01
201200037772,0,01,000,00,2,8,19,B01
201200037773,0,10,000,00,1,8,01,A01
201200037774,0,07,000,13,0,0,01,A01
201200037775,0,07,000,00,1,4,04,A01
201200037776,0,07,000,00,1,1,01,A01
201200037777,0,30,000,00,2,1,17,B01
201200037777,0,07,000,00,2,3,09,A01
201200037778,0,07,000,00,2,7,15,A01
201200037778,0,31,000,00,2,1,01,B01
201200037779,0,07,000,00,1,0,01,A01
201200037780,0,07,000,00,2,3,10,A01
201200037780,0,07,000,00,2,2,01,B01
201200037781,0,07,000,00,1,1,01,A01
201200037782,0,07,000,00,2,3,01,A01
201200037782,0,30,000,00,2,1,01,B01
201200037783,0,01,000,00,9,0,01,A01
201200037783,0,01,000,00,2,1,01,B01
201200037784,0,07,000,00,1,1,16,A01
201200037785,0,07,000,00,2,3,19,A01
201200037785,0,02,000,00,2,1,01,B01
201200037786,0,07,000,00,1,3,01,A01
201200037787,0,07,000,00,1,2,16,A01
201200037788,0,33,000,00,2,1,01,A01
201200037788,0,07,000,00,2,1,13,B01
201200037789,0,07,000,00,0,1,01,A01
201200037789,0,01,000,00,2,8,19,B01
201200037790,0,33,000,00,2,1,00,A01
201200037790,0,07,000,00,2,3,01,B01
201200037791,0,07,000,00,0,2,01,A01
201200037791,0,01,000,00,0,7,01,B01
201200037792,0,33,000,15,2,1,02,A01
201200037792,0,07,000,00,0,5,02,B01
201200037793,0,07,000,00,2,1,01,B01
201200037793,0,07,000,00,2,1,15,A01
201200037794,0,02,000,02,0,1,01,A01
201200037795,0,33,000,00,0,7,01,A01
201200037796,0,07,000,00,2,8,15,A01
201200037796,0,07,000,00,2,1,01,B01
201200037797,0,07,000,00,2,7,12,A01
201200037797,0,33,000,00,2,1,01,B01
201200037798,0,07,000,00,2,1,01,A01
201200037798,0,07,000,00,0,8,01,B01
201200037799,0,07,000,00,1,3,01,A01
201200037800,0,07,000,00,2,1,15,A01
201200037800,0,07,000,00,2,3,23,B01
201200037801,0,07,000,06,2,1,01,A01
201200037801,1,07,000,00,2,8,10,Z01
201200037802,1,07,000,00,1,2,00,A01
201200037803,0,07,000,00,1,3,15,A01
201200037804,0,07,000,00,2,1,00,A01
201200037805,0,07,000,00,2,0,00,A01
201200037806,0,07,000,00,0,9,00,A01
201200037807,0,07,000,02,2,1,02,A01
201200037807,0,07,000,08,0,5,02,B01
201200037808,0,33,000,00,0,9,01,A01
201200037809,0,07,000,00,1,6,00,A01
201200037810,0,07,000,09,0,1,00,A01
201200037811,0,07,000,00,1,1,01,A01
201200037812,0,07,000,00,2,1,02,A01
201200037812,0,07,000,00,2,6,02,B01
201200037812,0,07,000,01,0,1,14,C01
201200037812,0,15,000,00,0,8,24,D01
201200037813,0,07,000,00,2,7,02,A01
201200037813,0,07,000,00,2,7,02,B01
201200037814,0,10,000,00,1,1,00,A01
201200037815,1,10,000,00,1,0,00,Z01
201200037816,0,07,000,16,2,1,13,A01
201200037816,0,07,000,00,2,3,01,B01
201200037816,0,07,000,00,2,3,01,C01
201200037817,0,07,000,00,1,2,19,A01
201200037818,0,07,000,00,2,6,05,A01
201200037818,0,07,000,00,2,1,00,B01
201200037819,0,07,000,00,1,4,20,A01
201200037820,0,07,000,00,1,1,01,A01
201200037821,0,07,000,02,0,8,15,A01
201200037822,0,07,000,00,1,1,01,A01
201200037823,0,07,000,00,0,1,01,A01
201200037824,0,07,000,00,1,4,04,A01
201200037825,0,10,000,00,2,5,15,A01
201200037825,0,33,000,00,2,2,00,B01
201200037826,0,07,000,00,2,1,01,A01
201200037826,0,07,000,08,2,7,06,B01
201200037827,0,31,000,00,0,0,00,A01
201200037827,0,07,000,00,0,6,01,B01
201200037828,0,07,000,00,1,0,05,A01
201200037829,2,10,000,00,1,3,02,Z01
201200037830,0,07,000,00,1,7,01,A01
201200037831,0,07,000,00,2,1,01,B01
201200037831,0,02,000,00,2,1,01,A01
201200037832,0,07,000,00,2,1,15,A01
201200037832,0,33,000,00,2,1,01,B01
201200037833,0,07,000,00,2,3,13,A01
201200037833,0,07,000,00,2,3,00,B01
201200037833,0,07,000,00,2,3,00,C01
201200037834,0,07,000,00,0,9,13,A01
201200037835,0,07,000,00,1,2,01,A01
201200037836,0,07,000,02,2,4,02,A01
201200037836,0,07,000,00,2,1,02,B01
201200037837,0,07,000,00,1,3,01,A01
201200037838,0,30,000,00,2,1,01,B01
201200037838,0,07,000,00,2,8,01,A01
201200037839,0,31,000,00,2,1,01,A01
201200037839,0,07,000,00,2,6,15,B01
201200037840,0,07,000,00,0,3,22,A01
201200037840,0,01,000,01,0,1,01,B01
201200037841,0,07,000,00,1,1,15,A01
201200037842,0,07,000,00,1,1,01,A01
201200037843,0,07,000,00,0,3,10,A01
201200037843,0,33,000,00,2,1,11,B01
201200037844,0,33,000,00,2,2,01,B01
201200037844,0,07,000,00,2,4,01,C01
201200037844,0,07,000,00,2,4,01,D01
201200037844,0,07,000,00,2,3,11,A01
201200037845,0,07,000,00,0,2,01,A01
201200037846,0,07,000,02,0,7,13,A01
201200037847,0,33,000,00,0,8,17,A01
201200037847,0,07,000,00,0,4,02,B01
201200037848,0,14,000,00,2,7,12,A01
201200037848,0,02,000,00,2,1,00,B01
201200037849,0,07,000,02,0,8,01,A01
201200037850,0,07,000,00,2,2,13,A01
201200037850,0,01,000,00,2,4,02,B01
201200037851,0,01,000,00,2,2,00,A01
201200037851,0,07,000,00,9,1,01,B01
201200037852,0,07,000,00,1,1,00,A01
201200037853,0,07,000,01,0,2,01,A01
201200037854,0,07,000,00,2,4,00,A01
201200037854,0,07,000,00,2,3,01,B01
201200037855,0,07,000,01,2,3,01,A01
201200037855,0,07,000,00,2,3,01,B01
201200037856,0,07,000,13,0,2,02,A01
201200037857,0,07,000,08,0,3,01,A01
201200037858,0,07,000,00,0,2,01,B01
201200037858,0,33,000,00,2,0,09,A01
201200037859,0,07,000,00,2,8,05,A01
201200037859,0,07,000,00,2,3,01,B01
201200037860,0,33,000,00,0,0,00,A01
201200037860,0,07,000,00,2,3,01,B01
201200037860,0,33,000,00,0,4,02,C01
201200037861,0,30,000,00,2,1,01,A01
201200037861,0,07,000,00,2,3,17,B01
201200037862,0,07,000,08,0,1,02,A01
201200037863,0,21,000,00,2,6,00,A01
201200037863,0,15,000,00,2,6,00,B01
201200037864,0,38,001,00,2,4,01,A01
201200037864,0,07,000,00,2,0,01,B01
201200037864,0,07,000,00,2,0,01,C01
201200037864,0,37,001,00,2,1,00,D01
201200037865,0,07,000,00,2,0,00,A01
201200037865,0,31,000,00,2,0,00,B01
201200037866,0,07,000,01,0,1,01,A01
201200037866,0,07,000,00,2,0,24,B01
201200037867,0,15,000,00,2,1,02,A01
201200037867,0,07,000,00,2,4,02,B01
201200037868,0,07,000,00,2,1,02,A01
201200037868,0,07,000,00,2,4,02,B01
201200037869,0,07,000,00,2,1,19,B01
201200037869,0,07,000,00,2,3,20,C01
201200037869,0,30,000,00,2,1,17,A01
201200037870,0,30,000,13,0,7,00,A01
201200037871,0,07,000,00,2,3,17,A01
201200037871,0,07,000,00,2,1,01,B01
201200037872,0,07,000,14,0,8,00,A01
201200037872,0,07,000,05,2,8,01,B01
201200037873,0,07,000,00,0,1,02,A01
201200037873,0,10,000,00,0,4,02,B01
201200037874,0,07,000,00,0,0,22,A01
201200037874,0,01,000,00,0,0,21,B01
201200037875,0,07,000,15,0,1,17,A01
201200037876,0,33,000,01,0,1,02,A01
201200037876,0,07,000,00,2,6,24,B01
201200037877,0,07,000,00,2,2,02,A01
201200037877,0,07,000,00,2,4,02,B01
201200037877,0,07,000,00,2,4,02,C01
201200037877,0,07,000,00,2,6,02,D01
201200037878,0,07,000,14,0,3,01,A01
201200037879,0,30,000,00,0,2,15,A01
201200037880,0,33,000,00,0,7,14,A01
201200037880,0,33,000,00,0,7,21,B01
201200037880,1,07,000,00,2,7,16,Z01
201200037881,0,33,000,00,2,1,17,A01
201200037881,0,07,000,00,2,6,17,B01
201200037882,0,07,000,00,0,3,01,A01
201200037882,0,07,000,00,0,7,01,B01
201200037883,0,33,000,00,2,1,03,A01
201200037883,0,07,000,00,2,2,01,B01
201200037884,0,33,000,00,2,1,02,A01
201200037884,0,07,000,00,2,4,02,B01
201200037885,0,32,000,08,2,5,17,A01
201200037885,0,07,000,02,2,3,15,B01
201200037886,2,07,000,02,2,2,17,A01
201200037886,0,07,000,00,2,2,09,B01
201200037887,0,31,000,00,0,0,02,A01
201200037888,0,07,000,00,2,1,13,A01
201200037888,0,07,000,00,2,1,00,B01
201200037889,1,07,000,00,1,0,01,A01
201200037890,0,33,000,00,2,1,01,B01
201200037890,0,07,000,00,2,1,23,C01
201200037890,0,07,000,00,2,6,01,D01
201200037890,0,07,000,00,2,3,15,A01
201200037891,0,07,000,00,2,3,17,A01
201200037891,0,33,000,00,2,7,01,B01
201200037892,0,07,000,07,0,3,06,B01
201200037892,1,99,000,00,0,0,00,Z01
201200037893,0,07,000,15,0,1,21,A01
201200037893,1,99,000,00,0,0,00,Z01
201200037894,0,07,000,00,2,1,01,A01
201200037894,0,07,000,00,2,4,01,B01
201200037895,0,07,000,00,2,1,01,A01
201200037895,0,07,000,00,2,7,15,B01
201200037896,0,07,000,00,2,3,15,A01
201200037896,0,33,000,00,0,8,01,B01
201200037897,0,30,000,00,2,0,02,A01
201200037897,1,99,000,00,0,0,20,Z01
201200037898,0,07,000,00,2,4,00,B01
201200037898,1,10,000,00,2,1,00,Z01
201200037899,0,07,000,00,0,3,01,A01
201200037899,0,31,000,00,0,1,09,B01
201200037900,0,07,000,00,2,3,15,A01
201200037900,0,07,000,07,2,8,01,B01
201200037901,1,07,000,00,0,1,10,A01
201200037901,0,07,000,00,0,8,15,B01
201200037902,0,07,000,00,1,1,02,A01
201200037903,0,07,000,00,0,2,00,A01
201200037903,0,07,000,00,2,7,05,B01
201200037904,0,07,000,00,2,2,17,A01
201200037904,0,07,000,00,2,3,19,B01
201200037905,0,01,000,00,2,7,01,B01
201200037905,1,99,000,00,0,0,00,Z01
201200037906,0,07,000,00,0,1,15,A01
201200037906,0,33,000,00,2,1,01,B01
201200037907,0,07,000,00,0,7,09,A01
201200037907,0,33,000,00,2,1,01,B01
201200037908,0,33,000,13,0,1,01,A01
201200037909,0,07,000,00,1,3,02,A01
201200037910,0,07,000,06,0,1,01,A01
201200037911,0,33,000,00,2,0,02,B01
201200037911,0,07,000,00,0,0,09,Z01
201200037912,0,07,000,00,0,1,00,A01
201200037913,0,07,000,12,0,9,14,A01
201200037914,0,07,000,00,2,2,06,A01
201200037914,0,07,000,00,2,3,11,B01
201200037914,0,07,000,00,2,6,01,C01
201200037915,0,07,000,00,2,3,02,A01
201200037915,0,07,000,00,2,5,23,B01
201200037916,0,07,000,00,2,1,02,A01
201200037916,0,07,000,00,2,4,02,B01
201200037916,0,07,000,00,0,4,02,C01