Num_Acc,senc,catv,occutc,obs,obsm,choc,manv,num_veh
201200038652,0,02,000,00,1,8,01,A01
201200038653,0,07,000,00,2,4,02,B01
201200038653,0,30,000,00,2,1,02,A01
201200038654,0,33,000,00,2,7,17,A01
201200038654,0,07,000,00,2,8,10,B01
201200038655,0,07,000,00,1,2,16,A01
201200038656,0,31,000,00,2,2,01,A01
201200038656,0,07,000,00,2,1,01,B01
201200038657,0,07,000,00,1,2,01,A01
201200038658,0,07,000,00,1,3,15,A01
201200038659,0,01,000,01,0,1,01,B01
201200038659,0,07,000,00,2,3,22,A01
201200038660,0,07,000,00,1,2,15,A01
201200038661,0,07,000,00,1,2,15,A01
201200038662,0,07,000,00,1,1,01,A01
201200038663,0,33,000,00,1,1,01,A01
201200038664,0,07,000,00,1,3,01,A01
201200038665,0,02,000,00,2,1,01,B01
201200038665,0,07,000,00,2,3,15,A01
201200038666,0,07,000,00,2,1,15,A01
201200038666,0,07,000,00,2,1,01,B01
201200038667,0,02,000,00,2,1,01,B01
201200038667,0,07,000,00,2,3,09,A01
201200038668,0,07,000,00,0,1,01,A01
201200038669,0,32,000,00,2,1,17,A01
201200038669,0,07,000,00,0,6,15,B01
201200038670,0,07,000,00,9,3,01,B01
201200038670,0,01,000,00,2,1,15,A01
201200038671,0,01,000,00,2,1,09,B01
201200038671,0,07,000,00,2,2,01,A01
201200038672,0,14,000,00,1,1,01,A01
201200038673,0,33,000,00,0,1,01,B01
201200038673,0,07,000,00,2,1,15,A01
201200038674,0,07,000,00,1,2,01,A01
201200038675,0,33,000,00,0,1,01,B01
201200038675,0,07,000,00,0,0,10,A01
201200038676,0,07,000,00,2,3,15,A01
201200038676,0,31,000,00,2,1,01,B01
201200038677,0,14,000,00,2,5,14,A01
201200038677,0,32,000,00,0,7,01,B01
201200038678,0,07,000,09,1,1,00,A01
201200038679,0,07,000,00,1,3,15,A01
201200038680,0,01,000,00,2,1,19,A01
201200038680,0,07,000,00,2,2,01,B01
201200038681,0,07,000,00,1,8,01,A01
201200038682,0,10,000,00,2,3,01,B01
201200038682,0,07,000,00,2,3,13,A01
201200038683,0,07,000,00,2,3,13,A01
201200038683,0,10,000,00,2,3,01,B01
201200038684,0,07,000,06,0,2,14,A01
201200038685,0,07,000,00,2,2,15,A01
201200038685,0,02,000,00,2,1,01,B01
201200038686,0,07,000,00,2,3,15,A01
201200038686,0,30,000,00,2,1,01,B01
201200038687,0,07,000,03,0,3,01,A01
201200038688,0,31,000,11,0,7,01,B01
201200038688,0,07,000,00,2,3,01,A01
201200038689,0,07,000,13,0,2,01,A01
201200038690,0,01,000,00,2,7,01,B01
201200038690,0,10,000,00,2,8,01,A01
201200038691,0,07,000,08,0,0,01,A01
201200038692,0,07,000,00,2,1,01,B01
201200038692,0,07,000,00,2,8,19,A01
201200038693,0,07,000,00,1,2,01,A01
201200038694,0,07,000,00,2,0,21,B01
201200038694,0,07,000,00,2,1,01,C01
201200038694,0,07,000,03,2,7,05,A01
201200038695,0,10,000,00,2,1,01,B01
201200038695,0,07,000,00,2,8,19,A01
201200038696,0,02,000,03,0,7,00,A01
201200038697,0,07,000,00,1,2,01,A01
201200038698,0,07,000,00,2,8,15,B01
201200038698,0,31,000,00,2,1,17,A01
201200038699,0,07,000,00,2,6,01,B01
201200038699,0,07,000,00,2,1,01,A01
201200038700,0,07,000,00,2,1,01,B01
201200038700,0,07,000,00,2,1,17,A01
201200038701,0,07,000,00,2,8,01,B01
201200038701,0,02,000,00,2,3,15,A01
201200038702,0,07,000,00,2,3,15,A01
201200038702,0,07,000,00,2,3,01,B01
201200038703,0,07,000,00,2,1,01,B01
201200038703,0,02,000,00,2,7,15,A01
201200038704,0,07,000,02,0,3,21,A01
201200038705,0,02,000,12,0,2,14,A01
201200038706,0,07,000,00,2,2,15,A01
201200038706,0,02,000,00,2,2,01,B01
201200038707,0,07,000,00,2,2,15,A01
201200038707,0,01,000,00,2,6,01,B01
201200038708,0,07,000,00,1,1,01,A01
201200038709,0,07,000,00,2,3,15,A01
201200038709,0,33,000,00,2,1,01,B01
201200038710,0,31,000,00,0,0,01,A01
201200038711,0,37,001,00,2,4,01,C01
201200038711,0,07,000,00,2,1,01,A01
201200038711,0,33,000,00,2,4,01,B01
201200038712,0,31,000,00,0,0,01,A01
201200038713,0,01,000,00,2,8,15,B01
201200038713,0,07,000,00,2,2,16,A01
201200038714,0,30,000,01,0,0,00,A01
201200038715,0,01,000,00,2,8,01,B01
201200038715,0,07,000,00,2,5,12,A01
201200038716,0,07,000,00,1,2,01,B01
201200038717,0,02,000,00,0,0,01,B01
201200038717,0,10,000,00,0,0,01,A01
201200038718,0,02,000,00,0,0,00,A01
201200038719,0,02,000,12,0,2,01,A01
201200038720,0,07,000,00,1,1,15,A01
201200038721,0,07,000,01,2,5,15,B01
201200038721,0,33,000,00,2,1,01,A01
201200038722,0,07,000,00,1,2,01,A01
201200038723,0,07,000,00,1,1,01,A01
201200038724,0,07,000,00,1,1,01,A01
201200038725,0,10,000,08,0,2,21,A01
201200038726,0,07,000,00,2,6,13,B01
201200038726,0,07,000,00,2,0,17,A01
201200038727,1,07,000,00,1,1,01,A01
201200038728,0,02,000,00,0,1,00,A01
201200038728,0,07,000,00,0,3,00,B01
201200038729,0,07,000,00,1,2,01,A01
201200038730,0,07,000,00,2,4,23,B01
201200038730,0,07,000,00,2,1,02,A01
201200038731,0,07,000,00,2,1,06,A01
201200038731,0,07,000,00,2,8,01,B01
201200038732,0,07,000,00,2,2,01,B01
201200038732,0,07,000,00,2,8,01,A01
201200038733,0,07,000,02,0,1,13,A01
201200038734,0,33,000,00,2,1,01,B01
201200038734,0,07,000,00,2,3,09,A01
201200038735,0,07,000,00,2,3,01,B01
201200038735,0,02,000,00,2,0,13,A01
201200038736,0,02,000,00,2,6,13,A01
201200038736,0,07,000,00,2,7,18,B01
201200038737,0,10,000,00,2,5,19,B01
201200038737,0,07,000,15,2,1,01,A01
201200038738,0,07,000,00,2,8,19,B01
201200038738,0,07,000,00,2,1,19,A01
201200038739,0,07,000,00,0,4,02,B01
201200038739,0,07,000,00,2,1,02,A01
201200038740,0,07,000,00,2,4,23,B01
201200038740,0,01,000,00,2,1,02,A01
201200038741,0,07,000,00,2,0,15,A01
201200038741,0,10,000,00,2,4,21,D01
201200038741,0,17,000,00,2,1,21,F02
201200038741,0,13,000,00,2,4,21,E01
201200038741,0,07,000,00,2,4,21,C01
201200038741,0,07,000,00,2,4,21,B01
201200038742,0,07,000,00,1,1,24,A01
201200038743,0,07,000,00,2,1,02,A01
201200038743,0,07,000,00,2,1,02,B01
201200038743,0,07,000,00,2,4,02,C01
201200038744,0,10,000,00,2,1,02,A01
201200038744,0,07,000,00,2,4,23,C01
201200038744,0,07,000,00,2,4,23,B01
201200038745,0,02,000,16,0,0,15,A01
201200038746,0,30,000,00,2,1,01,B01
201200038746,0,07,000,00,2,3,09,A01
201200038747,0,07,000,08,0,1,01,A01
201200038748,0,02,000,00,0,8,01,A01
201200038749,0,07,000,15,0,1,01,A01
201200038750,0,33,000,11,0,0,00,A01
201200038751,0,30,000,12,0,5,02,A01
201200038752,0,10,000,00,0,0,00,A01
201200038752,0,02,000,00,0,0,00,B01
201200038753,0,01,000,00,0,0,01,A01
201200038754,0,07,000,00,2,3,14,B01
201200038754,0,30,000,00,2,1,13,A01
201200038755,0,33,000,00,0,0,01,A01
201200038756,0,07,000,00,2,1,01,B01
201200038756,0,07,000,00,2,1,01,A01
201200038757,0,07,000,00,1,4,04,A01
201200038758,0,07,000,02,0,3,01,A01
201200038759,0,07,000,00,1,2,01,A01
201200038760,0,07,000,00,2,3,15,A01
201200038760,0,03,000,00,2,1,00,B01
201200038761,0,33,000,00,0,4,01,A01
201200038762,0,07,000,00,1,4,23,A01
201200038762,0,07,000,00,2,1,09,B01
201200038763,0,10,000,00,1,2,01,A01
201200038764,0,07,000,00,1,7,15,A01
201200038765,0,33,000,01,0,6,01,A01
201200038766,0,03,000,00,2,8,19,A01
201200038766,0,07,000,00,2,1,01,B01
201200038767,0,07,000,00,2,1,02,A01
201200038767,0,07,000,08,0,6,20,B01
201200038768,0,07,000,00,1,1,01,A01
201200038769,2,07,000,00,1,1,01,A01
201200038770,0,07,000,00,1,1,01,A01
201200038771,0,07,000,00,1,1,01,A01
201200038772,0,07,000,00,2,1,01,B01
201200038772,0,07,000,00,2,8,01,A01
201200038773,0,07,000,00,1,1,01,A01
201200038774,0,07,000,00,1,1,01,A01
201200038775,0,07,000,00,1,1,01,A01
201200038776,0,07,000,00,2,3,01,B01
201200038776,0,30,000,00,2,2,01,A01
201200038777,0,07,000,00,2,1,01,B01
201200038777,0,07,000,00,2,1,01,A01
201200038777,0,07,000,00,2,4,01,C01
201200038778,0,33,000,00,2,1,01,A01
201200038778,0,07,000,00,2,1,15,B01
201200038779,0,07,000,00,1,1,01,A01
201200038780,0,07,000,00,2,8,01,A01
201200038780,0,01,000,00,2,0,01,B01
201200038781,0,07,000,00,1,3,01,A01
201200038782,0,07,000,00,1,3,15,A01
201200038783,0,07,000,08,0,1,01,A01
201200038784,1,07,000,00,2,1,15,A01
201200038784,0,02,000,00,2,8,01,B01
201200038785,0,07,000,00,1,1,01,A01
201200038786,0,30,000,00,2,1,01,A01
201200038786,0,07,000,00,2,0,01,B01
201200038787,0,07,000,00,2,2,01,B01
201200038787,0,07,000,00,2,8,01,A01
201200038788,0,07,000,00,2,1,01,B01
201200038788,0,07,000,00,2,1,15,A01
201200038789,0,07,000,00,2,1,01,A01
201200038789,0,07,000,00,2,4,01,C01
201200038789,0,07,000,00,2,4,01,B01
201200038790,0,07,000,00,2,6,01,C01
201200038790,0,07,000,00,2,1,01,A01
201200038790,0,07,000,00,2,2,01,B01
201200038791,0,07,000,09,0,1,01,A01
201200038792,0,07,000,00,2,8,10,A01
201200038792,0,14,000,00,2,2,01,B01
201200038793,0,07,000,01,0,2,01,A01
201200038793,0,07,000,00,2,8,23,B01
201200038794,0,07,000,00,2,1,01,A01
201200038794,0,01,000,00,2,4,01,B01
201200038795,0,07,000,00,2,3,01,B01
201200038795,0,02,000,00,2,7,01,A01
201200038796,0,07,000,00,2,1,01,A01
201200038796,0,01,000,00,2,8,01,B01
201200038797,0,07,000,00,2,1,01,A01
201200038797,0,07,000,00,2,4,01,C01
201200038797,0,07,000,00,2,4,01,B01
201200038798,0,07,000,00,1,3,01,A01
201200038799,0,01,000,00,2,1,01,B01
201200038799,0,07,000,00,2,1,15,A01
201200038800,0,01,000,00,2,7,01,B01
201200038800,0,07,000,00,2,3,01,A01
201200038801,0,07,000,00,2,4,23,D01
201200038801,0,07,000,00,2,4,23,C01
201200038801,0,07,000,00,2,1,02,A01
201200038801,0,07,000,00,2,4,23,B01
201200038802,0,01,000,00,2,7,01,A01
201200038802,0,07,000,00,2,3,01,B01
201200038803,0,07,000,00,1,2,21,A01
201200038804,0,33,000,00,2,2,01,B01
201200038804,0,07,000,00,2,3,10,A01
201200038805,0,07,000,00,2,8,01,B01
201200038805,0,13,000,00,2,7,01,A01
201200038806,0,01,000,00,2,6,19,B01
201200038806,0,13,000,00,2,3,01,A01
201200038807,0,07,000,00,1,4,20,A01
201200038808,0,01,000,00,2,1,02,A01
201200038808,0,10,000,00,2,4,02,B01
201200038809,0,33,000,00,1,0,24,A01
201200038810,0,07,000,00,2,2,09,B01
201200038810,0,07,000,00,2,1,01,A01
201200038811,0,07,000,00,2,2,01,B01
201200038811,0,07,000,10,2,2,01,A01
201200038812,0,07,000,00,2,1,17,A01
201200038812,0,10,000,00,2,8,01,B01
201200038813,0,07,000,00,2,4,24,B01
201200038813,0,13,000,01,0,1,02,A01
201200038814,0,07,000,00,2,4,23,B01
201200038814,0,07,000,01,0,0,02,A01
201200038815,0,01,000,00,2,8,01,B01
201200038815,0,07,000,00,2,0,15,A01
201200038816,0,07,000,00,2,4,02,B01
201200038816,0,07,000,00,2,1,02,A01
201200038817,0,07,000,00,2,7,01,A01
201200038817,0,07,000,00,2,1,01,B01
201200038818,0,07,000,00,2,4,23,B01
201200038818,0,37,001,01,0,4,02,A01
201200038819,0,07,000,13,0,1,01,A01
201200038820,0,07,000,00,2,2,17,A01
201200038820,0,30,000,00,2,1,17,B01
201200038821,0,37,001,00,2,2,01,A01
201200038821,0,07,000,00,2,5,01,B01
201200038822,0,33,000,14,0,1,17,A01
201200038823,0,33,000,01,0,1,02,A01
201200038823,0,07,000,00,2,4,02,B01
201200038824,0,07,000,00,2,6,01,C01
201200038824,0,07,000,00,2,1,17,A01
201200038824,0,07,000,00,2,8,01,B01
201200038825,0,07,000,00,2,8,15,A01
201200038825,0,33,000,00,2,1,01,B01
201200038826,0,14,000,00,2,1,01,A01
201200038826,0,07,000,00,2,4,01,B01
201200038827,0,07,000,00,1,1,01,A01
201200038828,0,07,000,00,1,7,23,B01
201200038828,0,07,000,00,2,1,01,A01
201200038829,0,02,000,01,0,1,01,A01
201200038830,0,33,000,00,2,1,01,A01
201200038830,0,07,000,00,2,8,01,B01
201200038831,0,07,000,00,2,1,01,A01
201200038831,0,01,000,00,2,7,19,B01
201200038832,0,07,000,01,0,4,02,C01
201200038832,0,07,000,01,0,4,02,B01
201200038832,0,07,000,00,2,1,02,A01
201200038833,0,07,000,00,2,3,15,A01
201200038833,0,33,000,00,2,1,17,B01
201200038834,0,07,000,00,2,1,01,A01
201200038834,0,07,000,00,2,2,01,B01
201200038835,1,07,000,00,2,1,01,A01
201200038835,0,01,000,00,2,4,01,B01
201200038836,1,07,000,00,1,1,01,A01
201200038837,0,07,000,00,2,3,01,B01
201200038837,0,10,000,00,2,1,15,A01
201200038838,0,02,000,00,2,1,01,B01
201200038838,0,31,000,00,2,1,15,A01
201200038839,0,07,000,00,2,4,01,B01
201200038839,0,07,000,00,2,1,01,A01
201200038839,0,07,000,00,2,4,01,C01
201200038840,0,07,000,00,2,1,01,B01
201200038840,0,07,000,00,2,3,16,A01
201200038841,0,33,000,00,2,1,01,B01
201200038841,0,07,000,00,2,2,15,A01
201200038842,1,13,000,00,2,0,12,B01
201200038842,0,37,002,00,2,1,01,A01
201200038843,0,07,000,16,0,1,01,A01
201200038844,0,07,000,01,2,1,01,A01
201200038844,0,07,000,00,2,4,15,B01
201200038845,1,07,000,00,1,1,01,A01
201200038846,0,37,001,00,1,3,08,A01
201200038847,0,30,000,00,2,8,16,B01
201200038847,0,10,000,00,2,3,01,A01
201200038848,0,30,000,08,0,1,01,A01
201200038849,0,07,000,00,1,2,02,A01
201200038850,0,02,000,12,0,1,01,A01
201200038851,0,07,000,00,2,1,01,C01
201200038851,0,07,000,00,2,4,01,B01
201200038851,0,07,000,00,2,1,15,A01
201200038852,0,33,000,16,0,0,10,A01
201200038853,0,07,000,00,2,4,23,B01
201200038853,0,01,000,01,0,1,02,A01
201200038854,0,07,000,12,0,1,01,B01
201200038854,1,07,000,00,0,0,05,A01
201200038855,0,10,000,15,2,7,01,A01
201200038855,0,13,000,00,2,0,02,B01
201200038855,0,07,000,00,2,1,01,C01
201200038856,0,07,000,00,2,1,01,B01
201200038856,0,01,000,00,2,7,19,A01
201200038857,0,07,000,00,2,7,15,A01
201200038857,0,07,000,00,2,1,01,B01
201200038858,0,07,000,00,2,8,01,B01
201200038858,0,07,000,00,2,7,01,A01
201200038859,0,07,000,00,2,3,01,B01
201200038859,0,02,000,00,2,2,01,A01
201200038860,0,07,000,00,2,1,01,A01
201200038860,0,07,000,00,2,6,01,B01
201200038861,0,07,000,00,2,1,01,B01
201200038861,0,01,000,00,2,8,00,A01
201200038862,0,07,000,00,2,1,01,A01
201200038862,0,07,000,00,2,4,01,B01
201200038863,0,07,000,16,0,1,01,A01
201200038864,0,14,000,00,2,2,15,A01
201200038864,0,07,000,00,2,8,01,B01
201200038865,0,07,000,00,2,4,23,B01
201200038865,0,21,000,00,2,1,01,A01
201200038866,0,07,000,00,0,4,01,B01
201200038866,0,07,000,00,2,1,02,A01
201200038867,0,01,000,00,1,0,02,A01
201200038868,0,07,000,01,0,1,02,A01
201200038868,0,07,000,00,2,4,15,B01
201200038869,0,07,000,00,2,2,15,B01
201200038869,0,07,000,08,2,9,01,A01
201200038870,0,02,000,00,0,0,01,A01
201200038871,0,07,000,00,1,1,01,A01
201200038872,0,07,000,00,2,5,16,A01
201200038872,0,01,000,00,2,3,01,B01
201200038873,0,07,000,00,2,3,01,B01
201200038873,0,07,000,00,2,7,01,A01
201200038874,0,01,000,00,2,4,09,B01
201200038874,0,07,000,00,2,1,09,A01
201200038875,1,07,000,00,1,0,15,Z01
201200038876,0,07,000,00,1,2,01,A01
201200038877,0,07,000,00,2,1,17,A01
201200038877,0,07,000,00,2,8,17,B01
201200038878,0,30,000,00,1,1,01,A01
201200038879,0,07,000,01,0,2,01,A01
201200038880,0,07,000,00,2,1,15,A01
201200038880,0,01,000,00,2,0,10,B01
201200038881,0,07,000,00,2,3,15,C01
201200038881,0,33,000,00,2,1,01,A01
201200038881,0,07,000,00,2,4,15,B01
201200038882,0,01,000,00,0,4,01,A01
201200038883,0,17,000,16,9,7,01,A01
201200038884,0,07,000,00,2,1,02,A01
201200038884,0,07,000,00,2,4,02,C01
201200038884,0,07,000,00,2,1,02,B01
201200038885,0,07,000,00,2,4,02,B01
201200038885,0,07,000,00,2,1,02,A01
201200038885,0,07,000,00,2,4,02,C01
201200038886,0,07,000,00,2,4,02,B01
201200038886,0,30,000,01,0,1,01,A01
201200038887,0,31,000,00,2,6,10,A01
201200038887,0,02,000,00,2,1,01,B01
201200038888,0,07,000,00,2,1,01,A01
201200038888,0,07,000,00,2,8,01,B01
201200038889,0,07,000,01,0,1,01,A01
201200038890,0,33,000,00,2,1,01,A01
201200038890,0,07,000,00,2,8,15,B01
201200038891,0,07,000,00,2,4,02,B01
201200038891,0,07,000,00,2,1,02,A01
201200038892,0,07,000,00,2,1,17,A01
201200038892,0,02,000,00,2,8,15,B01
201200038893,0,07,000,00,1,2,01,A01
201200038894,0,07,000,02,0,1,01,A01
201200038895,0,07,000,00,1,7,01,A01
201200038896,0,02,000,00,2,1,01,A01
201200038896,0,10,000,00,2,7,01,B01
201200038897,0,07,000,00,2,6,01,B01
201200038897,0,33,000,00,2,7,17,A01
201200038898,0,07,000,00,2,4,23,B01
201200038898,0,02,000,01,0,1,17,A01
201200038899,0,07,000,00,2,7,01,B01
201200038899,0,01,000,00,2,1,01,A01
201200038900,0,33,000,00,2,1,01,B01
201200038900,0,07,000,00,2,8,01,A01
201200038901,0,07,000,13,0,0,01,A01
201200038902,1,32,000,00,2,1,01,B01
201200038902,0,01,000,00,2,4,15,A01
201200038903,0,02,000,00,2,1,01,B01
201200038903,0,07,000,00,2,7,15,A01
201200038904,0,07,000,00,2,1,09,A01
201200038904,0,07,000,00,2,6,09,B01
201200038905,0,07,000,00,2,3,15,B01
201200038905,0,30,000,00,2,7,15,A01
201200038906,0,07,000,00,2,5,15,B01
201200038906,0,02,000,01,0,1,01,A01
201200038907,0,33,000,00,2,8,01,A01
201200038907,0,07,000,00,2,3,16,B01
201200038908,0,07,000,00,2,1,01,A01
201200038908,0,02,000,00,2,4,09,B01
201200038909,0,07,000,00,2,1,15,A01
201200038909,0,07,000,00,2,1,01,C01
201200038909,0,31,000,00,2,0,12,B01
201200038910,0,07,000,00,2,4,01,B01
201200038910,0,33,000,00,2,1,01,A01
201200038911,0,07,000,00,2,1,01,B01
201200038911,0,07,000,00,2,3,15,A01
201200038912,0,07,000,01,0,1,01,A01
201200038913,0,02,000,00,2,0,01,A01
201200038913,0,07,000,00,2,7,14,B01
201200038914,0,07,000,00,2,6,15,B01
201200038914,0,02,000,00,2,1,15,A01
201200038915,0,07,000,00,2,1,01,B01
201200038915,0,07,000,00,0,3,01,A01
201200038916,0,07,000,00,1,1,01,A01
201200038917,0,07,000,00,2,8,01,A01
201200038918,0,07,000,00,2,1,01,B01
201200038918,0,07,000,00,2,2,15,A01
201200038919,0,33,000,00,2,1,01,A01
201200038919,0,10,000,00,2,2,01,B01
201200038920,0,02,000,00,2,1,13,A01
201200038920,0,07,000,00,2,1,01,B01
201200038921,0,07,000,00,1,8,01,A01
201200038922,0,33,000,00,2,1,18,A01
201200038922,0,07,000,00,2,2,16,B01
201200038923,0,07,000,01,0,1,01,A01
201200038923,0,07,000,01,0,4,02,B01
201200038923,0,07,000,01,0,3,01,C01
201200038924,0,02,000,00,2,7,01,B01
201200038924,0,07,000,00,2,1,01,A01
201200038925,0,34,000,00,2,1,15,A01
201200038925,0,07,000,00,2,2,01,B01
201200038926,0,07,000,00,2,4,01,B01
201200038926,0,07,000,00,2,1,01,A01
201200038927,1,07,000,00,2,1,16,A01
201200038927,0,30,000,00,2,4,01,B01
201200038928,0,07,000,00,2,6,01,C01
201200038928,0,07,000,00,2,6,15,A01
201200038928,0,30,000,00,2,1,01,B01
201200038929,0,07,000,00,2,5,09,B01
201200038929,0,30,000,00,2,7,01,A01
201200038930,0,07,000,00,1,1,20,A01
201200038931,0,07,000,00,2,1,01,B01
201200038931,2,07,000,00,2,0,17,A01
201200038932,0,02,000,12,0,1,01,A01
201200038933,0,33,000,00,2,3,16,A01
201200038933,0,07,000,00,2,3,01,B01
201200038934,0,07,000,14,0,2,01,A01
201200038935,0,07,000,00,2,2,12,A01
201200038935,0,33,000,00,2,2,09,B01
201200038936,0,07,000,00,2,2,15,A01
201200038936,0,07,000,00,2,6,01,B01
201200038937,0,07,000,00,2,3,15,B01
201200038937,0,33,000,00,2,1,07,A01
201200038938,0,33,000,00,2,4,01,B01
201200038938,0,33,000,00,2,1,02,A01
201200038939,0,33,000,04,0,1,01,A01
201200038940,0,07,000,00,1,7,21,A01
201200038941,0,33,000,00,2,1,01,B01
201200038941,0,10,000,00,2,1,15,A01
201200038941,0,07,000,00,2,1,01,C01
201200038942,0,07,000,00,2,3,01,A01
201200038942,0,02,000,00,2,2,01,B01
201200038943,0,07,000,00,2,6,13,A01
201200038943,0,07,000,00,2,7,01,B01
201200038944,0,33,000,00,2,7,09,A01
201200038944,0,07,000,00,2,6,02,B01
201200038945,0,32,000,16,0,7,01,A01
201200038946,0,02,000,00,2,1,01,B01
201200038946,0,33,000,00,2,6,01,C01
201200038946,0,07,000,00,2,6,04,A01
201200038947,0,07,000,00,1,1,15,A01
201200038948,0,10,000,00,2,1,15,A01
201200038948,0,07,000,00,2,3,01,B01
201200038948,0,07,000,00,2,3,01,C01
201200038949,0,07,000,00,2,1,01,A01
201200038949,0,07,000,00,2,4,01,B01
201200038950,0,07,000,00,1,3,01,A01
201200038951,0,07,000,03,0,1,01,A01
201200038951,1,07,000,00,0,0,01,B01
201200038952,0,07,000,00,2,7,15,B01
201200038952,0,07,000,00,2,3,01,A01
201200038953,0,31,000,00,2,2,01,B01
201200038953,0,02,000,00,2,1,15,A01
201200038954,0,02,000,00,2,1,01,B01
201200038954,0,07,000,00,2,3,01,A01
201200038955,0,07,000,00,2,4,01,B01
201200038955,0,07,000,00,2,1,01,A01
201200038955,0,07,000,00,2,4,01,C01
201200038956,0,07,000,00,1,1,01,A01
201200038957,0,01,000,00,2,1,05,A01
201200038957,0,07,000,00,2,3,01,B01
201200038958,0,07,000,00,2,1,01,B01
201200038958,0,07,000,00,2,8,15,A01
201200038959,0,07,000,01,0,1,13,A01
201200038960,0,03,000,00,2,1,01,A01
201200038960,0,07,000,00,2,4,01,B01
201200038961,0,07,000,00,2,4,01,C01
201200038961,0,07,000,00,2,4,01,B01
201200038961,0,07,000,00,2,1,01,A01
201200038962,0,07,000,06,0,1,01,A01
201200038963,0,07,000,00,2,8,15,A01
201200038963,0,07,000,00,2,3,01,B01
201200038964,0,07,000,00,2,1,09,A01
201200038964,0,33,000,00,2,7,01,B01
201200038965,0,07,000,01,0,1,01,A01
201200038966,0,07,000,00,2,4,15,B01
201200038966,0,07,000,00,2,1,01,A01
201200038967,0,07,000,00,1,7,01,A01
201200038968,0,01,000,00,1,1,01,A01
201200038969,0,02,000,01,0,1,01,A01
201200038970,0,07,000,01,0,1,01,A01
201200038971,0,07,000,00,2,1,01,A01
201200038971,0,07,000,00,2,4,01,B01
201200038972,0,07,000,00,2,4,01,C01
201200038972,0,07,000,00,2,1,01,A01
201200038972,0,07,000,00,2,4,01,B01
201200038973,1,02,000,00,1,1,01,A01
201200038974,0,07,000,00,1,3,01,A01
201200038975,0,07,000,00,2,2,15,B01
201200038975,0,01,000,00,2,1,05,A01
201200038976,0,07,000,00,2,3,15,B01
201200038976,0,07,000,00,2,3,01,A01
201200038977,0,02,000,00,2,1,15,A01
201200038977,0,10,000,01,2,7,01,B01
201200038978,0,07,000,09,0,7,09,A01
201200038979,0,15,000,16,0,1,01,A01
201200038980,0,07,000,00,2,3,01,A01
201200038980,0,07,000,00,2,3,01,B01
201200038981,0,07,000,00,2,1,01,A01
201200038981,0,07,000,00,2,3,01,B01
201200038982,0,07,000,00,2,8,01,B01
201200038982,0,01,000,00,0,0,01,A01
201200038983,0,31,000,00,0,1,01,A01
201200038984,0,07,000,16,0,9,01,A01
201200038985,0,30,000,00,2,1,01,B01
201200038985,0,07,000,00,2,7,01,A01
201200038986,0,07,000,00,2,8,01,C01
201200038986,0,07,000,00,2,3,01,B01
201200038986,0,01,000,00,2,1,17,A01
201200038987,0,02,000,00,2,1,01,A01
201200038987,0,07,000,00,2,8,15,B01
201200038988,0,02,000,12,0,7,01,A01
201200038989,1,34,000,00,2,1,01,A01
201200038989,0,01,000,,,,,B02
201200038990,0,07,000,00,1,1,01,A01
201200038991,0,02,000,00,2,1,01,A01
201200038991,0,07,000,00,2,7,01,B01
201200038992,0,07,000,00,2,5,01,B01
201200038992,0,10,000,00,2,3,01,A01
201200038993,0,07,000,00,2,2,17,A01
201200038993,0,07,000,00,2,6,01,B01
201200038994,0,10,000,00,2,4,01,B01
201200038994,0,07,000,00,2,1,01,A01
201200038995,0,07,000,00,2,1,01,A01
201200038995,0,07,000,00,2,4,00,B01
201200038995,0,07,000,00,2,4,01,C01
201200038996,0,07,000,00,1,3,15,A01
201200038997,0,07,000,00,1,8,01,A01
201200038998,0,07,000,00,2,1,15,A01
201200038998,0,07,000,00,2,8,01,B01
201200038999,0,07,000,00,2,7,01,B01
201200038999,0,01,000,00,2,1,19,A01
201200039000,0,07,000,00,2,1,01,B01
201200039000,0,07,000,00,2,2,01,A01
201200039001,0,07,000,00,2,4,20,B01
201200039001,0,07,000,00,2,1,01,A01
201200039002,0,07,000,00,2,7,01,A01
201200039003,0,01,000,00,2,7,19,B01
201200039003,0,07,000,00,2,8,01,A01
201200039004,0,10,000,00,2,1,04,A01
201200039004,0,30,000,00,2,2,01,B01
201200039005,0,07,000,00,2,1,01,A01
201200039005,0,32,000,00,2,1,01,B01
201200039005,0,10,000,00,2,4,01,C01
201200039006,0,07,000,00,1,1,01,A01
201200039007,0,07,000,00,1,2,01,A01
201200039008,0,07,000,00,1,1,01,A01
201200039009,0,07,000,01,0,3,01,A01
201200039010,0,07,000,00,2,3,13,A01
201200039010,0,07,000,00,2,3,01,B01
201200039011,0,10,000,00,2,5,13,A01
201200039011,0,33,000,00,2,0,01,B01
201200039012,0,07,000,00,2,0,01,A01
201200039012,0,07,000,00,2,4,01,B01
201200039013,0,10,000,00,1,0,01,A01
201200039014,0,07,000,00,2,4,23,B01
201200039014,0,07,000,01,0,1,01,A01
201200039015,0,07,000,00,1,4,01,A01
201200039016,0,07,000,00,2,1,01,A01
201200039016,0,07,000,00,2,1,15,B01
201200039017,0,07,000,00,2,2,15,B01
201200039017,0,30,000,00,2,7,17,A01
201200039018,0,10,000,16,0,6,01,A01
201200039019,0,07,000,00,2,2,16,B01
201200039019,0,07,000,00,2,3,15,A01
201200039020,0,07,000,00,2,4,01,B01