Num_Acc,senc,catv,occutc,obs,obsm,choc,manv,num_veh
201200039405,0,34,000,00,2,8,01,B01
201200039406,0,32,000,00,2,1,01,B01
201200039406,0,07,000,00,2,7,15,A01
201200039407,0,07,000,00,2,5,15,A01
201200039407,0,32,000,00,2,1,01,B01
201200039408,0,02,000,00,1,1,01,A01
201200039409,2,33,000,00,2,1,01,A01
201200039409,2,33,000,00,0,4,01,B01
201200039410,0,07,000,00,0,2,15,B01
201200039410,0,33,000,00,2,1,01,A01
201200039411,0,07,000,00,2,3,01,B01
201200039411,0,07,000,00,2,3,05,A01
201200039411,0,10,000,03,2,3,01,C01
201200039412,0,07,000,00,1,2,01,A01
201200039413,0,07,000,00,1,3,01,A01
201200039414,0,07,000,00,2,3,01,B01
201200039414,0,33,000,00,2,1,01,A01
201200039415,0,07,000,00,1,1,01,A01
201200039416,0,32,000,00,2,1,01,B01
201200039416,0,07,000,00,2,8,15,A01
201200039417,0,07,000,00,2,3,15,A01
201200039417,0,33,000,00,2,3,01,B01
201200039418,0,32,000,00,2,8,02,B01
201200039418,0,07,000,00,2,0,02,A01
201200039419,0,07,000,00,1,1,01,A01
201200039420,0,30,000,00,2,1,01,B01
201200039420,0,37,002,00,2,8,01,A01
201200039421,0,07,000,00,0,0,00,B01
201200039421,2,30,000,00,0,0,00,A01
201200039422,0,07,000,00,2,5,00,B01
201200039422,0,31,000,00,2,3,00,A01
201200039423,0,07,000,00,1,2,09,A01
201200039424,0,07,000,00,1,2,01,A01
201200039425,0,30,000,00,2,8,01,B01
201200039425,0,07,000,00,2,1,11,A01
201200039426,0,30,000,00,2,1,03,A01
201200039426,0,07,000,00,0,6,15,B01
201200039427,0,33,000,00,2,3,12,A01
201200039427,0,07,000,00,2,7,01,B01
201200039428,0,31,000,00,2,3,01,B01
201200039428,0,07,000,00,2,3,15,A01
201200039429,0,32,000,00,2,1,01,B01
201200039429,0,07,000,00,2,3,15,A01
201200039430,0,07,000,00,2,0,09,A01
201200039430,0,30,000,12,0,1,21,B01
201200039431,0,07,000,00,2,8,01,A01
201200039431,0,07,000,00,2,3,19,B01
201200039432,0,10,000,00,2,4,01,C01
201200039432,0,07,000,00,2,4,01,B01
201200039432,0,07,000,00,2,1,01,A01
201200039433,0,31,000,00,2,0,01,B01
201200039433,0,07,000,00,2,1,15,A01
201200039434,0,30,000,00,2,8,18,A01
201200039434,0,07,000,00,2,7,16,B01
201200039435,0,07,000,00,2,1,02,B01
201200039435,0,07,000,00,2,8,19,A01
201200039436,0,32,000,00,1,2,02,A01
201200039437,0,13,000,00,2,1,02,A01
201200039437,0,07,000,00,0,4,23,B01
201200039438,0,07,000,00,1,1,15,A01
201200039439,0,07,000,00,2,3,02,A01
201200039439,1,07,000,00,2,2,05,Z01
201200039440,0,07,000,00,1,1,01,A01
201200039441,0,07,000,00,2,1,00,B01
201200039441,0,07,000,00,2,1,13,A01
201200039442,0,07,000,00,2,3,20,A01
201200039442,0,33,000,00,2,1,02,B01
201200039443,0,07,000,00,2,7,16,A01
201200039443,0,33,000,00,2,0,16,B01
201200039444,0,07,000,00,0,1,01,B01
201200039444,0,07,000,10,0,1,12,A01
201200039445,0,07,000,06,0,2,01,A01
201200039446,0,07,000,00,2,6,01,B01
201200039446,0,07,000,00,2,2,09,A01
201200039447,0,15,000,00,2,2,12,A01
201200039447,0,07,000,00,2,3,02,B01
201200039448,0,07,000,00,1,2,00,A01
201200039449,0,07,000,00,2,6,04,A01
201200039449,0,07,000,00,2,3,01,B01
201200039450,0,37,007,00,2,3,07,B01
201200039450,0,07,000,00,2,2,16,A01
201200039451,0,07,000,00,2,4,01,B01
201200039451,0,07,000,00,2,1,02,A01
201200039452,1,07,000,00,0,0,00,Z01
201200039452,0,32,000,00,2,0,00,A01
201200039453,0,02,000,00,2,6,00,A01
201200039454,0,33,000,13,0,1,01,A01
201200039455,0,31,000,11,0,1,01,A01
201200039456,0,07,000,00,0,5,09,A01
201200039456,0,33,000,00,2,1,01,B01
201200039457,0,07,000,00,1,4,04,A01
201200039458,0,07,000,14,0,1,01,A01
201200039459,0,07,000,00,2,2,15,A01
201200039459,0,07,000,00,2,3,01,B01
201200039460,0,07,000,00,9,2,15,A01
201200039460,0,33,000,00,2,1,21,B01
201200039461,0,31,000,00,2,1,02,B01
201200039461,0,07,000,00,2,8,01,A01
201200039462,0,07,000,00,2,4,02,B01
201200039462,0,32,000,00,2,1,02,A01
201200039463,0,33,000,00,2,8,01,B01
201200039463,0,07,000,12,2,1,01,A01
201200039464,0,07,000,00,0,4,23,B01
201200039464,0,07,000,00,2,1,02,A01
201200039465,0,07,000,00,2,2,15,A01
201200039465,0,07,000,00,2,1,01,B01
201200039466,0,30,000,00,1,2,02,A01
201200039467,0,07,000,00,2,1,02,B01
201200039467,0,07,000,00,2,1,05,A01
201200039468,0,10,000,00,2,8,15,B01
201200039468,0,31,000,00,2,1,17,A01
201200039469,0,07,000,00,1,1,01,A01
201200039470,0,07,000,00,1,1,01,A01
201200039471,0,07,000,00,2,3,15,B01
201200039471,0,33,000,00,2,1,01,A01
201200039472,0,14,000,00,2,4,02,B01
201200039472,0,07,000,00,2,1,02,A01
201200039473,0,02,000,00,2,7,17,A01
201200039473,0,07,000,00,2,8,15,B01
201200039474,0,07,000,00,0,4,02,B01
201200039474,0,07,000,00,2,1,02,A01
201200039475,0,10,000,00,2,8,15,B01
201200039475,0,02,000,00,2,7,17,A01
201200039476,0,07,000,00,1,7,01,A01
201200039477,0,07,000,00,2,8,10,A01
201200039477,0,07,000,00,2,2,01,B01
201200039478,0,02,000,00,1,8,01,A01
201200039479,0,07,000,00,2,3,23,C01
201200039479,0,30,000,00,2,1,01,B01
201200039479,0,07,000,00,2,3,09,A01
201200039480,0,07,000,00,2,3,15,B01
201200039480,0,32,000,00,2,7,17,A01
201200039481,0,07,000,00,0,1,01,B01
201200039481,0,07,000,00,0,3,15,A01
201200039482,0,02,000,00,2,9,01,B01
201200039482,0,07,000,00,2,3,20,A01
201200039483,0,07,000,00,2,0,15,B01
201200039483,0,34,000,00,2,2,17,A01
201200039484,0,32,000,00,2,2,17,B01
201200039484,0,07,000,00,2,3,20,A01
201200039485,2,02,000,08,0,1,01,A01
201200039486,1,07,000,00,2,8,00,A01
201200039486,0,07,000,11,2,7,01,B01
201200039487,0,33,000,00,2,1,02,B01
201200039487,0,07,000,00,2,3,09,A01
201200039488,0,07,000,00,1,1,00,A01
201200039489,0,07,000,00,1,1,02,A01
201200039490,0,02,000,00,2,0,01,B01
201200039490,1,07,000,00,0,0,15,A01
201200039491,0,07,000,00,2,2,02,A01
201200039491,0,01,000,00,2,4,02,B01
201200039492,0,07,000,00,2,3,02,B01
201200039492,0,02,000,00,2,1,01,A01
201200039493,0,15,000,00,2,1,01,A01
201200039493,0,31,000,00,0,4,01,B01
201200039494,0,33,000,00,1,2,00,A01
201200039495,0,07,000,00,2,8,01,B01
201200039495,0,33,000,00,2,1,01,A01
201200039496,0,02,000,00,2,1,01,B01
201200039496,0,07,000,00,2,3,09,A01
201200039497,0,31,000,00,2,7,01,B01
201200039497,0,07,000,00,2,2,21,A01
201200039498,0,31,000,00,2,7,02,B01
201200039498,0,07,000,00,2,3,15,A01
201200039499,0,07,000,00,1,4,24,A01
201200039500,0,02,000,00,1,1,01,A01
201200039501,0,07,000,00,1,3,01,A01
201200039502,0,10,000,00,2,4,02,B01
201200039502,0,33,000,00,2,1,02,A01
201200039503,0,33,000,04,0,1,01,A01
201200039504,0,07,000,00,2,4,02,A01
201200039504,0,07,000,00,0,0,00,B01
201200039505,0,30,000,00,0,1,01,A01
201200039505,0,37,001,00,0,3,00,B01
201200039506,0,30,000,00,2,1,05,A01
201200039506,0,32,000,00,2,1,01,B01
201200039507,0,07,000,00,1,3,01,A01
201200039508,0,34,000,00,2,4,00,B01
201200039508,0,07,000,00,2,3,09,A01
201200039509,0,07,000,00,0,8,15,B01
201200039509,0,02,000,00,2,1,17,A01
201200039510,0,33,000,00,2,8,01,A01
201200039510,0,07,000,00,2,1,09,B01
201200039510,0,37,001,00,2,8,01,C01
201200039511,0,07,000,00,0,0,10,B01
201200039511,0,34,000,01,2,1,21,A01
201200039512,0,07,000,00,1,1,09,A01
201200039513,1,07,000,00,0,0,00,Z01
201200039513,0,34,000,00,0,0,00,A01
201200039514,0,07,000,00,2,7,15,A01
201200039514,0,32,000,01,2,3,01,B01
201200039514,0,07,000,00,0,4,24,C01
201200039515,0,33,000,00,2,1,01,B01
201200039515,0,07,000,00,2,3,15,A01
201200039516,0,07,000,00,0,1,02,A01
201200039516,0,07,000,00,0,4,02,B01
201200039517,0,07,000,00,2,3,09,A01
201200039517,0,33,000,00,2,2,01,B01
201200039518,0,37,001,00,9,5,17,A01
201200039518,0,01,000,12,2,0,01,B01
201200039519,0,33,000,08,0,1,17,A01
201200039520,0,33,000,00,2,1,19,A01
201200039520,0,10,000,00,2,8,00,B01
201200039521,0,07,000,02,0,8,21,A01
201200039522,0,07,000,00,1,1,01,A01
201200039523,0,07,000,00,2,8,15,B01
201200039523,0,99,000,00,2,1,01,A01
201200039524,0,07,000,00,2,2,01,A01
201200039524,0,30,000,00,2,2,01,B01
201200039525,0,07,000,00,2,5,01,B01
201200039525,0,07,000,00,2,3,19,A01
201200039526,0,07,000,00,2,1,07,A01
201200039526,0,13,000,00,2,8,01,B01
201200039527,0,07,000,00,2,3,01,A01
201200039527,0,33,000,00,2,2,01,B01
201200039528,0,07,000,00,2,7,12,A01
201200039528,0,32,000,00,0,8,00,B01
201200039529,0,37,001,00,9,7,15,A01
201200039529,0,01,000,00,2,8,01,B01
201200039530,0,07,000,00,1,2,02,A01
201200039531,0,07,000,15,0,1,14,A01
201200039532,0,07,000,00,2,1,01,A01
201200039532,0,07,000,00,2,4,01,B01
201200039533,2,07,000,00,2,3,05,Z01
201200039533,0,33,000,00,2,8,15,A01
201200039534,0,07,000,00,1,3,15,A01
201200039535,0,07,000,00,2,8,11,A01
201200039535,0,33,000,00,2,7,01,B01
201200039536,0,07,000,00,1,2,01,A01
201200039537,0,07,000,00,2,4,23,B01
201200039537,0,07,000,00,2,1,02,A01
201200039538,0,07,000,00,1,2,01,A01
201200039539,0,10,000,00,0,6,24,B01
201200039539,0,02,000,01,0,2,01,A01
201200039540,0,37,002,08,0,1,23,B01
201200039540,0,14,000,00,2,0,01,A01
201200039541,0,07,000,00,2,1,02,A01
201200039541,0,07,000,00,0,4,02,B01
201200039542,0,07,000,02,0,1,17,A01
201200039543,0,07,000,14,0,1,01,B01
201200039543,0,07,000,00,0,4,01,C01
201200039543,0,07,000,14,0,1,01,A01
201200039544,0,32,000,00,0,4,16,B01
201200039544,0,07,000,00,2,2,02,A01
201200039545,0,31,000,00,2,1,01,B01
201200039545,0,07,000,00,2,3,10,A01
201200039546,0,33,000,00,2,1,02,A01
201200039546,0,07,000,00,2,4,01,B01
201200039547,0,07,000,00,2,2,15,A01
201200039547,0,01,000,00,2,1,01,B01
201200039548,0,07,000,00,2,1,01,C01
201200039548,0,30,000,00,2,3,11,A01
201200039548,0,30,000,00,2,2,00,B01
201200039549,0,07,000,00,2,2,15,A01
201200039549,0,31,000,00,2,1,00,B01
201200039550,0,02,000,00,2,0,17,A01
201200039550,0,07,000,00,0,8,15,B01
201200039551,1,07,000,00,1,5,01,Z01
201200039552,0,07,000,06,1,1,00,A01
201200039553,0,07,000,00,2,3,15,B01
201200039553,0,33,000,00,2,2,01,A01
201200039554,0,07,000,00,1,3,02,A01
201200039555,0,03,000,00,2,2,15,A01
201200039555,0,32,000,00,2,9,21,B01
201200039556,0,07,000,00,2,7,09,A01
201200039556,0,31,000,00,0,8,00,B01
201200039557,0,07,000,00,2,3,01,B01
201200039557,0,30,000,00,2,1,00,A01
201200039558,0,10,000,00,2,3,11,A01
201200039558,0,34,000,00,2,1,01,B01
201200039559,0,07,000,00,2,3,16,B01
201200039559,0,31,000,00,2,1,16,A01
201200039559,1,07,000,00,0,0,11,Z01
201200039560,0,07,000,00,1,2,01,A01
201200039561,0,07,000,00,0,7,16,A01
201200039561,0,32,000,00,0,1,01,B01
201200039562,0,30,000,00,0,3,21,B01
201200039562,1,07,000,00,2,0,13,Z01
201200039563,0,30,000,00,2,1,01,B01
201200039563,0,07,000,00,2,7,16,A01
201200039564,0,01,000,00,0,3,19,B01
201200039564,0,02,000,00,2,1,21,A01
201200039565,0,07,000,00,0,6,02,A01
201200039565,0,31,000,00,0,1,02,B01
201200039566,0,01,000,00,2,5,02,B01
201200039566,0,07,000,00,2,3,02,A01
201200039567,0,07,000,00,2,2,01,B01
201200039567,0,07,000,00,2,3,09,A01
201200039568,0,07,000,00,0,0,01,A01
201200039568,0,33,000,11,0,1,17,B01
201200039569,0,07,000,00,2,1,02,A01
201200039569,0,07,000,00,0,4,02,B01
201200039570,0,33,000,09,0,1,01,A01
201200039571,0,02,000,00,2,2,01,A01
201200039571,0,07,000,00,0,6,01,B01
201200039572,0,07,000,02,0,3,00,A01
201200039573,0,07,000,00,1,5,01,A01
201200039574,0,07,000,12,0,1,14,A01
201200039575,0,07,000,00,1,5,15,A01
201200039576,0,07,000,00,1,1,01,A01
201200039577,0,07,000,00,2,2,01,B01
201200039577,0,33,000,00,2,1,17,A01
201200039578,0,34,000,00,0,6,01,B01
201200039578,0,02,000,00,2,1,01,A01
201200039579,0,07,000,08,2,7,17,A01
201200039579,0,20,000,00,2,3,15,B01
201200039580,0,02,000,00,2,0,16,A01
201200039580,0,32,000,00,2,0,01,B01
201200039581,0,30,000,11,0,0,01,A01
201200039582,0,07,000,00,2,3,07,B01
201200039582,0,32,000,00,2,7,16,A01
201200039583,2,07,000,00,2,2,15,A01
201200039583,0,30,000,00,0,4,00,B01
201200039584,0,02,000,00,2,1,01,A01
201200039584,0,07,000,00,2,5,01,B01
201200039585,0,07,000,00,1,1,01,A01
201200039586,0,07,000,00,2,5,15,B01
201200039586,0,32,000,00,0,1,02,A01
201200039587,0,07,000,00,2,7,16,A01
201200039587,0,30,000,00,2,1,18,B01
201200039588,0,33,000,00,2,7,17,A01
201200039588,0,07,000,00,2,8,15,B01
201200039589,0,31,000,00,2,1,01,A01
201200039589,0,07,000,00,0,5,15,B01
201200039590,1,03,000,00,4,2,17,Z01
201200039590,0,07,000,00,2,2,01,C01
201200039590,0,33,000,00,2,1,21,B01
201200039591,2,07,000,00,2,8,15,A01
201200039591,0,32,000,00,2,0,01,B01
201200039592,0,07,000,00,2,6,00,C01
201200039592,0,07,000,00,2,3,05,A01
201200039592,0,07,000,00,2,3,01,B01
201200039593,0,31,000,00,0,8,01,A01
201200039594,0,07,000,00,1,3,02,A01
201200039595,0,07,000,00,2,1,13,A01
201200039595,0,07,000,00,2,1,01,B01
201200039596,0,07,000,00,1,2,02,A01
201200039597,0,07,000,00,9,1,16,A01
201200039597,0,01,000,00,2,7,19,B01
201200039598,0,07,000,00,2,2,15,B01
201200039598,0,30,000,00,2,1,01,A01
201200039599,0,07,000,00,1,1,01,A01
201200039600,0,07,000,00,9,8,15,B01
201200039600,0,02,000,00,2,1,01,A01
201200039601,0,07,000,00,2,3,09,A01
201200039601,0,34,000,00,2,2,01,B01
201200039602,0,30,000,00,2,1,18,B01
201200039602,0,07,000,00,2,7,16,A01
201200039603,0,07,000,00,0,6,04,A01
201200039604,0,10,000,00,2,1,02,A01
201200039604,0,07,000,00,2,4,02,B01
201200039605,0,07,000,00,2,6,11,A01
201200039605,0,33,000,00,2,1,01,B01
201200039605,0,07,000,00,2,3,01,C01
201200039606,0,07,000,00,2,2,15,A01
201200039606,0,02,000,00,2,1,01,B01
201200039607,0,10,000,00,2,4,02,B01
201200039607,0,10,000,00,2,4,02,C01
201200039607,0,10,000,00,2,3,02,A01
201200039608,0,34,000,12,0,0,00,A01
201200039609,0,33,000,00,2,4,02,A01
201200039609,0,07,000,00,0,0,23,C01
201200039609,0,07,000,00,0,4,02,B01
201200039610,0,34,000,00,2,1,02,B01
201200039610,0,07,000,00,0,5,02,A01
201200039611,0,07,000,00,2,8,09,A01
201200039611,0,33,000,00,2,1,01,B01
201200039612,0,07,000,00,0,0,01,E01
201200039612,0,07,000,00,2,3,01,C01
201200039612,0,34,000,00,2,9,03,A01
201200039612,0,07,000,00,2,3,01,D01
201200039612,0,07,000,00,2,6,01,B01
201200039613,0,02,000,00,0,8,00,A01
201200039614,0,30,000,00,2,1,00,B01
201200039614,1,07,000,00,0,0,00,E01
201200039615,0,07,000,00,2,1,01,B01
201200039615,0,07,000,00,2,1,05,A01
201200039616,0,07,000,00,0,3,01,A01
201200039616,0,32,000,00,0,7,01,B01
201200039617,0,07,000,00,2,4,02,B01
201200039617,0,07,000,00,2,1,02,A01
201200039617,0,07,000,00,0,4,02,C01
201200039618,0,02,000,00,0,7,00,B01
201200039618,0,07,000,00,0,1,09,A01
201200039619,0,07,000,00,2,3,15,B01
201200039619,0,32,000,00,2,1,01,A01
201200039620,0,07,000,00,1,2,17,A01
201200039621,0,07,000,00,2,3,15,A01
201200039621,0,02,000,00,2,1,01,B01
201200039622,0,07,000,00,1,2,09,A01
201200039623,0,37,001,00,1,2,01,A01
201200039624,0,07,000,00,2,2,01,A01
201200039624,0,07,000,00,0,6,01,B01
201200039625,0,33,000,00,2,1,01,B01
201200039625,0,07,000,00,2,7,11,A01
201200039626,0,07,000,00,2,7,16,B01
201200039626,0,10,000,00,2,3,07,A01
201200039627,0,07,000,00,2,3,01,B01
201200039627,0,07,000,00,2,2,12,A01
201200039628,0,07,000,00,2,5,02,B01
201200039628,0,32,000,00,2,1,02,A01
201200039629,0,07,000,00,2,1,00,B01
201200039629,0,33,000,00,2,7,00,A01
201200039630,0,32,000,00,2,1,01,B01
201200039630,0,07,000,00,2,1,15,A01
201200039631,0,07,000,00,2,1,01,A01
201200039631,0,07,000,00,0,4,01,B01
201200039632,0,37,015,12,1,5,01,A01
201200039633,0,07,000,00,2,3,09,A01
201200039633,0,33,000,00,2,1,01,B01
201200039634,0,07,000,00,2,1,00,A01
201200039634,0,07,000,00,2,8,15,B01
201200039635,0,07,000,00,2,3,01,B01
201200039635,0,07,000,00,0,0,01,C01
201200039635,0,31,000,00,2,1,05,A01
201200039636,0,32,000,00,2,1,01,B01
201200039636,0,33,000,00,2,8,09,A01
201200039637,0,07,000,00,0,3,11,B01
201200039637,0,02,000,00,2,1,02,A01
201200039638,0,07,000,00,2,2,00,A01
201200039638,1,07,000,00,2,1,09,Z01
201200039639,0,30,000,00,2,1,01,B01
201200039639,0,07,000,00,2,3,09,A01
201200039640,0,07,000,00,2,1,15,A01
201200039640,0,07,000,00,2,8,02,B01
201200039641,0,07,000,00,0,9,00,A01
201200039642,0,02,000,00,1,1,01,A01
201200039643,0,10,000,00,2,1,01,A01
201200039643,0,37,003,00,2,4,01,B01
201200039644,0,07,000,00,1,3,01,A01
201200039645,0,07,000,04,0,1,01,A01
201200039646,0,07,000,06,0,1,00,A01
201200039647,0,07,000,06,0,1,00,A01
201200039648,0,07,000,00,0,1,13,A01
201200039648,0,07,000,00,2,2,01,C01
201200039648,0,07,000,00,2,1,01,B01
201200039649,0,03,000,00,2,3,13,A01
201200039649,0,02,000,00,2,1,18,B01
201200039649,0,07,000,01,0,1,24,C01
201200039650,0,07,000,00,0,4,02,B01
201200039650,0,07,000,00,2,1,02,A01
201200039651,0,07,000,00,0,6,02,B01
201200039651,0,07,000,00,2,1,02,A01
201200039652,0,07,000,00,1,1,01,A01
201200039653,0,07,000,00,2,3,15,A01
201200039653,0,31,000,12,2,1,01,B01
201200039654,1,30,000,00,1,0,00,Z01
201200039655,0,07,000,01,0,1,01,A01
201200039656,0,07,000,00,1,1,01,A01
201200039657,0,10,000,00,2,3,13,A01
201200039657,0,10,000,00,2,3,01,B01
201200039658,2,30,000,00,2,1,12,Z01
201200039658,0,33,000,00,2,1,02,B01
201200039659,0,31,000,00,2,1,01,B01
201200039659,0,10,000,00,2,4,04,A01
201200039660,0,07,000,06,0,1,01,A01
201200039661,0,07,000,00,2,8,01,B01
201200039661,0,07,000,00,2,4,02,C01
201200039661,0,07,000,00,2,1,02,A01
201200039662,0,07,000,15,0,1,01,A01
201200039662,0,07,000,00,0,2,00,B01
201200039663,0,07,000,00,1,1,00,A01
201200039664,0,02,000,00,2,1,01,B01
201200039664,0,07,000,00,2,3,15,A01
201200039665,0,07,000,00,1,1,00,A01
201200039666,0,07,000,00,2,1,19,A01
201200039666,0,07,000,00,1,9,01,B01
201200039667,0,07,000,00,1,3,01,A01
201200039668,0,01,000,00,2,1,19,B01
201200039668,0,07,000,00,2,8,00,A01
201200039669,0,02,000,00,2,1,01,B01
201200039669,0,07,000,00,2,8,15,A01
201200039670,0,32,000,00,2,1,01,A01
201200039670,0,07,000,00,2,4,01,B01
201200039671,0,07,000,00,2,3,15,B01
201200039671,0,02,000,00,2,1,17,A01
201200039672,0,07,000,00,1,8,01,A01
201200039673,0,07,000,00,0,9,02,A01
201200039674,0,30,000,00,0,4,09,B01
201200039674,0,07,000,00,2,2,09,A01
201200039675,0,14,000,00,2,1,01,C01
201200039675,0,07,000,00,2,2,16,A01
201200039675,0,07,000,00,2,8,01,B01
201200039676,0,01,000,00,2,1,01,B01
201200039676,0,07,000,00,0,3,09,A01
201200039677,0,07,000,01,0,1,02,A01
201200039677,0,15,000,00,0,4,24,B01
201200039678,0,02,000,00,2,1,01,A01
201200039678,0,07,000,00,2,7,15,B01
201200039679,0,07,000,00,2,5,02,B01
201200039679,2,07,000,00,2,1,02,Z01
201200039680,0,33,000,00,2,1,01,B01
201200039680,0,07,000,00,2,2,01,A01
201200039681,0,07,000,00,2,4,01,A01
201200039681,0,02,000,00,0,0,00,B01
201200039682,0,02,000,00,2,7,01,B01
201200039682,0,07,000,00,2,1,15,A01
201200039683,0,33,000,00,1,1,01,A01
201200039684,0,01,000,00,1,1,00,A01
201200039685,0,07,000,00,1,1,01,A01
201200039686,0,07,000,00,2,2,00,B01
201200039686,0,07,000,00,2,3,00,C01
201200039686,0,07,000,00,2,9,01,A01
201200039687,1,07,000,00,0,0,00,Z01
201200039687,0,34,000,00,2,2,01,A01
201200039688,0,07,000,00,0,0,14,A01
201200039688,0,30,000,00,2,0,02,C01
201200039688,0,30,000,00,2,0,02,B01
201200039689,1,10,000,00,1,0,00,Z01
201200039690,0,07,000,00,2,1,15,B01
201200039690,0,31,000,00,2,1,01,A01
201200039691,0,07,000,08,0,1,02,A01
201200039692,0,38,001,00,1,0,01,A01
201200039693,0,07,000,00,2,3,10,A01
201200039693,0,33,000,00,2,1,01,B01
201200039694,0,03,000,00,2,1,06,A01
201200039694,0,07,000,00,2,1,01,B01
201200039695,0,30,000,00,0,3,15,A01
201200039695,0,33,000,00,0,3,00,B01
201200039696,0,07,000,08,0,1,01,A01
201200039697,0,01,000,00,2,4,11,A01
201200039697,1,07,000,00,2,0,16,Z01
201200039698,0,07,000,00,2,1,01,C01
201200039698,0,07,000,00,2,1,01,B01
201200039698,0,07,000,00,2,1,13,A01
201200039699,0,02,000,00,2,1,01,B01
201200039699,0,07,000,00,2,3,01,A01
201200039700,0,07,000,00,1,1,01,A01
201200039701,0,10,000,00,2,3,02,C01
201200039701,0,07,000,00,2,1,02,B01
201200039701,0,07,000,00,2,1,19,A01
201200039702,0,32,000,00,2,1,17,B01
201200039702,0,07,000,00,2,3,15,A01
201200039703,0,07,000,00,2,6,01,B01
201200039703,0,14,000,00,2,2,12,A01
201200039704,0,07,000,00,2,4,01,C01
201200039704,0,07,000,00,2,1,01,A01
201200039704,0,07,000,00,2,4,01,B01
201200039705,0,07,000,00,1,7,02,A01
201200039706,0,33,000,00,1,1,01,A01
201200039707,0,10,000,00,1,4,04,A01
201200039708,1,34,000,15,2,0,00,Z01
201200039709,0,33,000,00,1,0,01,A01
201200039710,0,07,000,00,2,7,15,B01
201200039710,0,07,000,00,2,1,01,A01
201200039711,0,07,000,00,2,2,01,B01
201200039711,0,01,000,00,2,1,01,A01
201200039712,0,07,000,00,2,4,01,B01
201200039712,0,07,000,00,2,1,01,A01
201200039713,0,07,000,00,0,7,01,A01
201200039714,0,01,000,14,0,1,01,A01
201200039715,0,07,000,00,1,1,00,A01
201200039716,0,07,000,00,1,4,04,A01
201200039717,0,38,001,00,1,2,17,A01
201200039718,0,32,000,15,0,2,14,A01
201200039719,0,07,000,00,2,2,15,A01
201200039719,0,33,000,00,2,1,01,B01
201200039720,0,33,000,00,2,3,01,B01
201200039720,0,07,000,00,2,3,15,A01
201200039721,2,33,000,00,1,0,00,Z01
201200039722,0,34,000,00,2,2,01,B01
201200039722,0,07,000,00,2,3,09,A01
201200039723,0,07,000,08,0,3,13,A01
201200039724,0,07,000,00,2,8,01,D01
201200039724,0,07,000,00,2,4,01,A01
201200039724,0,07,000,00,2,3,01,C01
201200039724,0,33,000,00,2,1,01,B01
201200039725,0,07,000,14,2,0,01,A01
201200039725,0,07,000,00,2,2,15,B01
201200039726,0,07,000,00,2,3,01,B01
201200039726,1,07,000,00,2,2,05,Z01
201200039727,0,07,000,00,2,1,02,A01
201200039727,0,30,000,00,2,4,23,B01
201200039728,0,10,000,00,2,1,01,A01
201200039728,0,07,000,00,2,3,16,B01
201200039729,0,31,000,08,0,1,01,A01
201200039730,0,07,000,00,0,3,15,A01
201200039730,0,02,000,00,2,1,17,B01
201200039731,0,07,000,00,0,8,00,A01
201200039732,0,07,000,00,1,2,01,A01
201200039733,0,07,000,00,2,1,15,A01
201200039733,0,02,000,00,2,9,17,B01
201200039734,0,07,000,08,0,1,00,A01
201200039735,0,31,000,00,0,9,01,A01
201200039736,0,07,000,00,2,3,01,B01
201200039736,0,30,000,00,2,1,19,A01
201200039737,0,07,000,00,0,9,01,A01
201200039738,2,07,000,00,2,3,01,A01
201200039738,0,02,000,00,2,1,01,B01
201200039739,0,10,000,00,2,1,01,A01
201200039739,0,13,000,00,0,4,01,B01
201200039740,0,07,000,00,2,7,15,A01
201200039740,0,30,000,00,2,1,01,B01
201200039741,0,07,000,00,1,1,01,A01
201200039742,0,07,000,00,2,1,00,A01
201200039742,0,07,000,00,2,1,01,B01
201200039743,0,10,000,00,2,1,01,B01
201200039743,0,07,000,00,0,6,01,C01
201200039743,0,07,000,00,2,9,00,A01
201200039744,0,07,000,08,0,3,21,A01
201200039745,0,31,000,00,5,1,21,A01
201200039746,0,07,000,00,2,8,15,B01
201200039746,0,10,000,00,2,1,17,A01
201200039747,0,07,000,00,1,2,01,A01
201200039748,0,07,000,00,1,1,01,A01
201200039749,0,10,000,00,2,1,01,A01
201200039749,0,10,000,00,2,1,15,B01
201200039750,0,07,000,00,1,1,01,A01
201200039750,0,07,000,00,0,1,01,B01
201200039751,0,10,000,00,2,1,01,A01
201200039751,0,10,000,00,0,7,19,B01
201200039752,0,30,000,00,2,1,01,B01
201200039752,0,07,000,00,2,1,17,A01
201200039753,0,30,000,00,2,1,01,B01
201200039753,0,07,000,00,2,2,15,A01
201200039754,1,07,000,00,1,2,01,A01
201200039755,0,33,000,16,0,0,01,A01
201200039756,0,07,000,00,2,3,16,A01
201200039756,0,01,000,00,2,8,19,B01
201200039757,0,07,000,00,1,3,01,A01
201200039758,0,33,000,11,0,8,01,B01
201200039758,0,07,000,00,0,0,15,A01
201200039759,0,33,000,00,2,1,01,B01
201200039759,0,07,000,00,2,3,15,A01
201200039760,0,33,000,06,0,1,01,A01
201200039761,0,02,000,00,2,7,17,A01
201200039761,0,07,000,00,2,3,01,B01
201200039762,0,31,000,00,0,8,00,A01
201200039763,0,07,000,00,1,1,01,A01
201200039764,0,38,012,00,0,3,01,B01
201200039764,0,10,000,00,2,1,13,A01
201200039765,0,07,000,00,2,3,00,A01
201200039765,0,01,000,00,2,1,00,B01
201200039766,0,30,000,00,2,1,00,A01