Num_Acc,senc,catv,occutc,obs,obsm,choc,manv,num_veh
201200039766,0,07,000,00,2,8,00,B01
201200039767,0,33,000,00,2,8,17,A01
201200039767,0,07,000,00,0,3,15,B01
201200039768,0,07,000,00,1,1,01,A01
201200039769,0,10,000,00,2,1,05,A01
201200039769,0,30,000,00,2,1,05,B01
201200039770,0,07,000,00,2,8,01,B01
201200039770,0,07,000,00,2,8,05,A01
201200039771,0,07,000,00,1,1,01,A01
201200039772,0,07,000,00,1,5,04,A01
201200039773,0,07,000,00,1,1,01,A01
201200039774,0,07,000,00,0,3,01,A01
201200039774,0,01,000,00,2,1,09,B01
201200039775,0,07,000,15,0,1,14,A01
201200039776,0,07,000,00,1,2,01,A01
201200039777,0,07,000,00,2,1,15,A01
201200039777,0,01,000,00,2,8,01,B01
201200039778,0,07,000,00,2,3,13,A01
201200039778,0,17,000,00,2,3,01,B01
201200039779,0,33,000,00,0,8,00,A01
201200039780,0,07,000,00,2,1,15,A01
201200039780,0,01,000,00,0,1,23,B01
201200039781,0,07,000,00,2,4,02,B01
201200039781,0,33,000,00,2,1,02,A01
201200039782,0,02,000,00,1,1,01,A01
201200039783,0,07,000,00,2,2,16,A01
201200039783,0,02,000,00,0,3,01,B01
201200039784,0,02,000,00,0,7,17,B01
201200039784,0,07,000,00,2,3,11,A01
201200039785,0,07,000,00,2,1,01,A01
201200039785,0,01,000,00,2,7,19,B01
201200039786,0,07,000,00,0,3,09,A01
201200039786,0,02,000,00,2,1,17,B01
201200039787,0,39,010,01,0,1,01,B01
201200039787,0,07,000,05,0,1,01,A01
201200039788,0,15,000,00,1,5,21,A01
201200039789,0,07,000,00,2,1,00,A01
201200039789,0,01,000,00,0,0,00,B01
201200039790,0,10,000,00,2,3,09,A01
201200039790,0,01,000,00,0,1,01,B01
201200039791,0,07,000,00,1,1,01,A01
201200039792,0,01,000,01,0,1,01,B01
201200039792,0,07,000,00,0,8,00,A01
201200039793,0,07,000,06,0,1,01,A01
201200039794,0,30,000,12,0,1,00,A01
201200039795,2,02,000,00,1,1,01,Z01
201200039796,0,01,000,00,2,8,01,B01
201200039796,0,07,000,00,2,5,09,A01
201200039797,0,07,000,00,1,7,01,A01
201200039798,0,31,000,00,2,2,09,A01
201200039798,0,07,000,00,2,3,01,B01
201200039799,0,33,000,00,2,1,01,B01
201200039799,0,17,000,00,2,7,15,A01
201200039800,0,07,000,00,2,1,01,A01
201200039800,0,01,000,00,2,7,19,B01
201200039801,0,07,000,03,0,8,01,A01
201200039802,0,07,000,00,2,0,01,B01
201200039802,0,01,000,00,2,0,09,A01
201200039803,0,01,000,00,2,2,01,B01
201200039803,0,07,000,00,2,3,12,A01
201200039804,0,07,000,00,2,2,15,A01
201200039804,0,32,000,00,2,1,01,B01
201200039805,0,10,000,00,2,3,15,A01
201200039805,0,32,000,01,2,3,01,B01
201200039806,0,07,000,00,2,7,16,A01
201200039806,0,02,000,00,2,1,01,B01
201200039807,0,01,000,00,2,1,01,B01
201200039807,0,07,000,00,2,8,09,A01
201200039808,0,02,000,00,2,2,01,B01
201200039808,0,07,000,00,2,1,09,A01
201200039809,0,07,000,00,2,7,23,A01
201200039809,0,01,000,00,2,1,01,B01
201200039810,1,07,000,00,1,7,01,Z01
201200039811,0,07,000,00,1,1,01,A01
201200039812,0,07,000,00,1,1,01,A01
201200039813,0,01,000,00,2,8,18,A01
201200039813,0,01,000,00,2,8,14,B01
201200039814,0,02,000,00,2,2,01,A01
201200039814,1,07,000,00,2,0,09,Z01
201200039815,0,07,000,00,1,1,15,A01
201200039816,0,07,000,06,0,1,01,A01
201200039817,0,10,000,00,2,3,16,A01
201200039817,0,02,000,00,2,1,01,B01
201200039818,0,07,000,06,0,6,04,A01
201200039819,0,07,000,00,2,4,01,B01
201200039819,0,33,000,00,2,1,01,A01
201200039819,0,07,000,00,2,6,01,C01
201200039820,1,07,000,00,2,1,09,Z01
201200039820,0,01,000,00,2,4,01,A01
201200039821,0,07,000,00,2,3,09,A01
201200039821,0,07,000,00,2,2,01,B01
201200039822,0,07,000,00,1,3,01,A01
201200039823,0,07,000,00,1,6,04,A01
201200039824,0,30,000,06,1,1,01,A01
201200039825,0,07,000,00,1,1,01,A01
201200039826,0,07,000,00,1,4,04,A01
201200039827,0,01,000,00,2,8,19,B01
201200039827,0,07,000,00,2,2,01,A01
201200039828,0,32,000,00,2,1,01,A01
201200039828,0,02,000,00,2,4,01,B01
201200039829,0,07,000,00,1,1,01,A01
201200039830,0,07,000,00,1,7,01,A01
201200039831,0,33,000,13,0,1,13,A01
201200039832,0,30,000,00,2,1,01,B01
201200039832,0,07,000,00,2,2,15,A01
201200039833,0,07,000,00,2,7,16,B01
201200039833,0,30,000,00,2,8,18,A01
201200039834,0,07,000,00,2,3,09,A01
201200039834,0,07,000,00,2,1,01,B01
201200039835,0,07,000,00,2,3,13,A01
201200039835,0,07,000,00,0,4,02,C01
201200039835,0,07,000,00,2,1,01,B01
201200039836,0,10,000,00,2,1,01,A01
201200039836,0,31,000,00,2,4,02,B01
201200039837,0,37,001,00,2,3,23,B01
201200039837,0,30,000,00,2,1,13,A01
201200039838,0,07,000,02,0,1,05,A01
201200039839,0,33,000,08,0,1,01,A01
201200039840,0,07,000,00,2,8,22,A01
201200039840,0,01,000,00,2,1,01,B01
201200039841,0,07,000,00,2,2,01,A01
201200039841,0,07,000,00,2,6,23,B01
201200039841,0,07,000,00,2,2,01,C01
201200039842,0,07,000,00,2,5,15,A01
201200039842,0,33,000,00,2,1,01,B01
201200039843,0,07,000,06,0,1,14,A01
201200039843,0,07,000,00,0,0,02,B01
201200039844,0,30,000,00,2,1,01,B01
201200039844,1,07,000,00,0,0,20,Z01
201200039845,0,07,000,00,1,1,01,A01
201200039846,0,10,000,00,2,1,01,B01
201200039846,0,07,000,00,2,2,01,A01
201200039847,0,07,000,00,2,3,01,A01
201200039847,0,07,000,09,2,5,02,B01
201200039848,0,30,000,00,2,1,05,A01
201200039848,0,07,000,00,2,1,15,B01
201200039849,0,33,000,03,0,0,00,A01
201200039850,0,07,000,00,2,4,02,C01
201200039850,0,34,000,00,0,4,02,B01
201200039850,0,07,000,00,2,1,02,A01
201200039851,0,07,000,00,2,1,01,B01
201200039851,0,07,000,08,2,8,01,A01
201200039852,0,07,000,01,2,1,01,A01
201200039852,0,37,001,00,2,4,24,B01
201200039853,0,07,000,08,0,8,01,A01
201200039854,0,07,000,00,2,6,01,B01
201200039854,0,07,000,06,2,2,17,A01
201200039855,0,07,000,00,0,2,00,A01
201200039855,0,30,000,00,0,1,00,B01
201200039856,0,33,000,00,2,1,01,A01
201200039856,0,07,000,00,2,8,10,B01
201200039857,0,07,000,00,2,1,02,A01
201200039857,0,07,000,00,2,4,15,C01
201200039857,0,07,000,00,2,4,02,B01
201200039858,0,01,000,00,2,1,01,B01
201200039858,0,07,000,00,2,3,09,A01
201200039859,0,33,000,00,0,8,14,A01
201200039860,0,33,000,00,2,1,01,B01
201200039860,0,07,000,00,2,3,20,A01
201200039861,0,33,000,00,1,1,07,A01
201200039862,0,07,000,00,0,9,13,A01
201200039863,0,07,000,00,1,1,01,A01
201200039864,0,07,000,00,1,4,00,A01
201200039865,0,10,000,00,2,4,02,A01
201200039865,0,15,000,00,2,4,02,B01
201200039865,0,07,000,00,2,1,02,C01
201200039865,0,07,000,00,2,1,02,D01
201200039865,0,10,000,00,2,1,02,E01
201200039866,0,10,000,00,2,4,02,C01
201200039866,0,07,000,00,2,4,02,D01
201200039866,0,07,000,00,2,1,02,A01
201200039866,0,07,000,00,2,4,02,B01
201200039867,0,07,000,00,2,1,02,A01
201200039867,0,15,000,00,2,4,02,B01
201200039868,0,07,000,00,2,1,01,B01
201200039868,0,07,000,07,2,3,02,A01
201200039869,0,33,000,00,2,1,01,A01
201200039869,0,07,000,00,2,7,15,B01
201200039870,0,07,000,00,0,6,15,B01
201200039870,0,07,000,00,2,3,15,A01
201200039871,0,30,000,16,0,7,01,A01
201200039872,0,07,000,00,1,1,01,A01
201200039873,0,07,000,00,2,1,01,B01
201200039873,0,07,000,00,2,0,18,A01
201200039874,0,07,000,00,1,2,15,A01
201200039875,0,02,000,00,2,1,01,B01
201200039875,0,07,000,00,0,3,00,A01
201200039876,0,07,000,00,2,3,15,B01
201200039876,0,30,000,01,2,1,01,A01
201200039877,0,33,000,00,2,1,01,A01
201200039877,0,07,000,00,2,5,01,B01
201200039878,0,10,000,00,2,7,15,A01
201200039878,0,07,000,00,2,1,01,B01
201200039879,0,30,000,12,0,8,01,A01
201200039880,0,13,000,00,2,1,01,B01
201200039880,0,30,000,00,2,0,15,A01
201200039881,0,02,000,00,2,1,01,B01
201200039881,0,07,000,00,2,3,05,A01
201200039882,1,07,000,00,1,2,01,Z01
201200039883,1,07,000,00,1,1,15,A01
201200039884,0,30,000,12,0,1,01,A01
201200039885,0,33,000,00,2,1,01,B01
201200039885,0,07,000,00,2,7,15,A01
201200039886,0,07,000,00,1,7,01,A01
201200039887,0,07,000,00,2,3,15,A01
201200039887,0,33,000,00,2,1,01,B01
201200039888,0,07,000,00,1,2,01,A01
201200039889,0,07,000,00,2,2,15,A01
201200039889,0,07,000,00,2,2,01,B01
201200039890,1,07,000,00,2,3,01,Z01
201200039890,0,30,000,00,2,4,15,B01
201200039891,0,07,000,02,0,1,01,A01
201200039892,0,30,000,08,0,1,01,A01
201200039893,0,07,000,00,2,4,02,B01
201200039893,0,07,000,00,2,1,01,A01
201200039894,0,30,000,00,2,1,13,A01
201200039894,0,07,000,00,2,1,01,B01
201200039895,0,33,000,00,2,0,01,B01
201200039896,0,07,000,00,2,1,01,A01
201200039896,0,07,000,00,2,3,01,B01
201200039897,0,07,000,01,0,2,01,A01
201200039898,0,33,000,00,2,3,01,B01
201200039898,0,07,000,00,0,3,01,A01
201200039899,1,07,000,00,1,1,01,Z01
201200039900,0,07,000,00,2,6,15,B01
201200039900,0,02,000,00,2,1,17,A01
201200039901,0,07,000,00,1,3,01,A01
201200039902,0,33,000,00,2,1,17,A01
201200039902,0,07,000,00,2,1,01,C01
201200039902,0,07,000,00,2,6,01,B01
201200039903,0,07,000,01,0,3,13,A01
201200039904,0,07,000,00,2,3,09,A01
201200039904,0,31,000,00,2,1,01,B01
201200039905,0,38,001,00,2,1,02,A01
201200039905,0,07,000,00,2,4,02,B01
201200039906,0,07,000,00,2,1,02,B01
201200039906,0,07,000,00,2,1,02,D01
201200039906,0,07,000,00,2,1,02,A01
201200039906,0,07,000,00,2,4,02,C01
201200039907,0,10,000,00,2,1,02,B01
201200039907,0,07,000,00,2,4,02,C01
201200039907,0,07,000,00,2,1,02,A01
201200039908,0,07,000,00,1,7,01,A01
201200039909,0,07,000,00,2,5,17,A01
201200039909,0,33,000,00,2,1,01,B01
201200039910,0,07,000,00,2,1,01,A01
201200039910,0,07,000,00,2,1,02,B01
201200039911,0,33,000,00,2,1,02,A01
201200039911,0,07,000,00,2,4,02,B01
201200039912,0,02,000,00,2,1,01,A01
201200039912,0,07,000,00,2,6,01,B01
201200039913,0,07,000,00,1,2,01,A01
201200039914,0,33,000,00,2,1,01,B01
201200039914,0,07,000,00,2,5,01,A01
201200039915,0,07,000,00,2,1,01,B01
201200039915,0,07,000,00,2,7,15,A01
201200039916,0,10,000,00,2,6,15,A01
201200039916,0,02,000,00,2,1,01,B01
201200039917,0,30,000,00,2,1,00,B01
201200039917,0,07,000,00,2,5,19,A01
201200039918,0,07,000,15,2,3,01,B01
201200039918,0,07,000,15,2,1,01,A01
201200039919,0,07,000,00,2,2,01,B01
201200039919,0,07,000,00,2,1,13,A01
201200039920,0,10,000,00,2,6,01,B01
201200039920,0,07,000,00,2,1,01,A01
201200039921,0,07,000,09,0,0,01,A01
201200039922,0,07,000,00,2,2,15,A01
201200039922,0,02,000,00,2,1,01,B01
201200039923,0,07,000,00,2,6,01,B01
201200039923,1,07,000,00,2,1,17,Z01
201200039924,0,07,000,06,1,0,00,A01
201200039925,0,07,000,00,2,8,00,B01
201200039925,0,07,000,00,2,8,00,A01
201200039926,0,07,000,06,0,1,01,A01
201200039927,0,07,000,00,2,4,02,B01
201200039927,0,07,000,00,2,2,02,A01
201200039928,0,07,000,00,2,2,00,A01
201200039928,0,33,000,00,2,1,01,B01
201200039929,0,07,000,00,2,4,02,B01
201200039929,0,07,000,00,2,1,02,A01
201200039930,0,07,000,00,0,0,20,A01
201200039930,0,02,000,00,0,7,01,B01
201200039931,0,07,000,00,2,3,01,B01
201200039931,0,07,000,00,2,2,01,A01
201200039932,0,07,000,16,0,9,13,A01
201200039933,0,07,000,00,2,1,01,B01
201200039933,0,07,000,01,2,8,09,A01
201200039934,1,07,000,00,1,0,01,Z01
201200039935,0,07,000,00,1,1,15,A01
201200039936,0,33,000,00,2,1,01,A01
201200039936,0,07,000,00,2,4,02,B01
201200039937,0,07,000,00,2,7,15,A01
201200039937,0,01,000,00,2,1,01,B01
201200039938,0,07,000,00,2,1,01,A01
201200039938,0,07,000,00,2,1,01,B01
201200039939,0,07,000,00,1,1,01,A01
201200039940,0,07,000,05,2,1,01,B01
201200039940,0,07,000,05,2,1,01,A01
201200039941,0,07,000,00,1,7,01,A01
201200039942,0,33,000,00,2,3,01,B01
201200039942,0,07,000,00,2,2,10,A01
201200039943,0,07,000,00,2,7,01,B01
201200039943,0,30,000,00,1,1,07,A01
201200039944,0,07,000,06,1,3,01,A01
201200039945,0,07,000,00,1,1,01,A01
201200039946,0,07,000,14,2,2,13,A01
201200039946,0,07,000,00,2,3,01,B01
201200039947,0,30,000,00,2,1,01,B01
201200039947,0,07,000,00,2,7,15,A01
201200039948,0,07,000,00,2,3,01,B01
201200039948,0,07,000,00,2,3,17,A01
201200039949,0,33,000,06,2,1,18,A01
201200039949,0,07,000,00,2,2,16,B01
201200039950,0,33,000,00,2,4,01,B01
201200039950,0,07,000,00,2,1,09,A01
201200039951,0,07,000,14,9,1,01,C01
201200039951,0,07,000,00,9,1,01,E01
201200039951,0,07,000,03,0,1,00,A01
201200039951,0,07,000,00,9,1,01,D01
201200039951,0,07,000,00,9,1,01,B01
201200039951,0,07,000,00,9,1,01,F02
201200039952,0,07,000,00,2,1,01,B01
201200039952,0,07,000,00,2,7,15,A01
201200039953,0,07,000,06,0,1,01,A01
201200039954,0,07,000,13,0,9,11,A01
201200039955,0,07,000,00,2,6,01,A01
201200039955,0,07,000,00,2,2,01,B01
201200039955,0,10,000,00,0,0,01,C01
201200039956,0,07,000,00,2,3,01,B01
201200039956,0,07,000,00,2,8,13,A01
201200039957,0,07,000,00,1,1,01,A01
201200039958,0,10,000,00,1,2,01,A01
201200039959,0,07,000,00,2,3,01,A01
201200039959,0,07,000,00,2,1,01,B01
201200039960,0,07,000,00,2,7,01,B01
201200039960,0,07,000,00,2,1,01,A01
201200039961,0,07,000,00,2,4,20,A01
201200039961,1,99,000,00,0,0,00,Z01
201200039962,0,07,000,00,1,2,01,A01
201200039963,0,30,000,00,0,7,01,A01
201200039964,0,07,000,00,1,1,01,A01
201200039965,0,01,000,00,2,1,02,A01
201200039965,0,07,000,00,2,4,23,B01
201200039966,0,07,000,00,2,3,15,A01
201200039966,0,33,000,00,2,1,01,B01
201200039967,0,07,000,00,2,1,02,A01
201200039967,0,07,000,00,2,4,23,B01
201200039968,0,07,000,00,2,3,15,A01
201200039968,0,33,000,00,2,7,01,B01
201200039969,0,07,000,00,1,1,01,A01
201200039970,0,30,000,00,2,2,01,B01
201200039970,0,07,000,00,2,3,09,A01
201200039971,0,33,000,00,0,8,01,A01
201200039972,0,07,000,00,2,4,23,B01
201200039972,0,07,000,00,2,1,02,A01
201200039973,0,07,000,00,2,5,17,A01
201200039973,0,30,000,00,2,3,01,B01
201200039974,0,07,000,00,1,1,01,A01
201200039975,0,07,000,00,2,5,01,B01
201200039975,0,35,000,00,2,1,02,A01
201200039976,0,07,000,00,2,4,02,B01
201200039976,0,07,000,00,2,1,02,A01
201200039977,0,07,000,00,2,2,15,A01
201200039977,0,07,000,00,2,1,02,B01
201200039978,0,10,000,00,2,1,02,A01
201200039978,0,07,000,00,2,6,02,B01
201200039979,0,07,000,00,2,5,02,B01
201200039979,0,30,000,00,2,1,02,A01
201200039980,0,07,000,09,2,1,02,A01
201200039980,0,07,000,00,2,8,02,B01
201200039981,0,07,000,00,2,7,02,B01
201200039981,0,03,000,00,2,1,02,A01
201200039982,0,30,000,00,2,8,02,A01
201200039982,0,07,000,00,2,2,02,B01
201200039983,0,07,000,00,1,1,15,A01
201200039984,0,02,000,11,0,1,17,A01
201200039985,0,07,000,00,2,1,02,B01
201200039985,0,07,000,00,2,1,15,A01
201200039986,0,33,000,00,2,1,01,B01
201200039986,0,07,000,00,2,8,15,A01
201200039987,0,30,000,16,0,8,02,A01
201200039988,0,07,000,01,2,1,02,A01
201200039988,0,01,000,00,2,4,01,B01
201200039989,0,07,000,00,2,1,15,A01
201200039989,0,30,000,00,2,8,01,B01
201200039990,0,07,000,00,2,7,10,A01
201200039990,0,33,000,00,2,1,01,B01
201200039991,0,33,000,00,2,3,01,B01
201200039991,0,07,000,00,2,1,15,A01
201200039992,0,07,000,12,0,3,00,A01
201200039993,0,07,000,00,2,4,23,B01
201200039993,0,07,000,00,2,1,02,A01
201200039994,0,07,000,00,1,7,01,A01
201200039995,0,07,000,00,2,8,15,A01
201200039995,0,31,000,00,2,1,02,B01
201200039996,0,07,000,16,0,1,01,A01
201200039997,0,07,000,13,2,2,02,A01
201200039997,0,14,000,00,2,6,02,B01
201200039998,0,07,000,00,2,1,02,A01
201200039998,0,07,000,00,2,4,02,B01
201200039999,0,07,000,00,1,1,02,A01
201200040000,2,07,000,00,1,1,01,Z01
201200040001,0,07,000,16,0,9,00,A01
201200040002,0,07,000,00,1,1,02,A01
201200040003,0,07,000,00,2,3,02,B01
201200040003,0,07,000,00,2,2,14,A01
201200040004,0,30,000,00,2,1,15,A01
201200040004,0,07,000,00,2,3,01,B01
201200040005,0,30,000,00,2,1,00,B01
201200040005,0,07,000,00,2,8,09,A01
201200040006,0,07,000,00,2,2,15,A01
201200040006,0,07,000,00,2,2,02,B01
201200040007,0,07,000,00,0,0,15,A01
201200040007,0,30,000,00,1,7,02,B01
201200040008,0,07,000,00,2,1,02,A01
201200040008,0,07,000,00,2,4,02,C01
201200040008,0,07,000,00,2,1,02,B01
201200040009,0,10,000,00,1,7,02,A01
201200040010,1,07,000,00,1,1,17,A01
201200040011,0,07,000,00,2,3,00,A01
201200040011,0,07,000,00,2,8,01,B01
201200040012,0,07,000,00,2,1,02,A01
201200040012,0,07,000,00,2,4,02,B01
201200040013,0,07,000,00,2,3,02,B01
201200040013,0,07,000,00,2,1,09,A01
201200040014,0,30,000,00,2,1,02,B01
201200040014,0,07,000,00,2,3,15,A01
201200040015,0,33,000,00,2,8,00,B01
201200040015,0,07,000,00,2,1,02,A01
201200040016,0,02,000,00,2,2,02,B01
201200040016,0,10,000,00,2,3,02,A01
201200040017,0,07,000,00,2,1,02,A01
201200040017,0,07,000,00,2,4,02,B01
201200040017,0,07,000,00,2,4,02,C01
201200040018,0,07,000,00,1,1,02,A01
201200040019,0,07,000,00,2,1,02,A01
201200040019,0,10,000,00,1,1,02,B01
201200040020,0,03,000,00,1,1,14,A01
201200040021,0,07,000,00,2,1,02,A01
201200040021,0,07,000,00,2,1,02,B01
201200040022,0,07,000,16,0,0,13,F01
201200040022,0,07,000,00,2,4,02,E01
201200040022,0,07,000,03,0,1,02,C01
201200040022,0,07,000,03,2,1,02,B01
201200040022,0,07,000,00,2,8,02,D01
201200040022,0,07,000,00,2,1,02,A02
201200040023,0,30,000,00,2,1,01,B01
201200040023,0,07,000,00,2,2,15,A01
201200040024,0,07,000,00,2,1,15,A01
201200040024,0,02,000,01,2,1,02,B01
201200040025,0,07,000,00,2,4,23,B01
201200040025,0,07,000,03,2,1,02,D01
201200040025,0,07,000,03,2,1,02,A01
201200040025,0,07,000,00,2,4,23,C01
201200040026,0,07,000,00,2,1,01,B01
201200040026,0,07,000,00,2,1,15,A01
201200040027,0,07,000,00,2,6,15,B01
201200040027,0,33,000,00,2,3,02,A01
201200040028,0,07,000,00,2,2,15,A01
201200040028,0,30,000,00,2,1,02,B01
201200040029,0,07,000,00,2,1,02,B01
201200040029,0,07,000,01,2,3,02,A01
201200040030,0,07,000,00,2,4,23,B01
201200040030,0,07,000,00,2,1,02,A01
201200040031,0,07,000,00,1,1,15,A01
201200040032,0,17,000,00,2,2,02,A01
201200040032,0,07,000,06,2,6,16,B01
201200040033,0,02,000,00,2,1,08,A01
201200040033,0,07,000,00,2,7,02,B01
201200040034,0,07,000,00,1,1,01,A01
201200040035,0,33,000,00,2,6,02,B01
201200040035,0,07,000,00,2,3,01,A01
201200040036,0,33,000,00,2,3,01,B01
201200040036,0,07,000,00,2,2,17,A01
201200040037,0,07,000,00,2,1,01,B01
201200040037,0,07,000,00,2,7,01,A01
201200040038,0,07,000,00,2,2,01,A01
201200040038,0,01,000,00,2,1,13,B01
201200040039,0,07,000,09,2,8,01,A01
201200040039,0,07,000,00,2,1,01,B01
201200040040,0,07,000,01,0,2,01,A01
201200040040,0,10,000,00,2,6,24,B01
201200040041,0,07,000,00,2,4,02,C01
201200040041,0,07,000,00,2,1,02,A01
201200040041,0,07,000,00,2,4,02,B01
201200040042,0,07,000,02,0,1,13,A01
201200040043,0,07,000,13,0,1,01,A01
201200040044,0,07,000,00,1,4,04,A01
201200040045,0,07,000,11,0,1,01,A01
201200040046,0,07,000,00,2,1,01,A01
201200040046,0,07,000,00,2,2,00,B01
201200040047,0,07,000,00,2,2,01,A01
201200040047,0,07,000,00,2,1,01,B01
201200040048,0,07,000,00,2,1,02,A01
201200040048,0,07,000,00,2,4,02,B01
201200040049,0,07,000,00,2,5,15,A01
201200040049,0,33,000,00,2,1,01,B01
201200040050,0,32,000,00,2,1,02,B01
201200040050,0,07,000,00,2,2,15,A01
201200040051,0,07,000,00,2,1,02,A01
201200040051,0,07,000,00,2,3,01,B01
201200040052,0,07,000,00,2,1,02,A01
201200040052,0,07,000,00,2,4,02,B01
201200040053,0,07,000,00,1,1,15,A01
201200040054,0,10,000,00,2,1,02,A01
201200040054,0,07,000,00,2,4,23,C01
201200040054,0,07,000,00,2,4,23,B01
201200040055,0,07,000,13,0,9,01,A01
201200040056,0,07,000,13,0,9,01,A01
201200040057,0,07,000,00,1,2,00,A01
201200040058,0,07,000,00,2,1,02,B01
201200040058,0,07,000,00,2,9,01,A01
201200040058,0,07,000,00,2,8,02,C01
201200040059,0,07,000,00,2,4,23,B01
201200040059,0,07,000,00,2,4,23,C01
201200040059,0,07,000,00,2,1,02,A01
201200040060,0,07,000,00,2,1,02,A01
201200040060,0,07,000,00,2,4,02,B01
201200040061,0,33,000,00,0,1,01,A01
201200040062,0,07,000,00,1,3,01,A01
201200040063,0,07,000,00,1,1,01,A01
201200040064,0,07,000,00,2,1,15,B01
201200040064,0,01,000,00,2,1,15,A01
201200040065,0,07,000,00,2,4,23,B01
201200040065,0,07,000,00,2,1,02,A01
201200040066,0,07,000,00,2,5,02,B01
201200040066,0,07,000,00,2,3,16,A01
201200040067,0,33,000,01,0,1,01,A01
201200040068,0,07,000,00,2,3,15,A01
201200040068,0,30,000,00,2,3,02,B01
201200040069,0,33,000,16,0,8,02,A01
201200040070,0,07,000,00,2,6,01,B01
201200040070,0,33,000,00,2,1,01,A01
201200040071,0,07,000,00,2,5,16,B01
201200040071,0,07,000,00,2,2,07,A01
201200040072,0,01,000,16,0,1,01,A01
201200040073,0,07,000,00,2,1,15,A01
201200040073,0,07,000,00,2,3,01,B01
201200040074,0,07,000,00,2,1,02,B01
201200040074,0,02,000,00,2,8,02,A01
201200040075,0,07,000,00,1,4,04,A01
201200040076,0,30,000,16,0,1,02,A01
201200040077,0,07,000,04,0,1,01,A01
201200040078,0,07,000,00,2,3,02,B01
201200040078,0,07,000,00,2,2,01,A01
201200040079,0,07,000,00,2,1,02,A01
201200040079,0,07,000,00,2,4,01,B01
201200040080,0,07,000,09,0,9,13,A01
201200040081,0,30,000,00,0,0,01,A01
201200040082,0,07,000,00,1,1,02,A01
201200040083,0,07,000,00,2,8,24,A01
201200040083,0,07,000,00,2,7,02,B01
201200040084,0,37,001,00,1,3,01,A01
201200040085,0,07,000,00,2,5,15,A01
201200040085,0,02,000,00,2,1,02,B01
201200040086,0,07,000,00,2,3,15,A01
201200040086,0,01,000,00,2,1,01,B01
201200040087,0,33,000,00,2,7,02,A01
201200040087,0,07,000,00,2,8,02,B01
201200040088,0,07,000,00,2,8,15,A01
201200040088,0,02,000,00,2,7,01,B01
201200040089,0,30,000,00,1,1,02,A01
201200040090,0,07,000,00,2,1,02,A01
201200040090,0,07,000,00,2,4,23,B01
201200040091,0,07,000,00,2,1,02,A01
201200040091,0,10,000,00,2,4,02,B01
201200040092,0,07,000,00,1,1,00,A01
201200040093,0,10,000,09,2,1,02,B01
201200040093,0,07,000,00,2,7,02,A01
201200040094,0,07,000,00,2,1,13,A01
201200040094,0,07,000,00,2,1,02,B01
201200040095,0,10,000,00,1,7,02,A01
201200040096,0,07,000,04,2,6,01,B01
201200040096,0,07,000,13,2,1,17,A01
201200040097,0,07,000,00,2,3,02,B01
201200040097,0,07,000,00,2,1,02,A01
201200040098,0,07,000,00,2,3,13,A01
201200040098,0,07,000,00,2,3,01,B01
201200040099,0,07,000,06,0,1,17,A01
201200040100,0,07,000,06,0,9,01,A01
201200040101,0,07,000,00,1,4,04,A01
201200040102,0,02,000,00,0,0,01,A01
201200040103,0,07,000,00,2,2,01,D01
201200040103,0,07,000,00,2,3,01,B01
201200040103,0,07,000,00,2,3,13,A01
201200040103,0,17,000,00,2,1,01,C01
201200040104,0,37,003,00,2,3,01,B01
201200040104,0,07,000,00,2,8,21,A01
201200040105,0,07,000,11,0,1,00,A01
201200040106,0,07,000,00,2,2,01,B01
201200040106,0,07,000,00,2,1,09,A01
201200040107,0,07,000,00,2,1,01,A01
201200040107,0,14,000,00,2,3,01,B01
201200040108,0,02,000,00,0,1,01,A01
201200040109,0,01,000,00,2,8,09,A01
201200040109,0,07,000,00,2,3,01,B01
201200040110,0,33,000,00,0,0,01,A01
201200040111,0,02,000,00,0,0,15,A01
201200040112,0,07,000,00,2,7,01,B01
201200040112,0,07,000,00,2,2,09,A01
201200040113,0,33,000,00,2,1,01,B01
201200040113,0,10,000,00,2,8,15,A01
201200040114,0,07,000,00,1,4,04,A01
201200040115,0,07,000,06,0,9,01,A01
201200040116,0,07,000,00,2,4,23,B01
201200040116,0,07,000,00,2,1,02,A01
201200040117,0,07,000,00,2,2,01,A01
201200040117,0,01,000,00,2,4,01,B01
201200040118,0,17,000,00,2,4,23,B01
201200040118,0,07,000,00,2,1,02,A01
201200040119,0,07,000,02,0,1,01,A01
201200040120,0,32,000,16,0,8,02,A01
201200040121,0,07,000,01,2,1,13,A01
201200040121,0,38,001,00,2,8,02,B01
201200040122,0,07,000,00,2,1,15,A01
201200040122,0,07,000,00,2,1,01,B01
201200040123,0,02,000,00,2,1,01,B01
201200040123,0,07,000,00,2,3,15,A01
201200040124,0,33,000,00,2,4,02,F01
201200040124,0,07,000,00,2,1,02,A01
201200040124,0,07,000,00,2,4,02,C01
201200040124,0,07,000,00,2,4,02,D01
201200040124,0,07,000,00,2,4,02,E01
201200040124,0,07,000,00,2,4,02,B02
201200040125,0,07,000,00,2,1,02,B01
201200040125,0,07,000,00,2,3,02,A01
201200040126,0,07,000,02,0,1,01,A01
201200040127,0,07,000,06,0,1,02,A01
201200040128,0,07,000,03,0,1,02,A01
201200040129,0,07,000,00,2,4,23,B01
201200040129,0,07,000,00,2,1,02,A01
201200040130,0,10,000,00,2,1,01,A01