Num_Acc,senc,catv,occutc,obs,obsm,choc,manv,num_veh
201200040878,0,01,000,00,2,7,01,B01
201200040878,1,07,000,00,2,1,15,A01
201200040879,0,07,000,01,0,3,13,A01
201200040880,0,10,000,00,2,7,01,A01
201200040880,0,32,000,00,2,8,01,B01
201200040881,0,07,000,00,1,1,01,A01
201200040882,1,07,000,00,2,1,01,Z01
201200040882,0,07,000,00,2,4,23,A01
201200040883,0,01,000,00,2,8,01,B01
201200040883,0,07,000,00,2,4,01,A01
201200040884,0,07,000,01,0,4,04,A01
201200040885,0,33,000,00,2,1,02,B01
201200040885,0,07,000,00,2,4,23,A01
201200040886,0,07,000,00,1,7,01,A01
201200040887,0,07,000,00,2,4,02,C01
201200040887,0,33,000,00,2,1,01,A01
201200040887,0,07,000,00,2,4,02,B01
201200040888,2,07,000,12,0,2,01,A01
201200040889,0,07,000,00,1,4,04,A01
201200040890,0,10,000,00,2,6,01,C01
201200040890,0,07,000,00,2,2,12,A01
201200040890,0,33,000,00,2,6,01,B01
201200040891,0,33,000,12,0,2,14,A01
201200040892,1,07,000,00,2,1,01,Z01
201200040892,0,07,000,00,2,8,01,B01
201200040893,0,30,000,00,2,1,17,A01
201200040893,0,07,000,00,2,8,15,B01
201200040894,0,07,000,08,0,1,00,A01
201200040895,0,07,000,00,2,8,01,B01
201200040895,0,07,000,00,2,1,01,A01
201200040896,0,33,000,01,0,1,01,A01
201200040897,0,07,000,00,2,1,10,B01
201200040897,0,07,000,00,2,2,15,A01
201200040898,0,30,000,01,0,2,01,A01
201200040899,0,07,000,00,1,2,16,A01
201200040900,0,07,000,00,2,1,01,A01
201200040900,0,07,000,00,2,8,01,B01
201200040901,0,07,000,00,2,6,02,B01
201200040901,0,07,000,00,2,2,02,A01
201200040902,0,07,000,00,2,1,01,B01
201200040902,0,07,000,00,2,4,02,A01
201200040903,1,07,000,00,1,1,01,Z01
201200040904,0,07,000,06,0,1,14,A01
201200040905,0,10,000,00,2,4,23,C01
201200040905,0,07,000,00,2,1,01,A01
201200040905,0,07,000,00,2,4,23,B01
201200040906,0,07,000,00,2,1,01,A01
201200040906,0,99,000,00,2,4,02,B01
201200040907,0,07,000,00,2,1,01,A01
201200040907,0,07,000,00,2,4,23,B01
201200040908,0,01,000,00,2,1,01,A01
201200040908,0,01,000,00,2,1,01,B01
201200040909,0,33,000,00,2,1,17,A01
201200040909,0,07,000,00,2,6,15,B01
201200040910,0,01,000,00,2,1,01,B01
201200040910,0,07,000,00,2,1,01,A01
201200040911,0,07,000,00,2,2,01,B01
201200040911,0,02,000,00,2,1,01,A01
201200040912,0,07,000,00,1,3,01,A01
201200040913,0,10,000,00,1,3,01,A01
201200040914,0,30,000,00,2,4,01,A01
201200040914,0,10,000,00,2,1,09,B01
201200040915,0,07,000,00,2,4,01,B01
201200040915,0,07,000,00,2,1,01,C01
201200040915,0,07,000,00,2,4,01,A01
201200040916,0,01,000,00,2,1,16,A01
201200040916,0,07,000,00,2,3,01,B01
201200040917,0,30,000,01,0,1,15,A01
201200040918,0,07,000,00,2,8,15,A01
201200040918,0,02,000,00,2,1,17,B01
201200040919,0,07,000,00,2,3,01,A01
201200040919,0,07,000,00,2,1,01,B01
201200040920,0,07,000,01,0,1,14,A01
201200040921,1,07,000,00,1,1,01,Z01
201200040922,0,07,000,00,2,8,10,A01
201200040922,0,34,000,00,2,1,01,B01
201200040923,0,07,000,00,2,7,01,B01
201200040923,0,01,000,00,2,1,01,A01
201200040924,0,07,000,00,1,8,01,A01
201200040925,1,07,000,00,1,2,01,A01
201200040926,1,07,000,00,1,1,01,A01
201200040927,0,07,000,00,1,4,04,A01
201200040928,0,07,000,00,2,4,23,B01
201200040928,0,07,000,00,2,1,01,A01
201200040929,0,07,000,00,1,1,17,A01
201200040930,0,07,000,06,2,1,01,B01
201200040930,0,07,000,00,2,3,01,A01
201200040931,0,07,000,02,0,1,13,A01
201200040932,0,07,000,00,1,1,01,A01
201200040933,0,07,000,00,2,5,01,B01
201200040933,0,33,000,00,2,8,16,A01
201200040934,1,31,000,01,0,1,01,A01
201200040935,0,10,000,00,1,4,04,A01
201200040936,0,07,000,00,2,1,02,B01
201200040936,0,07,000,00,2,4,01,A01
201200040937,0,07,000,16,0,0,01,A01
201200040938,0,07,000,02,0,8,01,A01
201200040939,0,10,000,00,2,3,01,A01
201200040939,0,10,000,02,2,8,17,B01
201200040940,0,15,000,00,0,3,01,A01
201200040941,0,10,000,00,0,0,01,A01
201200040942,0,33,000,01,0,1,01,A01
201200040943,0,10,000,08,0,1,01,A01
201200040944,0,10,000,00,2,1,01,A01
201200040944,0,10,000,00,2,7,01,B01
201200040945,0,10,000,04,0,1,01,A01
201200040946,0,10,000,00,0,0,01,A01
201200040947,0,13,000,16,0,7,01,A01
201200040948,0,10,000,00,2,1,01,B01
201200040948,0,10,000,00,2,1,01,A01
201200040949,0,03,000,00,2,1,01,A01
201200040949,0,10,000,00,2,4,23,B01
201200040950,0,33,000,08,0,1,01,A01
201200040951,0,10,000,00,2,1,01,B01
201200040951,0,07,000,00,2,1,17,A01
201200040951,0,10,000,00,2,3,02,C01
201200040952,0,30,000,12,0,8,01,A01
201200040953,0,07,000,16,0,0,14,A01
201200040954,0,32,000,16,0,0,00,A01
201200040955,0,07,000,03,0,7,14,A01
201200040956,0,01,000,00,0,8,13,A01
201200040957,0,02,000,00,0,0,00,A01
201200040958,0,07,000,00,2,8,01,B01
201200040958,0,07,000,00,2,4,04,A01
201200040959,0,13,000,00,1,4,04,A01
201200040960,1,07,000,00,1,4,04,Z01
201200040961,0,07,000,00,1,1,01,A01
201200040962,0,07,000,00,2,8,09,B01
201200040962,0,07,000,00,2,2,09,A01
201200040963,0,02,000,00,2,4,01,A01
201200040963,0,07,000,00,2,1,02,B01
201200040964,0,07,000,08,0,1,14,A01
201200040965,0,07,000,00,2,1,01,A01
201200040965,0,07,000,00,2,4,23,C01
201200040965,0,07,000,00,2,4,23,B01
201200040966,0,07,000,07,0,1,01,A01
201200040967,0,33,000,16,0,1,00,A01
201200040968,0,07,000,00,2,3,16,A01
201200040968,0,30,000,00,2,1,01,B01
201200040969,0,07,000,00,0,1,01,A01
201200040970,0,10,000,08,0,3,01,A01
201200040971,0,37,001,00,1,1,01,A01
201200040972,0,33,000,00,2,4,01,A01
201200040972,0,10,000,00,2,4,02,B01
201200040973,0,07,000,00,2,8,09,A01
201200040973,0,14,000,00,2,7,17,B01
201200040974,0,07,000,00,1,1,01,A01
201200040975,0,10,000,04,0,1,01,A01
201200040976,0,07,000,00,0,9,01,A01
201200040977,0,07,000,00,2,1,13,A01
201200040977,0,07,000,00,2,2,01,B01
201200040978,0,07,000,03,0,3,01,A01
201200040979,0,07,000,00,2,1,01,B01
201200040979,0,02,000,00,2,1,13,A01
201200040980,0,07,000,00,2,3,01,B01
201200040980,0,07,000,00,2,7,09,A01
201200040981,0,07,000,00,1,4,04,A01
201200040982,0,07,000,00,2,3,01,B01
201200040982,0,07,000,00,2,1,15,A01
201200040983,0,07,000,00,2,8,09,A01
201200040983,0,07,000,00,2,1,01,B01
201200040984,0,07,000,00,2,1,01,B01
201200040984,0,02,000,00,2,1,01,A01
201200040985,0,07,000,00,2,1,01,B01
201200040985,0,33,000,00,2,1,13,A01
201200040986,0,10,000,00,2,8,01,B01
201200040986,0,02,000,00,2,1,01,A01
201200040987,0,07,000,16,0,9,01,A01
201200040988,0,07,000,00,2,1,01,B01
201200040988,0,07,000,00,2,3,19,A01
201200040989,0,07,000,00,2,4,02,B01
201200040989,0,07,000,00,2,4,02,C01
201200040989,0,07,000,00,2,1,01,A01
201200040990,0,07,000,00,2,6,01,B01
201200040990,0,07,000,00,2,1,01,A01
201200040991,0,07,000,00,0,7,14,A01
201200040992,0,07,000,00,2,3,01,A01
201200040992,0,30,000,00,2,1,01,B01
201200040993,0,33,000,15,0,1,01,A01
201200040994,0,01,000,00,2,1,01,B01
201200040994,0,07,000,00,2,3,01,A01
201200040995,0,07,000,00,0,2,14,A01
201200040996,0,07,000,00,1,1,01,A01
201200040997,0,07,000,00,2,4,23,C01
201200040997,0,07,000,00,2,2,13,A01
201200040997,0,10,000,00,2,4,23,B01
201200040998,0,07,000,00,0,1,14,A01
201200040999,0,32,000,00,0,0,00,A01
201200041000,0,13,000,04,0,1,13,A01
201200041001,0,14,000,04,0,8,13,A01
201200041002,0,07,000,00,2,4,02,B01
201200041002,0,07,000,00,2,1,01,A01
201200041003,0,10,000,00,2,1,01,B01
201200041003,0,10,000,00,2,8,01,A01
201200041004,0,10,000,16,0,0,01,A01
201200041005,0,07,000,00,2,3,17,A01
201200041005,0,02,000,00,2,1,01,B01
201200041006,0,07,000,16,0,9,01,A01
201200041007,0,15,000,11,0,8,15,A01
201200041008,0,07,000,08,0,2,14,A01
201200041009,0,07,000,06,2,3,13,A01
201200041010,0,07,000,06,0,7,14,A01
201200041011,0,07,000,00,2,1,09,A01
201200041011,0,07,000,00,2,7,01,B01
201200041012,0,07,000,00,2,4,01,A01
201200041012,0,15,000,00,2,1,02,B01
201200041013,0,07,000,00,2,4,02,B01
201200041013,0,07,000,00,2,4,01,A01
201200041014,0,07,000,00,0,7,01,A01
201200041015,0,01,000,00,9,1,01,A01
201200041016,0,07,000,00,0,7,01,A01
201200041017,0,10,000,00,1,1,09,A01
201200041018,0,07,000,08,0,1,01,A01
201200041019,0,07,000,16,0,0,14,A01
201200041020,0,07,000,00,0,8,14,A01
201200041021,0,31,000,00,0,1,01,A01
201200041022,0,07,000,00,0,1,13,A01
201200041023,0,07,000,03,0,2,12,A01
201200041024,0,07,000,00,2,1,01,A01
201200041024,0,07,000,00,2,4,02,B01
201200041025,0,07,000,15,0,1,01,A01
201200041026,0,07,000,00,2,1,01,A01
201200041026,0,07,000,00,2,6,01,C01
201200041026,0,07,000,00,2,3,01,B01
201200041027,0,07,000,00,2,1,01,B01
201200041027,0,07,000,00,2,1,05,A01
201200041028,0,34,000,00,2,1,01,B01
201200041028,0,07,000,00,2,8,19,A01
201200041029,0,07,000,02,0,1,01,A01
201200041030,0,02,000,00,1,1,01,A01
201200041031,0,33,000,03,0,1,13,A01
201200041032,0,07,000,00,2,4,01,B01
201200041032,0,07,000,00,2,1,01,A01
201200041033,0,07,000,00,1,1,15,A01
201200041034,0,10,000,00,2,5,01,A01
201200041034,0,07,000,00,2,3,23,C01
201200041034,0,07,000,00,2,1,01,B01
201200041035,0,30,000,00,2,4,01,B01
201200041035,0,07,000,00,2,1,01,A01
201200041036,0,07,000,00,2,1,13,A01
201200041036,0,07,000,00,2,1,01,B01
201200041037,0,33,000,00,2,1,01,B01
201200041037,2,07,000,00,2,1,17,Z01
201200041038,0,37,001,00,1,5,07,A01
201200041039,0,07,000,00,1,2,01,A01
201200041040,0,07,000,00,1,1,01,A01
201200041041,0,30,000,00,2,1,01,A01
201200041041,0,07,000,00,2,2,01,B01
201200041042,0,33,000,00,2,1,01,B01
201200041042,0,07,000,00,2,7,15,A01
201200041043,0,07,000,15,2,1,01,A01
201200041043,0,07,000,00,2,8,01,B01
201200041044,1,32,000,00,1,1,01,Z01
201200041045,0,07,000,00,1,2,01,A01
201200041046,0,07,000,00,1,1,01,A01
201200041047,0,07,000,00,1,1,01,A01
201200041048,0,07,000,00,1,1,01,A01
201200041049,0,34,000,00,1,1,01,A01
201200041050,0,02,000,00,2,8,01,A01
201200041050,1,07,000,00,2,1,15,Z01
201200041051,0,07,000,00,1,1,01,A01
201200041052,0,14,000,00,1,3,20,A01
201200041053,0,07,000,00,1,3,01,A01
201200041054,0,07,000,00,1,1,20,A01
201200041055,0,07,000,00,2,1,01,A01
201200041055,0,07,000,00,2,8,01,B01
201200041056,1,07,000,00,2,1,15,Z01
201200041056,0,02,000,00,2,1,01,B01
201200041057,0,07,000,00,1,1,01,A01
201200041058,0,33,000,00,1,2,01,A01
201200041059,0,07,000,00,2,2,17,A01
201200041059,0,10,000,00,2,6,01,B01
201200041060,0,07,000,00,2,7,15,A01
201200041060,0,07,000,00,2,1,01,B01
201200041061,0,07,000,00,2,1,01,B01
201200041061,0,07,000,00,2,1,13,A01
201200041062,0,01,000,00,2,8,19,B02
201200041062,0,07,000,00,2,1,01,A01
201200041063,0,30,000,00,2,4,01,B01
201200041063,0,15,000,00,2,3,01,A01
201200041064,0,33,000,00,1,1,01,A01
201200041065,0,37,001,00,2,1,01,A01
201200041065,0,07,000,00,2,4,02,B01
201200041066,0,30,000,00,2,1,01,B01
201200041066,0,07,000,00,2,7,01,A01
201200041067,0,33,000,00,2,8,01,B01
201200041067,0,07,000,00,2,7,12,A01
201200041068,0,34,000,08,0,1,01,A01
201200041069,1,30,000,00,2,1,01,Z01
201200041069,0,07,000,00,2,2,01,A01
201200041070,0,33,000,01,0,1,01,A01
201200041071,0,07,000,00,1,1,01,A01
201200041072,0,07,000,00,2,4,01,A01
201200041072,1,07,000,00,2,1,01,Z01
201200041073,0,07,000,00,2,1,01,B01
201200041073,0,07,000,00,2,8,19,A01
201200041074,0,07,000,01,0,1,01,A01
201200041075,0,07,000,00,2,6,09,A01
201200041075,0,33,000,00,2,1,01,B01
201200041076,0,10,000,00,2,7,09,A01
201200041076,0,07,000,00,2,8,01,B01
201200041077,0,07,000,00,2,8,19,A01
201200041077,0,30,000,00,2,1,01,B01
201200041078,0,10,000,00,2,1,01,A01
201200041078,0,07,000,00,2,4,02,B01
201200041079,0,07,000,00,1,1,01,A01
201200041080,0,07,000,00,1,2,01,A01
201200041081,0,07,000,00,1,2,01,A01
201200041082,0,33,000,00,2,7,01,B01
201200041082,0,07,000,00,2,8,11,A01
201200041083,0,07,000,00,2,1,01,A01
201200041083,0,07,000,00,2,4,02,C01
201200041083,0,07,000,00,2,4,02,B01
201200041084,0,07,000,00,2,3,15,B01
201200041084,0,07,000,00,2,2,17,A01
201200041085,0,07,000,00,2,8,01,A01
201200041086,0,07,000,00,1,2,16,A01
201200041087,0,07,000,00,1,1,01,A01
201200041088,0,34,000,00,2,3,13,A01
201200041088,0,32,000,00,2,2,01,B01
201200041088,0,07,000,00,2,4,01,C01
201200041088,0,07,000,00,2,4,01,D01
201200041089,0,07,000,00,1,1,01,A01
201200041090,0,07,000,00,2,1,01,B01
201200041090,0,07,000,00,2,1,09,A01
201200041091,0,07,000,00,1,1,09,A01
201200041092,0,30,000,00,1,1,01,A01
201200041093,0,07,000,00,2,4,02,B01
201200041093,0,07,000,00,2,1,01,A01
201200041094,0,07,000,00,2,2,15,A01
201200041094,0,02,000,00,2,1,01,B01
201200041095,0,07,000,00,1,3,01,A01
201200041096,0,14,000,00,1,1,01,A01
201200041097,0,14,000,00,2,1,13,B01
201200041097,0,07,000,00,2,8,01,A01
201200041098,0,07,000,00,1,1,01,A01
201200041099,0,07,000,00,1,1,09,A01
201200041100,0,13,000,00,2,2,12,B01
201200041100,0,07,000,00,2,3,01,A01
201200041101,0,10,000,00,1,4,04,A01
201200041102,0,07,000,00,0,0,01,A01
201200041103,0,33,000,00,2,2,01,B01
201200041103,0,10,000,00,2,8,23,C01
201200041103,0,07,000,00,2,3,16,A01
201200041104,0,07,000,00,2,2,01,A01
201200041104,0,34,000,00,2,1,01,B01
201200041105,0,07,000,00,2,7,15,B01
201200041105,0,02,000,00,2,1,01,A01
201200041106,0,10,000,00,2,7,09,A01
201200041106,0,31,000,00,2,1,09,B01
201200041107,0,01,000,00,2,4,01,A01
201200041107,0,07,000,00,2,1,02,B01
201200041108,0,33,000,00,2,1,12,A01
201200041108,0,07,000,00,2,3,01,B01
201200041109,0,10,000,00,2,1,06,B01
201200041109,0,02,000,00,2,3,01,A01
201200041110,0,07,000,00,2,7,01,B01
201200041110,0,07,000,00,2,2,05,A01
201200041111,0,07,000,00,2,6,15,B01
201200041111,0,02,000,00,2,1,17,A01
201200041112,0,07,000,00,2,3,10,A01
201200041112,0,07,000,00,2,1,01,B01
201200041113,0,07,000,00,2,3,15,B01
201200041113,0,33,000,00,2,8,01,A01
201200041114,0,07,000,00,2,1,15,A01
201200041114,0,01,000,00,2,8,19,Y01
201200041115,0,33,000,00,2,2,01,A01
201200041115,0,10,000,00,2,7,10,B01
201200041116,0,07,000,00,2,1,01,B01
201200041116,0,07,000,00,2,1,09,A01
201200041117,0,03,000,00,1,1,01,A01
201200041118,0,33,000,15,0,2,01,A01
201200041119,0,07,000,00,1,1,01,A01
201200041120,0,07,000,00,2,1,01,A01
201200041120,0,33,000,00,2,4,02,B01
201200041121,0,01,000,00,2,1,01,B01
201200041121,0,07,000,00,2,1,01,A01
201200041122,0,07,000,15,0,1,01,A01
201200041123,0,10,000,00,2,3,01,B01
201200041123,0,10,000,00,2,3,01,A01
201200041124,0,07,000,15,0,1,01,A01
201200041125,0,07,000,09,0,1,01,A01
201200041126,1,07,000,00,1,3,01,Z01
201200041127,1,07,000,00,2,1,01,Z01
201200041127,0,32,000,00,2,1,01,A01
201200041128,0,33,000,00,2,3,01,B01
201200041128,0,07,000,00,2,3,01,A01
201200041129,0,07,000,01,1,1,01,A01
201200041130,0,07,000,09,0,1,01,A01
201200041131,0,07,000,00,2,4,02,B01
201200041131,0,07,000,00,2,1,01,A01
201200041132,0,07,000,00,2,1,15,A01
201200041132,0,01,000,00,2,8,01,B01
201200041133,0,01,000,00,2,6,01,A01
201200041133,0,01,000,00,2,1,02,B01
201200041134,0,30,000,00,2,1,02,B01
201200041134,0,07,000,00,2,4,01,A01
201200041135,0,01,000,00,2,4,02,B01
201200041135,0,07,000,00,2,1,01,A01
201200041136,0,01,000,00,2,8,01,B01
201200041136,0,07,000,00,2,1,09,A01
201200041137,0,07,000,00,2,1,01,A01
201200041137,0,07,000,00,2,4,02,B01
201200041138,0,07,000,00,0,9,01,A01
201200041139,0,07,000,00,2,1,01,A01
201200041139,0,07,000,00,2,4,02,B01
201200041140,0,07,000,00,0,8,15,B01
201200041140,0,07,000,00,2,1,01,A01
201200041141,0,07,000,00,2,1,01,A01
201200041141,0,02,000,00,2,4,02,B01
201200041142,0,30,000,00,0,0,01,A01
201200041143,0,33,000,00,2,1,01,A01
201200041143,0,07,000,00,2,4,02,B01
201200041144,0,07,000,00,1,4,04,A01
201200041145,0,07,000,00,2,1,01,A01
201200041145,0,07,000,00,2,4,02,C01
201200041145,0,07,000,00,2,4,02,B01
201200041146,0,32,000,00,2,2,01,B01
201200041146,0,07,000,00,2,3,01,A01
201200041147,0,07,000,00,2,1,02,C01
201200041147,0,07,000,00,2,1,23,B01
201200041147,0,07,000,00,2,8,17,A01
201200041148,0,07,000,00,0,0,01,A01
201200041149,0,34,000,00,1,1,01,A01
201200041150,0,34,000,00,2,1,01,B01
201200041150,0,07,000,00,2,1,01,A01
201200041151,0,32,000,00,2,2,01,B01
201200041151,0,07,000,00,2,3,15,A01
201200041152,0,32,000,00,2,2,01,B01
201200041152,0,07,000,00,2,3,01,A01
201200041153,0,07,000,00,2,4,02,C01
201200041153,0,07,000,00,2,4,02,B01
201200041153,0,07,000,00,2,1,01,A01
201200041154,0,32,000,00,2,1,01,B01
201200041154,0,07,000,00,2,4,04,A01
201200041155,0,07,000,00,2,7,15,A01
201200041155,0,34,000,00,2,1,01,B01
201200041156,0,07,000,00,2,1,01,A01
201200041156,0,07,000,00,2,4,02,B01
201200041156,0,07,000,00,2,4,02,C01
201200041156,0,07,000,00,2,4,02,D01
201200041157,0,07,000,00,0,8,01,B01
201200041157,0,02,000,00,2,7,17,A01
201200041158,0,07,000,00,2,4,02,C01
201200041158,0,07,000,00,2,1,01,A01
201200041158,0,07,000,00,2,4,02,B01
201200041159,0,07,000,02,0,1,20,A01
201200041160,0,07,000,00,1,2,01,A01
201200041161,0,13,000,00,2,1,01,A01
201200041161,0,13,000,00,2,1,01,B01
201200041162,0,07,000,00,2,8,01,A01
201200041162,0,01,000,00,2,1,02,B01
201200041163,0,07,000,00,2,4,02,D01
201200041163,0,07,000,00,2,4,02,C01
201200041163,0,07,000,00,2,1,18,A01
201200041163,0,07,000,00,2,4,02,B01
201200041164,0,07,000,00,1,1,01,A01
201200041165,0,20,000,15,1,0,05,A01
201200041166,0,07,000,00,2,3,01,A01
201200041166,0,07,000,01,2,3,01,B01
201200041167,0,33,000,00,2,1,01,B01
201200041167,0,10,000,00,2,4,10,A01
201200041168,0,07,000,00,2,4,01,A01
201200041168,0,30,000,00,2,1,02,B01
201200041169,0,33,000,00,2,1,01,B01
201200041169,0,07,000,00,2,3,20,A01
201200041170,0,07,000,00,1,1,01,A01
201200041171,0,07,000,00,2,1,02,B01
201200041171,0,07,000,00,2,4,01,A01
201200041171,0,10,000,00,2,1,02,C01
201200041172,0,33,000,00,0,0,01,A01
201200041173,0,07,000,00,2,8,01,A01
201200041173,0,32,000,00,2,1,01,B01
201200041174,0,07,000,00,2,2,01,B01
201200041174,0,07,000,00,2,8,20,A01
201200041175,0,33,000,00,2,1,01,A01
201200041175,0,07,000,00,2,2,10,B01
201200041176,0,10,000,00,2,1,01,B01
201200041176,0,33,000,00,2,1,17,A01
201200041177,0,07,000,00,2,7,01,A01
201200041177,0,07,000,00,2,8,09,B01
201200041178,0,01,000,00,2,8,09,B01
201200041178,0,07,000,00,2,1,01,A01
201200041179,0,30,000,00,0,1,01,A01
201200041179,0,07,000,00,2,6,02,B01
201200041180,0,32,000,00,2,1,01,B01
201200041180,0,07,000,00,2,3,20,A01
201200041181,0,07,000,00,2,4,01,C01
201200041181,0,33,000,00,2,1,01,B01
201200041181,0,07,000,00,2,6,11,A01
201200041182,0,07,000,00,2,8,20,A01
201200041182,0,37,001,00,2,1,01,B01
201200041183,0,07,000,00,2,1,01,A01
201200041183,0,07,000,00,2,4,02,B01
201200041184,0,07,000,00,1,2,01,A01
201200041185,0,30,000,00,2,5,02,B01
201200041185,0,07,000,00,2,1,01,A01
201200041186,0,07,000,00,1,1,01,A01
201200041187,0,02,000,00,2,1,01,A01
201200041187,0,07,000,00,2,4,02,B01
201200041188,0,07,000,00,1,3,01,A01
201200041189,0,03,000,00,2,1,02,B01
201200041189,0,07,000,00,2,6,01,A01
201200041190,0,33,000,00,1,1,01,A01
201200041191,0,32,000,00,2,2,01,B01
201200041191,0,07,000,00,2,1,01,A01
201200041192,0,07,000,00,2,7,01,B01
201200041192,0,33,000,00,2,8,13,A01
201200041193,0,07,000,00,2,4,02,B01
201200041193,0,07,000,00,2,4,02,C01
201200041193,0,10,000,00,2,1,01,A01
201200041194,0,33,000,00,2,1,02,B01
201200041194,0,07,000,00,2,4,01,A01
201200041195,0,07,000,12,0,1,20,A01
201200041196,0,07,000,00,2,4,02,B01
201200041196,0,33,000,00,2,1,01,A01
201200041197,0,34,000,00,2,1,02,B01
201200041197,0,07,000,00,2,4,01,A01
201200041198,0,07,000,00,2,1,01,C01
201200041198,0,07,000,00,2,1,01,A01
201200041198,0,07,000,00,2,1,02,B01
201200041199,0,07,000,00,2,8,01,A01
201200041199,0,30,000,00,2,1,01,B01
201200041200,0,07,000,00,2,1,01,A01
201200041200,0,33,000,00,2,7,01,B01
201200041201,0,32,000,00,2,4,01,A01
201200041201,0,07,000,00,2,1,02,B01
201200041202,1,07,000,00,1,1,01,A01
201200041203,0,07,000,00,1,1,20,A01
201200041204,0,07,000,00,2,4,02,B01
201200041204,0,07,000,00,2,1,01,A01
201200041204,0,07,000,00,2,4,02,C01
201200041205,0,07,000,00,2,4,02,B01
201200041205,0,30,000,00,2,1,01,A01
201200041206,0,07,000,00,2,4,02,B01
201200041206,0,07,000,00,2,1,01,A01
201200041207,0,07,000,00,2,1,01,A01
201200041207,0,07,000,00,2,4,02,C01
201200041207,0,07,000,00,2,9,02,B01
201200041208,0,07,000,00,1,1,01,A01
201200041209,0,07,000,00,2,1,02,B01
201200041209,0,07,000,00,2,4,01,A01
201200041210,0,07,000,00,2,1,01,A01
201200041210,1,07,000,00,2,1,00,Z01
201200041211,0,07,000,00,1,1,01,A01
201200041212,0,07,000,00,2,4,02,B01
201200041212,0,07,000,00,2,1,01,A01
201200041212,0,07,000,00,2,7,19,C01
201200041213,0,07,000,00,2,7,15,A01
201200041213,0,01,000,00,2,1,01,B01
201200041214,0,07,000,03,0,3,01,A01
201200041215,0,33,000,00,2,2,01,B01
201200041215,0,07,000,00,2,3,15,A01
201200041216,0,01,000,01,0,1,01,A01
201200041217,0,07,000,00,2,1,01,A01
201200041217,0,07,000,00,2,4,15,B01
201200041218,0,07,000,00,1,2,01,A01
201200041219,0,02,000,01,0,7,01,A01
201200041220,0,38,001,00,1,1,01,A01
201200041221,0,02,000,00,2,1,15,A01
201200041221,0,07,000,00,2,3,01,B01
201200041222,0,07,000,06,2,1,01,A01
201200041222,0,07,000,06,2,7,01,B01
201200041223,0,07,000,00,2,8,22,A01
201200041223,0,37,001,01,0,2,01,B01
201200041224,0,07,000,00,1,1,01,A01
201200041225,0,01,000,00,2,1,01,A01
201200041225,0,07,000,00,2,4,23,B01
201200041226,0,07,000,02,2,4,01,B01
201200041226,0,07,000,00,2,2,01,A01
201200041227,0,38,001,00,2,3,01,B01
201200041227,0,33,000,00,2,8,17,A01
201200041228,0,33,000,12,2,8,01,A01
201200041228,0,07,000,00,2,1,01,B01
201200041229,0,07,000,06,2,1,16,B01
201200041229,0,07,000,00,2,2,01,A01
201200041230,0,07,000,00,2,1,01,B01
201200041230,0,10,000,00,4,6,01,A01
201200041231,0,07,000,00,2,5,15,A01
201200041231,0,07,000,00,2,2,16,B01
201200041232,0,38,001,11,0,1,01,A01
201200041233,0,07,000,00,2,6,09,A01
201200041233,0,07,000,00,2,2,01,B01
201200041234,0,31,000,16,0,0,01,A01
201200041235,0,33,000,16,0,0,01,A01
201200041236,0,07,000,00,1,1,01,A01
201200041237,0,07,000,00,1,2,01,A01
201200041238,0,07,000,00,2,4,15,B01
201200041238,0,07,000,00,2,1,01,A01
201200041239,0,07,000,00,1,1,01,A01
201200041240,0,07,000,00,1,1,01,A01
201200041241,0,38,001,14,0,1,20,A01
201200041242,0,07,000,00,2,3,01,B01
201200041242,0,07,000,00,2,2,01,A01
201200041243,0,15,000,00,2,1,01,A01
201200041243,0,33,000,00,2,7,01,C01
201200041243,0,10,000,00,2,1,01,B01
201200041244,0,07,000,00,2,3,09,A01
201200041244,0,34,000,00,2,7,01,B01
201200041245,0,07,000,00,0,1,01,A01
201200041246,0,07,000,00,2,1,01,B01
201200041246,0,02,000,00,2,8,01,A01
201200041247,0,01,000,16,0,0,01,A01
201200041248,0,07,000,00,2,1,15,A01
201200041248,0,07,000,00,2,1,01,B01
201200041249,0,07,000,00,2,5,23,C01
201200041249,0,07,000,00,2,1,03,A01
201200041249,0,07,000,00,2,4,23,G02
201200041249,0,07,000,00,2,7,23,D01
201200041249,0,07,000,00,2,8,01,E01
201200041249,0,07,000,00,2,5,23,F02
201200041249,0,07,000,00,2,5,23,B01
201200041250,0,07,000,00,1,3,01,A01
201200041251,0,07,000,00,2,2,01,A01
201200041252,0,31,000,16,0,8,01,A01
201200041253,0,07,000,00,2,8,23,B01
201200041253,0,07,000,13,2,1,06,A01
201200041254,0,07,000,00,1,2,01,A01
201200041255,0,33,000,00,2,1,01,A01
201200041255,0,07,000,00,2,1,15,B01
201200041256,0,07,000,00,2,4,02,B01
201200041256,0,07,000,00,2,1,01,A01
201200041257,0,07,000,00,2,4,15,B01
201200041257,0,07,000,00,2,1,01,A01
201200041258,0,07,000,00,2,3,16,B01
201200041258,0,10,000,00,2,2,01,A01
201200041259,0,33,000,16,0,7,01,A01
201200041260,0,31,000,16,0,8,01,A01
201200041261,0,07,000,04,2,7,01,B01
201200041261,0,33,000,00,2,8,01,A01
201200041262,0,07,000,00,2,1,01,A01
201200041262,0,07,000,00,2,4,02,B01
201200041263,0,07,000,00,2,1,01,A01