Num_Acc,senc,catv,occutc,obs,obsm,choc,manv,num_veh
201200041263,0,33,000,01,2,1,01,B01
201200041264,0,07,000,00,2,1,01,B01
201200041264,0,02,000,00,2,7,06,A01
201200041265,0,07,000,00,2,4,02,B01
201200041265,0,07,000,00,2,1,01,A01
201200041266,0,01,000,00,0,1,01,A01
201200041267,0,07,000,00,2,1,01,A01
201200041267,0,07,000,00,2,4,02,B01
201200041268,0,01,000,00,2,7,01,B01
201200041268,0,13,000,00,2,8,01,A01
201200041269,1,07,000,00,2,0,05,A01
201200041269,0,07,000,00,2,1,01,B01
201200041270,0,07,000,00,0,9,01,A01
201200041271,0,01,000,16,0,0,01,A01
201200041272,0,31,000,05,0,1,01,A01
201200041273,0,07,000,01,2,1,01,A01
201200041273,0,07,000,00,2,1,01,B01
201200041274,0,07,000,00,2,1,10,A01
201200041274,0,33,000,00,2,1,01,B01
201200041275,0,07,000,00,0,9,01,A01
201200041276,0,07,000,00,1,1,01,A01
201200041277,0,01,000,00,2,1,01,B01
201200041277,0,07,000,00,2,1,01,A01
201200041278,0,07,000,00,0,1,01,A01
201200041279,0,07,000,00,0,1,01,A01
201200041280,0,02,000,00,2,4,01,B01
201200041280,0,02,000,00,2,1,01,A01
201200041281,1,07,000,00,2,4,02,B02
201200041281,0,07,000,00,2,1,01,A01
201200041282,0,02,000,00,0,1,01,A01
201200041283,0,07,000,00,2,6,01,B01
201200041283,0,07,000,00,2,6,01,A01
201200041284,0,07,000,01,0,1,01,A01
201200041285,0,01,000,00,0,0,00,A01
201200041286,0,07,000,00,2,4,02,B01
201200041286,0,07,000,00,2,1,01,A01
201200041287,0,07,000,00,1,7,01,A01
201200041288,0,07,000,00,2,4,02,B01
201200041288,0,07,000,00,2,1,01,A01
201200041289,0,07,000,00,1,1,01,A01
201200041290,0,07,000,00,2,1,01,A01
201200041290,0,07,000,00,2,1,01,B01
201200041291,0,10,000,00,2,3,01,B01
201200041291,0,07,000,00,2,5,19,A01
201200041292,0,07,000,00,1,1,01,A01
201200041293,0,07,000,00,1,1,01,A01
201200041294,0,07,000,00,2,8,01,B01
201200041294,0,07,000,00,2,1,15,A01
201200041295,0,07,000,00,2,1,13,A01
201200041295,0,33,000,00,2,1,01,B01
201200041296,0,33,000,08,0,2,01,A01
201200041297,0,07,000,12,0,1,01,A01
201200041298,0,07,000,00,1,4,04,A01
201200041299,0,01,000,00,1,1,01,A01
201200041300,0,30,000,00,2,1,01,B01
201200041300,0,07,000,00,2,3,01,A01
201200041301,0,07,000,00,0,7,01,A01
201200041302,0,07,000,00,2,1,01,B01
201200041302,0,01,000,00,2,1,01,A01
201200041303,0,01,000,00,1,1,01,A01
201200041304,0,02,000,00,0,1,01,A01
201200041305,0,01,000,00,2,8,02,B01
201200041305,1,07,000,01,2,1,01,A01
201200041306,0,30,000,00,9,1,01,A01
201200041307,0,07,000,00,2,1,01,A01
201200041307,0,07,000,00,2,4,02,B01
201200041308,0,07,000,00,2,8,15,B01
201200041308,0,30,000,00,2,3,17,A01
201200041309,0,07,000,00,2,3,09,A01
201200041309,0,07,000,00,2,7,01,B01
201200041310,0,31,000,00,0,8,01,A01
201200041311,0,34,000,00,2,1,01,B01
201200041311,0,07,000,00,2,7,09,A01
201200041312,0,07,000,08,0,8,09,A01
201200041313,0,30,000,00,2,4,02,B01
201200041313,0,30,000,00,2,1,01,A01
201200041314,0,15,000,00,2,6,24,B01
201200041314,0,37,020,01,0,2,01,A01
201200041315,0,33,000,00,0,1,01,B01
201200041316,0,07,000,13,0,2,01,A01
201200041317,0,30,000,00,2,7,01,A01
201200041317,0,07,000,00,2,2,01,B01
201200041318,0,07,000,16,0,1,10,A01
201200041319,0,07,000,00,2,8,01,B01
201200041319,0,07,000,00,2,1,15,A01
201200041320,0,07,000,00,1,1,01,A01
201200041321,0,07,000,00,0,0,01,A01
201200041322,0,07,000,04,0,3,01,A01
201200041323,0,07,000,00,2,4,09,B01
201200041323,0,07,000,00,2,1,01,A01
201200041324,0,07,000,00,2,3,01,A01
201200041324,0,07,000,00,2,3,01,B01
201200041325,0,07,000,08,0,1,15,A01
201200041326,0,07,000,01,0,3,01,A01
201200041327,0,07,000,15,1,2,05,A01
201200041328,0,01,000,14,0,1,01,A01
201200041329,0,30,000,00,5,1,01,A01
201200041330,0,30,000,01,0,8,13,A01
201200041331,0,30,000,16,0,0,00,A01
201200041332,0,07,000,00,1,3,01,A01
201200041333,0,31,000,16,0,1,01,A01
201200041334,0,07,000,00,2,1,15,A01
201200041334,0,07,000,00,2,1,01,B01
201200041335,0,37,001,00,1,1,01,A01
201200041336,0,07,000,16,2,7,01,B01
201200041336,0,07,000,00,2,8,01,A01
201200041337,0,07,000,00,2,4,01,A01
201200041337,0,10,000,00,2,1,02,B01
201200041338,0,07,000,00,2,3,15,B01
201200041338,0,34,000,15,2,2,17,A01
201200041339,0,07,000,00,2,1,02,A01
201200041339,0,07,000,00,2,5,01,B01
201200041340,0,30,000,00,2,1,01,B01
201200041340,0,13,000,00,2,2,19,A01
201200041341,0,07,000,00,1,1,01,A01
201200041342,0,33,000,16,0,8,14,A01
201200041343,0,07,000,00,2,1,09,A01
201200041343,0,02,000,00,2,1,19,B01
201200041344,0,07,000,00,2,3,15,A01
201200041344,0,33,000,00,2,1,15,B01
201200041345,0,07,000,00,2,5,02,B01
201200041345,0,07,000,00,2,3,01,A01
201200041346,0,30,000,00,1,7,01,A01
201200041347,0,07,000,00,2,3,19,B01
201200041347,0,07,000,00,2,2,01,A01
201200041348,0,07,000,01,0,6,04,A01
201200041349,0,07,000,00,0,3,19,A01
201200041349,0,07,000,00,2,2,01,B01
201200041350,0,33,000,00,2,1,01,A01
201200041350,0,07,000,00,2,5,15,B01
201200041351,0,07,000,00,1,1,01,A01
201200041352,0,30,000,00,1,1,01,A01
201200041353,0,07,000,00,1,3,01,A01
201200041354,0,33,000,00,2,7,01,B01
201200041354,0,07,000,00,2,8,13,A01
201200041355,0,33,000,00,2,1,01,B01
201200041355,0,30,000,00,2,7,01,A01
201200041356,0,30,000,00,2,2,13,B01
201200041356,0,07,000,00,2,3,15,A01
201200041357,0,07,000,00,2,2,21,B01
201200041357,0,03,000,00,2,1,09,A01
201200041358,0,07,000,00,1,2,15,A01
201200041359,0,07,000,00,1,1,15,A01
201200041360,0,07,000,00,1,1,01,A01
201200041361,0,07,000,00,2,1,15,A01
201200041361,0,07,000,00,2,3,01,B01
201200041362,0,07,000,00,1,2,01,A01
201200041363,0,07,000,00,1,4,04,A01
201200041364,0,07,000,00,1,1,01,A01
201200041365,0,07,000,00,2,3,01,B01
201200041365,0,07,000,00,2,2,15,A01
201200041366,0,07,000,00,1,4,04,A01
201200041367,0,07,000,00,2,1,02,B01
201200041367,0,07,000,00,2,4,01,A01
201200041368,0,36,000,00,2,2,15,A01
201200041368,0,07,000,00,2,3,01,B01
201200041369,0,07,000,00,2,3,01,B01
201200041369,0,07,000,00,2,3,01,A01
201200041370,0,07,000,00,1,2,01,A01
201200041371,0,07,000,00,2,3,13,A01
201200041371,0,33,000,00,2,8,01,B01
201200041372,0,33,000,00,2,2,01,B01
201200041372,0,07,000,00,2,3,02,A01
201200041373,0,07,000,00,1,1,01,A01
201200041374,0,20,000,00,1,3,16,A01
201200041375,0,02,000,00,2,2,01,B01
201200041375,0,07,000,00,2,8,09,A01
201200041376,0,07,000,00,1,2,01,A01
201200041377,0,07,000,00,2,2,01,B01
201200041377,0,30,000,00,2,1,05,A01
201200041378,0,07,000,00,2,1,01,A01
201200041378,0,07,000,00,2,6,01,B01
201200041379,0,33,000,00,2,1,01,B01
201200041379,0,07,000,00,2,1,15,A01
201200041380,0,07,000,01,2,1,13,A01
201200041380,0,02,000,00,2,1,01,B01
201200041381,0,33,000,00,2,1,01,A01
201200041381,0,07,000,00,2,6,01,B01
201200041382,0,33,000,02,0,1,06,A01
201200041383,0,07,000,00,2,7,15,A01
201200041383,0,02,000,00,2,1,01,B01
201200041384,0,07,000,00,1,2,01,A01
201200041385,0,01,000,00,2,1,02,B01
201200041385,0,07,000,00,2,4,24,A01
201200041386,0,31,000,09,0,1,01,A01
201200041387,0,07,000,00,2,1,01,A01
201200041387,0,07,000,00,2,3,01,B01
201200041388,0,07,000,00,1,8,20,A01
201200041389,0,07,000,00,2,2,15,A01
201200041389,0,07,000,09,2,3,01,B01
201200041390,0,02,000,00,2,2,17,A01
201200041390,0,07,000,00,2,8,20,B01
201200041391,0,07,000,00,1,1,01,A01
201200041392,0,30,000,00,2,1,15,A01
201200041392,0,07,000,00,2,3,01,B01
201200041393,1,07,000,00,1,1,00,Z01
201200041394,0,07,000,00,1,1,01,A01
201200041395,0,07,000,00,2,7,01,B01
201200041395,0,07,000,00,2,1,01,C01
201200041395,0,07,000,00,2,1,13,A01
201200041396,1,07,000,00,2,1,01,A01
201200041396,0,01,000,00,2,4,02,B01
201200041397,0,07,000,00,2,2,01,B01
201200041397,0,07,000,00,2,3,01,A01
201200041398,0,07,000,00,2,7,09,A01
201200041398,1,07,000,00,2,1,01,B01
201200041399,0,07,000,00,2,1,01,B01
201200041399,2,07,000,00,2,1,01,A01
201200041400,0,07,000,00,2,1,02,D01
201200041400,0,07,000,00,2,4,02,C01
201200041400,0,07,000,00,2,9,01,A01
201200041400,0,07,000,00,2,9,02,B01
201200041401,0,07,000,00,1,1,01,A01
201200041402,0,07,000,00,1,2,01,A01
201200041403,0,07,000,00,1,1,01,A01
201200041404,0,07,000,00,1,1,16,A01
201200041405,0,07,000,00,2,7,15,B01
201200041405,0,33,000,00,2,1,01,A01
201200041406,0,07,000,00,1,1,15,A01
201200041407,0,07,000,00,2,5,04,B01
201200041407,0,33,000,01,2,5,01,A01
201200041408,0,07,000,00,2,3,16,A01
201200041408,0,07,000,00,2,3,01,B01
201200041409,0,07,000,00,2,1,01,A01
201200041409,0,07,000,00,2,4,02,B01
201200041410,0,07,000,00,2,7,15,A01
201200041410,0,31,000,00,2,7,17,B01
201200041411,0,07,000,00,2,4,02,B01
201200041411,0,07,000,00,2,1,01,A01
201200041412,0,01,000,00,2,8,01,B01
201200041412,0,07,000,00,2,7,17,A01
201200041413,0,07,000,00,2,1,01,B01
201200041413,0,07,000,00,2,5,15,A01
201200041414,0,07,000,15,0,1,01,A01
201200041415,0,07,000,15,0,2,16,A01
201200041416,0,07,000,00,2,3,01,B01
201200041416,0,07,000,00,2,3,13,A01
201200041417,0,07,000,00,2,1,01,B01
201200041417,0,07,000,15,2,8,01,A01
201200041418,0,33,000,00,2,7,17,B01
201200041418,0,07,000,00,2,8,15,A01
201200041419,0,33,000,16,0,1,01,A01
201200041420,0,07,000,00,2,1,01,A01
201200041420,0,07,000,00,2,1,09,B01
201200041421,0,07,000,00,1,2,17,A01
201200041422,0,07,000,00,2,1,01,A01
201200041422,0,07,000,00,2,4,02,B01
201200041423,0,07,000,01,0,2,01,A01
201200041424,0,31,000,00,2,1,01,B01
201200041424,0,07,000,00,2,3,09,A01
201200041425,0,32,000,00,2,4,23,B01
201200041425,0,07,000,00,2,1,01,A01
201200041426,0,01,000,00,2,8,01,A01
201200041426,0,30,000,00,2,1,02,B01
201200041427,0,07,000,00,1,1,01,A01
201200041428,0,07,000,00,2,1,01,A01
201200041428,0,07,000,00,2,7,01,B01
201200041429,0,07,000,00,1,1,01,A01
201200041430,0,32,000,00,2,1,01,B01
201200041430,0,07,000,00,2,3,15,A01
201200041431,0,07,000,00,2,2,16,A01
201200041431,0,33,000,00,2,1,01,B01
201200041432,0,07,000,00,2,2,05,A01
201200041432,0,03,000,00,2,1,01,B01
201200041433,0,33,000,06,0,1,15,A01
201200041434,0,07,000,00,2,1,01,A01
201200041434,0,07,000,00,2,5,01,B01
201200041435,0,07,000,00,2,3,09,A01
201200041435,0,07,000,00,2,8,01,B01
201200041436,0,30,000,01,0,1,01,A01
201200041437,0,33,000,00,2,8,01,B01
201200041437,0,07,000,00,2,1,01,C01
201200041437,0,07,000,00,2,8,01,A01
201200041438,1,07,000,00,2,1,02,Z01
201200041438,0,07,000,00,2,4,23,A01
201200041439,0,33,000,00,2,2,01,A01
201200041439,0,07,000,00,2,8,15,B01
201200041440,0,07,000,00,2,5,01,B01
201200041440,0,14,000,00,2,4,04,A01
201200041441,0,33,000,00,2,1,01,B01
201200041441,0,07,000,08,2,2,01,A01
201200041442,0,07,000,15,2,3,01,B01
201200041442,0,07,000,00,2,3,13,A01
201200041443,0,07,000,15,0,1,01,A01
201200041444,0,34,000,00,2,1,01,A01
201200041444,0,34,000,00,2,8,09,B01
201200041445,0,07,000,00,2,1,15,A01
201200041445,0,33,000,00,2,1,01,B01
201200041446,0,34,000,00,2,1,01,C01
201200041446,0,07,000,01,2,8,05,A01
201200041447,1,07,000,01,1,2,01,A01
201200041448,0,33,000,00,1,2,01,A01
201200041449,0,07,000,00,2,5,02,B01
201200041449,0,30,000,00,2,1,01,A01
201200041450,0,07,000,00,1,2,15,A01
201200041451,0,07,000,00,2,3,01,C01
201200041451,0,07,000,00,2,3,01,A01
201200041451,0,17,000,00,2,6,01,B01
201200041452,0,07,000,00,1,1,21,A01
201200041453,0,07,000,00,2,4,02,B01
201200041453,0,07,000,00,2,1,01,A01
201200041454,0,07,000,00,1,2,01,A01
201200041455,0,07,000,00,2,7,01,B01
201200041455,0,02,000,00,2,1,01,A01
201200041456,0,07,000,00,2,3,16,A01
201200041456,0,10,000,06,2,2,01,B01
201200041457,0,07,000,01,0,1,01,A01
201200041458,0,07,000,06,0,2,01,A01
201200041459,0,07,000,00,2,1,01,A01
201200041459,0,07,000,00,2,1,01,B01
201200041460,0,07,000,00,2,1,01,A01
201200041460,0,07,000,00,2,4,02,B01
201200041461,0,07,000,00,2,1,02,A01
201200041461,0,07,000,00,2,9,21,B01
201200041462,0,07,000,15,0,1,01,A01
201200041463,0,07,000,00,1,1,01,A01
201200041464,0,07,000,00,1,0,15,A01
201200041465,0,07,000,00,1,1,01,A01
201200041466,0,07,000,00,1,1,01,A01
201200041467,0,07,000,00,1,2,01,A01
201200041468,0,10,000,00,2,1,02,A01
201200041468,0,30,000,00,2,4,01,B01
201200041469,0,07,000,00,2,2,01,A01
201200041469,0,07,000,00,2,6,10,B01
201200041470,0,07,000,00,0,0,15,A01
201200041470,0,32,000,00,0,7,21,B01
201200041471,0,07,000,00,1,4,04,A01
201200041472,0,07,000,00,2,1,15,A01
201200041472,0,34,000,00,2,7,21,B01
201200041473,0,07,000,00,1,3,01,A01
201200041474,0,33,000,00,2,8,01,B01
201200041474,0,07,000,00,2,1,01,A01
201200041475,0,33,000,00,1,0,03,A01
201200041475,0,07,000,00,2,5,01,B01
201200041476,0,07,000,00,2,1,15,A01
201200041476,0,31,000,00,2,8,01,B01
201200041477,0,07,000,00,2,2,00,A01
201200041477,0,01,000,00,0,8,01,B02
201200041478,0,33,000,00,2,1,01,B01
201200041478,0,07,000,00,2,6,15,A01
201200041479,0,07,000,00,2,1,02,A01
201200041479,0,07,000,00,2,4,23,B01
201200041480,0,10,000,00,2,3,09,A01
201200041480,0,07,000,00,2,1,01,B01
201200041481,0,32,000,00,2,7,01,B01
201200041481,0,07,000,00,2,1,15,A01
201200041482,0,33,000,00,1,0,14,A01
201200041483,0,07,000,00,2,1,02,A01
201200041483,0,33,000,00,2,4,01,B01
201200041484,0,33,000,00,2,1,01,B01
201200041484,0,07,000,00,2,8,15,A01
201200041485,0,10,000,00,2,4,16,A01
201200041485,0,34,000,00,2,1,01,B01
201200041486,0,07,000,00,1,2,01,A01
201200041487,0,37,001,00,1,7,01,A01
201200041488,0,33,000,00,2,8,01,B01
201200041488,0,07,000,00,2,1,15,A01
201200041489,0,07,000,00,2,4,02,B01
201200041489,0,07,000,00,2,1,02,A01
201200041490,0,07,000,00,1,1,01,A01
201200041491,0,31,000,00,2,1,17,B01
201200041491,0,07,000,00,2,6,15,A01
201200041492,0,07,000,00,2,2,14,A01
201200041492,0,30,000,00,2,8,03,B01
201200041493,0,37,001,00,2,7,14,B01
201200041493,0,07,000,00,2,3,13,A01
201200041494,0,33,000,00,2,0,01,A01
201200041494,0,07,000,00,2,3,15,B01
201200041495,0,34,000,00,0,0,01,B01
201200041495,0,07,000,00,0,0,15,A01
201200041496,0,30,000,01,0,1,14,A01
201200041497,0,07,000,00,1,1,15,A01
201200041498,0,33,000,00,1,3,01,A01
201200041499,0,07,000,02,2,2,00,A01
201200041499,0,07,000,00,2,1,01,B01
201200041500,0,30,000,00,0,0,00,B01
201200041500,0,07,000,00,0,0,06,A01
201200041501,0,07,000,00,2,8,01,B01
201200041501,0,30,000,00,2,7,12,A01
201200041502,0,34,000,00,2,1,01,A01
201200041502,0,07,000,00,2,5,01,B01
201200041503,0,31,000,00,2,1,01,B01
201200041503,0,07,000,00,2,3,15,A01
201200041504,0,33,000,00,2,2,23,B01
201200041504,0,32,000,14,0,8,18,A01
201200041505,0,07,000,00,1,2,01,A01
201200041506,0,01,000,00,2,1,01,B01
201200041506,0,07,000,00,2,7,22,A01
201200041507,0,33,000,00,2,8,01,B01
201200041507,0,07,000,00,2,1,15,A01
201200041508,0,32,000,00,1,3,01,A01
201200041509,0,07,000,00,1,2,16,A01
201200041510,0,07,000,00,1,1,15,A01
201200041511,0,07,000,00,2,1,01,A01
201200041511,0,07,000,00,2,8,01,B01
201200041512,0,07,000,00,2,1,02,A01
201200041512,0,13,000,00,2,4,01,B01
201200041513,0,07,000,00,1,2,15,A01
201200041514,1,34,000,00,1,1,01,Z01
201200041515,0,30,000,00,2,7,15,A01
201200041515,0,10,000,00,2,8,01,B01
201200041516,0,07,000,00,1,2,17,A01
201200041517,0,07,000,00,2,7,12,A01
201200041517,0,31,000,00,2,8,01,B01
201200041518,0,32,000,00,2,7,01,B01
201200041518,0,07,000,00,2,2,15,A01
201200041519,0,10,000,00,2,7,01,B01
201200041519,0,33,000,00,2,1,01,A01
201200041520,0,07,000,00,9,4,20,A01
201200041520,0,01,000,00,2,1,01,B01
201200041521,0,07,000,00,2,8,09,A01
201200041521,0,32,000,00,2,7,03,B01
201200041522,0,07,000,00,0,4,23,B01
201200041522,0,07,000,01,0,2,01,A01
201200041523,0,07,000,00,2,3,09,A01
201200041523,0,30,000,00,2,7,01,B01
201200041524,0,01,000,00,2,4,23,B01
201200041524,0,33,000,01,0,1,01,A01
201200041525,0,07,000,00,0,4,01,B01
201200041525,0,10,000,00,2,1,01,A01
201200041526,0,07,000,00,2,2,15,A01
201200041526,0,32,000,00,2,1,01,B01
201200041527,0,07,000,00,2,1,15,A01
201200041527,0,33,000,00,2,1,01,B01
201200041528,0,30,000,00,2,1,01,A01
201200041528,0,07,000,00,2,1,01,B01
201200041529,0,10,000,00,2,2,15,A01
201200041529,0,01,000,00,2,1,01,B01
201200041530,0,07,000,00,0,4,01,B01
201200041530,0,32,000,00,2,1,01,A01
201200041531,0,07,000,00,2,8,09,A01
201200041531,0,14,000,00,2,7,01,B01
201200041532,0,07,000,00,0,5,01,B01
201200041532,0,34,000,00,2,1,01,A01
201200041533,0,10,000,00,1,1,18,A01
201200041534,0,07,000,00,2,1,01,A01
201200041534,0,33,000,00,0,4,01,B01
201200041535,0,07,000,00,1,1,01,A01
201200041536,0,07,000,00,2,9,15,B01
201200041536,0,07,000,00,2,6,15,A01
201200041536,0,07,000,00,2,1,15,C01
201200041537,0,07,000,00,2,8,01,A01
201200041537,0,07,000,00,2,8,01,B01
201200041538,0,07,000,00,1,2,01,A01
201200041539,0,15,000,00,2,4,01,C01
201200041539,0,07,000,00,2,1,15,A01
201200041539,0,33,000,00,2,8,01,B01
201200041540,0,30,000,00,0,7,01,B01
201200041540,0,07,000,00,2,8,15,A01
201200041541,0,37,002,00,0,2,16,A01
201200041542,0,07,000,00,2,1,15,A01
201200041542,0,33,000,00,2,1,01,B01
201200041543,0,34,000,00,2,1,02,B01
201200041543,0,07,000,00,2,8,15,A01
201200041544,0,02,000,00,2,1,01,B01
201200041544,0,07,000,00,2,3,15,A01
201200041545,0,32,000,00,2,8,13,A01
201200041545,0,02,000,00,2,7,02,B01
201200041546,0,07,000,00,0,4,15,A01
201200041546,0,32,000,00,2,8,01,B01
201200041547,0,32,000,00,2,1,01,A01
201200041547,0,07,000,00,2,8,16,B01
201200041548,0,07,000,00,9,0,22,A01
201200041548,0,01,000,00,2,1,21,B01
201200041548,0,07,000,00,2,4,01,C01
201200041549,0,07,000,00,1,1,15,A01
201200041550,0,30,000,00,2,7,17,B01
201200041550,0,07,000,00,2,3,15,A01
201200041551,0,33,000,00,2,8,02,B01
201200041551,0,07,000,00,2,7,12,A01
201200041552,0,33,000,00,2,1,01,B01
201200041552,0,07,000,00,2,5,15,A01
201200041553,0,07,000,00,2,7,15,A01
201200041553,0,32,000,00,2,1,01,B01
201200041554,0,10,000,00,2,8,01,B01
201200041554,0,07,000,00,2,1,01,A01
201200041555,0,07,000,00,1,4,05,A01
201200041556,0,07,000,00,2,1,01,A01
201200041556,0,01,000,00,2,8,01,B01
201200041557,0,32,000,00,2,1,15,B01
201200041557,0,10,000,00,0,6,15,A01
201200041558,0,02,000,00,1,1,01,A01
201200041559,0,07,000,00,2,7,01,B01
201200041559,0,07,000,00,2,1,24,D01
201200041559,0,07,000,00,2,1,19,A01
201200041559,0,30,000,00,2,1,01,C01
201200041560,0,07,000,00,2,1,02,A01
201200041560,0,07,000,00,2,4,23,B01
201200041561,0,07,000,01,0,2,02,A01
201200041561,0,10,000,00,2,4,23,C01
201200041561,0,07,000,00,2,9,23,B01
201200041562,0,33,000,01,0,9,01,A01
201200041563,0,10,000,00,1,1,01,A01
201200041564,0,34,000,00,2,2,01,A01
201200041564,0,07,000,00,2,6,15,B01
201200041565,0,02,000,00,2,8,01,A01
201200041565,0,07,000,00,2,2,01,B01
201200041566,0,07,000,00,2,5,01,B01
201200041566,0,02,000,00,2,7,03,A01
201200041567,0,07,000,00,2,2,01,B01
201200041567,0,07,000,00,2,3,19,A01
201200041568,0,07,000,00,1,1,01,A01
201200041569,0,10,000,00,2,3,13,A01
201200041569,0,33,000,00,2,2,17,B01
201200041570,0,07,000,00,2,8,15,A01
201200041570,0,33,000,00,2,1,01,B01
201200041571,0,07,000,00,1,1,16,A01
201200041572,0,32,000,00,1,1,17,A01
201200041573,0,07,000,00,1,4,20,A01
201200041574,0,02,000,00,2,1,23,A01
201200041574,0,07,000,00,2,3,15,B01
201200041575,0,07,000,00,2,2,01,A01
201200041575,0,01,000,00,2,8,01,B01
201200041576,0,07,000,00,2,2,15,A01
201200041576,0,01,000,00,2,8,01,B01
201200041577,0,07,000,00,1,2,01,A01
201200041578,0,01,000,00,2,8,02,B01
201200041578,0,07,000,00,2,7,01,A01
201200041579,0,02,000,00,2,7,01,B01
201200041579,0,10,000,00,2,0,15,A01
201200041580,0,07,000,00,2,1,23,C01
201200041580,0,07,000,00,2,8,09,B01
201200041580,0,02,000,00,2,1,01,A01
201200041581,0,07,000,02,1,1,13,A01
201200041582,0,02,000,00,2,1,01,A01
201200041582,0,07,000,00,2,3,15,B01
201200041583,0,02,000,00,2,1,01,A01
201200041583,0,07,000,00,2,1,09,B01
201200041584,0,31,000,00,2,1,01,A01
201200041584,0,07,000,00,2,3,09,B01
201200041584,0,07,000,00,2,2,09,C01
201200041585,0,07,000,00,2,6,16,B01
201200041585,0,07,000,00,2,2,01,A01
201200041586,0,07,000,00,0,1,02,A01
201200041586,0,07,000,00,0,4,02,C01
201200041586,0,07,000,00,0,4,02,B01
201200041587,0,07,000,00,2,1,01,B01
201200041587,0,07,000,00,2,1,15,A01
201200041588,0,33,000,12,0,0,00,A01
201200041589,0,33,000,00,2,4,09,A01
201200041589,0,07,000,00,2,1,02,B01
201200041590,0,07,000,00,2,3,15,A01
201200041590,0,30,000,00,2,7,17,B01
201200041591,0,07,000,00,1,3,15,A01
201200041592,0,01,000,00,1,1,01,A01
201200041593,0,07,000,00,2,3,01,B01
201200041593,0,31,000,00,2,5,01,A01
201200041594,0,07,000,00,1,3,09,A01
201200041595,0,37,001,00,2,8,01,B01
201200041595,0,02,000,00,2,7,01,A01
201200041596,0,30,000,00,2,1,01,B01
201200041596,0,07,000,00,2,6,10,A01
201200041597,0,07,000,00,2,4,02,B01
201200041597,0,07,000,00,2,1,02,A01
201200041597,0,07,000,00,2,4,02,C01
201200041598,0,07,000,00,2,1,01,A01
201200041598,0,10,000,00,2,1,15,C01
201200041598,0,07,000,00,2,1,16,B01
201200041599,0,37,001,00,1,2,07,A01
201200041600,0,01,000,00,2,1,01,B01
201200041600,0,20,000,00,2,1,19,A01
201200041601,0,01,000,01,0,1,21,A01
201200041602,0,07,000,00,2,8,10,A01
201200041602,0,02,000,00,2,1,01,B01
201200041603,0,07,000,00,1,2,01,A01
201200041604,0,10,000,00,2,0,12,C01
201200041604,0,07,000,00,2,1,02,A01
201200041604,0,32,000,00,2,4,02,B01
201200041605,0,07,000,00,2,3,15,A01
201200041605,0,31,000,00,2,7,03,B01
201200041606,0,01,000,00,2,1,01,A01
201200041606,0,07,000,00,2,7,01,B01
201200041607,0,30,000,00,1,2,01,A01
201200041608,0,07,000,00,1,4,04,A01
201200041609,0,07,000,00,2,4,02,B01
201200041609,0,07,000,00,2,1,02,A01
201200041609,0,07,000,00,2,4,02,C01
201200041609,0,10,000,00,2,1,16,D01
201200041610,0,33,000,00,0,4,00,B01
201200041610,0,07,000,00,2,1,02,A01
201200041611,0,10,000,00,2,1,01,B01
201200041611,0,07,000,00,2,7,15,A01
201200041612,0,07,000,00,2,1,01,B01
201200041612,0,07,000,00,2,3,01,A01
201200041613,0,07,000,00,2,3,22,B01
201200041613,0,01,000,01,0,1,01,A01
201200041614,0,10,000,00,2,5,21,A01
201200041614,0,02,000,00,2,8,01,B01
201200041615,0,07,000,00,2,3,21,A01
201200041615,0,07,000,00,0,4,02,B01
201200041616,1,30,000,00,1,1,01,Z01
201200041617,0,02,000,00,2,0,01,A01
201200041618,0,07,000,00,2,2,15,A01
201200041618,0,30,000,00,2,1,01,B01
201200041619,0,07,000,00,1,1,16,A01
201200041620,0,33,000,00,2,1,01,A01
201200041620,1,07,000,00,2,3,10,Z01
201200041621,0,30,000,00,2,8,01,A01
201200041621,1,07,000,00,2,0,00,Z01
201200041622,0,31,000,00,0,1,01,A01
201200041623,0,07,000,00,2,7,15,A01
201200041623,0,33,000,00,2,1,01,B01
201200041624,0,07,000,00,1,1,15,A01
201200041625,0,34,000,00,2,1,17,A01
201200041625,0,07,000,00,2,3,15,B01
201200041626,0,32,000,00,2,1,01,A01
201200041626,0,10,000,00,2,6,16,B01
201200041627,0,07,000,00,2,8,15,B01
201200041627,0,33,000,00,2,1,01,A01
201200041628,0,32,000,00,1,1,01,A01
201200041629,0,02,000,14,0,0,01,A01
201200041630,0,10,000,00,1,4,04,A01
201200041631,0,30,000,00,0,0,01,A01
201200041632,0,10,000,00,1,2,16,A01
201200041633,0,02,000,00,2,1,01,A01
201200041633,0,10,000,00,2,3,15,B01
201200041634,0,07,000,00,1,0,01,A01
201200041635,1,07,000,00,1,0,00,Z01
201200041636,0,07,000,00,2,5,14,A01
201200041636,0,30,000,00,2,8,14,B01
201200041637,0,07,000,00,2,3,15,A01
201200041637,0,32,000,00,2,1,17,B01
201200041638,1,07,000,00,1,1,15,Z01
201200041639,0,10,000,00,2,1,01,B01
201200041639,0,30,000,00,2,9,01,A01
201200041640,0,07,000,00,2,2,01,B01
201200041640,0,07,000,00,2,8,13,A01
201200041641,0,30,000,12,2,8,01,B01
201200041641,0,37,001,00,2,5,17,A01
201200041642,0,32,000,00,0,8,15,A01
201200041643,0,07,000,14,2,1,21,A01
201200041643,1,07,000,00,2,0,15,Z01
201200041644,0,07,000,09,2,3,01,B01
201200041644,0,07,000,00,2,1,15,A01