Num_Acc,senc,catv,occutc,obs,obsm,choc,manv,num_veh
201200042013,0,07,000,00,2,6,01,B01
201200042014,0,07,000,00,2,8,11,A01
201200042014,0,32,000,00,2,2,01,B01
201200042015,0,07,000,00,2,3,01,B01
201200042015,0,33,000,00,2,1,01,A01
201200042016,0,07,000,00,1,7,01,A01
201200042017,0,07,000,00,2,8,01,A01
201200042017,0,02,000,00,2,1,01,B01
201200042018,0,02,000,00,2,7,01,A01
201200042018,0,07,000,00,2,1,01,B01
201200042019,0,02,000,00,2,1,01,B01
201200042019,0,07,000,00,2,3,05,A01
201200042020,0,33,000,00,2,1,01,A01
201200042020,0,07,000,00,2,4,20,B01
201200042021,0,07,000,00,1,2,01,A01
201200042022,0,01,000,00,2,3,01,B01
201200042022,0,07,000,00,2,1,15,A01
201200042023,0,99,000,,0,0,00,A01
201200042024,0,37,001,00,2,2,01,B01
201200042024,0,07,000,00,2,7,01,A01
201200042025,0,07,000,00,2,7,01,B01
201200042025,0,30,000,00,2,8,09,A01
201200042026,0,32,000,00,2,1,01,B01
201200042026,0,07,000,00,2,2,10,A01
201200042027,0,07,000,00,2,1,02,A01
201200042027,0,10,000,00,2,4,01,B01
201200042028,0,07,000,00,1,1,01,A01
201200042029,0,07,000,00,1,3,01,A01
201200042030,0,32,000,00,1,5,01,A01
201200042031,0,07,000,00,0,8,01,B01
201200042031,0,07,000,00,2,1,01,A01
201200042032,0,30,000,00,2,1,01,A01
201200042032,0,07,000,00,2,6,01,B01
201200042033,0,07,000,00,1,7,01,A01
201200042034,0,07,000,00,2,1,02,A01
201200042034,0,33,000,00,2,4,02,B01
201200042035,0,07,000,00,1,3,01,A01
201200042036,0,31,000,00,0,0,01,A01
201200042037,0,20,000,00,2,3,01,A01
201200042037,0,07,000,00,2,1,01,B01
201200042038,0,07,000,00,2,0,15,A01
201200042038,0,33,000,00,2,0,01,B01
201200042039,1,07,000,00,1,1,01,Z01
201200042040,0,07,000,00,2,1,01,A01
201200042040,0,07,000,00,2,4,01,B01
201200042041,0,07,000,00,2,1,01,A01
201200042041,0,01,000,00,0,0,01,B01
201200042042,0,01,000,00,2,8,01,A01
201200042042,0,07,000,00,2,2,15,B01
201200042043,0,07,000,00,2,3,15,B01
201200042043,0,30,000,00,2,7,01,A01
201200042044,0,07,000,00,2,2,15,B01
201200042044,0,33,000,00,2,1,18,A01
201200042045,0,31,000,00,0,0,01,A01
201200042046,0,30,000,01,0,1,01,A01
201200042047,0,01,000,00,2,8,15,A01
201200042047,0,36,000,00,2,2,16,B01
201200042048,0,07,000,00,2,8,01,B01
201200042048,0,07,000,00,2,1,15,A01
201200042049,0,07,000,00,1,1,01,A01
201200042050,0,07,000,00,1,4,04,A01
201200042051,0,33,000,00,0,0,01,A01
201200042052,0,33,000,00,1,2,03,A01
201200042053,0,07,000,00,2,1,15,A01
201200042053,0,30,000,00,2,8,01,B01
201200042054,0,07,000,00,1,6,01,A01
201200042055,0,07,000,01,0,7,01,A01
201200042056,0,30,000,00,0,7,01,A01
201200042057,0,10,000,00,2,1,02,A01
201200042057,0,07,000,00,2,4,01,C01
201200042057,0,07,000,00,2,4,00,D01
201200042057,0,10,000,00,2,4,02,B01
201200042058,0,33,000,00,0,3,01,A01
201200042059,0,07,000,11,0,1,01,A01
201200042060,0,10,000,00,2,7,01,A01
201200042060,0,07,000,00,2,2,01,B01
201200042061,0,32,000,00,2,2,17,A01
201200042061,0,01,000,00,2,8,15,B01
201200042062,0,07,000,00,2,3,02,B01
201200042062,0,02,000,00,2,7,02,A01
201200042063,0,07,000,04,0,3,01,A01
201200042064,0,32,000,00,1,2,17,A01
201200042065,0,37,003,01,0,2,02,A01
201200042066,0,07,000,00,1,8,01,A01
201200042067,0,33,000,00,0,2,11,A01
201200042067,0,07,000,00,2,8,11,B01
201200042068,0,07,000,00,2,3,20,A01
201200042068,0,30,000,00,2,2,01,B01
201200042069,0,33,000,00,1,1,01,A01
201200042070,0,07,000,00,2,8,04,A01
201200042070,0,07,000,00,2,7,24,B01
201200042071,0,07,000,00,2,6,01,A01
201200042071,0,33,000,00,2,1,01,B01
201200042072,0,32,000,14,0,1,01,A01
201200042073,1,07,000,00,1,1,01,Z01
201200042074,0,07,000,00,1,1,15,A01
201200042075,0,37,001,00,1,1,01,A01
201200042076,0,07,000,00,1,2,01,A01
201200042077,0,07,000,00,1,1,15,A01
201200042078,0,07,000,00,1,1,15,A01
201200042079,0,33,000,00,2,6,01,B01
201200042079,0,07,000,01,2,1,15,A01
201200042080,0,07,000,00,2,1,01,A01
201200042080,0,30,000,00,0,8,01,B01
201200042081,0,07,000,00,2,1,02,A01
201200042081,0,07,000,00,2,4,15,B01
201200042082,0,33,000,00,2,1,17,A01
201200042082,0,07,000,00,2,3,15,B01
201200042083,0,07,000,00,1,3,15,A01
201200042084,0,10,000,00,2,8,15,B01
201200042084,0,33,000,01,2,7,17,A01
201200042085,0,31,000,00,2,1,03,A01
201200042085,0,07,000,00,2,5,15,B01
201200042086,0,07,000,00,1,1,01,A01
201200042087,0,37,001,00,1,3,16,A01
201200042088,0,31,000,00,2,1,01,A01
201200042088,0,07,000,00,2,8,15,B01
201200042089,0,30,000,00,2,0,02,B01
201200042089,1,07,000,00,2,0,15,Z01
201200042090,0,07,000,00,2,6,01,B01
201200042090,0,02,000,00,2,1,15,A01
201200042091,0,07,000,00,2,1,12,A01
201200042091,0,34,000,00,2,1,21,B01
201200042091,0,07,000,00,2,3,09,C01
201200042092,0,07,000,01,2,9,01,A01
201200042092,0,07,000,00,2,8,01,B01
201200042093,0,07,000,00,2,3,20,A01
201200042093,0,02,000,00,2,2,01,B01
201200042094,0,07,000,00,1,4,04,A01
201200042095,0,34,000,00,2,4,01,B01
201200042095,0,07,000,00,2,1,01,A01
201200042096,0,07,000,00,2,2,16,B01
201200042096,0,30,000,00,2,3,01,A01
201200042097,0,30,000,00,2,1,01,A01
201200042097,0,07,000,00,2,2,15,B01
201200042098,0,07,000,00,2,4,23,B01
201200042098,0,07,000,00,2,4,23,C01
201200042098,0,07,000,00,2,1,02,A01
201200042099,0,20,000,00,2,1,01,B01
201200042099,0,07,000,00,2,8,09,A01
201200042100,0,07,000,00,2,3,18,B01
201200042100,0,02,000,00,2,1,18,A01
201200042101,0,07,000,00,1,3,01,A01
201200042102,0,34,000,00,2,3,01,B01
201200042102,0,07,000,00,2,2,15,A01
201200042103,0,32,000,00,1,0,21,A01
201200042104,0,33,000,00,2,4,01,B01
201200042104,0,07,000,00,2,1,01,A01
201200042105,1,33,000,00,2,1,01,Z01
201200042105,0,02,000,00,2,8,15,A01
201200042106,0,07,000,00,2,8,11,A01
201200042106,0,31,000,00,2,7,01,B01
201200042107,0,33,000,00,2,1,01,B01
201200042107,0,07,000,00,2,8,15,A01
201200042108,0,33,000,11,2,1,17,A01
201200042108,0,07,000,00,2,3,01,B01
201200042109,1,07,000,00,1,5,04,Z01
201200042110,0,32,000,00,2,1,01,A01
201200042110,0,07,000,00,2,3,17,B01
201200042111,0,07,000,00,1,3,12,A01
201200042112,0,07,000,00,1,1,15,A01
201200042113,0,07,000,00,1,1,01,A01
201200042114,0,07,000,00,2,5,01,B01
201200042114,0,07,000,00,2,3,11,A01
201200042115,0,33,000,00,2,1,01,B01
201200042115,0,07,000,00,2,6,13,A01
201200042116,0,07,000,00,1,8,01,A01
201200042117,0,34,000,00,2,1,01,A01
201200042117,0,07,000,00,2,5,16,B01
201200042118,0,07,000,00,2,2,16,A01
201200042118,0,34,000,00,2,8,01,B01
201200042119,0,34,000,00,2,1,01,B01
201200042119,0,10,000,00,2,2,10,A01
201200042120,0,33,000,00,1,1,01,A01
201200042121,0,14,000,00,1,1,01,A01
201200042122,0,07,000,00,2,4,01,A01
201200042122,0,07,000,00,2,1,01,B01
201200042122,0,07,000,00,2,1,01,C01
201200042123,0,07,000,00,1,1,01,A01
201200042124,0,02,000,00,1,1,01,A01
201200042125,0,07,000,00,2,1,01,A01
201200042125,0,32,000,00,2,7,01,B01
201200042126,0,07,000,00,0,3,01,B01
201200042126,0,30,000,00,2,7,17,A01
201200042127,0,07,000,00,2,2,01,B01
201200042127,0,07,000,00,2,1,01,A01
201200042128,0,33,000,00,1,1,17,A01
201200042129,0,07,000,00,2,2,24,B01
201200042129,0,33,000,01,0,1,18,A01
201200042130,0,07,000,00,1,5,01,A01
201200042131,0,37,001,00,1,2,01,A01
201200042132,0,33,000,00,2,1,01,A01
201200042132,2,07,000,00,2,8,01,Z01
201200042133,0,07,000,00,2,7,01,B01
201200042133,0,30,000,00,2,1,15,A01
201200042134,0,07,000,00,2,4,15,A01
201200042134,0,32,000,00,2,0,01,B01
201200042135,2,10,000,00,2,1,02,A01
201200042135,0,07,000,00,2,4,23,C01
201200042135,0,07,000,00,2,4,23,B01
201200042136,0,30,000,00,2,1,17,B01
201200042136,0,10,000,00,2,3,10,A01
201200042137,0,10,000,00,1,3,15,A01
201200042138,0,32,000,14,0,8,17,A01
201200042138,0,07,000,14,0,3,23,B01
201200042139,0,33,000,00,2,2,00,B01
201200042139,0,07,000,00,0,3,15,A01
201200042140,0,07,000,00,2,4,23,B01
201200042140,0,10,000,00,2,4,23,C01
201200042140,0,07,000,00,2,1,02,A01
201200042141,0,10,000,00,2,4,02,A01
201200042141,0,07,000,00,0,4,02,B01
201200042142,0,02,000,01,2,1,03,A01
201200042142,0,07,000,00,2,5,23,B01
201200042143,0,33,000,00,0,0,00,B01
201200042143,0,33,000,00,2,3,00,A01
201200042144,1,99,000,00,0,0,00,Z01
201200042144,0,33,000,01,2,8,14,B01
201200042145,0,30,000,00,2,1,02,B01
201200042145,0,07,000,00,2,6,09,A01
201200042146,0,07,000,00,2,4,02,B01
201200042146,0,34,000,00,2,1,02,A01
201200042147,0,30,000,00,2,1,01,B01
201200042147,0,07,000,00,2,8,15,A01
201200042148,0,32,000,00,2,1,01,A01
201200042148,0,07,000,00,2,2,15,B01
201200042149,0,30,000,00,2,6,02,B01
201200042149,0,10,000,00,2,5,01,A01
201200042150,0,32,000,00,2,1,01,A01
201200042150,0,07,000,00,0,3,15,B01
201200042151,0,10,000,00,2,2,01,A01
201200042151,0,07,000,00,2,8,15,B01
201200042152,0,30,000,00,0,0,02,A01
201200042153,0,07,000,00,1,1,01,A01
201200042154,0,02,000,00,1,1,00,A01
201200042155,0,31,000,00,1,8,01,A01
201200042156,0,33,000,00,2,7,01,A01
201200042156,0,07,000,00,2,3,09,B01
201200042157,0,30,000,00,2,2,01,A01
201200042157,0,07,000,00,0,0,20,B01
201200042158,0,07,000,00,1,5,01,A01
201200042159,0,07,000,00,1,1,01,A01
201200042160,0,07,000,00,0,4,16,B01
201200042160,0,37,000,00,2,1,02,A01
201200042161,0,02,000,00,2,1,02,A01
201200042161,0,07,000,00,0,6,01,B01
201200042162,0,30,000,00,2,1,01,A01
201200042162,0,07,000,00,0,0,23,B01
201200042163,0,07,000,00,2,2,00,A01
201200042163,0,33,000,00,2,1,01,B01
201200042163,0,33,000,00,0,8,01,C01
201200042164,0,01,000,00,0,8,15,B01
201200042164,0,07,000,00,2,1,01,A01
201200042165,0,07,000,00,2,1,15,A01
201200042165,0,30,000,00,0,8,01,B01
201200042166,0,07,000,00,1,1,01,A01
201200042167,0,07,000,00,2,2,17,A01
201200042167,0,33,000,00,2,7,02,B01
201200042168,0,31,000,00,2,5,17,A01
201200042168,0,10,000,00,0,8,01,C01
201200042168,0,10,000,00,0,8,20,B01
201200042169,0,33,000,00,2,1,01,A01
201200042169,0,07,000,00,0,7,20,B01
201200042170,0,07,000,00,0,2,19,A01
201200042170,0,32,000,00,2,1,01,B01
201200042171,0,07,000,00,1,3,15,A01
201200042172,0,07,000,00,0,4,23,A01
201200042172,0,32,000,01,0,1,18,B01
201200042173,0,30,000,09,2,1,01,A01
201200042173,0,30,000,00,0,4,16,B01
201200042174,0,17,000,00,2,1,01,B01
201200042174,0,30,000,00,0,4,09,A01
201200042175,0,02,000,00,1,1,01,A01
201200042176,0,07,000,00,2,0,16,A01
201200042176,0,30,000,00,2,0,16,B01
201200042177,0,07,000,00,0,7,00,B01
201200042177,0,30,000,00,2,7,00,A01
201200042178,0,07,000,00,1,1,15,A01
201200042179,0,07,000,00,2,1,09,B01
201200042179,0,30,000,00,2,0,02,A01
201200042180,0,07,000,00,0,4,02,B01
201200042180,0,33,000,00,2,1,02,A01
201200042181,0,07,000,00,1,1,00,A01
201200042182,0,07,000,00,0,4,00,B01
201200042182,0,07,000,00,2,1,02,A01
201200042183,0,30,000,00,1,1,21,A01
201200042184,0,33,000,00,1,1,00,A01
201200042185,0,34,000,00,2,4,01,B01
201200042185,0,07,000,00,2,1,02,A01
201200042186,0,07,000,00,1,1,01,A01
201200042187,0,07,000,00,1,1,21,A01
201200042188,0,32,000,00,2,3,21,B01
201200042188,0,07,000,00,2,7,00,A01
201200042189,0,07,000,00,2,1,15,A01
201200042189,0,30,000,00,2,8,00,B01
201200042190,0,07,000,00,2,4,00,B01
201200042190,1,07,000,00,0,0,00,A01
201200042191,0,07,000,00,2,1,01,A01
201200042191,0,07,000,00,2,4,02,B01
201200042192,0,07,000,00,1,1,21,A01
201200042193,0,07,000,00,2,8,11,A01
201200042193,0,30,000,00,2,7,01,B01
201200042194,0,37,040,00,1,3,01,A01
201200042195,0,07,000,00,2,4,01,B01
201200042195,0,07,000,00,2,4,01,C01
201200042195,0,13,000,00,2,1,00,A01
201200042196,0,32,000,00,2,8,21,B01
201200042196,0,07,000,00,2,3,00,A01
201200042197,0,07,000,00,1,4,04,A01
201200042198,0,07,000,00,0,3,15,A01
201200042198,0,07,000,00,2,2,15,B01
201200042199,0,07,000,00,9,2,21,B01
201200042199,0,34,000,00,0,0,00,A01
201200042200,0,34,000,00,2,0,00,A01
201200042200,0,07,000,00,2,0,00,B01
201200042201,0,01,000,00,2,3,00,B01
201200042201,0,07,000,00,0,2,00,A01
201200042202,0,07,000,00,1,1,01,A01
201200042203,0,03,000,00,1,0,00,A01
201200042204,0,07,000,00,1,1,21,A01
201200042205,0,07,000,00,1,4,04,A01
201200042206,0,07,000,00,1,1,01,A01
201200042207,0,07,000,00,2,5,00,B01
201200042207,0,33,000,00,2,1,01,A01
201200042208,0,33,000,00,2,8,00,B01
201200042208,0,07,000,00,2,1,15,A01
201200042209,0,07,000,00,2,2,15,A01
201200042209,0,31,000,00,2,3,01,B01
201200042210,1,07,000,00,1,0,04,A01
201200042211,0,33,000,00,2,7,01,A01
201200042211,0,07,000,00,2,6,00,B01
201200042212,0,31,000,00,2,7,01,B01
201200042213,0,07,000,00,2,3,00,B01
201200042213,0,07,000,00,2,3,00,A01
201200042214,1,07,000,00,0,0,00,A01
201200042215,0,07,000,00,2,3,21,B01
201200042215,0,07,000,00,2,1,15,A01
201200042216,2,34,000,00,2,1,00,A01
201200042216,0,30,000,00,2,8,00,B01
201200042217,0,32,000,00,1,1,00,A01
201200042218,0,07,000,00,1,2,21,A01
201200042219,0,10,000,00,0,4,02,B01
201200042219,0,30,000,04,2,4,02,A01
201200042220,0,01,000,00,2,1,21,B01
201200042220,0,07,000,00,2,5,15,A01
201200042221,0,07,000,00,2,7,20,A01
201200042221,0,01,000,00,2,0,02,B01
201200042222,0,07,000,00,2,3,02,B01
201200042222,0,07,000,00,2,8,02,A01
201200042223,0,07,000,00,2,8,22,A01
201200042223,0,31,000,01,0,7,02,B01
201200042224,0,07,000,00,2,3,00,B01
201200042224,0,30,000,00,2,2,00,A01
201200042225,0,07,000,00,2,8,02,A01
201200042225,0,07,000,00,2,1,02,B01
201200042226,0,33,000,00,0,1,00,A01
201200042227,0,31,000,00,2,0,00,B02
201200042227,0,37,001,00,2,8,00,A01
201200042228,0,07,000,00,2,1,00,A01
201200042228,0,07,000,00,2,4,00,B01
201200042229,0,07,000,00,4,3,01,A01
201200042229,0,40,000,00,2,0,01,B01
201200042230,0,03,000,00,0,0,00,A01
201200042231,0,07,000,00,0,0,00,A01
201200042231,0,31,000,00,0,0,00,D01
201200042231,0,07,000,00,0,0,00,C01
201200042231,0,07,000,01,0,0,00,B01
201200042231,0,07,000,00,0,0,00,E01
201200042232,0,33,000,00,2,1,00,A01
201200042233,0,07,000,00,2,7,00,A01
201200042233,0,07,000,00,2,1,01,B01
201200042234,0,07,000,00,2,1,01,A01
201200042234,0,07,000,00,2,7,01,B01
201200042235,0,32,000,00,2,1,02,B01
201200042235,0,07,000,00,2,7,00,A01
201200042236,1,07,000,00,1,1,01,A01
201200042237,0,07,000,00,1,3,02,A01
201200042238,0,33,000,00,1,1,01,A01
201200042239,0,01,000,00,1,1,05,A01
201200042240,0,37,000,00,1,1,16,A01
201200042241,0,07,000,00,2,5,16,A01
201200042241,0,07,000,00,2,2,01,B01
201200042242,0,01,000,00,0,0,02,A01
201200042243,0,32,000,00,1,1,01,A01
201200042244,0,32,000,00,0,0,01,A01
201200042245,0,07,000,00,2,6,01,B01
201200042245,0,32,000,00,2,1,02,A01
201200042246,0,32,000,00,1,1,01,A01
201200042247,0,07,000,00,1,3,01,A01
201200042248,0,07,000,00,2,1,05,A01
201200042248,0,07,000,00,2,1,01,B01
201200042249,0,38,001,00,1,3,15,A01
201200042250,0,07,000,00,2,1,15,A01
201200042250,0,31,000,00,2,9,01,B01
201200042251,0,31,000,00,2,1,13,A01
201200042251,0,02,000,00,2,8,01,B01
201200042252,0,07,000,00,2,1,05,A01
201200042252,0,10,000,00,2,1,01,B01
201200042253,0,07,000,00,2,1,15,A01
201200042253,0,10,000,00,2,1,01,B01
201200042254,0,07,000,00,2,1,01,B01
201200042254,0,02,000,00,2,1,15,A01
201200042255,0,07,000,00,2,6,23,B01
201200042255,0,07,000,00,2,2,13,A01
201200042255,0,07,000,00,2,4,23,C01
201200042256,0,07,000,00,2,4,01,B01
201200042256,0,07,000,00,2,1,01,A01
201200042257,0,07,000,01,2,8,13,A01
201200042257,0,02,000,00,2,8,01,B01
201200042258,0,07,000,00,2,7,15,A01
201200042258,0,33,000,00,2,1,01,B01
201200042259,0,31,000,01,0,1,09,A01
201200042259,0,07,000,00,2,4,01,B01
201200042260,0,07,000,00,2,4,23,B01
201200042260,0,33,000,00,2,1,02,A01
201200042261,0,33,000,01,0,8,18,B01
201200042261,0,07,000,00,0,7,24,A01
201200042262,0,07,000,00,2,4,02,A01
201200042262,0,32,000,00,2,4,23,B01
201200042263,0,32,000,00,2,6,02,A01
201200042263,0,07,000,00,2,2,23,B01
201200042264,0,07,000,00,2,0,16,A01
201200042264,0,31,000,00,2,0,01,B01
201200042265,0,31,000,00,2,1,01,A01
201200042265,0,07,000,00,2,3,16,B01
201200042266,0,33,000,00,2,1,01,B01
201200042266,0,07,000,00,2,7,15,A01
201200042267,0,30,000,00,2,1,01,B01
201200042267,0,07,000,00,2,2,15,A01
201200042268,0,31,000,00,2,9,03,B01
201200042268,0,07,000,00,2,5,01,A01
201200042268,0,10,000,00,2,8,01,C01
201200042269,0,33,000,00,2,3,16,B01
201200042269,0,07,000,00,2,3,01,A01
201200042270,0,07,000,00,1,0,15,A01
201200042271,0,30,000,00,2,7,01,B01
201200042271,0,13,000,00,2,1,15,A01
201200042272,0,31,000,00,0,6,01,A01
201200042273,0,32,000,01,0,1,17,A01
201200042274,0,01,000,00,1,1,01,A01
201200042275,0,01,000,01,0,9,01,B01
201200042275,0,07,000,00,2,8,24,A01
201200042276,0,10,000,00,0,2,13,A01
201200042276,0,30,000,00,2,1,01,B01
201200042277,0,07,000,00,2,3,15,A01
201200042277,0,02,000,00,2,1,01,B01
201200042278,0,07,000,00,1,7,01,A01
201200042279,0,30,000,00,2,1,01,B01
201200042279,0,30,000,00,2,2,15,A01
201200042280,0,07,000,00,1,1,01,A01
201200042281,0,07,000,00,2,4,01,B01
201200042281,0,07,000,00,2,1,02,A01
201200042281,0,07,000,00,2,4,01,C01
201200042282,0,07,000,00,1,1,01,A01
201200042282,0,07,000,00,2,4,23,B01
201200042283,0,07,000,00,2,1,01,A01
201200042283,0,07,000,00,2,4,01,B01
201200042284,0,32,000,00,2,3,00,B01
201200042284,0,07,000,00,2,2,09,A01
201200042285,0,33,000,00,2,1,00,A01
201200042285,0,07,000,00,2,3,01,B01
201200042286,0,34,000,00,2,4,02,A01
201200042286,0,07,000,00,2,4,02,B01
201200042287,0,15,000,00,2,8,01,A01
201200042287,0,15,000,00,2,4,01,B01
201200042288,0,07,000,00,1,0,16,A01
201200042289,0,02,000,00,2,1,01,B01
201200042289,0,07,000,00,2,3,15,A01
201200042290,0,07,000,00,2,1,02,A01
201200042290,0,07,000,00,2,4,23,B01
201200042290,0,07,000,00,2,4,23,C01
201200042290,0,07,000,00,2,4,23,D01
201200042291,0,02,000,00,0,7,01,A01
201200042292,0,03,000,00,2,7,11,A01
201200042292,0,07,000,00,2,8,01,B01
201200042293,0,32,000,01,0,2,09,A01
201200042294,0,07,000,08,0,1,21,A01
201200042295,0,07,000,00,2,4,02,A01
201200042295,0,07,000,00,2,4,23,B01
201200042296,0,01,000,00,2,8,02,B01
201200042296,1,07,000,00,2,7,02,A01
201200042297,0,07,000,00,0,4,01,A01
201200042297,0,02,000,00,2,1,01,B01
201200042298,0,31,000,00,2,3,02,A01
201200042299,0,02,000,00,2,8,15,A01
201200042299,0,02,000,00,2,1,01,B01
201200042300,0,07,000,00,2,7,16,B01
201200042300,0,02,000,00,2,1,07,A01
201200042301,0,07,000,01,0,1,15,A01
201200042302,0,07,000,00,0,0,15,A01
201200042302,0,33,000,00,2,0,01,B01
201200042303,0,10,000,00,2,5,01,B01
201200042303,0,10,000,00,2,5,01,C01
201200042303,0,33,000,00,2,9,03,A01
201200042304,0,07,000,00,0,1,24,C01
201200042304,0,07,000,00,2,6,01,B01
201200042304,0,32,000,05,0,1,17,A01
201200042305,0,07,000,00,1,1,03,A01
201200042306,0,33,000,00,2,8,09,A01
201200042306,0,07,000,00,2,8,01,B01
201200042307,0,34,000,00,0,0,11,A01
201200042308,2,07,000,00,1,3,19,A01
201200042309,0,13,000,00,2,2,09,A01
201200042309,0,07,000,00,0,8,09,B01
201200042310,0,33,000,00,0,7,21,A01
201200042311,0,32,000,00,2,7,21,A01
201200042312,0,30,000,00,0,8,16,A01
201200042313,0,07,000,00,2,4,02,B01
201200042313,0,33,000,00,2,1,02,A01
201200042314,0,07,000,00,2,5,02,B01
201200042314,0,30,000,00,2,5,02,A01
201200042315,0,01,000,00,0,8,02,B01
201200042315,0,10,000,00,0,7,02,A01
201200042316,0,33,000,00,2,2,17,A01
201200042316,0,07,000,00,2,3,15,B01
201200042317,1,30,000,00,1,1,00,Z01
201200042318,0,07,000,00,2,2,10,A01
201200042318,0,32,000,00,2,3,01,B01
201200042319,0,07,000,00,1,4,04,A01
201200042320,0,33,000,00,2,1,02,B01
201200042320,0,07,000,00,0,2,15,A01
201200042321,0,01,000,00,0,0,01,A01
201200042322,0,02,000,00,2,2,17,A01
201200042322,0,07,000,00,0,3,15,B01
201200042323,0,07,000,00,0,3,16,A01
201200042323,0,30,000,00,2,1,02,B01
201200042324,0,10,000,00,0,0,23,B01
201200042324,0,32,000,00,9,8,21,A01
201200042325,0,33,000,00,2,1,01,B01
201200042325,0,07,000,00,2,2,10,A01
201200042326,0,07,000,00,2,2,09,A01
201200042326,0,07,000,00,2,4,01,B01
201200042327,0,07,000,00,0,6,02,B01
201200042327,0,30,000,00,2,1,02,A01
201200042328,0,01,000,00,2,1,01,A01
201200042328,0,07,000,00,2,3,02,B01
201200042329,0,10,000,00,1,1,01,A01
201200042330,0,01,000,00,9,1,01,B01
201200042330,0,33,000,00,9,2,15,A01
201200042331,0,31,000,14,0,7,01,A01
201200042332,0,30,000,00,2,1,01,A01
201200042332,0,07,000,00,2,6,01,B01
201200042333,1,10,000,00,0,8,02,B01
201200042333,0,33,000,00,0,2,12,A01
201200042334,0,30,000,00,0,8,02,A01
201200042335,0,07,000,00,1,7,01,A01
201200042336,0,07,000,00,2,6,15,A01
201200042336,0,02,000,00,2,7,01,B01
201200042337,0,07,000,01,0,2,14,A01
201200042338,0,32,000,00,1,1,02,A01
201200042339,0,07,000,00,2,1,01,A01
201200042339,0,07,000,08,2,9,01,B01
201200042340,0,07,000,00,2,1,01,A01
201200042340,0,07,000,00,0,4,23,B01
201200042341,0,01,000,15,0,0,01,A01
201200042342,0,31,000,00,2,1,01,B01
201200042342,0,07,000,00,2,4,15,A01
201200042343,0,30,000,00,0,8,01,A01
201200042344,0,07,000,00,0,4,09,B01
201200042344,1,07,000,00,2,1,02,A01
201200042345,0,01,000,00,2,3,01,B01
201200042345,0,07,000,00,9,7,17,A01
201200042346,0,07,000,00,0,8,15,A01
201200042346,0,30,000,00,2,1,17,B01
201200042347,0,30,000,00,2,8,01,B01
201200042347,1,10,000,00,2,2,00,Z01
201200042348,0,07,000,00,9,1,02,A01
201200042348,0,01,000,00,0,4,02,B01
201200042349,0,07,000,00,1,1,16,A01
201200042350,0,07,000,00,2,7,12,A01
201200042350,0,34,000,00,2,3,03,B01
201200042351,0,07,000,00,2,5,00,A01
201200042351,0,30,000,00,2,1,01,B01
201200042352,0,33,000,01,0,0,01,A01
201200042353,0,07,000,00,0,0,21,C01
201200042353,0,31,000,00,0,0,21,D01
201200042353,0,07,000,00,0,0,22,A01
201200042353,0,01,000,00,0,0,21,B01
201200042354,0,32,000,00,2,1,01,A01
201200042354,0,07,000,00,2,7,15,B01
201200042355,0,33,000,00,2,1,01,B01
201200042355,0,07,000,00,2,4,15,A01
201200042356,0,07,000,00,2,1,01,A01
201200042356,0,32,000,00,2,4,01,B01
201200042356,0,07,000,00,2,4,01,C01
201200042357,0,07,000,00,2,2,01,A01
201200042357,0,01,000,00,2,1,19,B01
201200042358,0,30,000,09,0,1,21,A01
201200042358,0,07,000,00,0,0,15,B01
201200042359,0,07,000,00,2,8,15,A01
201200042359,0,31,000,00,2,5,17,B01
201200042360,0,10,000,00,1,1,01,A01
201200042361,0,01,000,00,1,2,01,A01
201200042362,0,10,000,00,1,3,15,A01
201200042363,0,02,000,00,2,1,01,A01
201200042363,0,07,000,00,2,7,01,B01
201200042364,0,33,000,00,2,1,01,A01
201200042364,0,07,000,00,2,3,01,B01
201200042365,0,07,000,00,2,4,23,C01
201200042365,0,07,000,00,2,4,23,B01
201200042365,0,07,000,00,2,1,01,A01
201200042366,0,07,000,00,2,3,01,A01
201200042366,0,01,000,00,2,1,01,B01
201200042367,0,32,000,00,2,1,01,A01
201200042367,0,07,000,00,2,7,01,B01
201200042368,0,30,000,00,2,4,15,B01
201200042368,0,07,000,00,2,1,15,A01
201200042369,0,07,000,00,1,2,01,A01
201200042370,0,07,000,00,2,7,22,A01
201200042370,0,01,000,00,2,1,18,B01
201200042371,0,07,000,00,2,7,09,B01
201200042371,0,33,000,00,2,1,01,A01
201200042372,0,37,030,00,1,1,01,A01
201200042373,0,32,000,00,2,1,01,B01
201200042373,0,07,000,00,2,2,01,A01
201200042374,0,07,000,00,2,5,12,B01
201200042374,0,32,000,00,2,1,16,A01
201200042375,0,07,000,00,0,0,15,A01
201200042375,0,30,000,00,0,7,01,B01
201200042376,0,07,000,00,1,1,01,A01
201200042377,0,07,000,00,2,1,01,B01
201200042377,0,07,000,00,2,3,01,A01
201200042378,0,32,000,00,2,1,17,A01
201200042378,0,07,000,00,2,8,15,B01
201200042379,0,01,000,01,0,2,01,B01
201200042379,0,07,000,00,2,8,22,A01
201200042380,0,01,000,00,1,1,01,A01
201200042381,0,07,000,00,2,8,01,B01
201200042381,0,01,000,00,2,1,01,A01
201200042382,0,01,000,00,2,1,05,B01
201200042382,0,33,000,00,2,7,15,A01
201200042383,1,31,000,00,1,1,01,Z01
201200042384,0,10,000,00,2,8,15,B01
201200042384,0,31,000,00,2,2,17,A01