Num_Acc,senc,catv,occutc,obs,obsm,choc,manv,num_veh
201200043135,0,07,000,00,2,2,01,B01
201200043135,0,30,000,00,2,8,01,A01
201200043136,0,07,000,00,2,0,01,A01
201200043136,0,30,000,00,2,7,01,B01
201200043137,0,33,000,00,2,3,18,B01
201200043137,0,07,000,00,2,2,23,A01
201200043138,0,33,000,00,2,8,01,B01
201200043138,0,07,000,00,2,2,15,A01
201200043139,0,01,000,00,2,8,01,A01
201200043139,0,07,000,00,2,2,09,B01
201200043140,0,07,000,00,2,1,01,A01
201200043140,0,07,000,00,2,4,01,B01
201200043140,0,07,000,00,2,4,01,C01
201200043141,0,07,000,00,2,3,15,B01
201200043141,0,30,000,01,2,1,13,A01
201200043142,0,07,000,00,2,1,01,A01
201200043142,0,07,000,00,2,3,01,B01
201200043143,0,07,000,00,1,3,01,A01
201200043144,0,01,000,00,1,1,00,A01
201200043145,0,33,000,00,2,1,02,B01
201200043145,0,07,000,00,2,4,00,A01
201200043146,0,07,000,00,2,3,05,B01
201200043146,0,30,000,00,2,2,01,A01
201200043147,0,01,000,01,1,0,01,A01
201200043148,0,07,000,00,1,1,00,A01
201200043149,0,07,000,00,2,5,16,B01
201200043149,0,33,000,00,2,1,07,A01
201200043150,0,31,000,00,2,9,15,B01
201200043150,0,07,000,00,2,3,01,A01
201200043151,0,07,000,00,2,8,00,B01
201200043151,0,07,000,00,2,2,00,A01
201200043152,0,07,000,00,1,1,15,A01
201200043153,0,01,000,00,2,9,17,B01
201200043153,0,01,000,00,2,9,17,C01
201200043153,0,38,000,00,2,8,07,A01
201200043154,0,02,000,00,2,1,01,B01
201200043154,0,07,000,00,2,1,15,A01
201200043155,0,32,000,00,2,7,02,B01
201200043155,0,07,000,00,2,2,19,A01
201200043156,0,10,000,00,9,3,22,A01
201200043156,0,01,000,01,0,1,21,B01
201200043157,0,01,000,00,2,1,02,A01
201200043157,0,07,000,00,9,4,23,B01
201200043158,0,07,000,00,2,2,11,A01
201200043158,0,33,000,00,2,4,00,B01
201200043159,0,32,000,00,2,4,02,A01
201200043159,0,33,000,00,2,1,00,B01
201200043160,0,33,000,00,2,1,12,A01
201200043160,0,07,000,00,2,6,01,B01
201200043161,0,07,000,00,2,1,02,A01
201200043161,0,07,000,00,2,4,02,B01
201200043162,0,07,000,00,2,0,16,A01
201200043162,0,07,000,00,2,1,00,B01
201200043163,0,30,000,00,2,7,02,A01
201200043163,1,07,000,00,0,0,00,B01
201200043164,0,33,000,00,2,1,17,A01
201200043164,0,07,000,00,2,3,15,B01
201200043165,0,02,000,00,2,1,01,B01
201200043165,0,07,000,00,2,2,16,A01
201200043166,0,07,000,00,1,3,02,A01
201200043167,0,07,000,00,2,8,23,C01
201200043167,0,07,000,00,2,4,23,B01
201200043167,0,33,000,00,2,1,17,A01
201200043168,0,33,000,00,0,8,21,A01
201200043169,0,30,000,00,0,8,21,A01
201200043170,0,07,000,00,0,0,16,A01
201200043171,0,07,000,00,1,8,01,A01
201200043172,0,07,000,00,2,4,09,B01
201200043172,0,07,000,00,2,1,02,A01
201200043173,0,07,000,00,2,3,10,A01
201200043173,0,33,000,00,2,1,01,B01
201200043174,0,07,000,00,1,2,11,A01
201200043175,0,07,000,00,2,2,14,B01
201200043175,0,30,000,00,2,1,02,A01
201200043176,0,33,000,00,2,1,02,B01
201200043176,0,07,000,00,2,4,10,A01
201200043177,0,07,000,00,9,9,02,A01
201200043178,1,07,000,00,2,1,14,A01
201200043178,0,07,000,00,2,8,01,B01
201200043179,0,32,000,00,1,1,01,A01
201200043180,0,10,000,00,1,1,17,A01
201200043181,0,34,000,00,2,1,02,A01
201200043181,0,07,000,00,2,4,01,B01
201200043182,0,33,000,00,0,1,01,A01
201200043183,0,37,000,00,0,0,00,A01
201200043184,0,30,000,00,0,8,01,A01
201200043185,0,32,000,00,0,8,15,A01
201200043186,0,32,000,00,2,4,02,B01
201200043186,0,32,000,00,2,1,02,A01
201200043187,0,33,000,00,2,4,02,B01
201200043187,0,07,000,00,2,1,02,A01
201200043188,1,07,000,00,1,1,15,A01
201200043189,0,07,000,00,0,4,00,B01
201200043189,0,02,000,01,0,1,01,A01
201200043190,0,07,000,00,1,3,01,A01
201200043191,0,13,000,00,0,4,00,C01
201200043191,0,07,000,01,0,1,00,A01
201200043191,0,07,000,01,0,4,02,B01
201200043192,0,07,000,00,2,4,23,B01
201200043192,0,14,000,00,2,1,02,A01
201200043193,0,07,000,00,1,2,16,A01
201200043194,0,32,000,00,1,1,01,A01
201200043195,0,34,000,00,2,1,01,B01
201200043195,0,07,000,00,2,8,09,A01
201200043196,0,07,000,00,2,6,00,A01
201200043196,0,01,000,00,2,1,00,B01
201200043197,0,07,000,00,2,1,02,A01
201200043197,0,07,000,00,2,4,02,B01
201200043198,0,37,001,00,2,6,23,B01
201200043198,0,02,000,00,2,1,02,A01
201200043199,0,07,000,00,2,2,15,A01
201200043199,0,30,000,00,2,1,01,B01
201200043200,0,01,000,00,2,8,00,A01
201200043200,0,10,000,00,2,2,00,B01
201200043201,0,07,000,00,1,1,01,A01
201200043202,0,07,000,00,2,1,02,A01
201200043202,0,07,000,00,2,4,02,B01
201200043202,0,07,000,00,2,4,23,C01
201200043203,0,07,000,00,2,1,15,A01
201200043203,0,32,000,00,2,1,01,B01
201200043204,0,02,000,00,2,1,01,B01
201200043204,0,07,000,00,2,3,15,A01
201200043205,0,02,000,00,2,1,02,A01
201200043205,0,07,000,00,2,4,01,B01
201200043206,0,07,000,00,1,2,01,A01
201200043207,0,07,000,00,0,8,00,B01
201200043207,0,33,000,01,0,2,00,A01
201200043208,0,07,000,00,2,1,01,A01
201200043208,0,07,000,00,2,3,01,B01
201200043209,0,07,000,00,2,4,02,B01
201200043209,0,07,000,00,2,1,02,A01
201200043210,0,10,000,00,2,7,01,A01
201200043210,0,01,000,00,2,8,13,B01
201200043211,0,30,000,01,0,8,01,A01
201200043212,0,14,000,00,2,2,01,A01
201200043212,0,07,000,06,2,6,00,B01
201200043213,0,07,000,00,2,3,15,A01
201200043213,0,30,000,08,2,7,02,B01
201200043214,0,07,000,00,2,3,09,A01
201200043214,0,33,000,00,2,1,01,B01
201200043215,0,07,000,00,0,4,02,B01
201200043215,0,07,000,01,0,1,02,A01
201200043216,0,30,000,00,2,3,01,A01
201200043216,0,07,000,00,2,2,16,B01
201200043217,0,10,000,06,0,1,01,A01
201200043218,0,33,000,00,2,7,15,A01
201200043218,0,07,000,00,2,8,15,B01
201200043219,0,07,000,01,0,1,01,A01
201200043219,0,07,000,01,0,4,02,B01
201200043219,0,07,000,00,0,4,02,C01
201200043220,0,07,000,07,0,1,01,A01
201200043221,0,07,000,00,2,1,02,B01
201200043221,0,07,000,00,0,4,23,A01
201200043222,0,07,000,00,1,2,02,A01
201200043223,0,02,000,01,0,1,01,A01
201200043223,0,07,000,00,0,3,02,B01
201200043224,0,07,000,00,2,3,15,B01
201200043224,0,31,000,00,2,1,01,A01
201200043225,0,33,000,01,0,1,01,A01
201200043225,0,07,000,00,2,3,02,B01
201200043226,0,07,000,00,1,7,17,A01
201200043227,0,32,000,08,2,3,01,B01
201200043227,0,07,000,00,2,2,15,A01
201200043228,0,33,000,00,2,1,02,C01
201200043228,0,07,000,00,0,4,02,A01
201200043228,0,07,000,00,2,1,02,B01
201200043229,0,07,000,00,1,1,01,A01
201200043230,0,34,000,00,2,1,01,B01
201200043230,0,07,000,00,2,2,15,A01
201200043231,0,07,000,00,2,4,02,B01
201200043231,0,10,000,00,2,1,02,A01
201200043232,0,30,000,00,0,4,23,A01
201200043232,0,30,000,00,2,1,02,B01
201200043233,0,07,000,00,0,7,23,A01
201200043233,0,02,000,00,2,2,03,B01
201200043234,0,07,000,00,2,1,01,B01
201200043234,0,07,000,00,2,1,15,A01
201200043235,0,30,000,01,0,1,01,A01
201200043235,0,07,000,00,2,8,24,B01
201200043236,0,07,000,00,2,3,15,A01
201200043236,0,02,000,00,2,7,17,B01
201200043237,0,07,000,00,2,3,15,A01
201200043237,0,33,000,00,2,1,01,B01
201200043238,0,02,000,01,2,1,01,B01
201200043238,0,10,000,00,2,3,01,A01
201200043239,0,33,000,00,2,1,01,B01
201200043239,0,07,000,00,2,2,15,A01
201200043240,0,07,000,00,1,1,09,A01
201200043241,0,07,000,00,2,5,15,B01
201200043241,0,33,000,00,2,1,01,A01
201200043242,0,07,000,00,1,1,01,A01
201200043243,0,07,000,00,2,3,09,B01
201200043243,0,02,000,00,2,1,01,A01
201200043244,0,07,000,00,2,8,10,B01
201200043244,0,31,000,00,2,2,01,A01
201200043245,0,07,000,01,0,1,01,B01
201200043246,0,31,000,00,2,1,17,A01
201200043246,0,07,000,00,2,3,15,B01
201200043247,0,34,000,00,2,7,01,B01
201200043247,0,10,000,00,2,1,15,A01
201200043248,0,34,000,00,2,7,01,A01
201200043248,0,07,000,00,2,3,15,B01
201200043249,0,02,000,00,2,1,02,A01
201200043249,0,07,000,00,2,8,10,B01
201200043250,0,02,000,00,0,8,21,A01
201200043251,0,33,000,00,0,8,01,B01
201200043251,0,07,000,00,2,0,15,A01
201200043252,0,07,000,00,1,2,15,A01
201200043253,0,07,000,00,0,3,24,C01
201200043253,0,07,000,01,0,1,01,A01
201200043253,0,07,000,01,0,5,24,B01
201200043254,0,07,000,00,1,1,15,A01
201200043255,0,02,000,09,0,1,01,A01
201200043256,0,32,000,00,0,8,15,A01
201200043257,0,02,000,00,0,0,15,A01
201200043258,0,07,000,00,2,2,01,B01
201200043258,0,07,000,00,2,3,01,A01
201200043259,0,01,000,06,0,1,21,A01
201200043260,0,30,000,00,0,8,15,A01
201200043261,0,07,000,00,2,2,20,A01
201200043261,0,30,000,00,2,1,01,B01
201200043262,0,07,000,02,0,1,14,A01
201200043263,0,07,000,00,1,1,01,A01
201200043264,0,33,000,00,0,5,01,A01
201200043265,0,34,000,00,2,3,09,A01
201200043265,0,01,000,00,2,5,01,B01
201200043266,1,07,000,00,2,7,17,B01
201200043266,0,30,000,00,2,1,15,A01
201200043267,0,01,000,00,0,0,01,A01
201200043268,0,31,000,00,2,1,01,B01
201200043268,0,10,000,00,2,3,09,A01
201200043269,0,07,000,00,2,1,15,A01
201200043269,0,33,000,00,2,1,01,B01
201200043270,0,07,000,00,2,1,02,A01
201200043270,0,07,000,00,0,4,23,B01
201200043271,0,31,000,00,0,0,01,A01
201200043272,0,07,000,00,2,1,10,A01
201200043272,0,02,000,00,2,1,02,B01
201200043273,0,07,000,00,2,4,23,B01
201200043273,0,02,000,00,2,1,02,A01
201200043274,0,30,000,00,2,6,02,B01
201200043274,1,07,000,00,2,1,05,Z01
201200043275,0,32,000,00,0,8,01,A01
201200043276,0,33,000,00,1,1,21,A01
201200043277,0,02,000,00,0,0,02,A01
201200043278,0,07,000,00,1,4,04,A01
201200043279,0,07,000,00,2,3,01,B01
201200043279,0,32,000,00,2,1,13,A01
201200043280,0,07,000,00,2,2,24,B01
201200043280,1,07,000,01,0,2,00,Z01
201200043281,0,07,000,06,0,1,16,A01
201200043282,0,10,000,00,2,1,02,A01
201200043282,0,07,000,00,2,4,02,C01
201200043282,0,07,000,00,2,5,02,B01
201200043283,0,33,000,00,2,0,01,B01
201200043283,0,07,000,00,2,8,11,A01
201200043284,0,33,000,00,2,7,01,A01
201200043284,0,07,000,00,2,1,15,B01
201200043285,0,31,000,00,2,7,17,A01
201200043285,0,07,000,00,2,3,15,B01
201200043286,0,07,000,00,2,1,01,B01
201200043286,0,07,000,00,2,5,15,A01
201200043287,0,07,000,00,2,6,02,B01
201200043287,0,07,000,00,2,1,02,A01
201200043288,0,02,000,00,2,1,01,B01
201200043288,0,07,000,00,2,2,15,A01
201200043289,0,30,000,00,2,1,01,B01
201200043289,0,07,000,00,2,2,15,A01
201200043290,0,33,000,15,2,4,02,A01
201200043290,0,33,000,00,2,1,02,B01
201200043291,0,07,000,00,2,3,15,B01
201200043291,0,30,000,00,2,1,01,A01
201200043292,0,31,000,00,1,1,03,A01
201200043293,0,07,000,00,2,4,04,A01
201200043293,0,30,000,00,2,1,01,B01
201200043294,0,13,000,00,2,7,15,A01
201200043294,0,34,000,00,2,1,01,B01
201200043295,0,30,000,00,2,1,02,A01
201200043295,0,15,000,00,2,4,23,B01
201200043296,0,13,000,00,2,3,10,A01
201200043296,0,02,000,00,2,1,01,B01
201200043297,0,07,000,00,1,6,04,A01
201200043298,0,07,000,00,2,3,15,B01
201200043298,0,02,000,01,2,1,17,A01
201200043299,0,30,000,00,2,1,17,B01
201200043299,0,07,000,00,2,3,00,A01
201200043300,0,14,000,00,2,4,23,C01
201200043300,0,07,000,00,2,4,23,B01
201200043300,0,07,000,00,2,1,02,A01
201200043301,0,32,000,00,2,1,02,A01
201200043301,0,07,000,00,2,4,02,B01
201200043302,0,32,000,00,2,1,17,B01
201200043302,0,07,000,00,2,8,15,A01
201200043303,0,07,000,00,2,1,02,A01
201200043303,0,07,000,00,2,4,23,C01
201200043303,0,07,000,00,2,4,23,B01
201200043304,0,07,000,00,2,3,13,A01
201200043305,0,07,000,08,0,2,01,A01
201200043306,0,31,000,00,2,1,01,A01
201200043306,0,07,000,00,2,7,15,B01
201200043307,0,32,000,00,0,0,15,A01
201200043308,0,31,000,00,2,1,01,B01
201200043308,0,07,000,00,2,1,15,A01
201200043309,0,07,000,00,1,1,16,A01
201200043310,0,30,000,00,0,0,01,A01
201200043311,0,13,000,00,2,2,16,B01
201200043311,0,33,000,00,2,3,01,A01
201200043311,0,13,000,00,2,3,23,C01
201200043312,0,30,000,00,0,1,01,A01
201200043313,0,07,000,00,2,4,02,B01
201200043313,0,30,000,00,2,1,01,A01
201200043314,0,07,000,00,2,2,15,A01
201200043314,0,32,000,00,2,1,01,B01
201200043315,0,07,000,07,0,8,01,A01
201200043316,0,07,000,00,1,2,01,A01
201200043317,0,10,000,00,1,4,04,A01
201200043318,0,07,000,00,2,3,00,A01
201200043318,0,07,000,00,2,2,01,B01
201200043319,0,37,010,00,1,3,01,A01
201200043320,0,07,000,00,2,2,09,A01
201200043320,0,30,000,00,2,1,01,B01
201200043321,0,33,000,00,2,8,13,A01
201200043322,0,30,000,00,2,1,02,A01
201200043322,0,07,000,00,2,6,02,B01
201200043323,0,30,000,00,0,0,01,A01
201200043324,0,34,000,11,0,1,01,A01
201200043325,0,30,000,00,2,3,01,B01
201200043325,0,07,000,00,2,2,02,A01
201200043326,0,02,000,00,2,1,13,A01
201200043326,0,07,000,00,2,3,01,B01
201200043327,0,07,000,00,2,2,15,B01
201200043327,0,07,000,00,2,3,01,A01
201200043328,0,01,000,00,2,1,01,B01
201200043328,0,07,000,00,2,3,09,A01
201200043329,0,31,000,00,2,1,18,A01
201200043329,0,07,000,00,2,3,15,B01
201200043330,0,07,000,00,2,3,01,B01
201200043330,0,07,000,00,2,3,13,A01
201200043331,0,33,000,00,2,7,03,A01
201200043331,0,07,000,00,2,2,12,B01
201200043332,0,30,000,00,0,0,01,A01
201200043333,0,33,000,00,2,1,01,A01
201200043333,0,07,000,00,2,2,22,B01
201200043334,0,30,000,00,0,0,21,A01
201200043335,0,01,000,00,2,4,01,A01
201200043336,0,07,000,00,1,2,01,A01
201200043337,0,13,000,00,2,5,23,B01
201200043337,0,02,000,00,2,1,01,A01
201200043338,0,30,000,00,0,8,01,A01
201200043339,0,30,000,00,2,6,01,B01
201200043339,0,13,000,00,2,3,15,A01
201200043340,0,30,000,00,0,0,01,A01
201200043341,0,30,000,00,0,0,00,A01
201200043342,0,07,000,00,1,7,01,A01
201200043343,0,07,000,00,2,3,15,A01
201200043343,0,33,000,00,2,1,01,B01
201200043344,0,07,000,15,0,2,06,A01
201200043345,0,30,000,00,0,7,02,A01
201200043346,0,32,000,00,0,8,02,A01
201200043346,0,10,000,00,0,0,02,B01
201200043347,0,10,000,00,2,5,23,B01
201200043347,0,07,000,01,0,1,16,A01
201200043348,0,30,000,00,0,7,01,A01
201200043349,0,07,000,00,2,4,23,B01
201200043349,0,07,000,00,2,1,02,A01
201200043349,0,07,000,00,2,4,23,D01
201200043349,0,07,000,00,2,4,23,C01
201200043350,0,01,000,00,2,1,13,A01
201200043350,0,07,000,00,9,1,01,B01
201200043351,0,32,000,00,2,1,17,B01
201200043351,0,07,000,00,2,3,15,A01
201200043352,0,07,000,00,2,3,10,A01
201200043352,0,30,000,00,2,1,17,B01
201200043353,0,07,000,00,2,7,01,B01
201200043353,0,07,000,00,2,8,15,A01
201200043354,0,07,000,15,0,1,01,A01
201200043355,0,07,000,00,2,1,02,A01
201200043355,0,07,000,00,2,4,23,C01
201200043355,0,07,000,00,2,4,23,B01
201200043356,0,07,000,06,0,1,20,A01
201200043357,0,07,000,00,2,3,01,C01
201200043357,0,33,000,00,2,1,02,A01
201200043357,0,07,000,00,2,4,02,B01
201200043358,0,07,000,00,2,1,01,B01
201200043358,0,07,000,00,2,7,13,A01
201200043359,0,07,000,00,2,1,01,A01
201200043359,0,07,000,00,2,8,01,B01
201200043360,0,31,000,00,2,1,01,B01
201200043360,0,07,000,00,2,4,23,A01
201200043361,0,30,000,15,0,0,01,A01
201200043362,0,07,000,00,1,1,17,A01
201200043363,0,13,000,00,2,4,01,C01
201200043363,0,15,000,00,2,1,01,A01
201200043363,0,15,000,00,2,4,01,B01
201200043364,0,02,000,12,0,1,01,A01
201200043365,0,13,000,00,2,3,00,A01
201200043365,0,30,000,00,2,1,01,B01
201200043366,0,30,000,12,0,1,01,A01
201200043367,0,01,000,08,0,0,01,A01
201200043368,0,07,000,07,0,2,01,A01
201200043369,2,07,000,01,0,1,21,A01
201200043370,0,33,000,00,2,1,02,A01
201200043370,0,07,000,00,2,4,02,B01
201200043371,0,30,000,00,1,1,01,A01
201200043372,0,07,000,00,0,0,23,C01
201200043372,0,33,000,00,2,1,02,A01
201200043372,0,07,000,00,2,4,02,B01
201200043373,0,07,000,00,0,7,10,A01
201200043373,0,01,000,00,2,1,02,B01
201200043374,0,15,000,00,1,7,01,A01
201200043375,0,30,000,00,1,1,00,A01
201200043376,0,30,000,00,0,0,01,A01
201200043377,0,15,000,00,2,1,02,A01
201200043377,0,30,000,00,2,4,02,B01
201200043378,0,13,000,00,2,1,02,A01
201200043378,0,30,000,00,2,4,02,B01
201200043379,0,07,000,00,1,7,16,A01
201200043380,0,33,000,00,2,1,02,B01
201200043380,0,07,000,00,2,2,10,A01
201200043381,0,07,000,00,2,1,02,A01
201200043381,0,33,000,00,0,4,02,B01
201200043382,0,31,000,00,0,0,02,A01
201200043382,0,07,000,00,2,0,02,B01
201200043383,0,07,000,00,2,1,02,B01
201200043383,0,07,000,00,2,4,01,A01
201200043384,1,07,000,00,0,0,00,B01
201200043384,0,34,000,00,2,0,21,A01
201200043385,0,13,000,00,0,0,11,A01
201200043385,0,31,000,00,2,0,02,B01
201200043386,0,07,000,00,1,2,02,A01
201200043387,0,10,000,00,2,7,12,A01
201200043387,0,33,000,00,2,8,01,B01
201200043388,0,13,000,00,2,4,15,B01
201200043388,0,07,000,00,2,1,15,A01
201200043389,0,14,000,00,2,1,01,A01
201200043389,0,07,000,00,2,4,01,B01
201200043390,0,13,000,00,1,3,15,A01
201200043391,0,07,000,00,1,2,02,A01
201200043392,0,13,000,00,1,2,01,A01
201200043393,0,13,000,00,1,1,02,A01
201200043394,0,30,000,00,2,1,17,B01
201200043394,0,07,000,00,2,3,15,A01
201200043395,0,15,000,00,2,8,10,B01
201200043395,0,02,000,00,2,2,01,A01
201200043396,0,34,000,00,2,2,01,A01
201200043396,0,07,000,00,2,3,15,B01
201200043397,0,07,000,00,1,4,04,A01
201200043398,0,07,000,00,2,4,23,B01
201200043398,0,07,000,00,2,1,01,A01
201200043398,0,07,000,00,2,4,23,C01
201200043399,0,07,000,00,1,1,01,A01
201200043400,0,07,000,00,2,2,15,A01
201200043400,0,33,000,00,2,1,01,B01
201200043401,0,33,000,00,0,0,00,B01
201200043401,0,07,000,00,0,0,11,A01
201200043402,0,07,000,00,2,1,15,A01
201200043402,0,34,000,00,2,1,01,B01
201200043403,0,30,000,00,0,7,01,B01
201200043403,0,07,000,00,0,0,06,A01
201200043404,0,30,000,00,0,0,01,A01
201200043405,0,31,000,00,0,7,21,A01
201200043406,0,32,000,00,2,1,01,B01
201200043406,1,07,000,00,2,2,15,A01
201200043407,0,30,000,00,2,2,02,B01
201200043407,0,07,000,00,2,3,09,A01
201200043408,0,31,000,00,2,4,02,B01
201200043408,0,07,000,00,2,1,02,A01
201200043409,1,07,000,00,1,2,00,A01
201200043410,1,07,000,00,2,8,13,B01
201200043410,0,30,000,00,2,7,02,A01
201200043411,0,07,000,00,2,1,15,A01
201200043411,0,32,000,00,2,1,01,B01
201200043412,0,07,000,00,2,1,15,A01
201200043413,0,07,000,00,2,6,15,A01
201200043413,0,30,000,00,2,1,17,B01
201200043414,0,01,000,15,0,1,01,A01
201200043415,0,07,000,03,0,3,01,A01
201200043416,0,07,000,03,0,3,01,A01
201200043417,0,07,000,00,2,6,17,A01
201200043417,0,07,000,00,2,3,01,C01
201200043417,0,33,000,00,2,7,01,B01
201200043418,0,07,000,09,2,1,02,A01
201200043418,0,07,000,00,2,4,23,B01
201200043418,0,30,000,00,2,4,23,C01
201200043418,0,07,000,00,2,4,23,D01
201200043419,0,10,000,00,1,1,16,A01
201200043420,0,33,000,00,0,8,01,A01
201200043421,0,32,000,00,0,8,01,A01
201200043422,0,31,000,00,1,1,17,A01
201200043423,0,07,000,00,2,5,14,A01
201200043423,0,33,000,00,2,3,01,B01
201200043424,0,07,000,11,0,3,01,A01
201200043425,0,07,000,00,1,1,01,A01
201200043426,0,07,000,00,2,2,12,A01
201200043426,0,02,000,00,2,6,23,B01
201200043427,0,07,000,00,2,1,01,C01
201200043427,0,32,000,00,2,4,17,B01
201200043427,1,07,000,00,2,1,00,A01
201200043428,0,07,000,00,2,4,23,B01
201200043428,0,07,000,00,2,1,01,A01
201200043429,0,07,000,00,1,1,01,A01
201200043430,0,07,000,00,2,1,01,A01
201200043430,0,07,000,00,2,4,23,B01
201200043431,0,34,000,00,2,1,13,A01
201200043431,0,07,000,00,2,1,01,B01
201200043432,0,10,000,00,2,6,15,A01
201200043432,0,30,000,00,2,1,17,B01
201200043433,0,33,000,00,2,1,01,B01
201200043433,0,07,000,00,2,3,15,A01
201200043434,0,30,000,00,2,1,01,A01
201200043434,0,07,000,00,2,1,15,B01
201200043435,0,10,000,00,1,4,04,A01
201200043436,0,02,000,06,0,7,01,A01
201200043437,0,07,000,00,1,1,01,A01
201200043438,0,07,000,04,0,1,01,A01
201200043439,0,07,000,00,2,4,23,B01
201200043439,0,10,000,00,2,1,01,A01
201200043440,0,30,000,00,0,0,01,A01
201200043441,0,07,000,00,2,8,15,A01
201200043441,0,30,000,00,2,1,17,B01
201200043442,0,02,000,00,2,1,01,A01
201200043442,0,07,000,00,2,7,01,B01
201200043443,0,07,000,00,2,8,17,A01
201200043443,0,30,000,00,2,1,17,B01
201200043444,0,30,000,00,2,1,01,B01
201200043444,0,07,000,00,2,3,10,A01
201200043445,0,30,000,11,0,7,01,A01
201200043446,0,07,000,00,2,4,23,B01
201200043446,0,07,000,00,2,4,23,C01
201200043446,0,07,000,00,2,1,01,A01
201200043447,0,07,000,00,2,1,13,A01
201200043447,0,07,000,00,2,6,01,B01
201200043448,0,07,000,00,2,8,09,A01
201200043448,0,30,000,00,2,1,07,B01
201200043449,0,33,000,01,0,1,13,A01
201200043450,0,02,000,00,9,1,01,A01
201200043451,0,07,000,00,2,4,23,B01
201200043451,0,07,000,00,2,1,01,A01
201200043452,0,01,000,14,0,0,01,A01
201200043453,0,30,000,09,0,1,01,A01
201200043454,0,07,000,00,1,4,04,A01
201200043455,0,07,000,00,2,1,01,A01
201200043455,0,07,000,00,2,4,23,B01
201200043456,0,07,000,00,2,4,01,B01
201200043456,0,02,000,00,2,1,01,A01
201200043457,0,01,000,00,2,1,01,A01
201200043457,0,07,000,00,2,1,01,B01
201200043458,0,07,000,08,0,1,15,A01
201200043459,0,31,000,00,2,1,01,B01
201200043459,0,07,000,00,2,1,09,A01
201200043460,0,07,000,00,2,1,01,B01
201200043460,0,02,000,00,2,1,01,A01
201200043461,0,10,000,00,1,1,01,A01
201200043462,0,07,000,00,2,2,16,B01
201200043462,0,02,000,00,2,1,18,A01
201200043463,0,02,000,00,2,7,14,B01
201200043463,1,07,000,00,2,6,01,A01
201200043464,0,07,000,12,0,2,15,A01
201200043465,0,32,000,11,0,8,01,A01
201200043466,0,32,000,00,2,4,01,B01
201200043466,0,33,000,00,2,1,01,A01
201200043467,0,32,000,00,0,0,16,A01
201200043468,0,07,000,00,2,1,01,A01
201200043468,0,33,000,00,2,4,01,B01
201200043469,0,07,000,04,0,1,01,A01
201200043470,0,07,000,00,1,3,09,A01
201200043471,0,07,000,08,0,2,01,A01
201200043472,2,32,000,00,1,1,01,A01
201200043473,0,07,000,00,2,8,01,B01
201200043473,0,02,000,00,2,1,01,A01
201200043474,0,07,000,00,2,4,23,B01
201200043474,0,07,000,00,2,1,01,A01
201200043475,0,10,000,00,1,4,04,A01
201200043476,0,07,000,10,0,8,01,A01
201200043477,0,07,000,00,2,7,16,A01
201200043477,0,37,015,00,2,3,07,B01
201200043478,0,07,000,00,1,2,01,A01
201200043479,0,07,000,00,2,4,23,B01
201200043479,0,07,000,00,2,1,01,A01
201200043480,0,14,000,00,2,6,23,B01
201200043480,0,30,000,00,2,1,01,A01
201200043481,0,07,000,04,0,8,01,A01
201200043482,0,07,000,00,2,7,15,A01
201200043482,0,07,000,00,2,1,01,B01
201200043483,0,07,000,00,2,1,15,A01
201200043483,0,33,000,01,2,1,01,B01
201200043484,0,30,000,00,1,2,01,A01
201200043485,0,07,000,06,0,4,04,A01
201200043486,0,10,000,00,2,1,01,A01
201200043486,0,07,000,08,2,8,01,B01
201200043487,0,07,000,04,0,1,01,A01
201200043488,0,13,000,04,0,2,01,A01
201200043489,0,07,000,04,0,1,01,A01
201200043490,0,07,000,00,1,2,01,A01
201200043491,0,07,000,00,2,7,12,A01
201200043491,0,30,000,00,2,3,01,B01
201200043492,0,30,000,01,0,0,01,A01
201200043493,0,32,000,00,2,4,01,A01
201200043493,0,07,000,00,2,1,02,B01
201200043494,0,07,000,14,0,1,02,A01
201200043494,0,30,000,00,0,4,23,B01
201200043495,0,07,000,00,2,2,01,A01
201200043495,0,02,000,00,2,1,19,B01
201200043496,0,31,000,00,2,2,01,B01
201200043496,0,10,000,00,2,8,11,A01
201200043497,0,07,000,00,1,2,01,A01
201200043498,0,07,000,00,1,1,01,A01
201200043499,0,07,000,00,2,4,23,B01
201200043499,0,17,000,00,2,1,02,A01
201200043500,0,37,026,00,2,7,23,A01
201200043500,0,07,000,14,0,3,19,B01
201200043501,0,07,000,00,2,4,23,B01
201200043501,0,33,000,00,2,1,02,A01
201200043502,0,30,000,00,2,3,19,A01
201200043502,1,07,000,00,2,1,02,B01
201200043503,0,30,000,00,2,1,01,B01
201200043503,0,07,000,00,2,1,23,A01
201200043504,0,07,000,09,0,4,02,B01
201200043504,0,38,050,14,0,1,02,A01
201200043505,0,07,000,00,1,1,02,A01
201200043506,0,07,000,00,1,1,01,A01
201200043507,0,07,000,00,2,3,01,A01
201200043507,0,07,000,00,2,3,01,C01
201200043507,0,07,000,08,2,8,02,B01
201200043508,0,07,000,00,2,3,01,B01
201200043508,0,33,000,15,2,1,06,A01
201200043509,0,07,000,00,2,1,02,A01
201200043509,0,34,000,00,2,4,23,B01
201200043510,0,33,000,00,2,1,02,B01
201200043510,0,07,000,00,2,2,02,A01
201200043511,0,07,000,00,2,4,23,B01
201200043511,0,07,000,00,2,1,02,A01
201200043511,0,10,000,00,2,4,23,C01
201200043512,0,07,000,00,2,4,02,B01