Num_Acc,senc,catv,occutc,obs,obsm,choc,manv,num_veh
201200043512,0,33,000,14,0,1,02,A01
201200043513,0,13,000,00,2,2,06,A01
201200043513,0,33,000,00,2,8,06,B01
201200043514,0,10,000,00,2,7,00,A01
201200043514,0,07,000,01,2,3,09,B01
201200043515,0,07,000,00,2,6,01,B01
201200043515,0,30,000,00,2,1,01,A01
201200043516,0,07,000,00,1,1,01,A01
201200043517,0,07,000,00,2,2,01,A01
201200043517,0,07,000,00,2,6,16,B01
201200043518,0,30,000,14,0,3,21,A01
201200043519,0,07,000,00,2,6,02,B01
201200043519,0,32,000,00,2,6,02,A01
201200043520,0,07,000,00,2,3,02,A01
201200043520,0,31,000,00,2,7,02,B01
201200043521,0,33,000,12,0,1,00,A01
201200043522,0,32,000,12,0,7,02,A01
201200043523,0,33,000,00,2,4,02,B01
201200043523,0,07,000,00,2,1,02,A01
201200043524,0,07,000,00,2,3,15,B01
201200043524,0,30,000,00,2,7,17,A01
201200043525,0,07,000,14,0,1,02,A01
201200043525,0,07,000,00,2,4,02,B01
201200043526,0,10,000,00,2,3,20,B01
201200043526,0,30,000,00,2,1,05,A01
201200043527,0,30,000,00,0,0,01,A01
201200043528,0,07,000,00,1,3,01,A01
201200043529,0,07,000,00,1,2,02,A01
201200043530,0,33,000,00,2,1,02,A01
201200043530,0,07,000,00,2,5,02,B01
201200043531,0,07,000,00,2,1,15,A01
201200043531,0,33,000,09,2,8,01,B01
201200043532,0,07,000,06,0,1,02,A01
201200043533,0,33,000,01,2,4,02,B01
201200043533,0,07,000,14,0,1,24,A01
201200043534,0,30,000,00,2,1,05,B01
201200043534,0,07,000,00,2,8,02,A01
201200043535,0,31,000,00,0,0,01,A01
201200043536,0,30,000,00,2,1,01,A01
201200043536,0,07,000,00,2,8,15,B01
201200043537,0,07,000,00,2,4,02,A01
201200043537,0,14,000,14,0,1,02,B01
201200043538,0,02,000,00,2,5,01,A01
201200043538,0,07,000,00,2,2,01,B01
201200043539,0,07,000,00,1,7,02,A01
201200043540,1,07,000,00,1,1,01,Z01
201200043541,0,32,000,00,1,1,02,A01
201200043542,0,07,000,01,0,2,14,A01
201200043543,0,31,000,00,2,1,02,B01
201200043543,0,07,000,00,2,8,10,A01
201200043544,0,07,000,00,2,1,02,A01
201200043544,0,07,000,00,2,4,02,B01
201200043545,0,32,000,00,2,1,02,B01
201200043545,0,07,000,00,2,2,09,A01
201200043546,0,07,000,00,1,1,02,A01
201200043547,0,07,000,00,1,5,02,A01
201200043548,0,33,000,01,0,1,21,A01
201200043549,1,07,000,00,1,2,02,A01
201200043550,0,10,000,00,2,6,01,A01
201200043550,0,01,000,00,2,1,00,B01
201200043551,0,07,000,00,1,2,01,A01
201200043552,0,33,000,01,0,1,01,A01
201200043553,0,07,000,00,1,2,01,A01
201200043554,0,02,000,00,2,3,01,B01
201200043554,0,07,000,00,2,2,15,A01
201200043555,0,32,000,00,1,0,01,A01
201200043556,0,07,000,00,1,1,16,A01
201200043557,0,07,000,00,2,1,09,A01
201200043557,0,30,000,00,2,7,01,B01
201200043558,0,30,000,09,0,1,07,A01
201200043559,0,07,000,00,2,1,15,A01
201200043559,0,07,000,00,2,1,01,B01
201200043560,0,34,000,00,1,1,05,A01
201200043561,0,07,000,02,0,1,06,A01
201200043562,0,07,000,00,2,3,13,A01
201200043562,0,31,000,00,2,8,01,B01
201200043563,0,10,000,00,2,2,01,A01
201200043563,0,02,000,00,2,1,01,B01
201200043564,0,31,000,00,2,8,16,A01
201200043564,0,07,000,00,2,2,16,B01
201200043565,0,34,000,00,2,3,01,B01
201200043565,0,07,000,00,2,5,15,A01
201200043566,0,07,000,00,2,3,15,A01
201200043566,0,30,000,00,2,1,01,B01
201200043567,0,07,000,00,1,7,01,A01
201200043568,0,33,000,00,2,1,01,B01
201200043568,0,07,000,00,2,7,16,A01
201200043569,0,07,000,00,1,0,04,A01
201200043570,0,07,000,00,1,2,01,A01
201200043571,0,17,000,00,2,0,01,C01
201200043571,0,07,000,00,2,3,09,A01
201200043571,0,33,000,00,2,2,07,B01
201200043572,0,07,000,00,1,3,16,A01
201200043573,1,32,000,00,2,0,01,Z01
201200043573,0,32,000,00,2,8,01,B01
201200043574,0,07,000,00,2,3,10,A01
201200043574,0,01,000,00,2,1,01,B01
201200043575,0,07,000,00,2,3,02,B01
201200043575,0,30,000,00,2,2,17,A01
201200043576,0,07,000,00,1,2,15,A01
201200043577,0,10,000,00,2,3,09,A01
201200043577,0,31,000,00,2,0,01,B01
201200043578,0,37,001,00,1,3,01,A01
201200043579,0,07,000,00,2,2,16,A01
201200043579,0,33,000,00,2,3,01,B01
201200043580,0,37,004,00,1,7,01,A01
201200043581,1,07,000,00,0,0,00,Z01
201200043581,0,30,000,00,0,8,15,A01
201200043582,0,07,000,11,0,3,01,A01
201200043583,0,07,000,00,0,0,15,A01
201200043583,0,07,000,14,0,2,21,B01
201200043584,0,07,000,00,1,1,01,A01
201200043585,0,07,000,00,1,2,16,A01
201200043586,0,31,000,00,0,0,01,A01
201200043587,0,07,000,00,2,3,15,A01
201200043587,0,32,000,00,2,1,01,B01
201200043588,0,07,000,00,0,4,01,B01
201200043588,0,07,000,00,2,1,01,A01
201200043589,0,32,000,00,2,1,01,B01
201200043589,0,07,000,00,2,3,10,A01
201200043590,0,07,000,00,2,3,09,A01
201200043590,0,01,000,00,2,1,01,B01
201200043591,0,30,000,00,0,0,01,A01
201200043592,0,07,000,00,2,4,01,B01
201200043592,0,32,000,00,2,1,02,A01
201200043593,0,32,000,00,1,1,17,A01
201200043594,0,31,000,00,2,1,01,B01
201200043594,0,01,000,00,2,0,19,A01
201200043595,0,02,000,00,0,8,00,B01
201200043595,0,07,000,00,2,3,15,A01
201200043596,0,33,000,00,2,3,01,B01
201200043596,0,07,000,00,2,2,15,A01
201200043597,0,07,000,00,1,1,01,A01
201200043598,0,02,000,00,0,8,01,A01
201200043599,0,07,000,00,0,4,15,B01
201200043599,0,30,000,00,2,1,01,A01
201200043600,0,07,000,00,2,1,01,A01
201200043600,0,07,000,00,2,7,01,B01
201200043601,0,07,000,00,0,8,15,B01
201200043601,0,34,000,00,2,0,01,A01
201200043602,0,10,000,00,0,5,24,B01
201200043602,0,01,000,01,0,0,19,A01
201200043603,0,20,000,00,1,3,00,A01
201200043604,0,07,000,00,2,1,01,B01
201200043604,0,07,000,00,0,5,01,A01
201200043605,0,31,000,00,2,1,02,A01
201200043605,0,10,000,00,0,5,02,B01
201200043606,0,33,000,00,0,7,01,A01
201200043607,0,01,000,00,0,0,15,A01
201200043607,0,32,000,00,2,1,01,B01
201200043608,0,07,000,01,0,5,02,A01
201200043609,0,30,000,00,0,0,01,A01
201200043609,0,07,000,00,0,0,15,B01
201200043610,0,33,000,01,2,2,17,B01
201200043610,0,07,000,00,2,3,10,A01
201200043611,0,30,000,00,2,1,01,B01
201200043611,0,07,000,00,2,3,17,A01
201200043612,2,07,000,07,0,1,05,A01
201200043613,0,07,000,00,0,0,12,A01
201200043613,0,32,000,00,0,0,01,B01
201200043614,0,10,000,00,1,2,01,A01
201200043615,0,07,000,00,0,2,15,A01
201200043615,0,01,000,00,2,0,01,B01
201200043616,0,30,000,00,0,7,16,A01
201200043617,0,07,000,00,0,4,01,C01
201200043617,0,07,000,00,2,4,01,B01
201200043617,0,07,000,00,2,1,01,A01
201200043618,0,07,000,00,2,0,15,A01
201200043618,0,32,000,00,2,7,01,B01
201200043619,0,14,000,00,1,0,16,A01
201200043620,0,07,000,00,1,6,20,A01
201200043621,0,33,000,00,0,8,02,A01
201200043622,0,10,000,00,1,8,00,A01
201200043623,0,02,000,00,2,1,01,B01
201200043623,0,07,000,00,2,3,05,A01
201200043624,0,07,000,14,0,1,06,A01
201200043625,1,07,000,00,2,8,10,A01
201200043625,0,34,000,00,2,2,01,B01
201200043626,1,07,000,00,0,1,02,A01
201200043626,0,32,000,00,0,4,02,B01
201200043627,0,07,000,00,2,1,00,A01
201200043627,0,07,000,00,2,6,09,B01
201200043628,0,07,000,08,0,1,14,A01
201200043629,1,10,000,00,0,8,10,A01
201200043629,0,07,000,00,2,2,00,B01
201200043630,0,07,000,00,2,7,01,B01
201200043630,0,07,000,00,2,1,01,A01
201200043631,0,30,000,00,5,1,01,A01
201200043632,1,07,000,00,2,1,02,A01
201200043632,0,07,000,04,0,9,01,C01
201200043632,0,14,000,00,0,6,01,B01
201200043633,0,07,000,00,2,6,00,A01
201200043633,0,16,000,00,2,1,00,B01
201200043634,0,33,000,09,0,1,01,A01
201200043635,0,32,000,00,0,7,00,A01
201200043636,0,14,000,00,9,5,12,A01
201200043636,0,01,000,00,2,8,21,B01
201200043637,0,30,000,00,2,4,23,B01
201200043637,0,10,000,00,2,3,01,A01
201200043638,0,07,000,00,1,2,01,A01
201200043639,0,30,000,14,0,1,01,A01
201200043640,0,30,000,00,0,0,00,A01
201200043641,0,30,000,00,2,7,17,A01
201200043641,0,10,000,00,2,8,15,B01
201200043642,0,14,000,00,2,0,00,B01
201200043642,0,34,000,09,0,1,12,A01
201200043643,0,32,000,00,2,8,16,B01
201200043643,0,07,000,00,2,1,00,A01
201200043644,0,10,000,00,2,1,02,A01
201200043644,0,10,000,00,0,4,23,B01
201200043645,0,20,000,00,2,3,01,B01
201200043645,0,07,000,00,2,2,12,A01
201200043646,0,30,000,00,0,0,00,A01
201200043647,0,32,000,00,0,1,01,B01
201200043647,0,07,000,00,0,2,00,A01
201200043648,0,07,000,00,1,1,16,A01
201200043649,0,10,000,00,2,3,01,B01
201200043649,0,07,000,00,2,3,15,A01
201200043650,0,30,000,00,0,1,18,A01
201200043650,0,10,000,00,0,6,23,B01
201200043651,0,31,000,00,2,1,01,B01
201200043651,0,07,000,00,2,3,15,A01
201200043652,0,07,000,02,0,1,06,A01
201200043653,0,14,000,00,0,7,01,A01
201200043653,0,33,000,00,0,8,18,B01
201200043654,0,07,000,00,1,0,00,A01
201200043655,0,07,000,00,2,2,15,B01
201200043655,0,10,000,00,2,3,01,A01
201200043656,0,07,000,00,0,3,01,B01
201200043656,0,10,000,00,0,3,15,A01
201200043657,0,32,000,00,0,7,02,A01
201200043658,0,10,000,00,0,0,00,B01
201200043658,0,32,000,12,0,3,17,A01
201200043659,0,07,000,00,2,4,02,B01
201200043659,0,33,000,00,2,1,02,A01
201200043660,0,07,000,00,2,1,01,B01
201200043660,0,07,000,00,2,8,01,A01
201200043661,0,37,001,14,0,3,16,A01
201200043661,0,07,000,00,2,3,23,B01
201200043662,0,30,000,00,2,8,21,A01
201200043662,0,07,000,00,2,5,01,B01
201200043662,0,07,000,00,0,0,11,C01
201200043663,0,33,000,00,2,4,02,B01
201200043663,0,07,000,00,2,1,01,A01
201200043663,0,07,000,00,2,7,02,C01
201200043664,0,33,000,00,2,6,01,B01
201200043664,0,07,000,00,2,6,02,C01
201200043664,1,07,000,00,2,2,09,Z01
201200043665,0,32,000,00,2,1,01,A01
201200043665,0,07,000,00,0,4,02,B01
201200043666,0,31,000,00,2,1,02,A01
201200043666,0,02,000,00,2,8,15,B01
201200043667,0,07,000,00,2,7,17,A01
201200043667,0,07,000,00,2,5,01,B01
201200043668,0,07,000,15,0,1,06,A01
201200043669,0,10,000,00,2,1,14,A01
201200043669,0,07,000,00,2,6,00,B01
201200043669,0,30,000,00,2,5,17,C01
201200043670,0,30,000,00,0,7,00,A01
201200043671,0,33,000,00,0,7,21,A01
201200043672,0,31,000,00,2,8,01,A01
201200043672,0,07,000,00,2,1,02,B01
201200043673,0,02,000,00,2,7,02,A01
201200043673,0,07,000,00,2,4,23,B01
201200043674,0,07,000,00,2,4,23,C01
201200043674,0,30,000,01,0,1,18,A01
201200043674,0,07,000,00,2,2,02,B01
201200043675,0,07,000,06,0,3,00,A01
201200043676,0,33,000,00,0,7,15,A01
201200043677,0,34,000,00,2,7,02,A01
201200043677,0,07,000,00,2,6,02,B01
201200043678,0,07,000,00,1,6,01,A01
201200043679,0,32,000,00,1,1,01,A01
201200043680,0,07,000,00,2,2,01,A01
201200043680,0,01,000,00,2,1,19,B01
201200043681,0,32,000,03,0,5,01,A01
201200043682,0,33,000,03,0,0,01,A01
201200043683,0,33,000,00,2,7,01,A01
201200043683,0,07,000,00,0,2,01,B01
201200043684,0,01,000,00,0,0,01,A01
201200043685,0,33,000,00,0,4,23,C01
201200043686,0,10,000,00,0,0,01,B01
201200043686,0,30,000,00,0,0,01,A01
201200043687,0,07,000,04,0,2,01,A01
201200043688,0,07,000,04,0,3,01,A01
201200043689,0,07,000,04,0,1,01,A01
201200043690,0,30,000,04,0,2,01,A01
201200043691,0,33,000,06,0,1,01,A01
201200043692,0,07,000,00,0,0,00,B01
201200043692,0,31,000,00,0,7,01,A01
201200043693,0,07,000,00,2,1,01,A01
201200043693,0,07,000,00,2,7,01,B01
201200043694,0,01,000,00,0,0,01,A01
201200043695,0,31,000,08,0,0,01,A01
201200043696,0,07,000,00,2,3,09,A01
201200043696,0,37,080,00,2,2,01,B01
201200043697,0,33,000,00,0,8,01,A01
201200043698,0,32,000,00,2,1,01,B01
201200043698,0,07,000,00,2,2,01,A01
201200043699,0,07,000,00,1,1,01,A01
201200043700,0,07,000,00,2,1,02,A01
201200043700,0,10,000,00,2,4,01,B01
201200043701,0,34,000,00,2,7,01,B01
201200043701,2,07,000,00,2,1,01,Z01
201200043702,1,99,000,00,1,2,01,Z01
201200043703,0,07,000,00,2,4,01,A01
201200043703,0,07,000,00,2,1,02,B01
201200043704,1,10,000,00,1,1,01,Z01
201200043705,0,10,000,00,1,4,20,A01
201200043706,0,32,000,00,2,8,14,A01
201200043706,0,33,000,00,2,1,02,B01
201200043707,0,03,000,00,1,1,01,A01
201200043708,0,01,000,00,2,4,15,B01
201200043708,1,07,000,00,9,1,02,Z01
201200043709,1,07,000,00,0,0,00,Z01
201200043709,0,02,000,01,0,1,00,A01
201200043710,0,07,000,00,2,3,01,A01
201200043710,0,33,000,00,2,1,17,B01
201200043711,0,07,000,00,2,3,01,B01
201200043711,0,07,000,00,2,3,15,A01
201200043712,0,32,000,00,2,8,21,A01
201200043712,0,07,000,00,0,0,09,B01
201200043713,1,07,000,00,1,4,20,Z01
201200043714,0,07,000,00,2,3,01,A01
201200043714,0,02,000,00,2,1,01,B01
201200043715,0,07,000,00,1,1,02,A01
201200043716,0,07,000,00,0,4,02,B01
201200043716,0,33,000,00,2,4,21,A01
201200043717,0,07,000,16,2,0,00,A01
201200043717,0,30,000,00,2,0,01,B01
201200043718,0,07,000,15,2,1,02,A01
201200043718,0,07,000,12,0,1,00,B01
201200043719,1,30,000,00,1,1,01,Z01
201200043720,0,20,000,00,1,5,08,A01
201200043721,0,07,000,00,2,6,05,B01
201200043721,0,07,000,00,2,3,14,A01
201200043722,0,07,000,00,0,7,02,A01
201200043723,0,07,000,00,1,3,01,A01
201200043724,0,32,000,00,2,1,01,B01
201200043724,2,07,000,00,2,3,09,A01
201200043725,0,07,000,14,0,1,02,A01
201200043725,0,07,000,14,0,9,23,B01
201200043725,0,07,000,14,0,9,23,C01
201200043725,0,07,000,00,2,4,23,D01
201200043726,0,07,000,00,2,7,02,A01
201200043726,0,07,000,00,0,8,22,B01
201200043727,0,07,000,00,2,8,15,B01
201200043727,0,07,000,00,2,3,01,A01
201200043728,1,07,000,00,0,5,04,Z01
201200043729,0,10,000,00,2,8,02,C01
201200043729,0,07,000,00,2,3,11,A01
201200043729,0,31,000,00,2,2,02,B01
201200043730,0,02,000,00,1,0,00,Z01
201200043731,1,30,000,00,1,1,00,Z01
201200043732,0,07,000,00,1,5,01,A01
201200043733,0,07,000,00,,4,00,A01
201200043733,0,14,000,00,2,1,00,B01
201200043734,0,32,000,00,2,8,18,A01
201200043734,0,07,000,00,2,7,14,B01
201200043735,0,07,000,00,1,1,01,A01
201200043736,0,07,000,00,1,1,09,A01
201200043737,0,10,000,00,1,3,01,A01
201200043738,0,37,001,00,1,2,16,A01
201200043739,1,02,000,00,0,0,00,A01
201200043739,1,07,000,00,0,0,00,Z01
201200043740,0,10,000,00,0,6,02,A01
201200043740,0,32,000,00,2,1,02,B01
201200043741,0,33,000,01,2,4,01,B01
201200043741,0,07,000,00,2,5,16,A01
201200043742,0,07,000,00,2,3,10,A01
201200043742,0,33,000,00,2,2,02,B01
201200043743,0,07,000,00,2,2,16,A01
201200043743,0,02,000,00,2,3,07,B01
201200043744,0,37,000,00,1,2,00,A01
201200043745,0,30,000,00,1,1,01,A01
201200043746,0,07,000,00,1,1,02,A01
201200043747,0,07,000,00,1,2,01,A01
201200043748,1,30,000,00,1,1,00,Z01
201200043749,0,07,000,00,0,3,01,A01
201200043749,0,01,000,00,0,1,01,B01
201200043750,0,07,000,00,1,1,00,A01
201200043751,0,14,000,00,2,4,23,D01
201200043751,0,32,000,01,0,9,00,A01
201200043751,0,07,000,14,0,1,00,B01
201200043752,0,33,000,08,0,1,02,A01
201200043752,1,07,000,00,0,0,00,Z01
201200043753,0,07,000,00,2,8,01,B01
201200043753,2,07,000,00,2,1,00,A01
201200043753,0,07,000,01,0,4,00,C01
201200043753,0,07,000,01,0,6,00,D01
201200043754,0,99,000,00,0,2,16,A01
201200043754,0,01,000,00,0,3,00,B01
201200043755,0,07,000,01,0,3,02,A01
201200043756,0,02,000,00,2,7,01,A01
201200043756,1,07,000,00,2,7,12,Z01
201200043757,1,02,000,00,1,2,00,Z01
201200043758,0,07,000,00,2,3,10,A01
201200043758,0,34,000,00,2,3,01,B01
201200043759,0,07,000,15,2,7,01,A01
201200043759,0,07,000,00,2,1,01,B01
201200043760,0,07,000,00,0,2,09,A01
201200043760,0,32,000,00,0,1,01,B01
201200043761,0,15,000,00,9,2,20,A01
201200043762,0,01,000,00,2,4,00,A01
201200043762,1,07,000,00,2,1,00,Z01
201200043763,0,07,000,00,2,6,00,C01
201200043763,0,10,000,01,2,1,01,B01
201200043763,0,07,000,00,2,1,17,A01
201200043764,0,03,000,00,0,8,00,B01
201200043764,0,07,000,00,0,3,15,A01
201200043765,0,02,000,00,2,1,00,A01
201200043765,0,07,000,00,2,8,02,B01
201200043766,0,32,000,00,2,8,05,A01
201200043766,0,07,000,00,2,4,15,B01
201200043767,0,07,000,00,2,1,01,A01
201200043767,0,07,000,00,2,4,01,B01
201200043768,0,02,000,15,0,2,02,A01
201200043769,0,32,000,00,0,0,00,A01
201200043770,0,14,000,00,2,5,04,A01
201200043770,0,20,000,00,2,1,02,B01
201200043771,0,07,000,00,2,1,02,A01
201200043771,0,07,000,00,0,4,02,B01
201200043772,0,07,000,00,2,3,12,A01
201200043772,0,07,000,15,2,8,02,B01
201200043773,0,07,000,00,1,2,01,A01
201200043774,0,13,000,00,1,2,01,A01
201200043775,0,33,000,00,1,1,01,B01
201200043775,0,07,000,00,2,5,15,A01
201200043776,0,07,000,01,1,1,11,A01
201200043777,0,99,000,12,0,1,19,A01
201200043778,0,07,000,00,2,1,01,B01
201200043778,0,07,000,00,2,8,01,A01
201200043779,0,07,000,00,1,1,00,A01
201200043780,0,32,000,00,2,1,17,B01
201200043780,0,07,000,00,2,3,15,A01
201200043781,0,07,000,00,1,1,01,A01
201200043782,0,07,000,00,1,1,00,A01
201200043783,0,07,000,00,1,2,01,A01
201200043784,1,07,000,00,1,1,01,Z01
201200043785,0,07,000,00,9,0,00,A01
201200043785,0,01,000,00,2,7,00,B01
201200043786,0,07,000,00,0,2,16,A01
201200043786,0,30,000,00,2,1,01,B01
201200043787,0,07,000,00,2,3,09,A01
201200043787,0,30,000,00,2,1,01,B01
201200043788,1,30,000,00,1,1,01,A01
201200043789,0,07,000,00,1,2,00,A01
201200043790,0,07,000,00,1,2,01,A01
201200043791,0,32,000,00,2,3,10,B01
201200043791,1,07,000,00,0,0,01,Z01
201200043792,0,07,000,00,2,3,09,A01
201200043792,0,33,000,00,2,1,01,B01
201200043793,0,07,000,00,1,2,01,A01
201200043794,0,07,000,15,0,1,01,A01
201200043795,0,07,000,00,2,4,23,E01
201200043795,0,10,000,00,2,1,03,A01
201200043795,0,13,000,00,2,4,23,B01
201200043795,0,10,000,00,2,4,23,F02
201200043795,0,07,000,00,2,2,23,C01
201200043795,0,10,000,00,2,4,23,D01
201200043796,0,07,000,00,2,4,02,A01
201200043796,0,07,000,00,2,1,02,B01
201200043796,0,07,000,00,0,5,00,C01
201200043796,0,07,000,00,2,2,00,D01
201200043797,0,07,000,00,1,7,02,A01
201200043798,0,07,000,00,2,2,09,B01
201200043798,0,32,000,00,0,4,01,A01
201200043799,0,01,000,00,2,8,15,B01
201200043799,0,07,000,00,2,2,17,A01
201200043800,1,32,000,00,1,1,00,Z01
201200043801,0,34,000,00,2,1,01,B01
201200043801,0,99,000,00,2,3,11,A01
201200043802,0,07,000,00,2,1,11,A01
201200043802,0,34,000,00,2,1,01,B01
201200043803,0,07,000,00,2,8,15,A01
201200043803,0,30,000,00,2,2,17,B01
201200043804,0,07,000,00,0,3,00,A01
201200043805,0,07,000,00,2,2,09,A01
201200043805,0,33,000,00,2,1,01,B01
201200043806,0,31,000,00,2,7,01,B01
201200043806,0,07,000,00,2,1,09,A01
201200043807,0,37,001,00,1,2,01,A01
201200043808,0,33,000,00,9,1,02,A01
201200043808,0,01,000,00,0,4,09,B01
201200043809,0,07,000,00,1,4,04,A01
201200043810,0,33,000,08,0,7,17,A01
201200043811,0,07,000,00,1,7,01,A01
201200043812,0,01,000,00,0,5,02,B01
201200043812,0,07,000,00,9,3,02,A01
201200043813,0,10,000,00,2,1,00,A01
201200043813,0,07,000,00,0,4,00,B01
201200043814,0,10,000,00,2,3,15,A01
201200043814,0,32,000,00,2,2,17,B01
201200043815,0,30,000,00,1,1,01,A01
201200043816,0,07,000,00,2,3,10,A01
201200043816,0,30,000,00,2,1,03,B01
201200043817,0,99,000,00,2,1,17,A01
201200043817,0,07,000,00,2,3,09,B01
201200043818,0,07,000,00,2,1,02,A01
201200043818,0,07,000,00,2,3,02,B01
201200043819,0,34,000,00,0,0,00,A01
201200043820,0,30,000,00,1,1,01,A01
201200043821,0,07,000,00,2,1,15,A01
201200043821,0,33,000,00,2,1,01,B01
201200043822,0,07,000,00,1,1,01,A01
201200043823,0,10,000,01,0,2,02,A01
201200043824,0,07,000,00,1,3,00,A01
201200043825,0,07,000,00,0,0,11,A01
201200043825,0,32,000,14,2,2,17,B01
201200043826,0,07,000,00,1,1,09,A01
201200043827,0,07,000,00,2,4,02,B01
201200043827,0,07,000,00,2,1,23,A01
201200043828,0,07,000,00,0,7,00,A01
201200043828,0,30,000,01,0,1,00,B01
201200043829,0,07,000,00,2,2,02,A01
201200043829,0,07,000,09,2,6,23,B01
201200043830,0,07,000,00,2,1,01,B01
201200043830,0,07,000,00,2,2,01,A01
201200043831,0,07,000,00,1,1,00,A01
201200043832,1,07,000,00,2,5,04,Z01
201200043832,0,30,000,00,2,1,01,B01
201200043833,0,07,000,00,0,7,24,A01
201200043833,0,01,000,00,0,1,17,B01
201200043834,0,07,000,00,0,5,15,A01
201200043834,0,01,000,00,0,1,01,B01
201200043835,0,07,000,00,2,6,01,A01
201200043835,0,07,000,00,2,1,01,B01
201200043836,0,07,000,00,0,0,01,A01
201200043837,0,07,000,00,2,0,00,A01
201200043837,0,30,000,00,2,0,00,B01
201200043838,1,07,000,00,1,3,01,Z01
201200043839,0,07,000,00,1,1,01,A01
201200043840,0,07,000,00,2,3,02,A01
201200043840,0,01,000,00,2,4,01,B01
201200043841,0,37,001,00,1,3,01,A01
201200043842,0,37,002,00,2,1,00,A01
201200043842,0,07,000,00,0,4,00,B01
201200043843,0,10,000,00,0,4,24,A01
201200043843,0,07,000,01,2,1,02,B01
201200043843,0,07,000,00,2,1,02,C01
201200043844,0,07,000,00,2,1,05,A01
201200043844,0,07,000,00,2,1,01,B01
201200043845,0,07,000,00,1,7,01,A01
201200043846,0,07,000,00,2,3,15,A01
201200043846,0,33,000,00,2,1,02,B01
201200043847,0,02,000,02,0,1,01,A01
201200043848,0,07,000,09,0,1,01,A01
201200043849,0,07,000,00,0,7,15,B01
201200043849,2,07,000,00,2,1,14,A01
201200043850,0,33,000,00,2,2,02,A01
201200043850,0,07,000,00,2,6,01,B01
201200043851,0,07,000,02,0,3,00,A01
201200043852,0,07,000,01,0,1,01,A01
201200043853,2,07,000,15,0,1,15,Z01
201200043854,0,07,000,00,2,1,13,A01
201200043854,0,07,000,00,2,1,02,B01
201200043855,1,07,000,00,1,1,10,Z01
201200043855,0,01,000,00,2,1,01,B01
201200043856,0,10,000,00,1,3,15,A01
201200043857,0,13,000,00,0,8,00,A01
201200043857,0,07,000,00,0,1,00,B01
201200043858,0,07,000,00,2,3,09,A01
201200043858,0,30,000,00,0,1,01,B01
201200043859,0,07,000,00,2,1,02,B01
201200043859,0,07,000,00,2,2,11,A01
201200043860,0,07,000,03,0,1,01,A01
201200043861,0,07,000,00,1,1,15,A01
201200043862,0,07,000,00,2,8,02,B01
201200043862,0,33,000,00,2,7,02,A01
201200043863,0,07,000,00,2,1,02,B01
201200043863,0,07,000,00,2,1,15,A01
201200043864,0,07,000,00,2,3,00,A01
201200043864,0,07,000,00,2,2,02,B01
201200043865,0,01,000,00,2,0,19,B01
201200043865,0,07,000,00,9,2,01,A01
201200043866,0,07,000,00,0,6,02,A01
201200043866,2,07,000,00,0,3,02,B01
201200043867,0,07,000,00,1,2,01,A01
201200043867,0,07,000,00,0,0,01,B01
201200043868,0,07,000,01,0,1,01,A01
201200043868,0,15,000,00,2,4,01,B01
201200043869,0,07,000,00,1,1,01,A01
201200043870,0,07,000,00,2,0,00,B01
201200043870,0,07,000,00,2,0,00,A01
201200043871,0,07,000,00,1,8,01,A01
201200043872,0,07,000,00,1,3,00,A01
201200043873,0,07,000,08,2,9,01,A01
201200043873,0,07,000,00,2,2,01,B01
201200043874,0,07,000,00,0,8,00,A01
201200043874,0,07,000,00,0,0,00,B01
201200043875,0,07,000,00,2,1,16,A01
201200043875,0,07,000,00,2,7,15,B01
201200043876,0,07,000,00,0,3,02,A01
201200043876,0,34,000,00,0,7,07,B01
201200043877,0,10,000,00,0,1,02,A01
201200043878,0,07,000,01,0,3,12,A01
201200043879,0,07,000,08,0,1,01,A01
201200043880,0,07,000,00,1,4,04,A01
201200043881,0,10,000,01,0,4,20,A01
201200043881,0,02,000,00,2,1,01,B01
201200043882,0,34,000,00,2,1,01,B01
201200043882,0,07,000,00,0,5,11,A01
201200043883,0,07,000,00,2,1,05,A01
201200043883,0,07,000,00,2,1,01,B01
201200043884,0,33,000,00,0,0,00,A01
201200043884,0,07,000,00,0,0,00,B01
201200043885,0,07,000,00,1,1,15,A01
201200043886,2,07,000,00,2,1,01,A01
201200043886,0,07,000,00,2,8,09,B01
201200043887,0,07,000,00,2,4,02,B01
201200043887,0,07,000,00,2,1,02,A01
201200043888,0,07,000,00,1,1,01,A01
201200043889,0,07,000,03,0,4,02,B01
201200043889,0,07,000,00,2,1,02,A01
201200043890,0,07,000,00,1,1,01,A01
201200043891,0,07,000,00,0,3,02,A01
201200043891,0,07,000,00,0,5,02,B01
201200043892,0,01,000,00,2,1,19,B01
201200043892,0,07,000,00,9,2,19,A01
201200043893,0,07,000,00,2,8,15,B01
201200043893,0,33,000,00,2,7,17,A01
201200043894,2,10,000,14,0,1,01,A01
201200043895,1,10,000,00,0,0,00,A01
201200043895,0,01,000,00,2,0,00,B01
201200043896,0,07,000,00,2,3,15,A01
201200043896,0,07,000,00,2,1,01,B01
201200043897,0,07,000,00,0,1,10,A01
201200043897,0,30,000,00,0,8,21,B01
201200043898,0,07,000,00,0,3,00,A01
201200043898,0,07,000,00,0,3,00,B01
201200043899,0,07,000,00,1,3,18,A01
201200043900,0,33,000,00,2,3,02,A01
201200043900,0,07,000,00,2,3,15,B01