Num_Acc,senc,catv,occutc,obs,obsm,choc,manv,num_veh
201200043901,0,07,000,08,0,1,01,A01
201200043902,0,07,000,00,2,1,09,B01
201200043902,0,07,000,00,2,1,01,A01
201200043903,0,07,000,00,2,3,00,A01
201200043903,0,07,000,00,0,8,04,B01
201200043904,0,07,000,00,0,3,00,A01
201200043904,0,07,000,00,0,0,00,B01
201200043905,0,33,000,00,2,1,05,B01
201200043905,0,07,000,00,2,3,16,A01
201200043906,1,07,000,00,2,2,00,A01
201200043906,0,30,000,00,2,1,01,B01
201200043907,0,07,000,00,2,3,16,B01
201200043907,0,33,000,00,2,3,15,A01
201200043908,0,01,000,00,2,0,00,B01
201200043908,0,07,000,00,2,1,00,A01
201200043909,0,07,000,00,1,1,02,A01
201200043910,0,01,000,11,2,8,19,B01
201200043910,0,07,000,14,1,1,01,A01
201200043911,0,07,000,00,2,5,01,B01
201200043911,1,30,000,00,2,1,21,A01
201200043912,0,03,000,16,0,8,00,A01
201200043913,0,07,000,00,0,6,01,B01
201200043913,0,33,000,00,2,1,01,A01
201200043914,0,07,000,00,2,4,02,B01
201200043914,0,07,000,00,2,1,02,A01
201200043915,0,07,000,00,0,4,02,B01
201200043915,0,07,000,00,2,1,02,A01
201200043916,0,07,000,00,0,1,05,A01
201200043916,0,07,000,00,2,1,02,B01
201200043916,0,07,000,00,2,1,02,C01
201200043917,1,10,000,00,1,4,04,A01
201200043918,0,07,000,00,2,2,01,A01
201200043918,0,07,000,00,2,2,15,B01
201200043919,0,30,000,00,9,1,01,A01
201200043920,0,07,000,00,2,1,02,B01
201200043920,0,07,000,00,0,7,15,A01
201200043921,0,15,000,00,0,0,02,B01
201200043921,0,07,000,00,0,6,17,A01
201200043921,0,37,000,00,0,0,23,C01
201200043922,0,07,000,01,0,1,02,A01
201200043923,0,07,000,00,0,2,01,A01
201200043924,0,07,000,01,0,1,01,A01
201200043925,0,07,000,00,0,1,02,A01
201200043926,0,07,000,00,0,3,02,A01
201200043926,0,07,000,00,0,4,03,B01
201200043927,0,37,000,00,1,3,01,A01
201200043928,0,07,000,00,2,1,02,A01
201200043928,0,37,003,00,2,5,15,B01
201200043929,0,20,000,00,2,2,15,A01
201200043929,0,07,000,00,2,2,00,B01
201200043930,0,07,000,00,2,3,15,A01
201200043930,0,07,000,00,2,2,01,B01
201200043931,2,37,000,00,1,0,00,A01
201200043932,0,07,000,00,0,7,02,A01
201200043932,1,07,000,00,2,0,00,B01
201200043933,0,31,000,00,2,6,10,A01
201200043933,0,07,000,00,2,2,01,B01
201200043934,0,07,000,00,2,1,23,C01
201200043934,0,07,000,00,2,1,06,A01
201200043934,0,07,000,00,2,1,05,B01
201200043935,0,07,000,02,0,1,00,A01
201200043936,0,32,000,00,2,1,19,B01
201200043936,0,07,000,00,2,3,19,A01
201200043937,0,07,000,00,2,1,15,B01
201200043937,0,02,000,00,0,8,01,A01
201200043938,0,07,000,00,1,2,02,A01
201200043939,1,07,000,00,0,1,00,A01
201200043940,0,07,000,00,2,3,01,A01
201200043940,0,02,000,00,2,3,02,B01
201200043941,0,07,000,12,2,2,11,A01
201200043941,0,07,000,00,0,3,02,B01
201200043942,1,07,000,00,1,1,00,A01
201200043943,0,07,000,00,2,5,01,B01
201200043943,0,07,000,00,2,1,09,A01
201200043943,0,07,000,00,2,4,01,C01
201200043944,0,07,000,00,1,2,01,A01
201200043945,0,07,000,04,0,1,00,A01
201200043946,0,07,000,00,1,1,01,A01
201200043947,1,07,000,00,1,0,00,A01
201200043948,0,07,000,00,2,3,01,B01
201200043948,1,07,000,00,2,0,09,A01
201200043949,0,33,000,00,2,1,01,B01
201200043949,0,10,000,00,0,5,00,A01
201200043950,0,07,000,00,2,6,11,A01
201200043950,0,07,000,00,2,1,01,B01
201200043951,0,07,000,00,2,2,01,B01
201200043951,0,07,000,00,2,1,19,A01
201200043952,0,34,000,00,0,1,02,B01
201200043952,0,07,000,00,0,4,02,A01
201200043953,0,07,000,00,1,0,20,A01
201200043954,0,07,000,00,2,2,01,A01
201200043954,0,07,000,00,2,2,24,B01
201200043955,0,07,000,00,2,8,11,A01
201200043955,0,30,000,08,2,7,01,B01
201200043956,0,07,000,00,1,1,00,A01
201200043957,0,07,000,00,2,2,00,A01
201200043957,0,07,000,00,2,3,00,B01
201200043958,0,15,000,01,0,2,02,A01
201200043959,0,07,000,00,2,1,16,A01
201200043959,0,33,000,00,2,1,02,B01
201200043960,0,07,000,00,1,1,15,A01
201200043961,0,07,000,00,2,1,01,A01
201200043961,0,07,000,00,2,4,02,C01
201200043961,0,07,000,00,2,4,02,B01
201200043962,0,07,000,00,2,1,01,B01
201200043962,0,07,000,08,0,6,01,A01
201200043963,0,07,000,00,2,8,00,B01
201200043963,0,07,000,00,2,1,01,A01
201200043964,0,07,000,00,0,4,02,B01
201200043964,0,07,000,00,2,2,02,A01
201200043965,0,33,000,00,1,1,01,A01
201200043966,0,10,000,00,0,0,00,A01
201200043967,0,17,000,00,0,8,00,A01
201200043968,1,02,000,00,0,0,00,A01
201200043969,1,07,000,00,0,0,00,B01
201200043969,0,07,000,00,0,1,00,A01
201200043970,0,07,000,01,2,4,23,B01
201200043970,1,07,000,01,0,1,00,C01
201200043970,0,07,000,00,2,4,23,A01
201200043971,0,31,000,00,2,0,00,A01
201200043971,0,07,000,00,0,0,00,B01
201200043972,0,07,000,00,1,2,02,A01
201200043973,1,07,000,00,1,0,00,A01
201200043974,0,07,000,13,0,1,01,A01
201200043975,0,33,000,00,0,8,01,A01
201200043976,0,07,000,00,2,2,01,B01
201200043976,0,07,000,00,2,3,02,A01
201200043977,0,07,000,00,1,3,00,A01
201200043978,0,07,000,00,2,3,01,B01
201200043978,0,30,000,00,2,1,01,A01
201200043979,0,07,000,15,0,1,01,A01
201200043980,0,07,000,00,2,1,01,A01
201200043980,0,07,000,00,2,4,01,B01
201200043981,0,10,000,12,2,6,01,B01
201200043981,0,07,000,09,2,3,01,A01
201200043982,0,07,000,00,2,1,02,A01
201200043982,0,02,000,00,0,4,02,B01
201200043983,0,07,000,00,2,1,01,A01
201200043983,0,10,000,00,0,4,02,B01
201200043984,0,07,000,00,1,1,00,A01
201200043985,0,33,000,00,0,1,01,B01
201200043985,0,07,000,00,0,1,01,A01
201200043986,0,33,000,00,2,1,00,A01
201200043986,0,03,000,00,2,3,00,B01
201200043987,0,07,000,00,2,2,11,A01
201200043987,0,07,000,00,2,6,00,B01
201200043988,0,03,000,00,0,1,00,A01
201200043988,0,07,000,00,0,4,00,B01
201200043989,0,10,000,00,1,7,01,A01
201200043990,0,07,000,00,0,0,00,A01
201200043991,0,07,000,00,2,5,01,B01
201200043991,0,34,000,00,2,1,00,A01
201200043992,0,07,000,00,2,3,02,A01
201200043992,0,07,000,00,2,3,16,B01
201200043993,0,07,000,00,1,1,00,A01
201200043994,0,07,000,00,2,1,16,A01
201200043994,0,07,000,01,2,1,01,B01
201200043995,0,07,000,09,2,5,01,B01
201200043995,0,10,000,00,2,1,01,A01
201200043996,0,07,000,00,2,3,01,B01
201200043996,0,07,000,08,2,2,01,A01
201200043997,0,07,000,00,1,1,02,A01
201200043998,0,10,000,00,0,4,23,A01
201200043998,1,10,000,00,0,1,02,B01
201200043999,0,10,000,08,0,1,01,A01
201200044000,0,33,000,04,0,3,17,A01
201200044001,0,07,000,00,2,7,02,A01
201200044001,0,07,000,00,2,1,02,B01
201200044002,0,37,000,10,0,3,02,A01
201200044003,0,99,000,00,9,1,00,A01
201200044004,0,02,000,00,2,3,00,B01
201200044004,0,07,000,00,2,1,00,A01
201200044005,0,33,000,00,2,1,01,B01
201200044005,0,07,000,00,2,3,01,A01
201200044006,0,07,000,00,2,1,02,A01
201200044006,0,07,000,00,0,4,01,B01
201200044007,0,37,000,00,0,1,01,B01
201200044007,0,07,000,00,0,3,01,A01
201200044008,0,02,000,00,2,7,01,A01
201200044008,0,07,000,00,2,1,01,B01
201200044009,0,30,000,00,0,6,01,B01
201200044009,1,07,000,00,2,0,00,A01
201200044010,0,07,000,00,0,6,10,A01
201200044010,0,02,000,00,0,1,01,B01
201200044011,0,07,000,00,2,7,01,B01
201200044011,0,07,000,00,2,1,01,A01
201200044012,0,07,000,12,0,1,01,A01
201200044013,0,07,000,00,2,2,01,A01
201200044013,0,07,000,00,2,2,01,B01
201200044014,0,07,000,00,2,8,00,B01
201200044014,0,07,000,00,2,7,01,A01
201200044015,1,07,000,00,2,0,16,A01
201200044015,0,37,000,00,2,3,21,B01
201200044016,0,02,000,00,2,1,00,A01
201200044016,0,07,000,00,2,8,00,B01
201200044017,0,07,000,08,0,4,04,A01
201200044018,0,32,000,00,2,1,10,A01
201200044018,0,07,000,00,2,4,01,B01
201200044019,0,07,000,00,0,6,09,A01
201200044020,0,07,000,00,2,2,00,A01
201200044020,0,07,000,00,0,6,23,B01
201200044021,0,02,000,00,0,2,00,A01
201200044022,0,07,000,00,2,3,00,A01
201200044022,0,33,000,00,2,9,00,B01
201200044023,0,01,000,00,1,1,01,A01
201200044024,0,07,000,00,2,6,02,A01
201200044024,1,07,000,00,2,1,02,Z01
201200044025,0,33,000,00,0,4,23,A01
201200044025,1,07,000,00,2,1,02,B01
201200044026,0,99,000,00,0,1,00,B01
201200044026,0,07,000,00,0,4,00,A01
201200044027,0,07,000,14,0,1,06,A01
201200044028,0,03,000,00,0,4,04,A01
201200044029,0,07,000,00,0,8,01,B01
201200044029,0,07,000,12,0,1,09,A01
201200044030,0,07,000,00,2,3,01,B01
201200044030,0,07,000,00,2,1,15,A01
201200044031,0,30,000,00,2,1,00,A01
201200044031,0,07,000,00,2,1,00,B01
201200044032,0,30,000,01,2,1,01,A01
201200044032,0,07,000,00,2,2,01,B01
201200044033,0,07,000,00,1,3,01,A01
201200044034,0,07,000,00,1,1,09,A01
201200044035,0,10,000,00,1,2,01,A01
201200044036,0,07,000,00,2,3,01,A01
201200044036,0,07,000,15,2,1,09,B01
201200044037,0,07,000,00,0,1,02,A01
201200044037,0,07,000,00,0,4,01,B01
201200044038,1,07,000,00,1,1,01,A01
201200044039,0,07,000,08,0,3,01,A01
201200044040,0,07,000,00,2,7,10,A01
201200044040,0,32,000,00,2,1,01,B01
201200044041,0,07,000,01,0,5,24,B01
201200044041,0,07,000,00,2,1,02,A01
201200044042,0,07,000,00,1,1,01,A01
201200044043,0,07,000,00,2,8,01,B01
201200044043,0,07,000,00,2,1,01,A01
201200044044,0,07,000,08,0,1,01,A01
201200044045,0,07,000,14,2,2,02,A01
201200044045,0,07,000,00,9,4,02,B01
201200044046,0,32,000,00,0,3,01,A01
201200044046,0,15,000,00,0,3,01,B01
201200044047,0,07,000,01,2,9,05,A01
201200044047,0,07,000,00,2,1,00,B01
201200044048,0,07,000,00,2,1,01,A01
201200044048,0,07,000,01,2,3,24,C01
201200044048,0,10,000,00,2,1,09,B01
201200044049,0,07,000,00,2,3,05,A01
201200044049,0,07,000,00,2,3,01,B01
201200044050,0,34,000,00,1,1,00,A01
201200044051,0,07,000,00,1,6,04,A01
201200044052,0,07,000,00,0,3,01,A01
201200044053,0,07,000,00,2,6,23,B01
201200044053,0,33,000,00,2,4,23,A01
201200044053,1,07,000,01,0,1,17,C01
201200044054,0,99,000,00,2,1,00,B01
201200044054,0,07,000,00,2,5,09,A01
201200044055,0,07,000,00,1,3,01,A01
201200044056,0,07,000,00,1,2,00,A01
201200044057,1,07,000,01,2,4,04,A01
201200044057,0,07,000,00,2,2,16,B01
201200044058,0,03,000,00,1,1,01,A01
201200044059,0,07,000,00,1,6,04,A01
201200044060,0,07,000,00,0,1,15,A01
201200044060,0,01,000,00,2,8,01,B01
201200044061,0,07,000,00,0,0,00,B01
201200044061,0,10,000,00,1,4,04,A01
201200044062,0,07,000,00,2,2,00,B01
201200044062,0,34,000,00,2,8,00,A01
201200044063,0,33,000,00,0,1,00,A01
201200044064,0,33,000,00,2,8,02,A01
201200044064,0,07,000,00,2,3,11,B01
201200044065,1,07,000,00,1,2,00,A01
201200044066,0,07,000,02,2,5,01,A01
201200044066,0,03,000,00,2,3,09,B01
201200044067,1,35,000,00,1,1,02,A01
201200044068,0,07,000,08,0,3,01,A01
201200044069,0,99,000,00,2,1,00,B01
201200044069,0,07,000,00,2,8,01,A01
201200044070,0,07,000,00,0,1,00,A01
201200044070,0,07,000,00,0,4,00,B01
201200044071,0,07,000,00,2,7,01,B01
201200044071,0,07,000,00,2,3,18,A01
201200044072,0,07,000,00,1,2,01,A01
201200044073,0,07,000,00,2,1,01,A01
201200044073,0,07,000,00,2,8,01,B01
201200044074,0,07,000,00,2,1,01,B01
201200044074,0,07,000,00,0,2,01,A01
201200044075,1,10,000,00,0,0,15,B01
201200044075,0,07,000,00,0,1,02,A01
201200044076,0,32,000,00,0,1,01,A01
201200044077,0,10,000,00,2,7,02,A01
201200044077,0,01,000,00,2,8,02,B01
201200044078,0,07,000,00,0,1,02,A01
201200044078,0,07,000,00,0,4,23,B01
201200044079,0,32,000,08,0,0,00,A01
201200044080,0,07,000,00,0,1,01,A01
201200044081,0,30,000,00,2,2,02,A01
201200044081,2,07,000,00,2,3,02,B01
201200044082,1,07,000,00,1,1,00,A01
201200044083,0,07,000,00,2,1,17,A01
201200044083,0,07,000,00,0,8,09,B01
201200044084,0,07,000,00,2,3,11,A01
201200044084,0,07,000,12,2,3,00,B01
201200044085,0,07,000,00,2,1,02,A01
201200044085,0,07,000,00,0,4,02,B01
201200044086,0,07,000,00,0,4,23,A01
201200044086,0,07,000,00,2,1,02,B01
201200044087,0,07,000,00,0,0,01,B01
201200044087,0,30,000,00,0,1,01,A01
201200044088,0,30,000,00,2,0,00,A01
201200044088,0,07,000,00,0,6,01,B01
201200044089,0,33,000,00,2,0,00,A01
201200044089,1,07,000,00,2,0,00,B01
201200044090,0,03,000,00,0,0,00,A01
201200044091,1,07,000,00,1,0,00,A01
201200044092,0,07,000,00,0,5,00,A01
201200044093,0,07,000,00,1,1,01,A01
201200044094,0,07,000,00,1,2,02,A01
201200044095,0,07,000,00,1,3,15,A01
201200044096,0,30,000,06,0,1,00,A01
201200044097,0,10,000,00,0,2,01,A01
201200044098,0,07,000,00,2,3,09,A01
201200044098,0,32,000,00,2,1,01,B01
201200044099,0,07,000,00,0,6,10,A01
201200044099,0,33,000,00,2,1,01,B01
201200044100,0,33,000,00,0,8,01,A01
201200044101,0,14,000,00,2,1,02,A01
201200044101,0,07,000,00,2,4,02,B01
201200044101,0,07,000,00,2,4,02,C01
201200044101,0,07,000,00,2,4,01,D01
201200044102,1,07,000,00,2,2,12,B01
201200044102,0,37,001,00,2,3,01,A01
201200044103,0,07,000,00,1,2,01,A01
201200044104,0,20,000,09,0,1,12,A01
201200044105,0,07,000,00,1,3,17,A01
201200044106,0,33,000,00,2,1,02,A01
201200044106,0,07,000,00,2,4,16,B01
201200044107,0,13,000,00,2,2,01,A01
201200044107,0,07,000,00,2,8,01,B01
201200044108,0,07,000,00,2,6,00,A01
201200044108,0,07,000,00,2,2,02,B01
201200044109,0,07,000,02,0,2,00,A01
201200044110,0,07,000,00,2,1,17,A01
201200044110,0,07,000,00,2,1,02,C01
201200044110,0,07,000,00,2,1,02,D01
201200044110,0,07,000,00,2,3,15,B01
201200044111,0,07,000,00,1,2,01,A01
201200044112,0,10,000,00,1,4,04,A01
201200044113,0,07,000,00,0,0,00,A01
201200044114,0,07,000,00,1,1,01,A01
201200044115,0,07,000,00,1,2,11,A01
201200044116,0,07,000,00,2,8,15,B01
201200044116,0,07,000,00,2,3,01,A01
201200044117,0,15,000,00,2,4,07,A01
201200044117,0,30,000,01,0,1,18,B01
201200044118,0,07,000,00,2,1,02,A01
201200044118,0,07,000,00,2,4,01,B01
201200044119,0,31,000,01,2,3,03,A01
201200044119,0,07,000,00,0,5,00,B01
201200044120,0,07,000,00,2,3,19,A01
201200044120,0,01,000,00,2,8,01,B01
201200044121,1,99,000,00,1,1,07,A01
201200044122,0,31,000,00,2,0,21,A01
201200044123,0,33,000,12,2,8,00,A01
201200044123,1,07,000,00,2,0,00,B01
201200044124,0,07,000,00,1,3,09,A01
201200044125,1,30,000,00,1,0,00,A01
201200044126,0,13,000,00,2,1,02,A01
201200044126,0,07,000,00,0,4,02,B01
201200044127,0,07,000,00,0,4,23,A01
201200044127,0,10,000,00,0,1,02,B01
201200044128,0,07,000,00,2,1,02,B01
201200044128,2,07,000,00,2,1,01,A01
201200044129,0,40,000,00,0,1,01,A01
201200044129,0,07,000,00,0,8,01,B01
201200044130,0,01,000,11,0,7,02,B01
201200044130,0,07,000,11,0,6,02,A01
201200044131,0,10,000,00,1,4,04,A01
201200044132,0,07,000,00,0,1,10,A01
201200044132,0,07,000,00,0,1,01,B01
201200044133,0,07,000,00,2,3,05,B01
201200044133,0,07,000,00,2,1,09,A01
201200044134,0,33,000,00,2,7,01,B01
201200044134,0,07,000,00,2,3,11,A01
201200044135,0,33,000,00,2,1,00,A01
201200044135,0,07,000,00,2,6,02,B01
201200044136,0,07,000,04,0,1,02,A01
201200044137,0,37,003,00,1,7,07,A01
201200044138,0,07,000,00,2,1,17,A01
201200044139,0,07,000,00,1,3,10,A01
201200044140,0,07,000,00,0,4,23,C01
201200044140,0,10,000,00,0,1,02,A01
201200044140,0,07,000,00,0,4,23,B01
201200044141,0,07,000,00,9,2,21,A01
201200044141,0,30,000,00,0,4,13,B01
201200044142,0,07,000,00,1,2,01,A01
201200044143,0,10,000,00,2,8,02,A01
201200044143,0,33,000,00,2,1,02,B01
201200044144,0,34,000,00,9,1,09,B01
201200044144,0,01,000,00,2,8,05,A01
201200044145,0,07,000,00,1,4,02,B01
201200044145,0,07,000,00,2,1,01,A01
201200044146,0,30,000,00,2,7,00,B01
201200044146,0,07,000,00,2,3,00,A01
201200044147,0,07,000,00,1,3,01,A01
201200044148,0,07,000,00,1,7,09,A01
201200044149,0,07,000,00,0,4,00,B01
201200044149,0,07,000,00,0,1,00,A01
201200044150,0,07,000,00,0,2,02,A01
201200044150,0,07,000,00,0,6,10,B01
201200044151,0,37,002,00,0,4,02,A01
201200044151,0,07,000,00,2,1,02,B01
201200044152,0,07,000,08,0,8,00,B01
201200044152,0,03,000,00,2,1,15,A01
201200044153,0,10,000,00,2,2,02,A01
201200044153,0,30,000,00,2,4,02,B01
201200044154,0,07,000,00,1,3,15,A01
201200044155,0,07,000,00,2,8,14,A01
201200044155,0,07,000,00,2,1,01,B01
201200044156,0,33,000,00,2,1,01,A01
201200044156,0,07,000,00,2,7,00,B01
201200044157,0,31,000,08,0,0,00,A01
201200044158,0,07,000,00,0,4,02,A01
201200044158,0,20,000,00,2,1,02,B01
201200044159,0,33,000,00,2,3,01,A01
201200044159,0,10,000,00,2,2,16,B01
201200044160,0,33,000,12,0,1,07,A01
201200044161,0,07,000,00,1,2,01,A01
201200044162,0,07,000,00,0,4,00,B01
201200044162,2,07,000,00,0,1,00,A01
201200044163,1,02,000,00,0,0,00,A01
201200044164,0,32,000,00,0,2,17,B01
201200044164,0,07,000,00,0,3,15,A01
201200044165,0,13,000,00,0,3,01,A01
201200044166,0,07,000,08,0,3,00,B01
201200044166,0,07,000,00,2,1,00,A01
201200044167,0,37,001,00,0,0,00,A01
201200044167,0,30,000,00,2,8,00,B01
201200044168,0,01,000,00,1,1,02,A01
201200044169,1,07,000,00,2,1,02,A01
201200044169,0,07,000,00,2,6,02,B01
201200044170,0,07,000,00,0,4,04,A01
201200044170,0,33,000,00,0,1,21,B01
201200044171,0,07,000,00,2,1,01,A01
201200044171,0,07,000,00,2,3,05,B01
201200044172,0,07,000,01,0,1,16,A01
201200044173,0,14,000,00,2,2,01,A01
201200044173,0,07,000,00,2,8,11,B01
201200044174,0,07,000,00,2,3,11,A01
201200044174,0,07,000,00,2,1,01,B01
201200044175,0,07,000,00,9,1,00,A01
201200044175,0,30,000,00,2,1,00,B01
201200044176,0,07,000,00,1,4,04,A01
201200044177,0,07,000,00,2,1,02,B01
201200044177,0,02,000,00,2,7,02,A01
201200044178,0,07,000,00,2,3,02,B01
201200044178,0,07,000,00,2,2,01,A01
201200044179,0,31,000,00,2,1,21,A01
201200044179,0,07,000,00,2,3,23,B01
201200044180,2,34,000,00,2,8,02,B01
201200044180,2,07,000,00,2,1,00,A01
201200044181,0,33,000,00,0,0,11,A01
201200044182,0,07,000,00,2,2,12,A01
201200044182,0,33,000,01,2,9,02,B01
201200044183,0,33,000,00,0,7,00,A01
201200044183,0,07,000,00,0,2,00,B01
201200044184,0,07,000,00,1,1,02,A01
201200044185,0,10,000,00,0,1,01,B01
201200044185,0,07,000,01,2,1,16,A01
201200044186,0,34,000,00,2,1,05,A01
201200044186,0,07,000,00,0,2,15,B01
201200044187,0,07,000,00,2,1,00,A01
201200044187,0,37,000,00,2,3,02,B01
201200044188,0,07,000,00,0,6,14,A01
201200044188,0,33,000,00,2,1,01,B01
201200044189,0,02,000,00,2,2,02,A01
201200044189,0,13,000,00,2,3,02,B01
201200044190,0,07,000,00,2,3,10,A01
201200044190,0,34,000,00,2,1,01,B01
201200044191,1,33,000,00,0,0,00,A01
201200044192,0,02,000,00,0,9,00,A01
201200044193,0,07,000,00,1,1,00,A01
201200044194,0,07,000,00,0,9,01,A01
201200044195,0,07,000,00,2,2,02,A01
201200044195,0,01,000,00,0,0,00,B01
201200044196,0,13,000,00,0,0,02,A01
201200044196,0,32,000,00,0,0,02,B01
201200044197,0,37,001,00,1,7,16,A01
201200044198,0,30,000,00,2,1,01,A01
201200044198,0,07,000,00,2,3,01,B01
201200044199,0,07,000,00,2,3,02,A01
201200044199,0,07,000,00,2,7,00,B01
201200044200,0,07,000,00,0,4,10,A01
201200044200,0,10,000,00,2,4,00,B01
201200044200,0,33,000,00,0,1,00,C01
201200044201,0,07,000,00,2,1,02,A01
201200044201,0,07,000,00,0,4,23,B01
201200044202,0,37,000,00,0,2,00,A01
201200044203,0,07,000,00,2,8,23,B01
201200044203,1,07,000,00,2,1,15,A01
201200044204,0,40,000,00,0,3,20,A01
201200044205,0,07,000,00,1,1,00,A01
201200044206,1,07,000,00,1,1,00,A01
201200044207,0,07,000,00,0,0,00,B01
201200044208,0,07,000,00,1,3,15,A01
201200044209,0,10,000,00,2,1,02,A01
201200044209,0,10,000,00,0,4,00,B01
201200044210,0,37,030,00,0,1,02,A01
201200044210,0,32,000,00,0,4,02,B01
201200044211,0,07,000,00,2,1,00,A01
201200044211,0,30,000,00,2,1,01,B01
201200044212,0,07,000,00,2,1,09,B01
201200044212,2,33,000,00,2,7,01,A01
201200044213,0,07,000,00,2,1,02,B01
201200044213,0,07,000,00,2,4,02,A01
201200044214,1,02,000,00,2,8,00,A01
201200044215,0,07,000,00,1,3,04,A01
201200044216,2,07,000,00,2,1,02,A01
201200044216,0,10,000,00,0,4,02,C01
201200044216,0,07,000,00,2,9,02,B01
201200044217,0,07,000,00,2,4,02,A01
201200044217,0,07,000,00,2,4,01,B01
201200044218,0,07,000,00,2,1,15,A01
201200044218,0,32,000,00,2,0,01,B01
201200044219,0,07,000,09,2,1,07,A01
201200044219,0,07,000,00,2,2,15,B01
201200044220,1,07,000,00,1,1,01,A01
201200044221,0,07,000,00,1,3,01,A01
201200044222,0,07,000,15,9,1,01,A01
201200044222,0,01,000,00,2,3,01,Y01
201200044223,0,07,000,01,1,1,01,A01
201200044224,0,07,000,00,2,1,10,A01
201200044224,0,07,000,00,2,2,01,B01
201200044225,0,07,000,00,2,7,16,A01
201200044225,0,32,000,00,2,1,07,B01
201200044226,0,07,000,03,0,1,01,A01
201200044227,0,07,000,00,9,3,02,B01
201200044227,0,37,005,00,2,1,02,A01
201200044228,0,07,000,00,2,3,01,A01
201200044228,0,07,000,00,2,1,15,B01
201200044229,0,07,000,02,0,8,01,A01
201200044230,0,07,000,00,1,1,09,A01
201200044231,0,07,000,00,1,2,00,A01
201200044232,0,07,000,00,1,1,01,A01
201200044233,0,07,000,00,0,7,00,A01
201200044234,0,07,000,14,0,1,02,A01
201200044234,0,07,000,00,0,4,01,B01
201200044235,0,07,000,08,2,8,00,A01
201200044235,0,07,000,04,2,4,00,B01
201200044236,2,07,000,00,1,3,01,A01
201200044237,0,33,000,00,2,1,01,B01
201200044237,0,07,000,00,0,2,15,A01
201200044238,2,07,000,01,0,7,00,A01
201200044239,0,07,000,11,0,1,01,A01
201200044240,0,07,000,01,0,7,24,B01
201200044240,0,34,000,01,0,0,02,A01
201200044241,0,33,000,00,1,1,00,A01
201200044242,0,07,000,00,2,1,01,A01
201200044242,0,07,000,00,2,4,01,B01
201200044242,0,10,000,00,9,6,16,C01
201200044243,0,31,000,00,2,1,00,B01
201200044243,0,07,000,00,2,6,16,A01
201200044244,1,99,000,00,0,0,00,X01
201200044244,0,07,000,09,2,8,01,A01
201200044245,0,07,000,00,1,4,04,A01
201200044246,2,07,000,00,1,0,00,A01
201200044247,0,07,000,00,9,0,00,A01
201200044248,0,07,000,00,2,6,11,A01
201200044248,0,30,000,00,2,1,02,B01
201200044249,0,01,000,00,2,2,12,A01
201200044249,0,01,000,00,2,1,01,B01
201200044250,1,30,000,00,0,0,00,A01
201200044251,0,07,000,00,2,1,00,A01
201200044251,0,07,000,00,2,4,00,B01
201200044252,0,30,000,00,2,1,00,B01
201200044252,0,07,000,00,2,7,16,A01
201200044253,0,07,000,00,1,1,01,A01
201200044254,0,07,000,00,0,5,00,A01
201200044255,0,32,000,00,2,0,03,A01
201200044255,0,15,000,00,2,0,02,B01
201200044256,2,07,000,00,0,1,21,B01
201200044256,0,37,003,01,0,6,23,A01
201200044257,0,07,000,00,2,1,02,A01
201200044257,0,07,000,00,2,4,02,B01
201200044258,0,07,000,00,1,8,15,A01
201200044259,0,33,000,00,2,1,00,A01
201200044259,0,33,000,00,2,6,15,B01
201200044260,0,32,000,00,0,1,01,A01
201200044260,0,07,000,00,0,2,16,B01
201200044261,0,34,000,01,0,1,01,A01
201200044262,0,07,000,00,0,4,02,C01
201200044262,0,07,000,00,0,4,02,B01
201200044262,0,07,000,00,0,1,02,A01
201200044263,0,07,000,00,0,4,00,C01
201200044263,0,07,000,00,2,1,00,A01
201200044263,0,07,000,00,2,4,00,B01
201200044264,0,07,000,09,0,2,00,A01
201200044265,0,02,000,00,2,1,00,B01
201200044265,1,07,000,00,0,0,00,A01
201200044266,0,07,000,00,0,4,02,A01
201200044266,2,07,000,09,2,1,01,B01
201200044267,2,32,000,00,2,1,05,B01
201200044267,0,07,000,00,2,2,15,A01
201200044268,0,07,000,00,2,3,01,B01
201200044268,0,07,000,00,2,0,00,A01
201200044269,0,10,000,00,0,0,00,B01
201200044269,0,07,000,00,0,0,00,C01
201200044269,0,30,000,01,2,0,00,A01
201200044270,0,07,000,00,2,3,00,B01
201200044270,0,37,001,00,2,2,00,A01
201200044271,0,33,000,00,2,0,00,B01
201200044271,0,07,000,00,2,1,00,A01
201200044272,0,07,000,00,9,2,15,A01
201200044272,0,32,000,00,2,1,01,B01
201200044273,0,07,000,00,0,0,00,A01
201200044273,0,07,000,00,0,4,02,C01
201200044273,0,07,000,00,2,4,02,B01
201200044274,0,07,000,00,2,4,20,A01
201200044274,0,07,000,00,2,1,02,B01
201200044275,0,07,000,00,0,0,10,A01
201200044275,0,32,000,00,2,0,01,B01
201200044276,0,07,000,00,1,1,01,A01
201200044277,2,07,000,00,2,3,10,A01
201200044277,1,07,000,00,2,1,01,B01
201200044278,0,07,000,00,1,1,19,A01
201200044279,0,07,000,00,2,1,01,A01
201200044279,0,07,000,01,0,3,09,B01
201200044280,0,32,000,01,0,1,05,A01
201200044281,0,07,000,00,0,2,12,A01
201200044281,0,30,000,00,0,1,01,B01
201200044282,0,34,000,00,2,3,01,B01
201200044282,0,07,000,00,2,3,15,A01
201200044283,0,07,000,00,2,3,01,B01