Num_Acc,senc,catv,occutc,obs,obsm,choc,manv,num_veh
201200046164,0,07,000,00,0,0,00,B01
201200046165,0,07,000,00,2,1,01,B01
201200046165,0,30,000,00,0,1,00,A01
201200046166,0,07,000,00,2,6,19,A01
201200046166,0,33,000,00,2,1,01,B01
201200046167,0,07,000,00,2,1,00,A01
201200046167,0,07,000,00,2,1,00,B01
201200046168,0,07,000,00,1,1,00,A01
201200046169,0,07,000,14,0,9,01,A01
201200046170,0,07,000,00,2,3,15,A01
201200046170,0,07,000,00,2,1,01,B01
201200046171,0,30,000,14,0,8,02,A01
201200046171,0,07,000,00,2,7,23,B01
201200046172,0,30,000,00,1,1,00,A01
201200046173,0,07,000,00,0,0,00,B01
201200046173,0,30,000,00,2,0,00,A01
201200046174,0,07,000,00,2,1,15,A01
201200046174,0,33,000,00,2,1,01,B01
201200046175,0,07,000,00,2,0,00,B01
201200046175,0,33,000,00,2,0,00,A01
201200046176,0,07,000,00,2,2,15,A01
201200046176,0,33,000,00,2,2,01,B01
201200046177,0,07,000,00,2,8,17,B01
201200046177,0,34,000,00,2,7,17,A01
201200046178,1,07,000,00,1,1,01,A01
201200046179,0,07,000,00,2,0,02,B01
201200046179,0,07,000,00,2,0,02,A01
201200046179,0,07,000,00,2,0,00,C01
201200046179,0,07,000,00,0,4,02,D01
201200046180,0,07,000,00,1,1,00,A01
201200046181,0,34,000,00,2,1,17,A01
201200046181,0,07,000,00,2,3,15,B01
201200046182,0,34,000,00,2,1,01,A01
201200046182,0,07,000,00,2,3,15,B01
201200046183,0,07,000,00,0,1,00,B01
201200046183,0,07,000,00,0,4,00,A01
201200046184,0,07,000,00,2,1,12,B01
201200046184,0,07,000,00,2,2,15,A01
201200046185,0,07,000,01,2,1,01,A01
201200046185,0,07,000,00,2,2,01,B01
201200046186,0,07,000,00,1,1,02,A01
201200046187,0,07,000,00,2,3,01,A01
201200046187,0,33,000,00,2,2,01,B01
201200046188,0,02,000,00,2,1,01,A01
201200046188,0,07,000,00,2,2,17,B01
201200046189,0,07,000,00,2,6,00,B01
201200046189,0,07,000,00,2,2,00,A01
201200046190,0,07,000,00,2,8,01,B01
201200046190,0,30,000,00,2,1,01,A01
201200046191,0,07,000,00,2,0,00,A01
201200046191,0,33,000,00,2,0,00,B01
201200046192,0,07,000,00,2,3,10,A01
201200046192,0,31,000,00,2,2,01,B01
201200046193,0,30,000,00,2,1,00,A01
201200046193,0,07,000,00,2,6,00,B01
201200046194,0,30,000,00,2,1,00,A01
201200046194,0,07,000,00,2,6,00,B01
201200046195,0,13,000,00,2,3,02,B01
201200046195,0,07,000,14,0,3,05,A01
201200046196,2,07,000,00,0,4,00,B01
201200046196,0,07,000,00,2,1,00,A01
201200046197,0,33,000,00,2,2,01,B01
201200046197,0,07,000,00,2,2,10,A01
201200046198,0,30,000,00,2,1,00,A01
201200046198,0,07,000,00,2,3,00,B01
201200046199,1,07,000,00,2,0,01,A01
201200046199,0,30,000,00,2,3,16,B01
201200046200,0,07,000,00,2,3,15,B01
201200046200,0,30,000,00,2,1,01,A01
201200046201,0,07,000,00,1,1,00,A01
201200046202,0,34,000,00,1,1,02,A01
201200046203,1,07,000,00,1,1,00,Z01
201200046204,0,34,000,00,2,1,01,B01
201200046204,0,07,000,00,2,1,10,A01
201200046205,0,07,000,00,2,6,00,A01
201200046205,0,07,000,00,2,6,00,B01
201200046206,0,07,000,00,2,2,15,A01
201200046206,0,34,000,00,2,3,01,B01
201200046207,0,07,000,00,1,1,20,A01
201200046208,0,07,000,00,2,3,00,A01
201200046208,0,07,000,00,2,4,00,B01
201200046209,0,07,000,00,1,5,04,A01
201200046210,0,07,000,00,2,1,01,A01
201200046210,0,07,000,00,2,3,01,B01
201200046211,0,07,000,00,1,4,00,A01
201200046212,0,07,000,00,2,4,00,B01
201200046212,0,07,000,00,2,0,00,C01
201200046212,0,07,000,00,2,1,00,A01
201200046213,0,33,000,00,1,2,00,A01
201200046214,0,07,000,00,2,7,10,A01
201200046214,0,33,000,00,2,1,01,B01
201200046215,0,07,000,04,0,9,01,A01
201200046216,0,33,000,00,2,1,02,A01
201200046216,0,07,000,00,2,4,01,B01
201200046217,0,07,000,00,2,7,10,A01
201200046217,0,33,000,00,2,1,01,B01
201200046218,0,30,000,01,0,1,01,A01
201200046219,0,10,000,00,2,3,02,A01
201200046219,0,33,000,00,2,6,01,B01
201200046220,0,30,000,00,2,1,01,A01
201200046220,0,07,000,00,2,8,10,B01
201200046221,0,03,000,08,0,2,01,A01
201200046222,0,07,000,00,1,1,01,A01
201200046223,0,07,000,00,1,1,01,A01
201200046224,0,07,000,00,1,1,01,A01
201200046225,0,07,000,00,2,3,15,A01
201200046225,0,32,000,00,2,8,01,B01
201200046226,0,07,000,00,2,6,23,B01
201200046226,0,33,000,00,2,2,11,A01
201200046227,0,32,000,00,2,5,01,A01
201200046227,0,07,000,00,2,4,02,B01
201200046228,0,07,000,00,2,6,15,B01
201200046228,0,02,000,00,2,6,17,A01
201200046229,0,37,001,00,1,2,01,A01
201200046230,2,07,000,00,2,1,02,A01
201200046230,0,07,000,00,2,4,16,B01
201200046231,0,32,000,00,2,4,01,B01
201200046231,0,07,000,00,2,1,02,A01
201200046232,0,02,000,00,1,1,05,A01
201200046233,0,01,000,00,2,1,05,A01
201200046233,0,07,000,00,9,2,09,B01
201200046234,0,07,000,00,2,3,13,A01
201200046234,0,34,000,00,2,7,17,B01
201200046235,2,10,000,00,2,2,01,B01
201200046235,0,34,000,00,2,3,11,A01
201200046236,0,07,000,00,2,3,15,A01
201200046236,0,33,000,00,2,8,01,B02
201200046237,1,07,000,00,2,7,14,A01
201200046237,0,02,000,00,2,3,18,B01
201200046238,0,07,000,00,0,4,02,C01
201200046238,0,07,000,00,2,1,02,A01
201200046238,0,07,000,00,2,4,02,B01
201200046239,0,07,000,00,2,3,13,A01
201200046239,0,31,000,00,2,7,17,B01
201200046240,0,07,000,00,0,2,15,A01
201200046240,0,07,000,00,0,1,02,B01
201200046241,0,07,000,00,0,2,02,B01
201200046241,0,31,000,00,2,8,02,A01
201200046242,0,07,000,01,0,3,02,A01
201200046243,0,07,000,00,2,8,01,B01
201200046243,0,07,000,00,2,1,01,A01
201200046244,0,07,000,00,1,5,23,A01
201200046245,0,07,000,00,1,2,00,A01
201200046246,0,33,000,00,5,7,01,A01
201200046247,0,07,000,00,2,5,04,A01
201200046247,0,31,000,00,2,1,00,B01
201200046248,0,07,000,00,0,3,09,A01
201200046248,0,07,000,00,2,2,01,B01
201200046249,0,07,000,00,2,2,01,B01
201200046249,0,07,000,00,0,7,11,A01
201200046250,0,07,000,00,0,3,13,A01
201200046251,0,33,000,00,0,3,02,B01
201200046251,0,15,000,00,2,5,00,A01
201200046252,0,07,000,00,2,0,20,A01
201200046252,0,30,000,00,2,8,21,B01
201200046253,0,07,000,00,0,7,00,A01
201200046253,0,32,000,00,0,1,00,B01
201200046254,0,07,000,00,2,1,02,A01
201200046254,0,07,000,00,2,4,02,B01
201200046255,0,07,000,00,1,3,15,A01
201200046256,0,34,000,00,2,7,01,B02
201200046256,0,07,000,00,2,3,13,A01
201200046257,0,07,000,00,2,2,15,A01
201200046257,0,30,000,00,2,0,16,B01
201200046258,0,07,000,00,2,2,10,A01
201200046258,0,30,000,00,2,1,00,B01
201200046259,1,14,000,00,0,0,00,A01
201200046259,0,07,000,00,0,4,02,B01
201200046260,0,07,000,00,2,1,15,A01
201200046260,0,30,000,00,2,0,01,C01
201200046260,0,07,000,00,2,1,02,B01
201200046261,2,34,000,00,0,7,00,A01
201200046262,0,33,000,00,2,8,01,B01
201200046262,0,13,000,00,2,2,15,A01
201200046263,0,07,000,00,2,6,15,A01
201200046263,0,02,000,00,2,1,01,B01
201200046264,0,07,000,00,0,3,01,B01
201200046264,0,01,000,00,0,2,09,A01
201200046265,0,02,000,00,0,7,01,A01
201200046266,0,07,000,00,0,5,04,A01
201200046267,0,14,000,00,9,1,02,A01
201200046267,0,01,000,00,0,5,02,B01
201200046268,0,33,000,15,0,2,00,A01
201200046269,0,07,000,00,1,0,01,A01
201200046270,0,07,000,00,1,2,01,A01
201200046271,0,10,000,00,2,3,15,A01
201200046271,0,30,000,00,2,7,17,B01
201200046272,0,32,000,00,2,8,13,A01
201200046272,0,14,000,00,2,2,21,B01
201200046273,0,33,000,00,2,1,01,B01
201200046273,1,07,000,00,2,2,09,A01
201200046274,0,07,000,00,0,8,15,A01
201200046274,0,31,000,00,2,2,02,B01
201200046275,0,07,000,01,1,1,01,A01
201200046276,0,07,000,00,2,1,00,A01
201200046276,0,10,000,00,2,1,00,B01
201200046277,0,33,000,00,2,2,02,A01
201200046277,0,07,000,00,2,2,02,B01
201200046278,0,03,000,00,2,3,01,B01
201200046278,0,32,000,00,2,7,01,A01
201200046279,0,32,000,00,2,8,01,B01
201200046279,0,07,000,00,2,1,15,A01
201200046280,0,07,000,00,2,3,23,B01
201200046280,0,32,000,00,2,1,17,C01
201200046280,0,33,000,00,2,1,13,A01
201200046281,0,07,000,00,2,1,13,A01
201200046281,0,07,000,00,2,1,01,B01
201200046282,0,37,001,00,1,1,01,A01
201200046283,0,30,000,00,2,8,01,B01
201200046283,0,07,000,00,2,2,17,A01
201200046284,0,33,000,00,2,1,02,A01
201200046284,0,07,000,00,2,4,01,B01
201200046285,0,33,000,00,2,1,17,A01
201200046285,0,07,000,00,2,5,16,B01
201200046286,0,07,000,00,1,1,01,A01
201200046287,0,07,000,00,1,3,16,A01
201200046288,0,07,000,00,2,3,01,B01
201200046288,0,07,000,00,2,3,05,A01
201200046289,0,10,000,01,1,9,01,A01
201200046290,0,07,000,00,2,1,01,B01
201200046290,0,10,000,00,2,2,01,C01
201200046290,0,07,000,00,2,3,01,A01
201200046291,0,07,000,00,1,1,01,A01
201200046292,0,07,000,00,2,3,11,A01
201200046292,0,07,000,00,2,3,01,B01
201200046293,0,07,000,00,2,2,15,A01
201200046293,0,30,000,00,2,1,01,B01
201200046294,0,07,000,00,2,3,01,B01
201200046294,0,02,000,00,2,1,13,A01
201200046295,0,07,000,00,2,6,09,A01
201200046295,0,33,000,00,2,7,01,B01
201200046296,0,07,000,00,2,4,02,B01
201200046296,0,07,000,00,2,1,02,A01
201200046296,0,07,000,00,2,4,01,C01
201200046297,0,30,000,00,2,9,15,B01
201200046297,0,07,000,00,2,1,09,A01
201200046298,0,07,000,00,2,2,15,A01
201200046298,0,33,000,00,2,1,01,B01
201200046299,0,01,000,01,0,1,01,B01
201200046299,0,07,000,00,9,3,22,A01
201200046300,0,10,000,00,2,8,15,A01
201200046300,0,31,000,00,2,8,17,B01
201200046301,0,31,000,00,2,1,01,B01
201200046301,0,07,000,00,2,3,09,A01
201200046302,0,07,000,00,1,1,04,A01
201200046303,0,10,000,00,1,1,01,A01
201200046304,0,33,000,00,2,1,17,A01
201200046304,0,31,000,00,2,9,15,B01
201200046305,0,07,000,00,1,1,01,A01
201200046306,0,01,000,00,2,1,01,A01
201200046306,0,07,000,00,0,5,15,B01
201200046307,0,31,000,00,2,1,02,A01
201200046307,0,10,000,00,2,4,02,B01
201200046308,0,07,000,00,1,3,01,A01
201200046309,0,07,000,00,2,1,01,B01
201200046309,0,30,000,01,2,9,01,A01
201200046310,0,07,000,00,0,1,01,A01
201200046311,0,07,000,00,2,6,02,C01
201200046311,0,07,000,00,2,5,22,A01
201200046311,0,33,000,00,2,1,03,B01
201200046312,0,07,000,13,0,9,01,A01
201200046313,0,32,000,00,2,7,01,A01
201200046313,0,07,000,00,2,3,15,B01
201200046314,0,07,000,00,1,2,16,A01
201200046315,0,07,000,00,2,8,02,B01
201200046315,0,07,000,00,2,7,02,A01
201200046316,0,33,000,00,2,3,02,A01
201200046316,0,07,000,00,0,6,15,B01
201200046317,0,15,000,00,0,1,02,A01
201200046317,0,07,000,00,2,4,02,C01
201200046317,0,07,000,00,2,4,02,B01
201200046318,0,07,000,00,2,6,00,A01
201200046318,0,32,000,00,2,2,00,B01
201200046319,0,07,000,00,1,1,01,A01
201200046320,0,32,000,00,0,4,01,B01
201200046320,0,31,000,00,2,1,02,A01
201200046321,0,33,000,00,2,2,17,A01
201200046321,0,07,000,00,2,6,13,B01
201200046322,0,07,000,00,2,3,01,B01
201200046322,0,32,000,00,2,2,09,A01
201200046323,0,33,000,00,2,1,15,A01
201200046323,0,07,000,00,2,3,01,B01
201200046324,0,07,000,00,2,3,01,A01
201200046324,0,07,000,00,2,0,01,B01
201200046325,0,10,000,00,2,2,15,A01
201200046325,0,07,000,00,2,1,16,B01
201200046326,0,07,000,14,0,1,01,A01
201200046327,0,31,000,00,2,2,17,A01
201200046327,0,07,000,00,2,3,15,B01
201200046328,0,07,000,00,2,1,15,A01
201200046328,0,37,001,00,2,8,01,B01
201200046329,0,07,000,00,1,5,16,A01
201200046330,0,07,000,01,0,3,01,A01
201200046331,0,07,000,00,2,8,22,A01
201200046331,0,01,000,01,0,1,00,B01
201200046332,0,33,000,00,2,1,01,B01
201200046332,0,07,000,00,2,3,15,A01
201200046333,0,07,000,00,2,1,01,A01
201200046333,0,07,000,00,2,9,01,B01
201200046333,0,07,000,00,0,0,01,C01
201200046334,0,07,000,00,2,7,15,A01
201200046334,0,07,000,00,2,1,01,B01
201200046335,0,07,000,00,2,6,00,B01
201200046335,0,07,000,00,2,1,01,A01
201200046336,0,07,000,00,1,1,15,A01
201200046337,0,07,000,08,0,1,00,A01
201200046338,0,07,000,00,0,1,01,B01
201200046339,0,07,000,00,2,1,09,A01
201200046339,0,30,000,00,2,5,09,B01
201200046340,0,33,000,00,2,1,01,A01
201200046341,0,07,000,00,1,1,00,A01
201200046342,0,01,000,00,2,1,01,B01
201200046342,1,03,000,00,2,1,15,Y01
201200046343,0,07,000,00,2,1,00,A01
201200046343,0,07,000,00,2,1,00,B01
201200046344,0,07,000,00,2,1,02,A01
201200046344,0,07,000,00,2,4,02,B01
201200046344,0,07,000,00,2,4,16,C01
201200046345,0,07,000,00,2,3,09,A01
201200046345,0,33,000,00,2,7,01,B01
201200046346,0,07,000,00,1,3,01,A01
201200046347,0,30,000,00,1,1,01,A01
201200046348,0,10,000,00,1,1,00,A01
201200046349,1,07,000,00,0,7,01,B01
201200046349,0,07,000,00,2,1,01,A01
201200046350,0,07,000,00,2,3,15,A01
201200046350,0,33,000,00,2,1,01,B01
201200046351,0,07,000,00,1,1,01,A01
201200046352,0,07,000,00,2,1,01,A01
201200046352,0,07,000,00,2,6,01,B01
201200046353,0,07,000,00,2,3,15,B01
201200046353,0,33,000,00,2,1,17,A01
201200046354,1,10,000,00,2,1,01,A01
201200046354,0,31,000,00,2,4,01,B01
201200046355,0,02,000,00,1,1,01,A01
201200046356,0,02,000,00,2,1,01,A01
201200046356,0,07,000,00,2,1,15,B01
201200046357,0,10,000,00,2,1,01,A01
201200046357,0,07,000,00,2,4,01,B01
201200046358,0,14,000,00,2,3,01,A01
201200046358,0,07,000,00,0,4,01,B01
201200046359,0,07,000,00,2,3,00,B01
201200046359,0,07,000,00,2,3,00,A01
201200046360,0,01,000,00,2,1,01,B01
201200046360,0,07,000,00,2,3,16,A01
201200046361,0,30,000,00,1,1,17,A01
201200046362,0,07,000,00,1,2,15,A01
201200046363,0,31,000,00,2,1,00,A01
201200046363,0,07,000,00,2,6,00,B01
201200046364,0,07,000,00,0,0,01,B01
201200046364,0,07,000,00,0,3,01,A01
201200046365,0,34,000,00,2,1,01,B01
201200046365,0,07,000,00,2,3,16,A01
201200046366,0,07,000,00,1,1,01,A01
201200046367,0,07,000,00,2,1,02,A01
201200046367,0,07,000,00,2,4,02,B01
201200046368,0,07,000,00,2,1,15,A01
201200046368,0,30,000,00,2,1,01,B01
201200046368,0,07,000,00,2,3,23,C01
201200046369,0,07,000,09,0,2,00,A01
201200046370,0,33,000,14,0,1,17,A01
201200046370,0,07,000,00,9,8,01,B01
201200046371,0,13,000,00,2,1,01,A01
201200046371,0,07,000,00,2,0,01,B01
201200046372,0,33,000,00,0,1,02,A01
201200046372,0,10,000,00,0,8,11,B01
201200046373,0,07,000,00,2,1,02,A01
201200046373,0,33,000,00,2,4,02,B01
201200046374,0,07,000,00,1,2,01,A01
201200046375,0,07,000,00,1,3,15,A01
201200046376,0,37,001,00,1,5,01,A01
201200046377,0,30,000,00,2,8,01,B01
201200046377,0,07,000,00,2,1,01,A01
201200046378,1,07,000,00,2,0,00,Z01
201200046378,0,07,000,00,2,0,00,B01
201200046379,0,02,000,00,2,8,01,B01
201200046379,0,07,000,00,2,1,01,A01
201200046380,0,07,000,00,0,1,11,A01
201200046380,0,02,000,00,2,1,00,B01
201200046381,0,32,000,00,2,1,01,A01
201200046381,0,07,000,00,2,3,15,B01
201200046382,0,30,000,00,2,1,01,B01
201200046382,0,07,000,00,2,8,09,A01
201200046383,0,07,000,00,0,1,01,B01
201200046383,0,07,000,00,0,7,01,A01
201200046384,1,07,000,00,1,2,16,A01
201200046385,0,07,000,00,2,1,02,A01
201200046385,0,33,000,00,2,4,01,B01
201200046386,0,01,000,00,1,1,01,A01
201200046387,0,07,000,00,2,1,21,B01
201200046387,0,07,000,00,2,6,09,A01
201200046388,0,07,000,00,2,1,01,C01
201200046388,0,07,000,00,2,6,10,A01
201200046388,0,07,000,00,2,1,01,B01
201200046389,0,07,000,00,1,1,01,A01
201200046390,0,07,000,00,2,3,00,B01
201200046390,0,07,000,00,2,3,01,A01
201200046391,0,10,000,01,0,7,17,A01
201200046391,0,10,000,00,0,6,22,B01
201200046392,0,37,000,00,1,2,00,A01
201200046393,0,30,000,00,2,1,00,A01
201200046393,0,07,000,00,9,7,00,B01
201200046394,0,07,000,00,2,4,01,B01
201200046394,0,14,000,00,2,1,02,A01
201200046395,0,07,000,00,2,6,15,B01
201200046395,0,02,000,00,2,1,01,A01
201200046396,0,30,000,00,2,1,01,A01
201200046396,0,07,000,00,2,3,15,B01
201200046397,0,07,000,00,2,3,13,A01
201200046397,0,37,001,00,2,3,01,B01
201200046398,0,31,000,00,2,3,02,B01
201200046398,0,07,000,00,2,1,01,A01
201200046399,0,02,000,00,2,0,02,A01
201200046400,0,01,000,00,2,1,01,B01
201200046400,0,07,000,00,2,3,01,A01
201200046401,2,07,000,00,2,2,17,A01
201200046401,0,07,000,00,2,3,15,B01
201200046402,0,07,000,00,2,1,01,A01
201200046402,0,33,000,00,2,3,16,B01
201200046403,0,07,000,00,1,2,01,A01
201200046404,0,32,000,00,2,0,17,B01
201200046404,0,07,000,00,2,3,15,A01
201200046405,0,30,000,00,1,1,00,A01
201200046406,0,07,000,00,1,0,01,A01
201200046407,0,07,000,00,2,1,02,A01
201200046407,0,07,000,00,2,1,02,B01
201200046407,0,07,000,00,2,4,02,C01
201200046408,0,07,000,01,0,2,09,A01
201200046408,0,33,000,00,0,3,24,B01
201200046409,0,07,000,00,2,2,15,A01
201200046409,0,30,000,00,2,3,21,B01
201200046410,0,37,001,00,1,2,01,A01
201200046411,0,07,000,00,0,1,02,A01
201200046411,0,07,000,00,2,4,02,B01
201200046412,0,07,000,00,0,8,15,B01
201200046412,0,07,000,00,0,1,02,A01
201200046413,0,07,000,00,2,3,01,C01
201200046413,0,07,000,00,2,3,01,B01
201200046413,0,32,000,00,2,1,17,A01
201200046414,0,07,000,01,0,9,01,A01
201200046415,0,07,000,00,1,1,02,A01
201200046416,0,07,000,00,1,3,01,A01
201200046417,0,33,000,00,2,1,00,A01
201200046417,0,07,000,00,0,4,00,B01
201200046418,0,32,000,00,2,1,18,B01
201200046418,0,07,000,00,9,2,16,A01
201200046419,0,07,000,00,2,3,20,B01
201200046419,1,02,000,00,2,1,05,A01
201200046420,0,07,000,00,9,2,14,A01
201200046420,0,30,000,01,2,3,00,B01
201200046421,0,02,000,00,2,1,02,A01
201200046421,1,07,000,00,2,4,02,B01
201200046422,0,10,000,00,9,3,15,A01
201200046422,0,02,000,00,2,5,15,B01
201200046423,0,33,000,00,1,1,01,A01
201200046424,0,07,000,00,1,1,02,A01
201200046425,1,07,000,00,2,1,01,Z01
201200046425,0,33,000,00,2,2,01,B01
201200046426,0,07,000,00,2,3,02,B01
201200046426,0,07,000,00,2,1,02,A01
201200046427,0,10,000,00,0,1,02,A01
201200046427,0,07,000,00,0,4,01,B01
201200046428,0,31,000,00,0,8,01,B01
201200046428,0,07,000,00,2,2,15,A01
201200046429,0,10,000,00,1,2,02,A01
201200046430,0,33,000,00,2,1,01,B01
201200046430,0,07,000,00,2,5,15,A01
201200046431,0,07,000,00,1,1,00,A01
201200046432,0,07,000,00,2,2,19,A01
201200046432,0,07,000,00,2,2,02,B01
201200046433,0,33,000,00,1,1,19,A01
201200046434,0,07,000,00,0,3,02,A01
201200046434,0,07,000,00,0,4,02,B01
201200046435,0,07,000,00,2,1,11,A01
201200046435,0,33,000,00,2,7,01,B01
201200046436,0,33,000,00,2,1,01,B01
201200046436,0,07,000,00,2,8,10,A01
201200046437,0,07,000,00,2,5,01,B01
201200046437,0,33,000,15,2,1,06,A01
201200046438,1,07,000,00,1,0,01,A01
201200046439,0,34,000,00,1,1,01,A01
201200046440,0,07,000,00,2,1,02,A01
201200046440,0,10,000,00,2,4,23,B01
201200046441,0,07,000,16,2,2,00,A01
201200046442,0,07,000,00,0,7,01,B01
201200046442,0,33,000,00,0,3,16,A01
201200046443,0,07,000,00,2,2,00,B01
201200046443,0,07,000,00,2,1,00,A01
201200046444,0,07,000,00,2,3,01,B01
201200046444,0,07,000,00,2,1,01,A01
201200046445,0,07,000,00,0,1,00,B01
201200046445,0,07,000,00,0,4,13,A01
201200046446,1,07,000,00,2,7,01,A01
201200046446,0,02,000,00,2,8,01,B01
201200046447,0,07,000,00,2,1,02,A01
201200046447,0,07,000,00,0,4,23,B01
201200046448,0,07,000,00,1,3,01,A01
201200046449,0,33,000,00,2,3,02,B01
201200046449,0,10,000,00,2,3,16,A01
201200046450,0,07,000,00,2,7,15,B01
201200046450,0,07,000,00,2,1,02,A01
201200046451,0,07,000,00,2,1,02,A01
201200046451,0,07,000,00,0,4,02,C01
201200046451,0,07,000,00,2,4,02,B01
201200046452,0,07,000,00,1,7,01,A01
201200046453,0,07,000,08,0,1,01,A01
201200046454,0,34,000,00,2,0,02,A01
201200046454,0,07,000,00,9,8,11,B01
201200046455,1,07,000,00,1,8,00,A01
201200046456,0,07,000,00,1,2,02,A01
201200046457,0,07,000,00,2,2,20,A01
201200046457,0,31,000,00,2,1,13,B01
201200046458,0,07,000,00,2,3,01,B01
201200046458,0,37,010,00,2,3,15,A01
201200046459,0,07,000,00,2,2,02,A01
201200046459,0,01,000,00,2,4,02,B01
201200046460,0,14,000,00,2,1,02,A01
201200046460,0,13,000,00,2,5,02,B01
201200046461,0,07,000,00,1,1,15,A01
201200046462,0,07,000,00,0,5,15,A01
201200046462,0,32,000,00,2,1,01,B01
201200046463,2,07,000,00,2,1,01,B01
201200046463,0,07,000,00,2,4,01,A01
201200046464,0,07,000,00,2,1,02,B01
201200046464,0,07,000,00,2,3,15,A01
201200046465,0,07,000,06,0,1,15,A01
201200046466,0,07,000,00,1,1,01,A01
201200046467,0,01,000,00,2,4,15,B01
201200046467,0,33,000,00,2,1,02,A01
201200046468,0,07,000,14,0,1,01,A01
201200046469,0,07,000,00,2,3,14,B01
201200046469,0,13,000,00,2,3,01,A01
201200046470,0,07,000,00,1,1,01,A01
201200046471,0,07,000,00,2,1,05,A01
201200046471,0,33,000,00,2,1,01,B01
201200046472,0,37,002,00,2,1,11,A01
201200046472,0,07,000,00,2,8,10,B01
201200046473,0,10,000,00,2,1,02,A01
201200046473,0,07,000,00,2,4,01,B01
201200046474,0,07,000,00,2,1,01,A01
201200046474,0,10,000,00,2,2,01,Z01
201200046475,0,07,000,00,1,1,01,A01
201200046476,0,13,000,00,1,1,01,A01
201200046477,0,02,000,00,2,6,02,B01
201200046477,0,07,000,00,2,2,16,A01
201200046478,0,07,000,00,2,1,02,A01
201200046478,0,14,000,00,2,4,01,B01
201200046479,0,07,000,00,1,1,17,A01
201200046480,0,07,000,00,2,4,23,C01
201200046480,0,07,000,00,2,1,02,A01
201200046480,0,07,000,00,2,4,02,B01
201200046481,0,07,000,00,2,2,01,A01
201200046481,0,07,000,00,2,3,01,B01
201200046482,0,32,000,00,2,3,01,B01
201200046482,0,07,000,00,2,8,13,A01
201200046483,0,07,000,00,2,1,02,B01
201200046483,0,07,000,00,2,6,01,A01
201200046484,0,07,000,00,2,2,22,A01
201200046484,0,01,000,00,2,1,01,B01
201200046485,0,01,000,00,2,1,19,B01
201200046485,0,07,000,00,2,2,01,A01
201200046486,0,37,001,00,2,1,02,A01
201200046486,0,34,000,00,2,4,01,B01
201200046487,0,07,000,00,2,2,15,A01
201200046487,0,01,000,00,2,1,01,B01
201200046488,0,07,000,00,2,4,02,B01
201200046488,0,07,000,00,2,4,01,C01
201200046488,0,07,000,00,2,1,02,A01
201200046489,0,07,000,00,2,1,02,A01
201200046489,0,10,000,00,2,4,01,B01
201200046490,0,07,000,00,1,1,01,A01
201200046491,0,33,000,00,2,4,23,B01
201200046491,0,07,000,00,2,1,02,A01
201200046492,0,31,000,00,0,1,01,A01
201200046493,0,07,000,00,2,1,02,A01
201200046493,0,33,000,00,2,4,01,B01
201200046494,0,10,000,00,1,2,15,A01
201200046495,0,33,000,00,0,0,00,A01
201200046496,0,10,000,00,2,1,02,A01
201200046496,0,07,000,00,2,4,01,B01
201200046497,0,07,000,00,2,1,01,A01
201200046497,0,07,000,00,2,7,01,B01
201200046498,0,07,000,00,2,1,15,A01
201200046498,0,30,000,00,2,1,01,B01
201200046499,0,10,000,00,2,3,01,A01
201200046499,0,01,000,00,2,1,17,B01
201200046500,0,01,000,00,2,4,09,A01
201200046500,0,07,000,00,2,1,01,B01
201200046501,0,10,000,00,2,1,02,A01
201200046501,0,10,000,00,2,4,01,B01
201200046502,0,07,000,00,2,1,16,B01
201200046502,1,33,000,00,2,1,01,Z01
201200046503,0,07,000,00,1,1,17,A01
201200046504,0,10,000,00,2,1,02,A01
201200046504,0,07,000,00,2,4,01,B01
201200046505,0,07,000,04,0,7,01,A01
201200046506,0,07,000,00,2,1,01,A01
201200046506,0,20,000,00,2,1,24,B01
201200046507,0,07,000,00,1,3,01,A01
201200046508,0,07,000,00,2,4,01,B01
201200046508,0,07,000,00,2,1,01,A01
201200046509,0,07,000,00,2,1,09,B01
201200046509,0,07,000,00,2,7,01,A01
201200046510,1,07,000,00,2,8,02,Z01
201200046510,0,32,000,00,0,7,00,A01
201200046511,1,14,000,00,2,4,24,B01
201200046511,0,02,000,01,0,8,01,A01
201200046512,0,99,000,00,2,9,01,A01
201200046512,0,07,000,00,2,6,01,B01
201200046513,0,07,000,00,2,3,01,A01
201200046513,0,01,000,00,2,1,01,B01
201200046514,0,07,000,01,1,1,00,A01
201200046515,0,07,000,00,2,2,13,A01
201200046515,0,02,000,00,2,1,01,B01
201200046516,0,07,000,00,1,4,04,A01
201200046517,0,07,000,00,2,4,01,C01
201200046517,0,07,000,00,2,1,02,A01
201200046517,0,07,000,00,2,4,02,B01
201200046518,1,07,000,00,1,0,01,Z01
201200046519,0,07,000,00,2,7,11,A01
201200046519,0,33,000,00,2,8,02,B01
201200046520,0,10,000,00,2,2,01,B01
201200046520,0,07,000,00,2,6,23,A01
201200046521,0,07,000,14,0,1,01,A01
201200046522,0,07,000,00,2,3,13,A01
201200046522,0,02,000,00,2,8,01,B01
201200046523,0,99,000,06,0,1,01,A01
201200046524,0,07,000,00,2,2,01,A01
201200046524,0,07,000,00,2,1,09,B01
201200046525,0,33,000,00,2,7,01,B01
201200046525,0,07,000,00,2,2,12,A01
201200046526,0,37,000,00,1,2,00,A01
201200046527,0,07,000,00,2,2,12,A01