Num_Acc,senc,catv,occutc,obs,obsm,choc,manv,num_veh
201200046901,0,07,000,00,2,3,09,B01
201200046901,0,33,000,00,2,1,21,A01
201200046902,0,07,000,00,2,1,02,A01
201200046902,2,07,000,00,0,4,01,B01
201200046903,0,33,000,15,0,7,18,A01
201200046904,0,07,000,00,0,4,01,B01
201200046904,0,02,000,00,2,1,02,A01
201200046905,0,34,000,12,0,1,16,A01
201200046906,0,07,000,00,2,7,15,A01
201200046906,0,07,000,00,2,1,01,B01
201200046907,0,07,000,00,2,3,02,C01
201200046907,0,33,000,00,2,1,02,B01
201200046907,0,07,000,00,2,3,02,D01
201200046907,0,07,000,00,2,1,15,A01
201200046908,0,30,000,00,0,7,15,A01
201200046908,0,07,000,00,0,8,15,B01
201200046909,0,07,000,00,1,1,02,A01
201200046910,0,10,000,10,0,1,01,A01
201200046911,0,10,000,00,2,8,02,B01
201200046911,0,15,000,00,2,3,15,A01
201200046912,0,33,000,00,2,1,01,A01
201200046912,0,07,000,00,2,7,15,B01
201200046913,0,07,000,00,1,2,01,A01
201200046914,0,07,000,00,2,1,01,B01
201200046914,0,02,000,00,2,3,05,A01
201200046915,0,07,000,00,2,1,13,A01
201200046915,0,07,000,00,2,1,01,B01
201200046916,0,07,000,02,1,1,01,A01
201200046917,0,07,000,00,2,2,21,A01
201200046917,0,07,000,02,2,6,21,B01
201200046918,0,07,000,12,0,2,01,A01
201200046919,0,07,000,00,2,0,01,B01
201200046919,0,07,000,00,0,4,01,C01
201200046919,0,13,000,00,2,1,01,A01
201200046920,0,07,000,04,0,1,00,A01
201200046921,0,07,000,00,1,1,01,A01
201200046922,0,33,000,00,2,6,01,B01
201200046922,0,07,000,00,2,2,02,A01
201200046923,2,07,000,00,2,7,15,A01
201200046923,0,10,000,00,2,1,02,B01
201200046924,0,07,000,00,0,0,20,A01
201200046924,0,07,000,00,0,0,01,B01
201200046925,0,37,001,00,2,7,21,B01
201200046925,0,01,000,00,2,3,19,A01
201200046926,0,14,000,00,2,1,15,A01
201200046926,0,02,000,00,2,8,01,B01
201200046927,0,07,000,00,9,1,01,B01
201200046927,0,01,000,00,2,1,01,A01
201200046928,0,07,000,00,1,7,01,B01
201200046929,0,07,000,00,2,1,14,A01
201200046929,0,07,000,00,2,4,01,B01
201200046930,0,07,000,00,2,3,01,A01
201200046930,0,14,000,00,2,1,15,B01
201200046931,0,01,000,00,2,1,01,B01
201200046931,1,07,000,00,0,0,01,Z01
201200046931,0,07,000,07,2,1,01,A01
201200046932,0,33,000,00,1,3,01,A01
201200046933,0,07,000,00,2,1,02,A01
201200046933,0,07,000,00,2,4,23,B01
201200046934,0,07,000,00,2,1,02,A01
201200046934,0,07,000,00,2,4,22,B01
201200046935,0,13,000,00,1,5,00,A01
201200046936,0,07,000,08,2,6,00,B01
201200046936,2,33,000,00,2,1,01,A01
201200046937,0,07,000,00,2,1,02,A01
201200046937,0,07,000,00,2,4,23,B01
201200046938,0,10,000,00,1,4,04,A01
201200046939,0,37,010,00,2,5,15,B01
201200046939,0,37,008,00,2,2,15,A01
201200046940,0,10,000,00,2,3,01,B01
201200046940,0,07,000,00,2,2,01,A01
201200046941,0,33,000,00,0,7,01,A01
201200046942,0,37,000,00,2,1,02,A01
201200046942,0,07,000,00,0,4,02,B01
201200046943,0,07,000,00,2,1,02,B01
201200046944,0,30,000,01,2,7,01,A01
201200046944,0,07,000,00,2,1,01,B01
201200046945,0,16,000,00,2,3,01,B01
201200046945,0,17,000,00,2,7,20,A01
201200046946,1,07,000,00,1,3,15,Z01
201200046947,0,02,000,00,2,3,09,A01
201200046947,0,07,000,00,2,5,01,B01
201200046948,0,07,000,00,9,5,09,A01
201200046948,0,01,000,00,2,1,01,B01
201200046949,0,07,000,00,1,1,01,A01
201200046950,0,17,000,15,0,4,04,A01
201200046951,0,07,000,00,1,2,01,A01
201200046952,0,14,000,00,2,4,01,B01
201200046952,0,17,000,00,2,1,02,A01
201200046953,0,37,001,00,2,2,00,B01
201200046953,0,30,000,00,9,3,00,A01
201200046954,0,07,000,00,2,1,02,A01
201200046954,0,07,000,00,2,4,01,B01
201200046955,0,07,000,14,0,1,01,A01
201200046956,0,07,000,00,1,4,04,A01
201200046957,0,07,000,02,0,2,02,A01
201200046958,0,33,000,00,2,8,01,A01
201200046958,0,07,000,00,2,6,01,B01
201200046959,0,07,000,00,2,3,13,A01
201200046959,0,07,000,11,2,2,01,B01
201200046960,0,33,000,00,2,2,02,B01
201200046960,0,07,000,00,2,6,11,A01
201200046961,0,07,000,00,2,3,02,A01
201200046961,0,07,000,00,0,4,23,D01
201200046961,0,07,000,00,2,4,23,C01
201200046961,0,07,000,00,2,4,23,B01
201200046962,0,07,000,00,2,3,21,B01
201200046962,0,13,000,00,2,2,21,A01
201200046963,0,07,000,00,1,4,23,C01
201200046963,0,07,000,00,2,1,02,A01
201200046963,0,07,000,00,2,4,23,B01
201200046964,0,07,000,00,1,3,01,A01
201200046965,0,34,000,00,0,9,01,A01
201200046966,0,07,000,04,2,4,01,C01
201200046966,0,07,000,01,2,1,01,A01
201200046967,0,10,000,00,0,2,01,B01
201200046967,0,07,000,00,2,1,01,A01
201200046968,0,31,000,00,0,8,01,A01
201200046969,0,02,000,00,0,1,05,A01
201200046969,0,07,000,00,0,1,00,B01
201200046970,0,34,000,00,2,1,01,A01
201200046970,0,07,000,00,2,4,23,B01
201200046971,0,31,000,00,1,2,01,A01
201200046972,0,07,000,00,1,2,02,A01
201200046973,0,07,000,00,2,6,01,C01
201200046973,0,07,000,00,2,2,12,A01
201200046973,0,34,000,00,2,8,03,B01
201200046974,0,02,000,00,2,1,03,A01
201200046974,0,07,000,00,2,6,11,B01
201200046975,0,34,000,00,0,0,21,A01
201200046976,0,07,000,00,2,1,06,A01
201200046976,0,07,000,00,2,6,01,B01
201200046977,0,07,000,00,1,1,01,A01
201200046978,0,07,000,00,1,2,07,A01
201200046979,0,03,000,00,2,1,18,A01
201200046979,0,07,000,00,2,2,01,B01
201200046980,1,07,000,00,2,4,01,Z01
201200046980,0,37,000,00,2,2,01,A01
201200046981,0,34,000,01,0,1,01,A01
201200046982,0,37,000,00,1,1,01,A01
201200046983,0,30,000,00,2,1,01,A01
201200046983,1,32,000,00,2,1,01,Z01
201200046984,0,34,000,00,2,1,17,B01
201200046984,0,07,000,00,2,8,10,A01
201200046985,0,07,000,00,2,8,01,A01
201200046985,0,33,000,00,2,1,01,B01
201200046986,0,34,000,00,2,1,02,A01
201200046986,0,07,000,00,2,4,01,B01
201200046987,0,07,000,00,2,1,02,A01
201200046987,0,07,000,00,2,4,01,B01
201200046988,0,33,000,00,2,1,05,B01
201200046988,0,10,000,00,2,3,15,A01
201200046989,0,07,000,00,2,1,02,A01
201200046989,0,10,000,00,2,4,01,B01
201200046990,0,07,000,00,2,3,15,A01
201200046990,0,34,000,00,2,3,01,B01
201200046991,0,34,000,00,2,2,12,A01
201200046991,0,07,000,00,2,6,01,B01
201200046992,0,07,000,00,2,1,02,A01
201200046992,0,07,000,00,2,4,01,B01
201200046993,0,07,000,00,2,1,02,A01
201200046993,0,20,000,00,2,3,09,B01
201200046994,0,33,000,00,2,1,01,B01
201200046994,0,07,000,00,2,4,09,A01
201200046995,0,07,000,00,2,4,01,A01
201200046995,0,07,000,00,2,1,02,B01
201200046996,0,07,000,00,2,2,01,B01
201200046996,0,13,000,00,2,1,01,A01
201200046997,0,07,000,00,1,7,01,A01
201200046998,0,33,000,01,0,1,01,A01
201200046999,0,07,000,00,2,2,21,A01
201200046999,0,07,000,00,0,4,23,C01
201200046999,0,07,000,00,2,1,23,B01
201200047000,0,33,000,00,0,8,14,A01
201200047001,0,07,000,00,2,2,19,A01
201200047001,0,07,000,00,2,5,00,B01
201200047002,0,07,000,00,1,2,16,A01
201200047003,0,07,000,00,1,3,02,A01
201200047004,0,07,000,13,0,9,01,A01
201200047005,0,07,000,04,0,3,01,A01
201200047006,0,07,000,00,9,7,01,A01
201200047006,0,37,030,00,2,1,01,B01
201200047007,0,07,000,00,2,4,02,B01
201200047007,0,10,000,00,2,1,02,A01
201200047008,0,07,000,00,1,0,20,A01
201200047009,0,33,000,00,2,7,01,A01
201200047009,0,07,000,00,2,8,15,B01
201200047010,0,30,000,00,0,6,00,A01
201200047011,0,07,000,04,2,9,09,A01
201200047011,0,17,000,00,2,7,01,B01
201200047012,0,03,000,00,2,3,22,A01
201200047012,0,02,000,00,2,1,17,B01
201200047013,0,33,000,00,0,7,02,A01
201200047014,1,02,000,00,0,0,00,A01
201200047015,0,07,000,00,2,3,01,B01
201200047015,0,07,000,00,2,1,15,A01
201200047016,0,02,000,00,2,1,01,B01
201200047016,0,07,000,00,2,2,15,A01
201200047017,0,31,000,01,0,1,00,A01
201200047017,0,07,000,00,0,0,00,B01
201200047018,0,07,000,00,0,1,15,A01
201200047018,0,07,000,00,0,3,01,B01
201200047019,0,33,000,00,2,1,02,A01
201200047019,0,07,000,00,0,4,02,B01
201200047020,0,30,000,00,0,0,02,A01
201200047021,0,07,000,00,2,1,01,B01
201200047021,0,07,000,00,2,1,05,A01
201200047022,0,30,000,00,2,2,17,B01
201200047022,0,07,000,00,2,3,15,A01
201200047023,0,17,000,00,0,6,01,B01
201200047023,0,07,000,00,2,1,15,A01
201200047024,0,07,000,00,0,7,01,A01
201200047024,0,37,000,00,0,1,01,B01
201200047025,0,07,000,00,0,0,00,D01
201200047025,0,07,000,00,0,2,09,A01
201200047025,0,33,000,01,0,0,01,B01
201200047025,0,33,000,00,0,0,01,C01
201200047026,0,15,000,00,2,3,11,A01
201200047026,0,07,000,00,2,2,02,B01
201200047027,0,07,000,15,0,1,12,A01
201200047028,0,07,000,00,0,0,00,A01
201200047029,0,07,000,00,2,3,01,B01
201200047029,0,07,000,00,2,3,15,A01
201200047030,0,07,000,00,2,1,00,A01
201200047030,0,07,000,00,2,1,00,B01
201200047031,0,31,000,00,2,8,01,B01
201200047031,1,07,000,00,0,0,16,A01
201200047032,0,07,000,01,0,9,01,A01
201200047033,0,07,000,00,2,5,01,A01
201200047033,0,07,000,00,2,2,15,B01
201200047034,0,07,000,00,2,3,15,A01
201200047034,0,37,000,00,2,2,07,B01
201200047035,0,07,000,00,0,4,02,B01
201200047035,0,07,000,00,2,1,02,A01
201200047036,0,07,000,04,0,3,01,A01
201200047037,1,07,000,00,0,4,02,D01
201200047037,1,07,000,00,2,1,02,C01
201200047037,0,10,000,00,2,1,02,A01
201200047037,0,07,000,00,2,4,02,B01
201200047038,0,07,000,00,2,4,00,B01
201200047038,0,07,000,00,0,7,15,C01
201200047038,0,07,000,00,2,1,02,A01
201200047039,0,07,000,00,2,1,02,A01
201200047039,0,07,000,00,2,4,01,B01
201200047040,0,07,000,11,0,8,02,A01
201200047041,0,07,000,00,1,1,01,A01
201200047042,0,07,000,00,2,4,02,D01
201200047042,0,07,000,00,2,1,02,A01
201200047042,0,07,000,00,2,4,02,B01
201200047042,0,07,000,00,2,4,02,C01
201200047043,0,07,000,15,0,1,01,A01
201200047044,0,07,000,00,2,3,01,B01
201200047044,0,14,000,00,2,8,05,A01
201200047045,0,07,000,00,1,2,01,A01
201200047046,0,10,000,00,1,1,01,A01
201200047047,0,07,000,01,2,2,21,B01
201200047047,1,07,000,00,2,3,09,A01
201200047048,0,14,000,04,0,3,01,A01
201200047049,0,07,000,00,1,3,00,A01
201200047050,0,07,000,00,2,1,19,A01
201200047050,0,07,000,00,2,8,01,B01
201200047051,0,02,000,00,0,0,17,A01
201200047051,0,07,000,00,0,8,15,B01
201200047052,0,01,000,00,0,4,00,B01
201200047052,0,07,000,00,2,1,09,A01
201200047053,0,07,000,00,2,1,00,A01
201200047053,0,10,000,00,0,3,09,B01
201200047054,0,33,000,00,1,1,00,A01
201200047055,0,07,000,00,2,1,01,A01
201200047055,0,10,000,00,2,3,01,B01
201200047056,0,33,000,00,0,0,01,A01
201200047057,0,30,000,00,0,1,01,B01
201200047057,0,07,000,00,0,8,15,C01
201200047057,0,07,000,00,2,2,15,A01
201200047058,0,02,000,00,0,0,00,A01
201200047059,0,07,000,00,1,2,11,A01
201200047060,0,15,000,00,2,2,02,A01
201200047060,0,07,000,00,2,8,02,B01
201200047061,0,07,000,14,9,1,00,A01
201200047062,0,10,000,00,2,2,11,A01
201200047062,0,07,000,00,2,1,02,B01
201200047063,0,34,000,00,0,8,02,A01
201200047064,0,01,000,00,2,1,02,B01
201200047064,0,07,000,00,2,3,15,A01
201200047065,0,07,000,00,1,2,15,A01
201200047066,0,07,000,00,2,1,00,A01
201200047066,0,07,000,00,2,3,00,B01
201200047067,0,07,000,00,2,2,01,A01
201200047067,0,33,000,00,2,6,02,B01
201200047068,0,33,000,00,0,0,00,A01
201200047069,0,33,000,00,2,2,15,A01
201200047069,0,07,000,00,2,1,01,B01
201200047070,0,33,000,00,2,1,02,B01
201200047070,0,10,000,00,2,3,09,A01
201200047071,0,07,000,00,0,1,02,A01
201200047071,0,07,000,00,0,4,02,B01
201200047072,0,07,000,00,1,1,01,A01
201200047073,0,07,000,00,2,4,02,B01
201200047073,0,07,000,00,2,1,02,A01
201200047074,0,07,000,00,1,8,01,A01
201200047075,0,32,000,00,2,3,18,B01
201200047075,0,07,000,00,2,5,14,A01
201200047076,0,07,000,00,2,8,10,B01
201200047076,0,32,000,00,2,7,17,A01
201200047077,0,07,000,00,2,3,09,A01
201200047077,0,02,000,00,2,1,01,B01
201200047078,1,07,000,00,2,8,18,A01
201200047078,0,34,000,00,2,7,01,B01
201200047079,0,07,000,00,1,2,15,A01
201200047080,0,07,000,00,1,3,15,A01
201200047081,0,07,000,00,2,5,02,B01
201200047081,0,07,000,00,2,4,01,C01
201200047081,0,07,000,00,2,3,11,A01
201200047082,0,07,000,00,1,1,16,A01
201200047083,0,07,000,00,2,2,01,C01
201200047083,0,07,000,00,2,3,01,B01
201200047083,0,07,000,00,2,7,15,A01
201200047084,0,07,000,00,2,3,15,A01
201200047084,0,31,000,14,2,1,01,B01
201200047085,0,07,000,00,1,2,01,A01
201200047086,0,07,000,00,2,7,15,A01
201200047086,0,33,000,00,2,1,21,B01
201200047087,1,07,000,00,1,1,05,A01
201200047088,0,02,000,14,0,1,14,A01
201200047089,0,07,000,00,1,2,01,A01
201200047090,0,07,000,00,2,1,15,A01
201200047090,0,01,000,00,2,8,01,B01
201200047091,0,07,000,00,2,8,10,A01
201200047091,0,33,000,00,2,1,01,B01
201200047092,0,02,000,00,2,3,18,B01
201200047092,0,10,000,00,2,7,12,A01
201200047093,0,02,000,00,9,7,01,A01
201200047094,0,33,000,00,2,1,01,B01
201200047094,0,07,000,00,2,3,15,A01
201200047095,0,34,000,12,0,2,18,A01
201200047096,0,37,001,00,1,2,09,A01
201200047097,0,33,000,00,2,1,01,B01
201200047097,0,07,000,00,2,8,10,A01
201200047098,0,32,000,00,1,1,01,A01
201200047099,0,01,000,00,2,1,01,B01
201200047099,0,07,000,00,2,7,23,A01
201200047100,0,07,000,00,1,1,01,A01
201200047101,0,10,000,00,1,3,01,A01
201200047102,0,02,000,01,0,6,00,A01
201200047103,1,07,000,16,2,2,14,A01
201200047103,0,35,000,01,2,7,18,B01
201200047104,0,07,000,00,9,3,11,A01
201200047104,0,33,000,00,0,1,01,C01
201200047104,0,33,000,00,2,1,01,B01
201200047105,0,07,000,00,0,6,02,B01
201200047105,1,07,000,00,0,3,02,Z01
201200047106,0,37,001,00,1,1,07,A01
201200047107,0,13,000,00,2,6,15,A01
201200047107,0,32,000,00,2,7,17,B01
201200047108,2,02,000,00,1,1,01,A01
201200047109,0,31,000,00,0,7,17,B01
201200047109,0,07,000,00,2,8,15,A01
201200047110,0,07,000,00,1,1,01,A01
201200047111,0,14,000,00,2,5,15,B01
201200047111,0,02,000,00,2,1,01,A01
201200047112,0,33,000,00,1,1,01,A01
201200047113,0,33,000,00,2,3,18,B01
201200047113,1,07,000,00,2,7,14,Z01
201200047114,0,01,000,00,2,1,02,A01
201200047114,0,37,001,00,0,4,23,B01
201200047115,0,07,000,00,2,1,02,A01
201200047115,0,07,000,00,2,4,15,B01
201200047116,0,10,000,00,2,6,21,A01
201200047116,0,32,000,00,2,1,02,B01
201200047117,0,07,000,00,2,3,15,B01
201200047117,0,33,000,00,2,7,17,A01
201200047118,0,37,012,00,2,5,01,B01
201200047118,0,10,000,00,2,5,04,A01
201200047119,0,07,000,00,2,8,20,B01
201200047119,0,30,000,00,2,0,17,A01
201200047120,0,32,000,00,0,0,01,A01
201200047121,0,07,000,00,1,3,02,A01
201200047122,0,33,000,12,0,2,06,A01
201200047123,0,01,000,15,0,1,00,A01
201200047124,0,07,000,09,0,3,00,A01
201200047125,0,07,000,00,2,7,12,A01
201200047125,0,33,000,00,2,3,01,B01
201200047126,0,07,000,00,2,8,00,B01
201200047126,0,07,000,00,2,1,00,A01
201200047127,0,07,000,00,2,4,02,B01
201200047127,0,07,000,00,2,1,02,A01
201200047128,0,07,000,00,2,7,15,A01
201200047128,0,30,000,00,2,1,01,B01
201200047129,0,07,000,00,1,3,02,A01
201200047130,0,33,000,00,1,1,02,A01
201200047131,0,07,000,00,2,2,15,B01
201200047131,0,33,000,00,2,1,09,A01
201200047132,0,13,000,00,0,4,23,B01
201200047132,0,32,000,01,0,1,18,A01
201200047133,0,02,000,00,2,1,05,B01
201200047133,0,07,000,00,2,2,09,A01
201200047134,0,07,000,00,2,4,23,B01
201200047134,0,07,000,00,2,1,01,A01
201200047135,0,36,000,01,0,2,00,A01
201200047136,0,07,000,00,1,2,01,A01
201200047137,0,30,000,14,0,5,02,A01
201200047138,1,07,000,00,0,1,02,A01
201200047138,0,30,000,00,0,6,02,B01
201200047139,0,07,000,00,0,6,23,B01
201200047139,0,07,000,00,2,2,21,A01
201200047140,0,33,000,00,0,0,18,A01
201200047141,0,33,000,00,0,8,01,A01
201200047142,0,02,000,00,2,1,07,A01
201200047142,0,07,000,00,9,3,15,B01
201200047143,0,07,000,00,2,3,15,B01
201200047143,0,07,000,09,2,1,18,A01
201200047144,0,02,000,00,1,1,01,A01
201200047145,0,07,000,00,2,3,15,B01
201200047145,0,02,000,00,2,1,17,A01
201200047146,0,07,000,00,1,1,01,A01
201200047147,0,07,000,09,1,1,14,A01
201200047148,0,34,000,00,2,1,01,B01
201200047148,0,07,000,00,2,6,19,A01
201200047149,0,07,000,00,2,6,13,B01
201200047149,0,33,000,00,2,2,17,A01
201200047150,0,07,000,00,2,3,01,B01
201200047150,0,07,000,00,2,2,10,A01
201200047151,0,01,000,00,2,1,01,B01
201200047151,0,07,000,00,9,2,01,A01
201200047152,0,07,000,00,2,2,01,B01
201200047152,0,07,000,00,2,8,15,A01
201200047153,1,10,000,00,1,7,01,A01
201200047154,0,07,000,00,1,3,15,A01
201200047155,0,01,000,01,0,7,00,A01
201200047156,0,10,000,00,2,6,18,B01
201200047156,0,14,000,00,2,2,01,A01
201200047157,0,07,000,00,2,6,23,B01
201200047157,0,07,000,00,2,2,17,A01
201200047158,0,33,000,00,2,3,15,B01
201200047158,0,02,000,00,2,2,17,A01
201200047159,0,07,000,00,2,4,02,B01
201200047159,1,07,000,00,2,1,02,A01
201200047160,0,07,000,00,1,2,01,A01
201200047161,0,07,000,15,0,2,00,B01
201200047162,0,02,000,00,9,3,00,A01
201200047162,0,01,000,00,2,1,15,B01
201200047163,0,07,000,01,0,3,01,A01
201200047164,0,07,000,00,1,2,16,A01
201200047165,0,07,000,00,2,2,12,A01
201200047165,0,32,000,00,2,8,01,B01
201200047166,0,32,000,00,2,6,00,B01
201200047166,0,10,000,00,9,1,00,A01
201200047167,0,07,000,00,1,2,15,A01
201200047168,0,07,000,00,1,2,09,A01
201200047169,0,10,000,00,1,4,04,A01
201200047170,1,07,000,00,2,1,05,A01
201200047170,0,30,000,00,2,7,02,B01
201200047171,0,34,000,00,0,0,21,A01
201200047172,0,07,000,00,1,1,15,A01
201200047173,0,30,000,00,0,0,02,A01
201200047174,0,01,000,00,0,0,00,A01
201200047175,1,07,000,00,1,2,00,A01
201200047176,0,07,000,00,2,7,15,A01
201200047176,0,33,000,00,2,1,01,B01
201200047177,0,07,000,00,1,7,00,A01
201200047178,0,07,000,06,0,1,01,A01
201200047179,0,10,000,00,2,3,13,B01
201200047179,0,10,000,00,2,3,13,A01
201200047180,0,01,000,00,1,1,02,A01
201200047181,0,07,000,03,0,3,00,A01
201200047182,0,02,000,00,2,1,15,A01
201200047182,0,02,000,00,0,8,15,B01
201200047183,0,07,000,00,1,2,00,A01
201200047184,0,07,000,01,0,2,14,A01
201200047185,0,33,000,08,0,2,02,A01
201200047186,0,30,000,00,0,7,01,A01
201200047187,0,07,000,00,2,1,01,A01
201200047187,0,07,000,00,2,8,01,B01
201200047188,0,07,000,00,0,6,10,A01
201200047188,0,32,000,00,0,3,02,B01
201200047189,0,07,000,01,0,4,00,B01
201200047189,0,07,000,00,0,0,24,A01
201200047189,0,31,000,00,2,1,01,C01
201200047190,0,07,000,08,0,8,01,B01
201200047190,0,07,000,06,2,1,01,A01
201200047191,0,02,000,00,1,3,02,A01
201200047192,0,34,000,01,2,1,01,B01
201200047192,0,07,000,00,2,2,15,A01
201200047193,0,07,000,01,0,6,02,A01
201200047194,0,07,000,00,0,4,01,C01
201200047194,0,07,000,00,0,1,01,A01
201200047194,0,07,000,00,0,9,01,B01
201200047195,0,30,000,00,2,7,12,B01
201200047195,0,31,000,00,2,8,18,A01
201200047196,0,33,000,00,2,3,01,B01
201200047196,0,07,000,00,2,2,15,A01
201200047197,0,30,000,00,2,8,01,B01
201200047197,0,10,000,00,2,1,15,A01
201200047198,1,07,000,00,2,1,09,Z01
201200047198,0,30,000,00,2,2,01,A01
201200047199,0,07,000,00,1,2,01,A01
201200047200,0,07,000,00,1,1,09,A01
201200047201,0,07,000,00,2,8,01,B01
201200047201,0,07,000,00,2,1,01,A01
201200047202,0,33,000,00,1,7,17,A01
201200047203,0,99,000,09,0,1,01,A01
201200047204,0,07,000,00,2,1,01,B01
201200047204,0,07,000,00,2,2,15,A01
201200047205,0,01,000,00,2,1,02,A01
201200047205,0,10,000,00,2,5,01,B01
201200047206,0,07,000,00,2,2,15,A01
201200047206,0,32,000,00,2,1,01,B01
201200047207,0,07,000,00,2,7,12,A01
201200047207,0,30,000,00,2,8,01,B01
201200047208,0,07,000,00,2,2,15,A01
201200047208,0,07,000,00,2,1,01,B01
201200047209,0,01,000,00,1,1,01,A01
201200047210,0,34,000,00,1,1,01,A01
201200047211,0,07,000,00,1,2,01,A01
201200047212,0,07,000,01,2,1,19,B01
201200047212,0,34,000,01,2,1,01,A01
201200047213,0,33,000,00,2,1,01,B01
201200047213,0,07,000,00,0,3,19,A01
201200047214,0,01,000,00,2,1,01,A01
201200047214,0,07,000,00,2,6,01,B01
201200047215,0,01,000,00,2,0,02,B01
201200047215,0,07,000,00,9,0,17,A01
201200047216,0,37,010,00,2,1,15,B01
201200047216,1,07,000,00,9,1,09,Z01
201200047217,0,10,000,00,1,1,01,A01
201200047218,1,10,000,00,1,1,01,Z01
201200047219,0,10,000,00,2,6,01,B01
201200047219,0,10,000,01,2,1,01,A01
201200047220,0,33,000,00,1,1,17,A01
201200047221,0,07,000,00,1,1,01,A01
201200047222,0,34,000,00,2,8,01,B01
201200047222,0,07,000,00,2,2,14,A01
201200047223,0,07,000,00,1,1,15,A01
201200047224,0,31,000,01,0,9,02,A01
201200047225,1,10,000,00,2,0,10,Z01
201200047225,0,31,000,00,2,1,01,A01
201200047226,0,32,000,00,1,8,01,A01
201200047227,1,99,000,01,0,1,01,Z01
201200047228,0,07,000,00,1,1,01,A01
201200047229,0,07,000,00,2,2,15,A01
201200047229,0,32,000,00,2,1,01,B01
201200047230,0,32,000,11,0,1,01,A01
201200047231,0,07,000,00,1,1,01,A01
201200047232,0,07,000,00,2,2,01,A01
201200047232,0,07,000,01,2,8,09,C01
201200047232,0,07,000,00,2,2,01,B01
201200047233,0,07,000,00,9,3,15,A01
201200047233,0,37,001,00,2,3,16,B01
201200047234,0,07,000,00,1,3,01,A01
201200047235,1,07,000,00,1,0,00,Z01
201200047236,0,32,000,00,2,1,01,B01
201200047236,0,07,000,00,2,4,12,A01
201200047237,0,30,000,01,0,1,01,A01
201200047238,0,10,000,00,2,1,01,A01
201200047238,0,07,000,00,2,4,01,B01
201200047239,0,07,000,00,2,5,15,A01
201200047239,0,30,000,00,2,1,01,B01
201200047240,0,10,000,00,2,2,02,C01
201200047240,0,07,000,00,2,6,23,A01
201200047240,0,10,000,00,2,9,01,B01
201200047241,0,30,000,00,2,1,01,B01
201200047241,0,07,000,00,2,3,09,A01
201200047242,0,07,000,00,1,3,15,A01
201200047243,0,07,000,00,1,3,15,A01
201200047244,0,32,000,00,2,1,01,B01
201200047244,0,07,000,00,2,2,15,A01
201200047245,0,07,000,00,1,3,01,A01
201200047246,0,32,000,00,1,1,03,A01
201200047247,0,30,000,00,2,9,01,B01
201200047247,0,07,000,00,2,5,10,A01
201200047248,0,10,000,00,2,5,15,A01
201200047248,0,02,000,00,2,1,01,B01
201200047249,0,10,000,00,0,4,04,A01
201200047249,0,01,000,00,2,1,23,B01
201200047250,0,33,000,00,2,7,01,B01
201200047250,0,07,000,00,2,1,19,A01
201200047251,0,07,000,00,1,1,01,A01
201200047252,0,07,000,00,2,2,10,A01
201200047252,0,34,000,00,2,9,01,B01
201200047253,0,07,000,00,2,7,15,A01
201200047253,0,02,000,00,2,1,01,B01
201200047254,0,33,000,00,2,1,01,B01
201200047254,0,07,000,00,2,4,15,A01
201200047255,0,33,000,00,2,1,01,B01
201200047255,0,07,000,00,2,1,15,A01
201200047256,0,07,000,00,2,2,09,A01
201200047256,0,30,000,00,2,7,01,B01
201200047257,0,30,000,00,1,1,01,A01
201200047258,0,34,000,00,1,1,01,A01
201200047259,0,02,000,00,0,0,15,A01
201200047260,0,30,000,00,2,1,01,A01
201200047260,0,07,000,00,2,3,01,B01
201200047261,0,07,000,00,2,4,01,B01
201200047261,0,02,000,00,2,8,01,A01
201200047262,1,07,000,00,1,1,01,A01
201200047263,0,32,000,00,2,7,17,B01
201200047263,0,07,000,00,2,3,13,A01
201200047264,0,10,000,00,2,1,15,A01
201200047264,0,30,000,00,2,8,01,B01
201200047265,0,32,000,00,2,1,02,A01
201200047265,0,07,000,00,2,6,01,B01
201200047266,0,07,000,00,2,3,16,B01
201200047266,0,30,000,00,2,8,05,A01
201200047267,0,33,000,00,2,1,01,B01
201200047267,0,07,000,00,2,1,15,A01
201200047268,0,07,000,00,1,3,01,A01
201200047269,0,07,000,00,2,1,01,B01
201200047269,0,07,000,00,2,3,15,A01
201200047270,0,07,000,00,2,4,01,B01
201200047270,0,07,000,00,2,1,02,A01
201200047271,0,07,000,00,2,1,02,A01
201200047271,0,07,000,00,2,4,23,B01
201200047271,0,07,000,00,2,4,23,C01
201200047272,0,07,000,00,1,1,01,A01
201200047273,0,07,000,00,1,1,01,A01
201200047274,0,30,000,00,2,1,02,A01
201200047274,0,30,000,00,2,4,01,B01
201200047275,0,07,000,14,2,1,02,A01
201200047275,0,07,000,00,2,4,01,B01
201200047276,0,07,000,00,2,3,15,A01
201200047276,0,32,000,00,2,8,01,B01
201200047277,0,07,000,00,1,1,01,A01
201200047278,0,07,000,00,1,3,01,A01
201200047279,1,07,000,00,1,1,01,A01
201200047280,0,33,000,01,2,3,01,A01
201200047280,0,07,000,00,2,3,15,B01
201200047281,0,07,000,00,2,7,10,A01
201200047281,0,34,000,00,2,1,01,B01
201200047282,0,34,000,00,2,1,01,B01
201200047282,0,07,000,00,2,1,05,A01
201200047283,0,07,000,00,1,2,16,A01
201200047284,0,07,000,00,2,6,12,A01
201200047284,0,33,000,00,2,8,01,B01