Num_Acc,senc,catv,occutc,obs,obsm,choc,manv,num_veh
201200047285,0,33,000,00,2,1,02,A01
201200047285,0,10,000,00,2,4,01,B01
201200047286,0,34,000,00,2,3,01,B01
201200047286,0,07,000,00,2,2,14,A01
201200047287,0,31,000,00,2,1,17,A01
201200047287,0,07,000,00,2,3,15,B01
201200047288,0,07,000,00,2,3,15,B01
201200047288,0,07,000,00,2,1,01,A01
201200047289,0,32,000,00,2,4,01,B01
201200047289,0,07,000,00,2,1,02,A01
201200047290,0,07,000,00,2,1,15,A01
201200047290,0,33,000,00,2,1,01,B01
201200047291,0,07,000,00,2,1,02,A01
201200047291,0,07,000,00,2,4,01,B01
201200047292,0,07,000,00,2,5,23,B01
201200047292,0,30,000,00,2,1,03,A01
201200047293,0,30,000,00,1,1,01,A01
201200047294,0,33,000,00,2,1,13,A01
201200047294,0,07,000,00,2,2,00,B01
201200047295,0,10,000,00,0,5,15,B01
201200047295,0,34,000,00,0,1,17,A01
201200047296,0,02,000,00,2,1,01,A01
201200047296,0,07,000,00,2,3,00,B01
201200047297,0,07,000,01,0,1,01,A01
201200047298,0,07,000,00,1,1,01,A01
201200047299,1,07,000,00,0,0,00,A01
201200047300,0,07,000,01,0,1,01,A01
201200047301,0,07,000,00,2,8,02,A01
201200047301,0,32,000,00,2,1,00,B01
201200047302,0,07,000,00,0,0,15,A01
201200047302,0,33,000,00,2,0,01,B01
201200047303,0,10,000,00,2,3,00,A01
201200047303,0,07,000,00,2,1,01,B01
201200047304,0,07,000,00,2,8,02,B01
201200047304,0,07,000,00,2,7,02,C01
201200047304,0,30,000,01,2,1,03,A01
201200047305,0,07,000,00,0,4,02,A01
201200047305,0,02,000,00,2,1,02,B01
201200047306,0,01,000,00,2,1,01,B01
201200047306,0,01,000,00,2,1,01,A01
201200047307,0,33,000,00,2,2,17,B01
201200047307,0,07,000,00,2,3,15,A01
201200047308,0,07,000,00,2,3,00,A01
201200047308,0,33,000,01,0,1,01,B01
201200047309,0,02,000,00,2,1,01,A01
201200047309,0,07,000,00,2,2,09,B01
201200047310,0,07,000,00,2,7,12,A01
201200047310,0,33,000,00,2,8,02,B01
201200047311,0,07,000,00,0,8,15,B01
201200047311,0,33,000,00,0,1,01,A01
201200047312,1,07,000,00,1,1,01,Z01
201200047313,0,07,000,00,2,1,15,A02
201200047313,0,02,000,00,2,8,01,A01
201200047314,0,07,000,00,1,3,15,A01
201200047315,0,07,000,00,2,1,02,A01
201200047315,0,07,000,00,2,4,02,B01
201200047316,0,07,000,00,2,3,19,B01
201200047316,0,02,000,00,2,2,01,A01
201200047317,0,07,000,00,0,6,02,B01
201200047317,0,14,000,00,2,2,02,A01
201200047318,0,07,000,00,0,7,14,B01
201200047318,0,01,000,14,0,1,19,A01
201200047319,0,07,000,00,2,3,15,A01
201200047319,0,02,000,00,2,1,17,B01
201200047320,1,07,000,00,1,4,04,A01
201200047321,0,10,000,00,1,1,19,A01
201200047322,0,33,000,00,2,2,02,A01
201200047322,0,07,000,00,2,1,16,B01
201200047323,0,34,000,00,1,0,00,A01
201200047324,0,02,000,00,2,1,01,A01
201200047324,0,07,000,00,2,3,23,B01
201200047325,0,07,000,00,0,1,02,F01
201200047325,0,07,000,00,0,4,02,P01
201200047326,0,37,020,00,1,3,01,A01
201200047327,0,07,000,00,1,7,05,A01
201200047328,0,30,000,00,2,3,02,A01
201200047328,0,07,000,00,2,5,02,B01
201200047328,0,07,000,00,2,6,02,C01
201200047329,0,30,000,00,2,1,02,A01
201200047329,0,07,000,00,2,5,02,B01
201200047330,0,07,000,00,0,2,00,A01
201200047330,0,33,000,00,0,1,00,B01
201200047331,0,33,000,00,0,1,01,B01
201200047331,0,07,000,00,0,8,15,A01
201200047332,0,07,000,00,0,1,01,A01
201200047333,0,07,000,00,0,2,00,A01
201200047333,0,07,000,00,0,1,00,B01
201200047334,0,07,000,00,1,4,04,A01
201200047335,0,07,000,00,2,3,01,B01
201200047335,0,30,000,00,2,8,19,A01
201200047336,0,33,000,00,2,4,00,B01
201200047336,0,07,000,00,2,1,02,A01
201200047337,0,07,000,00,2,2,15,A01
201200047337,0,32,000,00,2,1,01,B01
201200047338,0,07,000,00,1,1,01,A01
201200047339,0,07,000,00,2,2,00,A01
201200047339,0,30,000,00,0,6,00,B01
201200047340,0,07,000,00,2,7,15,A01
201200047340,0,31,000,00,2,1,01,B01
201200047341,0,33,000,00,2,1,01,B01
201200047341,0,07,000,00,2,1,13,A01
201200047342,0,02,000,00,2,1,01,A01
201200047342,0,07,000,00,2,3,16,B01
201200047343,0,38,001,00,2,1,01,A01
201200047343,0,32,000,00,2,8,01,B01
201200047344,2,07,000,00,2,1,01,A01
201200047344,0,07,000,00,2,8,10,B02
201200047345,0,02,000,00,1,1,21,A01
201200047346,0,30,000,00,2,1,01,B01
201200047346,0,07,000,00,2,3,00,A01
201200047347,0,07,000,00,2,2,09,A01
201200047347,0,02,000,00,2,4,01,B01
201200047348,0,33,000,00,2,2,01,B01
201200047348,0,07,000,00,2,3,09,A01
201200047349,0,07,000,00,2,5,12,B01
201200047349,0,33,000,00,2,3,01,A01
201200047350,0,31,000,00,2,1,00,B01
201200047350,0,07,000,00,2,1,01,A01
201200047351,0,07,000,00,2,6,00,C01
201200047351,0,07,000,00,2,1,00,B01
201200047351,0,31,000,00,2,2,00,A01
201200047352,0,14,000,00,2,0,02,B01
201200047352,0,30,000,00,2,0,02,A01
201200047353,0,01,000,00,2,7,19,A01
201200047353,0,07,000,00,2,1,01,B01
201200047354,0,02,000,00,2,1,02,A01
201200047354,0,07,000,00,9,6,02,B01
201200047355,0,33,000,00,2,1,01,B01
201200047355,0,07,000,00,2,2,15,A01
201200047356,0,07,000,00,1,1,02,A01
201200047357,0,02,000,00,2,1,02,A01
201200047357,0,10,000,00,2,6,02,B01
201200047358,0,10,000,00,2,3,09,A01
201200047358,0,33,000,00,2,1,02,B01
201200047359,0,07,000,01,2,3,15,B01
201200047359,0,30,000,00,2,7,02,A01
201200047360,0,07,000,00,0,3,00,A01
201200047360,0,33,000,00,0,4,00,B01
201200047361,0,02,000,00,1,1,17,A01
201200047362,0,07,000,00,0,1,01,A01
201200047362,0,01,000,00,0,7,01,B01
201200047363,0,34,000,00,1,3,03,A01
201200047364,0,07,000,00,1,3,09,A01
201200047365,0,34,000,00,2,1,01,B01
201200047365,0,30,000,00,2,0,01,C01
201200047365,0,10,000,00,2,4,04,A01
201200047366,0,33,000,00,2,0,13,A01
201200047366,0,07,000,00,2,0,16,B01
201200047367,0,07,000,00,2,2,15,B01
201200047367,0,02,000,00,2,1,01,A01
201200047368,0,02,000,00,2,1,01,A01
201200047368,0,07,000,00,0,3,01,B01
201200047369,0,07,000,00,2,1,00,A01
201200047369,0,32,000,00,2,7,01,B01
201200047370,0,07,000,00,2,1,02,A01
201200047370,0,07,000,00,0,4,02,B01
201200047371,0,32,000,00,1,1,00,A01
201200047372,0,30,000,00,2,1,00,B01
201200047372,0,07,000,00,2,2,00,A01
201200047373,0,01,000,10,2,1,06,B01
201200047373,0,07,000,00,0,0,00,A01
201200047374,0,33,000,00,2,1,01,B01
201200047374,0,07,000,00,2,5,15,A01
201200047375,0,02,000,00,2,1,01,B01
201200047375,0,03,000,00,2,3,11,A01
201200047376,0,03,000,00,2,3,02,A01
201200047376,0,07,000,00,2,4,02,C01
201200047376,0,07,000,00,2,4,02,D01
201200047376,0,10,000,00,2,5,02,B01
201200047377,0,07,000,00,2,3,10,A01
201200047377,0,31,000,00,2,7,17,B01
201200047378,0,07,000,00,2,1,01,B01
201200047378,0,30,000,00,0,6,15,A01
201200047379,0,07,000,11,2,1,06,A01
201200047379,0,33,000,00,2,1,23,B01
201200047379,0,07,000,00,2,1,23,C01
201200047380,0,07,000,00,1,2,01,A01
201200047381,1,07,000,00,1,1,00,A01
201200047382,0,07,000,14,1,3,15,A01
201200047383,0,07,000,00,2,3,06,A01
201200047383,0,07,000,00,2,1,01,B01
201200047383,0,07,000,00,2,3,01,C01
201200047384,0,07,000,09,1,1,00,A01
201200047385,0,07,000,00,1,2,17,A01
201200047386,0,07,000,00,0,3,11,A01
201200047386,0,02,000,00,2,1,01,B01
201200047387,0,33,000,00,2,1,15,A01
201200047387,0,32,000,00,2,8,01,B01
201200047388,1,10,000,00,1,2,00,A01
201200047389,0,34,000,00,1,1,01,A01
201200047390,0,07,000,08,2,5,01,B01
201200047390,0,07,000,00,2,1,01,A01
201200047391,0,07,000,06,2,1,01,B01
201200047391,0,07,000,00,2,2,01,A01
201200047392,0,34,000,01,1,1,01,A01
201200047393,0,01,000,00,2,2,01,A01
201200047393,0,10,000,00,2,1,01,B01
201200047394,0,07,000,00,2,3,01,B01
201200047394,0,07,000,12,2,1,01,A01
201200047395,0,07,000,00,1,2,01,A01
201200047396,0,07,000,00,1,5,04,A01
201200047397,0,33,000,00,2,8,01,A01
201200047397,0,07,000,00,2,7,16,B01
201200047398,0,07,000,00,2,2,15,A01
201200047398,0,03,000,01,2,4,23,B01
201200047399,0,31,000,00,2,1,01,A01
201200047399,0,14,000,00,2,8,01,B01
201200047400,0,07,000,00,2,3,22,A01
201200047400,0,01,000,01,0,1,01,B01
201200047401,0,10,000,00,2,1,02,A01
201200047401,0,07,000,00,2,4,23,B01
201200047401,0,07,000,00,2,4,23,C01
201200047402,0,07,000,00,2,3,01,B01
201200047402,0,07,000,00,2,1,01,A01
201200047403,0,07,000,08,2,3,01,B01
201200047403,0,07,000,08,2,1,01,A01
201200047404,0,07,000,00,2,7,01,A01
201200047404,0,07,000,00,2,1,01,B01
201200047405,0,07,000,00,2,5,01,A01
201200047405,0,07,000,00,2,1,01,B01
201200047406,0,07,000,00,2,2,01,A01
201200047406,0,33,000,00,2,1,01,B01
201200047407,0,01,000,00,2,1,02,A01
201200047407,0,07,000,00,2,4,23,B01
201200047408,0,07,000,00,1,2,01,A01
201200047409,0,07,000,00,2,1,02,A01
201200047409,0,07,000,00,2,4,01,B01
201200047410,0,33,000,00,2,4,01,B01
201200047410,0,07,000,00,2,1,09,A01
201200047411,0,07,000,00,2,3,01,B01
201200047411,0,07,000,00,2,2,01,A01
201200047412,0,07,000,00,2,2,01,A01
201200047412,0,07,000,00,2,3,02,B01
201200047413,0,33,000,01,0,0,00,A01
201200047414,0,33,000,00,2,1,07,A01
201200047414,0,07,000,00,2,2,15,B01
201200047415,0,07,000,00,2,2,15,B01
201200047415,0,32,000,00,2,1,01,A01
201200047416,0,07,000,00,2,4,02,B01
201200047416,0,07,000,00,2,1,02,A01
201200047417,0,07,000,00,2,2,00,A01
201200047417,0,31,000,00,2,1,00,B01
201200047418,0,02,000,00,2,1,17,A01
201200047418,0,10,000,00,2,3,15,B01
201200047419,0,30,000,01,0,0,00,A01
201200047420,0,07,000,00,2,8,22,A01
201200047420,0,01,000,01,0,1,01,B01
201200047421,0,07,000,00,2,2,01,B01
201200047421,0,99,000,12,2,7,00,C01
201200047421,0,07,000,01,2,7,01,A01
201200047422,0,07,000,02,0,1,13,A01
201200047423,0,07,000,00,2,1,00,B01
201200047423,0,07,000,00,2,2,01,A01
201200047424,0,07,000,00,2,4,23,C01
201200047424,0,07,000,00,2,1,01,A01
201200047424,0,07,000,00,2,4,01,B01
201200047425,0,33,000,12,0,0,01,A01
201200047426,0,02,000,00,2,1,01,B01
201200047426,0,10,000,00,2,1,15,A01
201200047427,0,33,000,01,0,1,01,A01
201200047428,0,02,000,01,0,2,01,A01
201200047429,0,07,000,00,2,0,01,B01
201200047429,0,07,000,00,2,1,01,A01
201200047430,0,07,000,00,2,3,01,B01
201200047430,0,07,000,00,2,7,15,A01
201200047431,0,30,000,00,2,1,01,A01
201200047431,0,07,000,00,2,2,01,B01
201200047432,0,01,000,00,2,7,15,B01
201200047432,0,07,000,00,2,3,15,A01
201200047433,0,01,000,00,2,1,01,A01
201200047433,0,07,000,00,2,6,01,B01
201200047434,0,07,000,01,0,3,01,A01
201200047434,0,07,000,00,2,2,22,B01
201200047435,0,07,000,00,2,1,01,A01
201200047435,0,32,000,00,2,3,01,B01
201200047436,0,07,000,00,2,3,01,B01
201200047436,0,30,000,00,2,0,00,A01
201200047437,0,07,000,00,2,2,00,B01
201200047437,0,01,000,00,2,0,00,A01
201200047438,0,07,000,01,0,0,01,A01
201200047439,0,07,000,00,2,1,00,A01
201200047439,0,33,000,00,2,1,01,B01
201200047440,0,07,000,01,2,8,01,B01
201200047440,0,07,000,00,2,1,01,A01
201200047441,0,07,000,00,2,2,15,A01
201200047441,0,07,000,00,2,3,01,B01
201200047442,0,07,000,00,1,1,00,A01
201200047443,0,07,000,00,2,3,01,B01
201200047443,0,02,000,00,2,1,02,A01
201200047444,0,07,000,00,2,3,15,B01
201200047444,0,30,000,00,2,7,01,A01
201200047445,0,31,000,01,1,1,01,A01
201200047446,0,07,000,00,2,2,01,A01
201200047446,0,33,000,00,2,1,01,B01
201200047447,0,32,000,00,2,1,00,B01
201200047447,0,07,000,00,2,8,00,A01
201200047448,0,07,000,08,2,8,01,B01
201200047448,0,07,000,00,2,1,01,A01
201200047449,0,02,000,00,0,0,00,A01
201200047450,0,02,000,00,2,1,07,A01
201200047450,0,07,000,00,2,7,16,B01
201200047451,0,07,000,02,0,1,21,A01
201200047452,0,07,000,00,9,4,04,A01
201200047453,0,07,000,00,2,1,02,A01
201200047453,0,07,000,00,2,8,00,B01
201200047454,0,07,000,00,2,4,00,B01
201200047454,0,01,000,00,2,1,00,A01
201200047455,0,33,000,00,2,1,00,A01
201200047455,0,07,000,00,2,1,00,B01
201200047456,0,30,000,00,2,1,18,A01
201200047456,0,07,000,00,2,7,23,B01
201200047457,0,33,000,00,2,2,17,A01
201200047457,0,07,000,00,2,3,15,B01
201200047458,0,07,000,01,0,2,01,A01
201200047459,0,07,000,15,0,1,10,A01
201200047460,0,07,000,08,2,7,01,A01
201200047460,0,07,000,00,2,1,01,B01
201200047461,0,02,000,00,2,7,01,A01
201200047461,0,07,000,00,2,3,15,B01
201200047462,0,07,000,00,2,2,01,A01
201200047462,0,07,000,00,2,1,01,B01
201200047463,0,30,000,00,0,0,00,A01
201200047464,0,07,000,01,0,1,01,A01
201200047465,2,07,000,02,1,1,00,A01
201200047466,0,10,000,00,2,1,15,A01
201200047466,0,33,000,00,2,3,01,B01
201200047467,0,07,000,00,2,1,01,B01
201200047467,0,07,000,00,2,2,01,A01
201200047468,0,07,000,00,1,1,01,A01
201200047469,0,30,000,01,0,1,01,A01
201200047470,0,02,000,00,1,1,00,A01
201200047471,0,02,000,00,2,2,01,A01
201200047471,1,10,000,00,0,0,00,Z01
201200047472,0,07,000,01,2,7,01,B01
201200047472,0,07,000,00,2,1,01,A01
201200047473,0,37,013,00,2,4,23,A01
201200047473,0,37,000,00,2,1,02,B01
201200047474,0,07,000,00,2,1,00,A01
201200047474,0,07,000,00,2,4,00,B01
201200047475,0,10,000,00,2,1,01,A01
201200047475,0,02,000,00,2,4,23,B01
201200047476,0,13,000,00,1,4,04,A01
201200047477,2,07,000,00,1,2,15,A01
201200047478,0,07,000,00,2,1,01,A01
201200047478,0,07,000,00,2,4,01,C01
201200047478,0,07,000,00,2,4,02,B01
201200047479,0,07,000,00,1,1,01,A01
201200047480,0,07,000,00,2,3,01,B01
201200047480,0,07,000,00,2,3,13,A01
201200047481,0,02,000,00,2,5,17,B01
201200047481,0,07,000,00,2,8,15,A01
201200047482,0,07,000,00,2,7,14,A01
201200047482,0,34,000,00,2,8,02,B01
201200047483,0,01,000,00,2,2,01,B01
201200047483,0,07,000,00,2,3,00,A01
201200047484,0,07,000,00,2,3,01,A01
201200047484,0,07,000,00,2,3,15,B01
201200047485,0,07,000,00,2,2,15,A01
201200047485,0,30,000,00,2,3,01,B01
201200047486,0,07,000,00,2,1,01,A01
201200047486,0,31,000,00,2,4,01,B01
201200047487,0,02,000,00,2,1,01,A01
201200047487,0,07,000,00,2,3,00,B01
201200047488,0,02,000,00,2,7,01,A01
201200047488,0,07,000,00,2,2,00,B01
201200047489,0,07,000,00,2,2,01,A01
201200047489,0,02,000,00,2,1,01,B01
201200047490,0,37,000,00,2,1,01,A01
201200047490,0,07,000,00,2,8,00,B01
201200047491,0,37,000,00,2,5,01,A01
201200047491,0,33,000,00,2,1,01,B01
201200047492,0,07,000,00,2,1,01,B01
201200047492,0,07,000,01,2,2,15,A01
201200047493,0,07,000,00,2,2,15,A01
201200047493,0,33,000,00,2,0,01,B01
201200047494,0,31,000,00,2,2,17,A01
201200047494,0,07,000,00,2,3,15,B01
201200047495,0,07,000,00,2,1,01,A01
201200047495,0,07,000,00,2,7,15,B01
201200047496,0,30,000,00,2,8,01,B01
201200047496,0,07,000,00,2,1,01,A01
201200047497,0,07,000,00,2,2,01,A01
201200047497,0,07,000,00,2,8,15,B01
201200047498,0,07,000,02,2,8,15,B01
201200047498,0,07,000,00,2,1,01,A01
201200047499,0,07,000,00,1,8,01,A01
201200047500,0,07,000,00,2,1,15,A01
201200047500,0,32,000,00,2,1,01,B01
201200047501,0,07,000,00,2,3,01,B01
201200047501,0,30,000,00,2,1,01,A01
201200047502,0,07,000,00,2,1,15,A01
201200047502,0,07,000,00,2,8,01,B01
201200047503,0,33,000,00,2,3,01,A01
201200047503,0,07,000,08,2,1,15,B01
201200047504,0,01,000,00,2,1,01,B01
201200047504,0,07,000,00,2,1,15,A01
201200047505,0,34,000,00,2,1,01,A01
201200047505,0,07,000,00,2,2,01,B01
201200047506,0,34,000,00,2,0,02,A01
201200047506,0,10,000,00,2,6,15,B01
201200047507,0,31,000,00,2,1,01,A01
201200047507,0,07,000,00,2,8,01,B01
201200047508,0,13,000,00,2,1,02,A01
201200047508,0,07,000,00,2,3,16,C01
201200047508,0,07,000,00,2,5,01,B01
201200047509,0,34,000,00,1,2,01,A01
201200047510,0,03,000,01,0,1,01,A01
201200047511,0,07,000,00,1,1,01,A01
201200047512,0,07,000,00,2,2,05,A01
201200047512,0,02,000,00,2,0,21,B01
201200047513,0,02,000,00,2,2,17,B01
201200047513,0,07,000,00,2,3,13,A01
201200047514,0,07,000,00,1,2,01,A01
201200047515,0,07,000,00,2,1,02,A01
201200047515,0,07,000,00,2,4,23,B01
201200047516,0,31,000,00,2,8,00,B01
201200047516,0,07,000,00,2,7,00,A01
201200047517,0,07,000,00,1,1,15,A01
201200047518,0,07,000,08,2,3,01,B01
201200047518,0,07,000,00,2,2,01,A01
201200047519,0,30,000,00,1,1,01,A01
201200047520,0,33,000,00,2,1,01,B01
201200047520,0,07,000,00,2,2,16,A01
201200047521,0,01,000,00,2,0,15,A01
201200047521,0,07,000,00,9,1,02,B01
201200047522,0,33,000,00,2,4,23,B01
201200047522,0,02,000,00,2,1,02,A01
201200047523,0,07,000,00,1,1,01,A01
201200047524,0,07,000,00,2,8,01,C01
201200047524,0,10,000,00,2,1,01,A01
201200047524,0,07,000,00,2,4,01,B01
201200047525,0,07,000,00,2,4,01,C01
201200047525,0,07,000,00,2,4,02,B01
201200047525,0,07,000,00,2,1,02,A01
201200047526,0,07,000,00,2,2,01,A01
201200047526,2,07,000,08,2,3,01,Z01
201200047527,0,02,000,06,1,1,01,A01
201200047528,0,07,000,06,0,1,01,A01
201200047529,0,32,000,00,0,2,01,A01
201200047530,0,34,000,00,2,4,01,A01
201200047530,1,07,000,00,2,1,02,Z01
201200047531,0,30,000,00,2,7,01,B01
201200047531,0,07,000,06,2,1,15,A01
201200047532,0,33,000,04,0,7,01,B01
201200047532,1,07,000,00,0,0,12,Z01
201200047533,0,07,000,00,1,1,17,A01
201200047534,0,33,000,12,0,1,01,A01
201200047535,0,33,000,00,2,1,01,B01
201200047535,0,07,000,00,2,2,15,A01
201200047536,0,07,000,00,1,1,01,A01
201200047537,0,07,000,00,2,2,15,A01
201200047537,0,33,000,00,2,1,01,B01
201200047538,0,33,000,00,2,1,01,B01
201200047538,0,07,000,00,9,3,01,C01
201200047538,0,07,000,00,2,1,15,A01
201200047539,0,07,000,00,2,2,01,A01
201200047539,0,07,000,00,2,3,16,B01
201200047540,0,13,000,00,2,4,01,B01
201200047540,0,07,000,00,2,1,02,A01
201200047541,0,07,000,11,0,9,15,A01
201200047541,0,10,000,00,2,1,01,B01
201200047542,0,07,000,00,1,1,15,A01
201200047543,0,07,000,02,0,1,01,A01
201200047544,0,07,000,00,2,4,02,B01
201200047544,0,07,000,00,2,4,02,C01
201200047544,0,07,000,00,2,1,01,A01
201200047545,0,07,000,00,1,3,01,A01
201200047546,0,10,000,12,0,1,14,A01
201200047547,0,07,000,00,2,1,01,A01
201200047547,0,07,000,00,2,4,02,C01
201200047547,0,07,000,00,2,4,02,B01
201200047548,0,07,000,00,1,6,01,A01
201200047549,0,07,000,00,2,1,01,C01
201200047549,0,31,000,00,2,1,01,A01
201200047549,0,07,000,00,2,2,01,B01
201200047550,0,07,000,08,0,1,01,A01
201200047551,0,07,000,00,2,7,15,A01
201200047551,0,32,000,00,2,1,01,B01
201200047552,0,07,000,00,1,1,01,A01
201200047553,0,32,000,00,0,1,01,A01
201200047554,0,07,000,00,2,1,01,A01
201200047554,0,07,000,00,2,3,15,B01
201200047555,0,07,000,00,2,2,01,B01
201200047555,0,07,000,00,2,1,15,A01
201200047556,0,33,000,00,0,2,01,A01
201200047557,0,33,000,12,0,3,01,A01
201200047558,2,07,000,09,0,1,16,A01
201200047559,0,07,000,00,2,6,01,A01
201200047559,0,32,000,00,2,1,01,B01
201200047560,0,07,000,02,0,1,21,A01
201200047561,0,07,000,00,2,1,01,A01
201200047561,2,07,000,00,2,4,23,B01
201200047562,0,07,000,00,1,7,01,A01
201200047563,0,07,000,00,1,1,01,A01
201200047564,0,34,000,01,0,1,21,A01
201200047564,0,15,000,00,2,6,23,B01
201200047565,0,15,000,00,2,1,01,A01
201200047565,0,07,000,00,2,4,01,B01
201200047566,0,17,000,00,2,3,01,B01
201200047566,0,33,000,00,2,8,19,A01
201200047567,0,07,000,00,2,2,15,A01
201200047567,0,33,000,00,2,1,01,B01
201200047568,0,07,000,00,2,2,01,A01
201200047568,0,07,000,00,2,6,01,B01
201200047568,0,07,000,00,2,7,01,C01
201200047569,0,33,000,00,2,1,02,A01
201200047569,0,10,000,00,2,4,01,B01
201200047570,0,07,000,00,2,4,02,C01
201200047570,0,07,000,00,2,1,02,A01
201200047570,0,07,000,00,2,4,02,B01
201200047571,0,07,000,00,2,3,01,B01
201200047571,0,07,000,00,2,3,13,A01
201200047572,0,30,000,00,2,1,01,A01
201200047573,0,37,001,00,2,1,01,A01
201200047573,0,07,000,00,2,2,00,B01
201200047574,0,32,000,00,2,1,21,B01
201200047574,0,10,000,00,2,3,15,A01
201200047575,0,07,000,00,1,3,01,A01
201200047576,0,07,000,00,2,1,01,A01
201200047576,0,07,000,00,2,4,01,B01
201200047577,0,31,000,00,2,1,21,A01
201200047577,0,07,000,00,2,3,15,B01
201200047578,0,32,000,00,2,1,05,A01
201200047578,0,07,000,00,2,3,15,B01
201200047579,0,34,000,00,2,1,15,A01
201200047579,0,33,000,00,2,4,15,B01
201200047580,0,37,005,01,2,1,01,B01
201200047580,0,07,000,00,2,4,17,A01
201200047581,0,07,000,00,1,2,01,A01
201200047582,0,13,000,06,2,1,00,A01
201200047582,0,07,000,00,2,1,00,B01
201200047583,0,10,000,00,1,2,01,A01
201200047584,1,07,000,00,1,1,01,Z01
201200047585,0,33,000,00,0,8,01,A01
201200047586,0,30,000,00,2,1,01,A01
201200047586,0,07,000,00,0,4,23,B01
201200047587,0,07,000,00,0,3,01,B01
201200047587,0,07,000,00,2,2,15,A01
201200047588,0,07,000,01,0,5,00,A01
201200047589,0,07,000,01,0,1,00,A01
201200047590,0,07,000,00,2,1,02,A01
201200047590,0,07,000,00,2,4,01,B01
201200047591,0,07,000,00,2,4,02,B01
201200047591,0,07,000,00,2,1,02,A01
201200047591,0,07,000,00,0,4,02,D01
201200047591,0,07,000,00,2,4,02,C01
201200047592,0,07,000,00,2,4,11,B01
201200047592,0,33,000,00,2,1,01,A01
201200047593,0,07,000,00,1,6,01,A01
201200047594,0,07,000,00,2,2,00,B01
201200047594,0,07,000,00,2,1,01,A01
201200047595,0,07,000,00,0,4,00,B01
201200047595,0,10,000,00,0,1,01,A01
201200047596,0,10,000,00,2,1,02,A01
201200047596,0,07,000,00,0,4,02,B01
201200047597,0,37,002,00,2,1,01,B01
201200047597,0,07,000,00,2,2,00,A01
201200047598,0,33,000,00,2,1,05,A01
201200047598,0,07,000,00,2,7,01,B01
201200047599,0,10,000,00,2,9,02,C01
201200047599,0,07,000,00,2,9,02,B01
201200047599,0,10,000,00,2,4,01,D01
201200047599,0,07,000,00,2,1,02,A01
201200047600,0,30,000,00,2,2,01,B01
201200047600,1,07,000,00,2,3,18,Z01
201200047601,0,02,000,02,0,1,01,A01
201200047602,0,07,000,00,2,1,02,A01
201200047602,0,07,000,00,2,4,02,B01
201200047603,0,02,000,00,1,1,01,A01
201200047604,0,07,000,00,2,4,01,B01
201200047604,0,30,000,00,2,1,01,A01
201200047605,0,07,000,00,0,4,02,A01
201200047605,0,32,000,00,2,1,02,B01
201200047605,1,07,000,00,2,1,03,Z01
201200047606,0,37,001,00,1,2,20,B01
201200047607,0,10,000,00,0,5,01,B01
201200047607,0,31,000,00,2,1,02,A01
201200047608,0,34,000,01,0,1,01,A01
201200047609,0,07,000,00,2,1,18,A01
201200047609,0,34,000,00,2,4,15,B01
201200047610,0,07,000,00,0,1,00,A01
201200047610,0,07,000,00,0,5,00,B01
201200047611,0,02,000,00,2,1,01,A01
201200047611,0,07,000,00,2,3,16,B01
201200047612,0,33,000,00,2,1,02,B01
201200047612,0,07,000,00,2,6,15,A01
201200047613,0,07,000,00,2,5,01,A01
201200047613,0,07,000,00,2,3,09,B01
201200047614,0,10,000,00,1,1,02,A01
201200047615,0,33,000,00,0,3,00,B01
201200047615,0,07,000,00,2,3,00,A01
201200047616,0,34,000,01,0,1,02,B01
201200047616,0,07,000,00,2,1,02,A01
201200047616,1,07,000,00,0,0,00,Z01
201200047617,0,07,000,00,1,2,01,A01
201200047618,0,07,000,00,2,1,01,A01
201200047618,0,07,000,00,0,1,01,B01
201200047619,0,32,000,00,1,2,21,A01
201200047620,0,07,000,00,2,1,02,A01
201200047620,0,07,000,00,2,4,02,B01
201200047620,0,07,000,00,0,4,02,C01
201200047621,0,07,000,00,1,1,01,A01
201200047622,0,07,000,00,2,4,16,B01
201200047622,0,07,000,00,2,1,02,A01
201200047622,0,03,000,00,2,4,16,C01
201200047623,0,07,000,00,2,1,01,B01
201200047623,0,10,000,00,2,2,15,A01
201200047624,0,07,000,00,1,0,01,A01
201200047625,0,07,000,12,0,6,01,B01
201200047625,0,07,000,00,2,1,19,A01
201200047626,0,32,000,00,2,1,01,A01
201200047626,0,07,000,00,2,3,15,B01
201200047627,2,07,000,00,1,2,01,Z01
201200047628,0,10,000,00,1,6,04,A01
201200047629,0,07,000,00,2,1,01,B01
201200047629,0,07,000,00,2,2,01,A01
201200047630,0,07,000,00,2,1,10,A01
201200047630,0,31,000,00,2,1,01,B01
201200047631,0,07,000,12,0,1,21,A01
201200047632,0,07,000,00,1,1,02,A01
201200047633,0,07,000,00,2,6,00,B01
201200047633,0,31,000,00,2,2,00,A01
201200047634,0,33,000,00,2,7,17,B01
201200047634,0,07,000,00,2,3,13,A01
201200047635,0,07,000,00,1,0,00,A01
201200047636,0,10,000,00,2,1,00,A01
201200047636,0,07,000,00,2,1,01,B01
201200047637,0,33,000,00,1,1,18,A01
201200047638,0,07,000,00,2,3,15,A01
201200047638,0,02,000,00,2,1,01,B01
201200047639,0,33,000,00,2,1,01,B01
201200047639,0,10,000,00,0,3,15,A01
201200047640,1,07,000,00,2,2,17,Z01
201200047640,0,07,000,00,2,6,02,A01