Num_Acc,senc,catv,occutc,obs,obsm,choc,manv,num_veh
201200048418,0,07,000,00,2,1,01,A01
201200048418,0,07,000,00,2,4,02,B01
201200048419,0,07,000,00,2,1,01,B01
201200048419,0,07,000,00,2,7,09,A01
201200048420,0,07,000,00,1,2,01,A01
201200048421,0,07,000,00,1,1,01,A01
201200048422,1,07,000,00,1,0,00,Z01
201200048423,0,33,000,00,2,1,01,B01
201200048423,0,07,000,00,2,8,01,A01
201200048424,1,07,000,00,1,1,01,Z01
201200048425,0,07,000,00,2,1,15,A01
201200048425,0,33,000,00,2,1,01,B01
201200048426,0,30,000,00,2,1,01,B01
201200048426,0,07,000,00,2,2,01,A01
201200048427,0,07,000,00,1,7,01,A01
201200048428,0,07,000,00,2,1,15,A01
201200048428,0,33,000,00,2,8,01,B01
201200048429,0,07,000,00,2,3,01,A01
201200048429,0,33,000,00,2,7,01,B01
201200048430,0,07,000,00,2,1,01,A01
201200048430,0,07,000,00,2,4,02,B01
201200048430,0,07,000,00,2,4,02,C01
201200048431,0,07,000,00,1,3,01,A01
201200048432,0,07,000,00,0,4,23,C01
201200048432,0,07,000,00,2,1,01,A01
201200048432,0,07,000,00,2,4,23,B01
201200048433,0,33,000,01,2,1,21,B01
201200048433,0,07,000,00,2,4,24,C01
201200048433,1,07,000,00,0,0,00,A01
201200048434,0,07,000,00,2,8,10,A01
201200048434,0,07,000,00,2,1,09,B01
201200048435,0,07,000,00,1,1,01,A01
201200048436,1,07,000,00,1,1,00,A01
201200048437,1,07,000,00,2,1,01,Z01
201200048437,0,07,000,00,2,4,23,A01
201200048438,0,10,000,00,2,1,01,A01
201200048438,0,07,000,00,2,4,02,B01
201200048439,0,07,000,00,1,3,16,A01
201200048440,0,07,000,00,1,2,01,A01
201200048441,1,07,000,00,1,1,01,Z01
201200048442,0,07,000,00,1,4,04,A01
201200048443,0,07,000,00,2,1,15,A01
201200048443,0,07,000,00,2,3,01,B01
201200048444,0,10,000,04,2,2,01,C01
201200048444,0,07,000,00,2,2,18,A01
201200048445,0,33,000,00,0,8,01,B01
201200048445,0,07,000,00,2,3,17,A01
201200048446,0,40,002,00,1,4,01,A01
201200048447,0,07,000,00,1,2,21,A01
201200048448,0,02,000,00,2,1,01,B01
201200048448,0,02,000,00,2,4,02,C01
201200048448,0,03,000,00,2,8,01,A01
201200048449,0,07,000,00,1,1,01,A01
201200048450,0,33,000,00,2,1,01,A01
201200048450,0,07,000,00,2,8,01,B01
201200048451,0,33,000,00,2,1,17,B01
201200048451,0,07,000,00,2,8,15,A01
201200048452,0,07,000,00,2,3,01,B01
201200048452,0,07,000,00,2,3,17,A01
201200048452,0,07,000,00,2,4,02,C01
201200048453,0,10,000,00,1,1,01,A01
201200048454,0,07,000,00,2,1,01,A01
201200048454,0,07,000,00,2,8,09,B01
201200048455,0,07,000,00,1,2,01,A01
201200048456,0,02,000,00,2,1,17,A01
201200048456,0,07,000,00,2,3,15,B01
201200048457,0,07,000,00,1,1,01,A01
201200048458,0,07,000,00,2,3,10,A01
201200048458,0,02,000,00,2,1,01,B01
201200048459,0,07,000,00,1,2,01,A01
201200048460,0,07,000,00,1,7,01,A01
201200048461,0,10,000,00,1,6,15,A01
201200048462,0,02,000,00,2,1,01,A01
201200048462,0,10,000,00,2,4,02,B01
201200048463,0,02,000,01,0,1,01,A01
201200048464,0,07,000,00,1,1,01,A01
201200048465,0,10,000,00,2,1,13,A01
201200048465,0,07,000,00,2,1,01,B01
201200048466,0,03,000,13,0,1,01,A01
201200048467,1,07,000,00,1,0,00,Z01
201200048468,0,31,000,00,2,1,17,A01
201200048468,0,07,000,00,2,3,15,B01
201200048469,0,07,000,00,1,7,01,A01
201200048470,0,07,000,00,2,2,01,A01
201200048470,0,01,000,00,2,2,01,B01
201200048471,0,07,000,00,2,3,01,A01
201200048471,0,07,000,00,2,3,01,B01
201200048472,0,07,000,01,0,7,01,A01
201200048473,0,30,000,00,2,1,01,A01
201200048473,0,07,000,00,2,4,02,B01
201200048474,0,07,000,00,1,7,01,A01
201200048475,0,07,000,16,0,9,01,A01
201200048476,0,01,000,00,2,1,19,B01
201200048476,0,07,000,00,2,2,16,A01
201200048477,1,07,000,00,1,2,01,Z01
201200048478,0,07,000,00,2,2,01,A01
201200048478,0,01,000,00,2,8,19,B01
201200048479,0,07,000,02,0,1,01,A01
201200048480,0,30,000,00,2,1,01,A01
201200048480,0,07,000,00,2,3,15,B01
201200048481,0,07,000,00,2,1,01,B01
201200048481,0,07,000,00,2,1,01,A01
201200048482,0,07,000,00,2,1,01,B01
201200048482,0,07,000,00,2,1,01,A01
201200048483,0,07,000,00,2,4,02,B01
201200048483,0,07,000,00,2,1,01,A01
201200048484,0,01,000,00,2,1,01,B01
201200048484,0,07,000,00,2,3,09,A01
201200048485,0,02,000,00,2,1,01,A01
201200048485,0,07,000,00,0,4,02,B01
201200048486,0,07,000,00,2,1,01,B01
201200048486,0,20,000,00,2,8,01,A01
201200048487,0,07,000,00,1,1,01,A01
201200048488,0,37,001,00,1,7,01,A01
201200048489,0,33,000,00,2,1,01,B01
201200048489,1,07,000,00,0,0,01,Z01
201200048490,0,33,000,00,2,1,01,B01
201200048490,0,07,000,00,2,3,15,A01
201200048491,0,07,000,00,1,1,01,A01
201200048492,0,07,000,00,1,4,04,A01
201200048493,0,07,000,01,0,1,00,A01
201200048494,0,07,000,00,1,1,01,A01
201200048495,0,07,000,00,2,2,23,B01
201200048495,0,07,000,03,2,1,21,A01
201200048496,0,07,000,00,2,1,01,A01
201200048496,0,07,000,01,2,1,09,B01
201200048497,0,07,000,00,1,3,15,A01
201200048498,0,07,000,00,2,4,23,B01
201200048498,0,07,000,00,2,4,23,C01
201200048498,0,07,000,00,2,1,01,A01
201200048499,0,02,000,00,2,1,17,B01
201200048499,0,07,000,00,2,8,22,A01
201200048500,0,31,000,00,2,1,09,A01
201200048500,0,07,000,00,2,8,01,B01
201200048501,0,07,000,12,0,7,02,A01
201200048502,0,07,000,00,2,4,02,B01
201200048502,0,02,000,00,2,1,01,A01
201200048502,0,07,000,00,2,3,02,C01
201200048503,0,37,001,00,2,5,15,A01
201200048503,0,02,000,00,2,1,01,B01
201200048504,0,07,000,00,1,5,01,A01
201200048505,0,07,000,00,1,0,00,A01
201200048506,0,30,000,00,2,3,01,B01
201200048506,0,07,000,00,2,3,12,A01
201200048507,0,07,000,06,0,2,01,A01
201200048508,0,07,000,00,2,3,15,A01
201200048508,0,02,000,00,2,1,17,B01
201200048509,0,07,000,00,2,3,09,A01
201200048509,0,02,000,00,2,1,01,B01
201200048510,0,07,000,03,2,1,01,A01
201200048510,0,07,000,00,2,1,01,B01
201200048511,0,07,000,00,2,8,15,A01
201200048511,0,31,000,00,2,1,01,B01
201200048512,0,02,000,01,0,1,00,A01
201200048513,0,33,000,00,2,1,02,A01
201200048513,0,07,000,00,2,6,01,B01
201200048514,0,31,000,00,2,1,01,B01
201200048514,0,07,000,00,2,2,15,A01
201200048515,0,02,000,00,1,1,17,A01
201200048516,0,07,000,00,2,8,23,A01
201200048516,0,31,000,00,2,1,01,B01
201200048517,0,31,000,00,2,2,17,B01
201200048517,0,07,000,00,2,8,15,A01
201200048518,0,07,000,00,1,0,01,A01
201200048519,0,07,000,01,0,1,01,A01
201200048520,0,10,000,06,0,3,01,A01
201200048521,0,07,000,00,2,4,01,B01
201200048521,0,32,000,00,2,1,01,A01
201200048522,0,07,000,00,1,1,01,A01
201200048523,0,30,000,00,2,5,00,B01
201200048523,0,02,000,00,2,3,01,A01
201200048524,0,07,000,00,2,5,23,B01
201200048524,0,07,000,00,2,1,02,A01
201200048525,0,07,000,00,2,8,11,A01
201200048525,0,31,000,00,2,7,01,B01
201200048526,0,02,000,08,0,7,01,A01
201200048527,0,32,000,00,1,1,01,A01
201200048528,0,20,000,00,2,7,19,A01
201200048528,0,07,000,00,2,8,01,B01
201200048529,0,07,000,00,2,8,22,A01
201200048529,0,33,000,01,0,1,01,B01
201200048530,0,10,000,00,2,3,01,B01
201200048530,0,30,000,00,2,3,15,A01
201200048531,0,33,000,00,2,1,01,B01
201200048531,0,07,000,00,2,6,15,A01
201200048532,0,07,000,01,0,1,01,A01
201200048533,0,07,000,00,2,2,01,B01
201200048533,0,07,000,00,2,3,01,A01
201200048534,0,07,000,12,0,7,09,A01
201200048535,0,07,000,00,2,2,15,A01
201200048535,0,33,000,00,2,1,01,B01
201200048536,0,07,000,00,2,6,01,B01
201200048536,0,30,000,00,2,1,13,A01
201200048537,0,30,000,00,2,1,09,A01
201200048537,0,10,000,00,2,2,01,B01
201200048538,0,02,000,00,1,1,01,A01
201200048539,0,07,000,13,0,2,01,A01
201200048540,0,07,000,12,0,1,01,A01
201200048541,0,07,000,01,0,1,21,A01
201200048542,0,02,000,00,2,1,17,B01
201200048542,0,07,000,00,2,8,15,A01
201200048543,0,07,000,00,2,7,01,A01
201200048543,0,07,000,00,2,3,01,B01
201200048544,0,33,000,00,2,8,01,B01
201200048544,0,07,000,00,2,1,15,A01
201200048545,0,07,000,08,0,1,01,A01
201200048546,0,33,000,00,1,1,01,A01
201200048547,0,10,000,00,2,1,01,B01
201200048547,0,07,000,00,2,2,05,A01
201200048548,0,07,000,00,2,6,23,A01
201200048548,1,33,000,00,1,1,01,Z01
201200048549,0,33,000,00,6,1,01,A01
201200048550,0,31,000,00,0,0,00,A01
201200048551,0,31,000,00,1,1,01,A01
201200048552,0,15,000,00,1,1,01,A01
201200048553,0,31,000,00,0,1,01,A01
201200048553,0,07,000,00,0,2,23,B01
201200048554,0,02,000,00,1,1,03,A01
201200048555,0,32,000,00,0,0,01,A01
201200048555,0,07,000,00,0,0,09,B01
201200048556,1,32,000,00,1,1,00,Z01
201200048557,0,31,000,09,2,7,01,A01
201200048557,0,07,000,00,2,2,16,B01
201200048558,0,07,000,00,2,1,15,A01
201200048558,0,02,000,00,2,1,01,B01
201200048559,0,31,000,00,1,1,01,A01
201200048560,0,30,000,14,0,1,01,A01
201200048561,0,07,000,00,2,3,15,A01
201200048561,0,31,000,00,2,2,17,B01
201200048562,0,07,000,00,2,1,01,A01
201200048562,0,07,000,00,2,8,09,B01
201200048563,0,10,000,08,0,1,01,A01
201200048564,0,34,000,00,2,1,00,A01
201200048564,0,07,000,00,2,4,00,B01
201200048565,0,07,000,00,2,1,02,A01
201200048565,0,07,000,00,2,4,01,B01
201200048566,0,07,000,00,2,8,15,A01
201200048566,0,33,000,00,2,8,01,B01
201200048567,0,30,000,08,0,1,01,A01
201200048568,0,33,000,00,2,1,01,B01
201200048568,0,31,000,00,2,1,05,A01
201200048569,0,07,000,00,2,5,02,B01
201200048569,0,07,000,00,2,3,02,A01
201200048570,0,07,000,00,2,9,05,A01
201200048570,0,07,000,00,2,8,01,B01
201200048571,0,07,000,00,2,1,01,A01
201200048571,1,07,000,00,2,0,00,Z01
201200048572,0,07,000,00,2,4,23,B01
201200048572,0,07,000,00,2,1,02,A01
201200048573,0,02,000,01,2,1,17,A01
201200048573,0,07,000,00,2,3,15,B01
201200048574,0,07,000,00,2,2,15,A01
201200048574,0,33,000,00,2,1,01,B01
201200048575,1,07,000,00,2,1,02,A01
201200048575,0,07,000,00,2,4,02,B01
201200048575,0,07,000,00,2,4,02,C01
201200048575,0,07,000,00,0,4,02,D01
201200048576,0,07,000,00,1,6,04,A01
201200048577,0,07,000,00,2,2,15,A01
201200048577,0,31,000,00,2,1,01,B01
201200048578,0,07,000,00,1,1,15,A01
201200048579,0,07,000,00,2,0,00,A01
201200048579,0,33,000,00,2,0,00,B01
201200048580,0,07,000,00,2,3,01,A01
201200048580,0,01,000,00,2,0,00,B01
201200048581,0,07,000,00,1,2,01,A01
201200048582,0,07,000,00,2,3,15,A01
201200048582,0,31,000,00,2,1,01,B01
201200048583,0,07,000,00,2,1,02,A01
201200048583,0,07,000,00,2,4,02,B01
201200048583,0,07,000,00,2,4,02,C01
201200048584,0,07,000,00,1,8,23,A01
201200048585,0,01,000,00,2,4,02,A01
201200048585,1,31,000,00,2,1,02,Z01
201200048586,0,07,000,15,0,1,13,A01
201200048587,0,33,000,00,2,8,01,A01
201200048588,0,31,000,00,2,1,01,A01
201200048588,1,07,000,00,2,5,00,Z01
201200048589,0,07,000,00,9,3,01,A01
201200048590,0,07,000,01,0,1,01,A01
201200048591,0,33,000,00,2,5,02,A01
201200048591,1,07,000,00,2,3,11,Z01
201200048592,0,07,000,00,1,8,01,A01
201200048593,0,07,000,00,2,2,10,A01
201200048593,0,33,000,00,2,2,01,B01
201200048594,0,07,000,00,2,1,01,A01
201200048594,0,07,000,00,2,2,01,B01
201200048595,0,30,000,00,2,1,01,A01
201200048595,0,30,000,00,2,1,01,B01
201200048596,0,30,000,00,2,2,17,A01
201200048596,0,07,000,00,2,3,15,B01
201200048597,0,07,000,00,2,3,05,A01
201200048597,0,31,000,00,2,1,01,B01
201200048598,0,31,000,00,2,2,01,A01
201200048598,0,07,000,00,2,2,15,B01
201200048599,0,32,000,00,2,1,01,A01
201200048599,0,07,000,00,2,3,01,B01
201200048600,0,07,000,01,1,3,21,A01
201200048601,0,33,000,00,2,2,01,B01
201200048601,0,07,000,00,2,1,01,C01
201200048601,0,07,000,00,2,6,11,A01
201200048602,0,07,000,04,0,1,01,A01
201200048603,0,07,000,00,0,8,04,A01
201200048603,1,99,000,00,2,2,21,Z01
201200048604,0,07,000,00,2,6,01,A01
201200048604,1,07,000,00,2,2,12,Z01
201200048605,0,07,000,00,2,1,11,A01
201200048605,0,07,000,00,2,4,01,B01
201200048606,0,07,000,04,2,1,21,A01
201200048607,0,07,000,05,2,1,01,A01
201200048608,0,31,000,00,0,7,01,A01
201200048609,0,07,000,00,2,7,12,B01
201200048609,0,33,000,00,2,8,03,A01
201200048610,0,07,000,00,2,1,00,A01
201200048610,0,07,000,00,2,4,00,B01
201200048610,0,10,000,00,2,7,00,C01
201200048611,0,10,000,14,2,1,01,A01
201200048611,0,07,000,00,0,4,23,B01
201200048612,0,10,000,00,2,4,02,A01
201200048612,0,10,000,00,2,1,02,B01
201200048613,0,07,000,00,0,4,01,A01
201200048614,0,10,000,00,0,4,01,A01
201200048614,0,07,000,00,2,1,02,B01
201200048615,0,07,000,00,2,9,00,A01
201200048615,0,13,000,00,2,7,00,B01
201200048616,0,07,000,00,1,1,01,A01
201200048617,0,07,000,00,0,4,01,A01
201200048617,0,07,000,00,2,1,14,B01
201200048618,0,07,000,00,2,4,01,A01
201200048618,0,07,000,00,2,0,12,B01
201200048619,0,07,000,00,2,8,00,A01
201200048619,0,07,000,03,2,2,00,B01
201200048620,0,10,000,00,0,1,00,C01
201200048620,0,07,000,03,0,1,17,A01
201200048620,0,07,000,00,9,1,00,B01
201200048621,0,07,000,06,0,1,01,A01
201200048622,0,10,000,00,2,5,01,C01
201200048622,0,07,000,00,2,1,12,A01
201200048622,0,13,000,00,2,6,01,B01
201200048623,0,33,000,03,0,3,01,A01
201200048624,0,10,000,00,2,7,04,A01
201200048624,0,33,000,00,2,1,02,B01
201200048625,0,10,000,00,2,4,23,B01
201200048625,0,07,000,00,2,1,01,A01
201200048626,0,07,000,04,0,1,00,A01
201200048626,0,10,000,00,2,1,01,B01
201200048627,0,07,000,04,0,1,01,A01
201200048628,0,07,000,00,2,8,11,A01
201200048628,0,07,000,00,2,7,01,B01
201200048629,0,07,000,03,0,1,09,A01
201200048630,0,31,000,00,2,7,03,B01
201200048630,0,07,000,00,2,6,02,C01
201200048630,0,07,000,00,2,2,12,A01
201200048631,0,31,000,12,0,8,00,A01
201200048632,0,33,000,00,2,7,01,B01
201200048632,0,07,000,00,2,8,01,A01
201200048633,0,07,000,00,2,6,11,A01
201200048633,0,32,000,00,2,2,03,B01
201200048634,0,33,000,00,0,7,01,A01
201200048635,0,33,000,00,0,7,01,A01
201200048636,0,07,000,00,2,3,11,A01
201200048636,0,07,000,00,2,7,01,B01
201200048637,0,07,000,00,2,1,01,A01
201200048637,0,07,000,00,0,4,01,B01
201200048637,0,07,000,00,0,4,01,C01
201200048638,0,07,000,00,2,4,01,A01
201200048638,0,07,000,00,2,4,01,B01
201200048638,0,07,000,00,2,1,02,C01
201200048639,0,32,000,00,0,8,20,A01
201200048640,0,07,000,04,0,1,01,A01
201200048641,0,07,000,04,0,1,00,A01
201200048642,0,07,000,04,2,8,11,A01
201200048642,0,07,000,00,2,2,01,B01
201200048643,0,07,000,00,0,0,12,A01
201200048643,0,07,000,00,2,3,02,B01
201200048643,0,10,000,00,2,8,02,C01
201200048644,0,10,000,00,2,4,02,A01
201200048644,0,10,000,00,2,5,01,B01
201200048644,0,07,000,00,2,1,21,C01
201200048645,0,07,000,00,2,4,02,C01
201200048645,0,07,000,00,2,4,02,B01
201200048645,0,10,000,00,2,1,02,A01
201200048646,0,07,000,00,2,7,12,A01
201200048646,0,33,000,00,2,0,01,B01
201200048647,0,15,000,00,2,2,12,A01
201200048647,0,07,000,00,2,6,01,B01
201200048648,0,07,000,00,0,0,02,A01
201200048649,1,07,000,00,2,2,11,Z01
201200048649,0,07,000,00,0,7,01,A01
201200048650,0,10,000,00,2,1,02,C01
201200048650,0,10,000,00,2,4,23,B01
201200048650,0,10,000,00,2,4,23,A01
201200048651,0,07,000,00,0,4,02,A01
201200048651,0,10,000,00,2,1,02,B01
201200048652,0,07,000,00,2,1,02,B01
201200048652,0,07,000,00,2,4,01,A01
201200048653,0,10,000,00,0,4,01,A01
201200048653,0,07,000,00,2,1,02,B01
201200048654,0,32,000,00,0,1,01,B01
201200048654,0,07,000,00,0,5,12,A01
201200048655,0,10,000,00,2,6,02,A01
201200048655,0,33,000,00,2,1,02,B01
201200048656,0,15,000,04,0,7,01,A01
201200048657,0,07,000,00,0,6,01,A01
201200048657,1,07,000,,2,,,B02
201200048658,0,07,000,03,0,3,01,A01
201200048659,0,07,000,00,2,5,14,A01
201200048659,0,14,000,00,0,3,02,B01
201200048660,0,10,000,00,2,5,21,B01
201200048660,0,07,000,04,2,3,01,A01
201200048661,0,31,000,00,2,1,03,C01
201200048661,0,07,000,00,2,7,14,B01
201200048661,0,10,000,00,2,5,01,A01
201200048662,0,32,000,00,2,2,03,A01
201200048662,1,07,000,00,2,6,11,Z01
201200048663,0,07,000,00,2,1,02,A01
201200048663,0,07,000,00,0,4,02,B01
201200048664,0,31,000,00,2,4,01,A01
201200048664,0,07,000,00,2,1,11,B01
201200048665,0,07,000,04,0,2,01,A01
201200048666,0,07,000,00,2,1,01,A01
201200048666,0,07,000,00,2,4,01,B01
201200048667,0,07,000,00,2,7,01,A01
201200048667,0,07,000,00,2,6,11,B01
201200048668,1,07,000,,,,12,B01
201200048668,0,33,000,00,2,8,21,A01
201200048669,0,33,000,00,2,1,03,B01
201200048669,0,07,000,00,2,5,17,C01
201200048669,0,07,000,00,2,8,11,A01
201200048670,0,07,000,00,0,1,11,A01
201200048670,0,07,000,00,0,3,21,B01
201200048670,1,13,000,,,,13,C02
201200048671,0,10,000,00,2,8,21,A01
201200048671,0,33,000,00,2,2,01,B01
201200048671,0,32,000,00,2,2,01,C01
201200048672,0,32,000,00,0,1,03,A01
201200048672,0,07,000,00,0,4,12,B01
201200048673,0,07,000,04,0,9,01,A01
201200048674,0,10,000,04,0,3,01,A01
201200048675,0,07,000,00,2,6,09,A01
201200048675,1,15,000,00,2,2,01,Z01
201200048676,0,10,000,00,2,7,02,C01
201200048676,0,32,000,00,2,7,02,B01
201200048676,0,10,000,00,2,8,02,D01
201200048676,0,31,000,00,2,1,02,A01
201200048677,0,33,000,00,2,1,01,B01
201200048677,0,07,000,00,2,6,01,A01
201200048678,0,17,000,07,0,8,01,A01
201200048678,0,07,000,00,0,7,01,B01
201200048678,0,07,000,00,0,1,00,C01
201200048679,0,07,000,00,2,5,01,C01
201200048679,0,07,000,00,2,6,01,B01
201200048679,0,33,000,00,2,1,01,A01
201200048680,0,07,000,00,2,4,23,B01
201200048680,0,10,000,00,2,1,02,C01
201200048680,0,07,000,00,2,4,23,A01
201200048681,0,07,000,00,2,6,02,A01
201200048681,0,07,000,00,2,1,02,B01
201200048682,0,33,000,00,0,6,01,A01
201200048683,0,07,000,00,2,5,12,A01
201200048683,0,33,000,00,2,1,03,B01
201200048684,0,07,000,04,0,1,01,A01
201200048685,0,33,000,00,2,1,03,A01
201200048685,0,07,000,03,0,6,13,B01
201200048686,0,07,000,00,2,6,11,B01
201200048686,0,15,000,00,2,2,01,A01
201200048687,0,07,000,00,2,4,01,A01
201200048687,0,33,000,00,2,9,01,B01
201200048688,0,07,000,00,0,4,01,A01
201200048688,0,07,000,00,2,1,01,B01
201200048689,0,10,000,00,2,1,03,E01
201200048689,0,07,000,00,2,6,01,F02
201200048689,0,07,000,00,2,3,01,A01
201200048689,0,07,000,00,2,8,01,B01
201200048689,0,07,000,00,2,7,01,D01
201200048689,0,07,000,00,2,7,01,C01
201200048690,0,10,000,00,2,7,14,A01
201200048690,0,07,000,00,2,8,01,B01
201200048690,0,07,000,00,2,5,01,C01
201200048690,0,07,000,00,2,4,01,D01
201200048690,0,10,000,00,2,1,01,E01
201200048691,0,07,000,00,2,6,11,A01
201200048691,0,33,000,00,2,1,01,B01
201200048692,0,07,000,00,2,6,11,A01
201200048692,0,33,000,00,0,2,01,B01
201200048693,0,07,000,00,2,5,01,A01
201200048693,0,15,000,00,2,8,11,B01
201200048694,0,07,000,03,0,1,09,A01
201200048695,0,07,000,00,2,8,11,A01
201200048695,0,34,000,00,2,7,03,B01
201200048696,0,33,000,00,2,1,01,A01
201200048696,0,07,000,00,0,4,01,B01
201200048697,0,07,000,00,0,4,23,A01
201200048697,0,07,000,00,2,1,02,B01
201200048698,0,07,000,04,0,1,13,A01
201200048699,0,33,000,00,2,7,01,A01
201200048699,0,07,000,00,2,8,11,B01
201200048700,0,34,000,00,2,7,03,A01
201200048700,0,07,000,00,2,8,09,B01
201200048701,0,33,000,00,2,1,03,C01
201200048701,0,07,000,00,2,8,01,B01
201200048701,0,07,000,00,2,5,01,A01
201200048701,0,07,000,00,2,5,14,D01
201200048702,0,33,000,00,2,4,02,C01
201200048702,0,07,000,00,2,1,12,A01
201200048702,0,33,000,00,2,4,02,B01
201200048703,0,33,000,00,2,2,03,A01
201200048703,0,07,000,00,2,2,01,B01
201200048704,0,07,000,00,2,5,01,A01
201200048704,0,99,000,00,2,1,03,B01
201200048705,0,07,000,00,2,6,01,A01
201200048705,0,07,000,00,2,7,14,B01
201200048706,0,07,000,00,2,7,12,A01
201200048706,0,34,000,00,2,4,03,C01
201200048706,0,33,000,00,2,8,03,B01
201200048707,0,33,000,04,0,1,14,A01
201200048708,0,10,000,00,2,4,02,A01
201200048708,0,07,000,00,2,1,02,B01
201200048709,0,33,000,00,2,1,01,A01
201200048709,0,07,000,00,2,8,11,B01
201200048710,0,07,000,00,0,4,01,C01
201200048710,0,07,000,00,0,2,12,A01
201200048710,0,34,000,00,2,9,03,B01
201200048711,0,33,000,04,0,7,01,A01
201200048712,0,33,000,03,0,8,00,A01
201200048713,0,14,000,00,2,4,01,A01
201200048713,0,13,000,00,2,4,02,B01
201200048713,0,10,000,00,2,4,02,C01
201200048713,0,10,000,00,2,1,02,D01
201200048714,0,07,000,00,2,4,01,A01
201200048714,0,07,000,00,2,3,11,C01
201200048714,0,33,000,00,2,1,03,B01
201200048715,0,07,000,00,2,4,23,A01
201200048715,0,07,000,00,2,4,02,B01
201200048715,0,10,000,00,2,1,02,C01
201200048716,0,07,000,04,2,4,01,A01
201200048716,0,07,000,00,2,1,02,B01
201200048717,0,33,000,00,0,8,01,A01
201200048718,0,07,000,06,0,2,14,A01
201200048719,0,10,000,00,2,4,01,A01
201200048719,0,07,000,00,2,2,14,B01
201200048720,0,07,000,03,0,1,00,A01
201200048721,0,07,000,03,0,0,02,A01
201200048721,0,07,000,00,2,1,02,B01
201200048722,0,07,000,03,0,0,00,A01
201200048723,0,07,000,15,0,4,01,A01
201200048724,0,10,000,03,2,1,02,A01
201200048724,0,10,000,00,2,4,02,B01
201200048724,0,07,000,00,2,4,02,C01
201200048725,0,32,000,16,0,8,01,A01
201200048726,0,07,000,00,2,3,11,B01
201200048726,0,34,000,00,2,2,03,C01
201200048726,0,07,000,00,2,5,01,A01
201200048727,0,33,000,00,2,1,12,B01
201200048727,0,07,000,00,2,4,01,A01
201200048728,0,10,000,00,2,4,01,A01
201200048728,0,33,000,00,2,1,03,B01
201200048729,0,33,000,00,2,8,23,A01
201200048729,0,07,000,00,2,4,23,B01
201200048729,0,07,000,00,2,1,01,C01
201200048730,0,33,000,04,0,8,13,A01
201200048731,0,07,000,00,2,1,02,A01
201200048731,0,10,000,00,0,4,23,B01
201200048732,0,10,000,00,2,4,12,A01
201200048732,0,33,000,00,2,1,03,B01
201200048733,0,07,000,00,0,4,01,A01
201200048733,0,15,000,00,2,1,02,B01
201200048734,0,07,000,00,0,4,02,B01
201200048734,0,10,000,00,0,4,02,A01
201200048734,0,10,000,00,2,1,02,C01
201200048735,0,17,000,00,2,6,01,C01
201200048735,0,32,000,00,2,7,03,B01
201200048735,0,07,000,00,2,5,01,A01
201200048736,0,07,000,00,2,5,21,A01
201200048736,0,33,000,00,2,3,01,B01
201200048737,0,07,000,03,0,1,21,A01
201200048737,0,17,000,00,0,0,12,B01
201200048738,0,15,000,00,2,2,14,A01
201200048738,0,07,000,00,2,8,13,B01
201200048739,0,34,000,00,0,7,01,A01
201200048740,0,07,000,00,2,1,19,A01
201200048740,0,07,000,00,0,7,02,B01
201200048741,0,31,000,00,0,8,01,A01
201200048742,0,33,000,00,0,8,01,A01
201200048743,0,07,000,00,2,1,02,A01
201200048743,0,07,000,00,2,4,01,B01
201200048744,0,07,000,00,2,5,01,A01
201200048744,0,33,000,00,2,1,02,B01
201200048745,0,07,000,06,0,1,00,A01
201200048746,0,34,000,00,0,8,03,A01
201200048747,0,07,000,04,0,1,01,A01
201200048748,0,07,000,00,2,1,02,B01
201200048748,0,07,000,00,2,4,01,A01
201200048749,0,33,000,04,0,8,00,A01
201200048750,0,07,000,03,0,8,13,A01
201200048751,0,07,000,00,2,4,01,A01
201200048751,0,07,000,00,2,1,02,B01
201200048752,0,07,000,00,2,7,09,A01
201200048752,0,07,000,00,2,1,01,B01
201200048752,0,07,000,00,2,5,01,C01
201200048753,0,34,000,00,0,7,01,A01
201200048753,0,07,000,00,2,8,11,Z01
201200048754,0,07,000,03,0,2,14,A01
201200048755,0,32,000,00,2,8,03,B01
201200048755,0,07,000,00,2,2,12,A01
201200048756,0,07,000,00,2,8,11,A01
201200048756,0,33,000,00,2,1,03,B01
201200048757,0,07,000,00,2,5,12,A01
201200048757,0,33,000,00,2,1,03,B01
201200048758,0,07,000,00,2,7,12,A01
201200048758,0,33,000,00,2,8,03,B01
201200048759,0,07,000,14,0,1,01,A01
201200048759,0,07,000,00,2,6,01,B01
201200048760,0,17,000,00,2,8,11,A01
201200048760,0,07,000,00,2,7,01,B01
201200048761,0,07,000,00,2,1,01,B01
201200048761,0,07,000,06,0,8,01,A01
201200048761,0,07,000,00,2,1,05,C01
201200048762,1,07,000,00,2,6,11,Z02
201200048762,0,31,000,00,2,2,01,A01
201200048763,0,07,000,00,2,6,01,A01
201200048763,1,07,000,00,0,0,00,Z01
201200048764,0,07,000,00,2,5,02,A01
201200048764,0,33,000,00,2,1,21,B01
201200048765,0,10,000,00,2,1,02,B01
201200048765,0,07,000,00,0,4,11,A01
201200048766,0,07,000,00,2,2,01,A01
201200048766,0,15,000,00,2,3,13,B01
201200048767,0,07,000,03,2,4,02,A01
201200048767,0,07,000,00,2,1,02,B01
201200048768,0,07,000,00,0,0,02,A01
201200048768,0,07,000,00,0,0,01,B01
201200048768,0,07,000,00,0,0,01,C01
201200048769,0,07,000,00,2,4,02,A01