Num_Acc,senc,catv,occutc,obs,obsm,choc,manv,num_veh
201200048769,0,10,000,00,2,1,02,B01
201200048770,0,07,000,00,2,4,02,B01
201200048770,0,07,000,00,2,4,01,A01
201200048770,0,07,000,00,2,1,02,C01
201200048771,0,07,000,00,2,7,12,A01
201200048771,0,33,000,00,2,8,01,B01
201200048772,0,10,000,00,2,7,12,A01
201200048772,0,33,000,00,2,8,03,B02
201200048773,0,07,000,00,0,1,01,A01
201200048774,0,34,000,00,2,8,03,A01
201200048774,0,07,000,00,2,7,12,B01
201200048775,0,33,000,00,0,6,01,A01
201200048776,0,07,000,04,0,1,12,A01
201200048777,0,33,000,04,0,7,16,A01
201200048778,0,10,000,00,2,4,02,A01
201200048778,0,10,000,00,2,1,02,B01
201200048779,0,30,000,00,2,1,13,A01
201200048779,0,37,000,00,2,4,01,B01
201200048780,0,17,000,00,2,2,01,A01
201200048780,0,07,000,00,2,8,09,B01
201200048780,0,07,000,00,2,1,01,C01
201200048781,0,07,000,00,2,2,14,B01
201200048781,0,07,000,03,2,8,01,A01
201200048782,0,07,000,05,0,1,21,A01
201200048783,0,07,000,00,2,1,02,A01
201200048783,0,31,000,00,2,4,02,B01
201200048784,1,07,000,00,2,1,02,Z02
201200048784,0,07,000,00,2,4,01,A01
201200048785,0,07,000,00,2,6,01,A01
201200048785,0,07,000,00,2,1,14,B01
201200048786,0,31,000,00,2,7,01,B01
201200048786,0,07,000,00,2,3,11,A01
201200048787,0,07,000,00,2,8,11,A01
201200048787,0,33,000,00,2,7,03,B02
201200048788,0,07,000,00,2,3,11,A01
201200048788,0,33,000,00,2,2,03,B02
201200048789,0,07,000,03,2,7,01,A01
201200048789,0,07,000,00,2,8,01,B01
201200048790,0,07,000,00,2,4,02,A01
201200048790,0,32,000,00,2,1,02,B01
201200048791,0,07,000,00,2,4,01,A01
201200048791,0,07,000,00,2,1,02,C01
201200048791,0,07,000,00,2,4,01,B01
201200048792,0,07,000,00,2,1,01,B01
201200048792,0,07,000,00,2,8,10,A01
201200048793,0,07,000,00,2,5,11,C01
201200048793,0,07,000,00,2,8,01,A01
201200048793,0,33,000,00,2,8,03,B01
201200048794,0,07,000,00,2,5,11,A01
201200048794,0,31,000,00,2,1,03,B01
201200048795,0,07,000,00,2,3,11,A01
201200048795,0,33,000,00,2,1,03,B01
201200048796,0,07,000,04,0,3,21,A01
201200048797,0,07,000,03,2,1,12,A01
201200048797,0,07,000,00,0,4,01,B01
201200048798,0,07,000,00,2,4,01,B01
201200048798,0,15,000,00,2,1,01,A01
201200048799,0,33,000,03,0,8,21,A01
201200048800,0,07,000,04,2,8,01,D01
201200048800,0,10,000,00,2,6,01,E01
201200048800,0,07,000,00,2,2,01,A01
201200048800,0,07,000,00,2,6,01,B01
201200048800,0,07,000,00,2,1,01,C01
201200048801,0,07,000,00,2,1,01,C01
201200048801,0,10,000,00,2,6,01,A01
201200048801,0,07,000,00,2,4,01,B01
201200048802,0,07,000,00,2,7,12,A01
201200048802,0,33,000,00,2,3,03,B01
201200048803,0,07,000,00,2,4,02,A01
201200048803,0,10,000,00,2,1,02,B01
201200048804,0,07,000,00,0,7,01,A01
201200048805,0,07,000,04,0,6,00,A01
201200048806,0,33,000,00,0,7,01,A01
201200048807,0,34,000,00,2,2,21,B01
201200048807,0,31,000,00,2,8,11,A01
201200048808,0,07,000,06,0,1,02,A01
201200048809,0,33,000,03,0,8,01,A01
201200048810,0,33,000,00,2,1,21,A01
201200048810,0,10,000,00,2,6,11,B01
201200048811,0,15,000,00,2,6,13,A01
201200048811,0,07,000,00,2,5,23,C01
201200048811,0,33,000,00,2,7,23,B01
201200048812,0,33,000,00,0,1,01,A01
201200048812,0,07,000,00,0,5,12,B01
201200048813,0,33,000,03,0,1,15,A01
201200048814,0,07,000,14,2,1,01,A01
201200048814,0,07,000,00,2,4,01,B01
201200048815,0,07,000,04,0,1,01,A01
201200048816,0,07,000,04,0,1,01,A01
201200048817,0,07,000,00,0,8,11,A01
201200048817,0,17,000,00,0,2,01,B01
201200048818,0,07,000,00,2,4,00,A01
201200048818,0,07,000,00,0,4,02,B01
201200048818,0,07,000,00,2,1,02,C01
201200048818,0,07,000,00,2,1,02,D01
201200048819,0,07,000,13,0,9,00,A01
201200048820,0,07,000,00,2,4,23,A01
201200048820,0,07,000,00,2,4,23,C01
201200048820,0,07,000,00,2,1,02,D01
201200048820,0,07,000,00,2,4,23,B01
201200048821,0,07,000,00,2,4,01,A01
201200048821,0,07,000,00,2,1,02,B01
201200048821,0,07,000,00,2,1,02,C01
201200048822,0,07,000,00,2,1,02,C01
201200048822,0,07,000,00,2,4,02,B01
201200048822,0,07,000,00,2,4,01,A01
201200048823,0,07,000,00,0,4,02,A01
201200048823,0,07,000,00,2,1,02,B01
201200048824,0,07,000,00,2,5,01,C01
201200048824,0,17,000,00,2,2,12,A01
201200048824,0,07,000,00,2,6,01,B01
201200048825,0,31,000,00,0,7,03,A01
201200048826,0,07,000,00,2,8,11,B01
201200048826,0,07,000,00,2,6,01,C01
201200048826,0,33,000,00,2,7,01,A01
201200048827,0,33,000,00,2,7,01,A01
201200048827,0,10,000,00,2,7,14,Z01
201200048828,0,33,000,00,0,7,15,A01
201200048829,0,07,000,00,2,4,01,A01
201200048829,0,07,000,00,2,1,02,B01
201200048830,0,07,000,00,2,8,01,A01
201200048830,2,07,000,00,2,2,03,Z01
201200048831,0,07,000,00,0,4,11,A01
201200048831,0,33,000,00,2,1,03,B01
201200048832,0,10,000,00,0,4,02,A01
201200048832,0,07,000,00,2,4,02,B01
201200048832,0,07,000,00,2,4,02,C01
201200048832,0,07,000,00,2,1,02,D01
201200048833,0,10,000,00,0,3,13,A01
201200048833,0,07,000,00,0,5,02,B01
201200048833,0,07,000,00,0,2,02,C01
201200048834,0,07,000,00,2,1,02,A01
201200048834,0,32,000,00,0,4,01,B01
201200048835,0,10,000,04,0,1,01,A01
201200048836,0,07,000,04,2,8,13,A01
201200048836,0,07,000,00,2,4,01,B01
201200048837,0,07,000,00,2,4,01,A01
201200048837,0,07,000,00,2,1,01,B01
201200048838,0,33,000,13,0,9,01,A01
201200048839,0,15,000,00,2,7,12,A01
201200048839,0,07,000,00,2,8,01,B01
201200048840,0,15,000,04,2,8,01,A01
201200048840,0,14,000,00,2,1,01,B01
201200048841,0,07,000,00,2,4,23,B01
201200048841,0,31,000,00,2,7,03,A01
201200048841,0,07,000,00,2,4,23,C01
201200048842,0,07,000,00,2,1,21,B01
201200048842,0,07,000,06,2,1,01,A01
201200048843,0,07,000,00,2,1,02,A01
201200048843,0,07,000,00,2,4,01,B01
201200048844,0,07,000,04,0,8,01,A01
201200048845,0,33,000,00,2,1,12,B01
201200048845,0,10,000,00,2,4,09,A01
201200048846,0,07,000,03,0,1,12,A01
201200048847,0,33,000,00,0,8,01,A01
201200048848,0,10,000,04,0,3,01,A01
201200048849,0,07,000,01,0,8,23,A01
201200048849,0,15,000,01,0,2,12,B01
201200048850,0,07,000,13,0,2,00,A01
201200048851,0,07,000,00,2,8,13,A01
201200048851,0,07,000,00,2,7,01,C01
201200048851,0,33,000,00,2,8,03,B01
201200048852,0,07,000,00,2,9,14,A01
201200048852,0,15,000,00,2,3,01,B01
201200048853,0,32,000,00,0,7,00,A01
201200048854,0,15,000,00,2,4,01,A01
201200048854,0,15,000,00,2,4,02,B01
201200048854,0,15,000,00,2,1,02,C01
201200048855,0,07,000,00,2,7,12,A01
201200048855,0,33,000,00,2,1,03,B01
201200048856,0,07,000,13,0,1,00,A01
201200048857,0,17,000,00,1,1,01,A01
201200048858,0,07,000,04,2,8,01,A01
201200048858,0,15,000,00,2,2,12,B01
201200048859,0,07,000,03,0,1,01,A01
201200048860,0,33,000,00,2,2,01,B01
201200048860,0,07,000,00,2,6,11,A01
201200048861,0,33,000,00,2,1,01,B01
201200048861,0,07,000,00,2,6,11,A01
201200048862,0,07,000,00,2,1,02,B01
201200048862,0,07,000,00,2,1,02,C01
201200048862,0,07,000,00,2,4,01,A01
201200048863,0,33,000,00,2,8,01,A01
201200048863,1,07,000,00,0,5,12,Z01
201200048864,0,15,000,00,0,4,02,A01
201200048864,0,07,000,00,2,4,02,B01
201200048864,0,10,000,00,2,4,02,C01
201200048864,0,15,000,00,2,1,02,D01
201200048865,0,07,000,03,2,5,02,A01
201200048865,0,15,000,00,2,3,02,B01
201200048866,0,07,000,13,0,2,00,A01
201200048867,0,07,000,04,2,1,13,A01
201200048867,0,07,000,00,0,8,02,B01
201200048868,0,15,000,00,2,8,01,A01
201200048868,0,07,000,04,2,3,21,B01
201200048869,1,15,000,00,2,2,00,Z01
201200048869,0,07,000,00,2,4,02,C01
201200048869,0,07,000,00,2,6,02,A01
201200048869,0,07,000,00,2,8,02,B01
201200048869,0,07,000,00,2,1,02,D01
201200048870,0,33,000,04,0,3,13,A01
201200048871,0,07,000,00,2,6,02,A01
201200048871,0,07,000,00,2,1,02,B01
201200048872,0,07,000,00,2,6,12,A01
201200048872,0,33,000,00,2,1,01,B01
201200048873,0,07,000,13,0,2,00,A01
201200048874,0,07,000,00,2,4,23,B01
201200048874,0,14,000,00,2,4,23,A01
201200048874,0,10,000,00,2,1,14,C01
201200048875,0,33,000,00,0,8,01,A01
201200048876,0,07,000,03,0,1,01,A01
201200048877,0,07,000,00,0,4,01,A01
201200048877,0,07,000,00,2,4,01,B01
201200048877,0,07,000,00,2,1,02,C01
201200048878,0,33,000,00,0,7,01,A01
201200048879,0,15,000,00,2,2,01,A01
201200048879,0,07,000,00,2,3,09,B01
201200048880,0,07,000,04,2,8,21,A01
201200048881,0,07,000,04,0,1,01,A01
201200048882,0,07,000,06,0,3,19,A01
201200048883,0,15,000,00,2,7,12,A01
201200048883,0,07,000,04,2,8,01,B01
201200048884,0,07,000,01,0,2,01,A01
201200048884,0,14,000,00,0,6,01,B01
201200048885,0,33,000,00,2,8,03,A01
201200048885,0,07,000,00,2,2,12,B01
201200048886,0,33,000,00,2,8,03,B01
201200048886,0,07,000,00,2,8,23,C01
201200048886,0,07,000,00,2,7,12,A01
201200048887,0,15,000,00,2,2,12,A01
201200048887,0,07,000,00,2,8,01,B01
201200048888,0,31,000,00,2,7,03,B01
201200048888,0,07,000,00,2,8,11,A01
201200048889,0,07,000,00,2,4,12,A01
201200048889,0,33,000,00,2,1,01,B01
201200048890,0,07,000,00,2,3,11,A01
201200048890,0,33,000,00,2,7,01,B01
201200048891,0,07,000,00,0,5,01,A01
201200048891,0,32,000,00,2,1,21,C01
201200048891,0,07,000,00,2,1,12,B01
201200048892,0,07,000,00,2,5,01,C01
201200048892,0,10,000,00,2,8,01,D01
201200048892,0,07,000,00,2,8,00,B01
201200048892,0,15,000,00,2,2,00,A01
201200048893,0,33,000,00,2,8,01,A01
201200048893,1,10,000,00,2,7,12,Z01
201200048894,0,07,000,00,2,1,01,A01
201200048894,0,07,000,00,2,1,12,B01
201200048894,0,10,000,00,0,4,01,C01
201200048895,0,07,000,00,2,8,01,B01
201200048895,0,07,000,00,2,7,01,C01
201200048895,0,33,000,00,2,7,12,A01
201200048896,0,07,000,00,2,4,02,C01
201200048896,0,07,000,00,2,4,02,D01
201200048896,0,14,000,00,2,4,02,F02
201200048896,0,14,000,00,2,1,02,G02
201200048896,0,07,000,00,2,4,01,A01
201200048896,0,10,000,00,2,4,02,E01
201200048896,0,07,000,00,2,4,02,B01
201200048897,0,33,000,00,2,8,03,A01
201200048897,0,07,000,00,2,3,12,B01
201200048898,0,33,000,00,0,9,00,A01
201200048899,0,07,000,00,0,4,02,A01
201200048899,0,10,000,00,0,1,02,B01
201200048900,0,07,000,00,2,4,01,A01
201200048900,0,07,000,00,2,1,02,B01
201200048901,0,07,000,04,0,3,01,A01
201200048902,0,07,000,00,2,4,11,A01
201200048902,0,33,000,00,2,1,01,B01
201200048903,0,33,000,00,2,1,03,A01
201200048903,0,07,000,00,2,6,01,B01
201200048904,0,07,000,03,0,1,16,A01
201200048905,0,33,000,00,0,0,02,B01
201200048905,0,07,000,00,0,0,09,A01
201200048906,0,32,000,00,0,8,01,A01
201200048907,0,07,000,00,2,1,12,C01
201200048907,0,07,000,00,2,4,02,B01
201200048907,0,07,000,00,2,4,01,A01
201200048908,0,33,000,00,0,0,00,A01
201200048909,0,07,000,00,2,4,01,A01
201200048909,2,07,000,00,2,1,12,B01
201200048910,0,07,000,04,0,1,17,A01
201200048911,0,07,000,00,0,6,02,A01
201200048911,0,07,000,00,2,2,02,B01
201200048912,0,07,000,04,0,1,21,A01
201200048913,0,34,000,00,2,3,01,A01
201200048913,0,07,000,00,2,2,12,B01
201200048914,0,07,000,00,2,5,12,A01
201200048914,0,31,000,00,2,3,03,B01
201200048915,0,07,000,04,0,1,01,A01
201200048916,0,10,000,00,2,8,11,A01
201200048916,0,33,000,00,2,1,03,B01
201200048917,0,07,000,00,2,7,12,A01
201200048917,0,33,000,00,2,1,03,B01
201200048918,0,07,000,00,2,8,01,A01
201200048918,1,17,000,00,2,7,12,Z02
201200048919,0,07,000,03,0,2,21,A01
201200048919,0,33,000,03,0,1,01,B01
201200048920,0,33,000,00,2,1,03,A01
201200048920,0,14,000,00,2,8,01,B01
201200048921,0,33,000,00,2,1,03,A01
201200048921,0,07,000,00,2,8,01,B01
201200048922,0,07,000,04,0,7,01,A01
201200048923,0,33,000,00,0,4,02,B01
201200048923,0,33,000,00,0,4,02,A01
201200048924,0,07,000,00,2,5,01,A01
201200048924,0,34,000,00,2,1,18,B01
201200048925,0,31,000,00,2,1,03,A01
201200048925,0,07,000,00,2,2,12,B01
201200048925,0,07,000,00,2,4,01,C01
201200048926,0,07,000,04,0,1,02,A01
201200048927,0,33,000,00,2,3,03,A01
201200048927,0,07,000,00,2,7,12,B01
201200048928,0,34,000,00,2,7,01,A01
201200048928,0,07,000,00,2,8,11,B01
201200048929,0,10,000,00,2,4,01,A01
201200048929,0,32,000,00,2,1,02,B01
201200048930,0,07,000,00,2,2,12,A01
201200048930,0,32,000,00,2,1,03,B01
201200048931,0,14,000,00,2,6,23,B01
201200048931,0,07,000,04,2,7,01,A01
201200048931,0,10,000,00,2,4,23,C01
201200048931,0,10,000,00,2,4,23,D01
201200048932,0,07,000,00,0,5,23,A01
201200048932,0,07,000,00,2,3,02,B01
201200048933,0,33,000,00,2,7,01,B01
201200048933,0,07,000,00,2,8,11,A01
201200048934,0,34,000,04,2,7,01,C01
201200048934,0,07,000,00,0,4,01,A01
201200048934,0,07,000,00,2,6,11,B01
201200048935,0,07,000,00,0,9,01,A01
201200048936,0,07,000,00,0,2,12,A01
201200048936,0,33,000,00,2,8,03,B01
201200048937,0,15,000,04,0,2,01,A01
201200048938,0,07,000,00,2,6,12,B01
201200048938,0,07,000,00,2,4,01,C01
201200048938,0,34,000,00,2,2,03,A01
201200048939,0,33,000,00,2,7,01,B01
201200048939,0,07,000,00,2,8,11,A01
201200048940,0,32,000,00,2,7,01,A01
201200048940,0,07,000,00,2,8,11,B01
201200048941,0,33,000,04,0,1,01,A01
201200048942,0,17,000,00,2,8,09,A01
201200048942,0,33,000,00,2,7,02,B01
201200048943,0,07,000,03,0,1,02,A01
201200048943,0,07,000,00,2,4,23,B01
201200048943,0,07,000,03,2,3,21,C01
201200048944,0,33,000,00,0,3,03,A01
201200048945,0,33,000,14,0,7,01,A01
201200048946,0,10,000,00,2,3,01,A01
201200048946,0,10,000,00,2,2,14,B01
201200048947,0,07,000,00,0,4,01,A01
201200048947,0,07,000,00,2,1,02,B01
201200048947,0,07,000,00,2,1,02,C01
201200048948,0,07,000,00,0,1,02,A01
201200048948,1,15,000,00,0,4,02,B01
201200048949,0,07,000,00,2,8,11,A01
201200048949,0,17,000,00,2,1,01,B01
201200048950,0,33,000,00,2,8,01,B01
201200048950,0,07,000,00,2,7,12,A01
201200048951,0,07,000,00,0,4,02,A01
201200048951,0,33,000,00,2,1,02,B01
201200048952,0,33,000,00,2,4,01,A01
201200048952,0,07,000,00,2,8,03,B01
201200048953,0,07,000,00,2,4,23,B01
201200048953,0,33,000,00,2,1,02,A01
201200048954,0,07,000,00,2,2,11,A01
201200048954,0,07,000,00,2,6,01,B01
201200048955,0,07,000,04,0,1,01,A01
201200048956,0,07,000,00,0,0,01,A01
201200048956,0,07,000,00,2,0,01,B01
201200048956,0,07,000,06,0,1,01,C01
201200048957,0,07,000,04,0,1,01,A01
201200048958,0,07,000,00,2,1,02,A01
201200048958,0,07,000,00,2,4,02,B01
201200048958,0,07,000,00,0,7,02,C01
201200048959,0,07,000,14,2,1,01,A01
201200048959,0,07,000,14,2,6,01,C01
201200048959,0,07,000,14,2,9,01,B01
201200048960,0,07,000,00,2,3,01,A01
201200048960,1,07,000,00,2,2,12,Z02
201200048961,0,07,000,04,0,2,01,A01
201200048962,0,07,000,00,2,3,01,A01
201200048962,0,15,000,00,2,2,12,B01
201200048963,0,07,000,00,0,0,00,A01
201200048963,0,15,000,00,2,1,02,B01
201200048963,0,07,000,00,2,1,00,C01
201200048964,0,07,000,00,2,4,01,A01
201200048964,0,07,000,00,2,1,02,B01
201200048965,0,32,000,00,2,7,11,A01
201200048965,1,15,000,00,0,0,01,B01
201200048966,0,07,000,00,0,7,12,A01
201200048966,0,33,000,00,0,3,03,B01
201200048967,0,07,000,00,2,7,12,A01
201200048967,0,33,000,00,2,8,03,B01
201200048968,0,32,000,00,2,8,18,A01
201200048968,0,07,000,00,2,7,01,B01
201200048969,0,15,000,00,2,8,01,C01
201200048969,0,33,000,00,2,9,03,A01
201200048969,0,07,000,00,2,7,01,B01
201200048970,0,15,000,00,2,2,12,A01
201200048970,0,07,000,00,2,3,01,B02
201200048971,0,33,000,00,2,2,01,C01
201200048971,0,07,000,00,2,6,13,B01
201200048971,0,07,000,00,0,0,11,A01
201200048971,0,33,000,14,0,9,21,D01
201200048972,0,07,000,00,2,5,01,B01
201200048972,0,33,000,00,2,3,01,A01
201200048973,0,07,000,00,2,4,02,A01
201200048973,0,07,000,00,2,4,02,B01
201200048973,0,07,000,00,0,4,02,C01
201200048973,0,13,000,00,2,1,02,D01
201200048973,0,07,000,00,2,1,02,E01
201200048974,0,07,000,00,2,4,02,A01
201200048974,0,07,000,00,2,4,01,B01
201200048974,0,07,000,00,2,1,02,C01
201200048975,0,07,000,00,0,5,23,A01
201200048975,0,07,000,01,0,3,01,B01
201200048976,0,07,000,00,2,8,01,C01
201200048976,0,07,000,00,2,2,12,B01
201200048976,0,33,000,00,2,8,03,A01
201200048977,0,33,000,00,0,0,03,A01
201200048978,0,17,000,00,0,1,14,A01
201200048978,0,14,000,00,9,4,00,B01
201200048979,0,07,000,00,2,5,11,A01
201200048979,0,33,000,00,2,8,01,B01
201200048980,0,07,000,00,2,1,02,B01
201200048980,0,07,000,00,2,1,02,A01
201200048981,0,07,000,15,2,6,01,A01
201200048981,0,07,000,00,2,2,14,B01
201200048982,0,07,000,00,2,8,01,B01
201200048982,0,07,000,04,2,1,19,A01
201200048983,0,31,000,00,0,1,23,A01
201200048983,0,07,000,00,2,1,11,B01
201200048984,0,07,000,06,0,4,01,A01
201200048985,0,10,000,00,2,4,23,C01
201200048985,0,10,000,00,2,1,02,D01
201200048985,0,07,000,00,2,4,23,A01
201200048985,0,07,000,00,2,4,23,B01
201200048986,0,07,000,00,2,8,01,A01
201200048986,0,07,000,00,2,7,01,C01
201200048986,0,07,000,00,2,1,01,D01
201200048986,0,14,000,00,2,2,12,B01
201200048987,0,07,000,00,2,1,02,C01
201200048987,0,07,000,00,2,9,02,B01
201200048987,0,07,000,00,2,4,01,A01
201200048988,0,07,000,00,2,7,01,A01
201200048988,0,33,000,00,2,7,03,B01
201200048989,0,33,000,00,2,2,01,A01
201200048989,0,07,000,00,2,3,13,B01
201200048990,0,33,000,00,0,8,02,A01
201200048991,0,07,000,00,0,4,23,A01
201200048991,0,07,000,00,2,4,01,B01
201200048991,0,07,000,00,2,1,01,C01
201200048992,0,15,000,00,2,1,01,A01
201200048992,0,07,000,00,2,4,01,B01
201200048993,0,07,000,00,2,5,01,B01
201200048993,0,33,000,00,2,1,01,A01
201200048994,0,07,000,00,0,9,02,A01
201200048995,0,33,000,00,0,8,01,A01
201200048996,0,14,000,00,2,7,12,A01
201200048996,0,07,000,00,2,8,01,B01
201200048997,0,07,000,00,2,1,02,A01
201200048997,0,07,000,00,2,4,02,B01
201200048997,0,07,000,00,0,5,02,C01
201200048998,0,07,000,04,0,6,01,A01
201200048999,0,07,000,00,2,4,23,A01
201200048999,0,07,000,00,2,1,02,C01
201200048999,0,07,000,00,2,4,23,B01
201200049000,0,07,000,00,2,4,23,A01
201200049000,0,33,000,00,2,8,02,B01
201200049001,0,10,000,00,2,4,23,A01
201200049001,0,07,000,00,2,4,23,B01
201200049001,0,07,000,00,2,1,02,C01
201200049002,0,33,000,00,2,8,18,A01
201200049002,0,33,000,00,2,2,14,B01
201200049003,0,33,000,00,2,3,03,B01
201200049003,0,07,000,00,2,3,21,C01
201200049003,0,07,000,00,2,7,01,A01
201200049004,0,07,000,00,2,4,02,A01
201200049004,0,33,000,00,2,1,02,B01
201200049005,0,07,000,00,2,1,02,A01
201200049005,0,07,000,03,2,4,02,B01
201200049006,0,10,000,00,2,6,11,A01
201200049006,0,32,000,00,2,1,03,B01
201200049007,0,07,000,00,0,4,01,A01
201200049007,0,10,000,00,2,1,02,C01
201200049007,0,10,000,00,2,1,02,B01
201200049008,0,33,000,00,2,7,01,A01
201200049009,0,07,000,00,0,6,02,A01
201200049009,0,33,000,00,0,1,03,B01
201200049010,0,07,000,00,2,4,01,A01
201200049010,0,31,000,00,2,1,02,B01
201200049011,0,07,000,00,2,8,01,B01
201200049011,1,07,000,00,2,7,12,Z01
201200049012,0,07,000,00,2,3,11,B01
201200049012,0,07,000,00,2,3,01,D01
201200049012,0,07,000,00,2,5,01,C01
201200049012,0,33,000,00,2,7,03,A01
201200049013,0,07,000,04,2,3,01,A01
201200049013,0,07,000,04,2,2,14,B01
201200049014,0,07,000,01,0,1,00,A01
201200049014,0,07,000,00,0,4,23,B01
201200049015,0,07,000,00,2,6,09,A01
201200049015,0,15,000,00,2,2,01,B01
201200049015,0,07,000,00,2,3,21,C01
201200049016,0,10,000,00,2,6,13,A01
201200049016,0,07,000,00,2,2,01,B01
201200049017,0,10,000,00,0,4,02,A01
201200049017,0,07,000,00,2,4,02,B01
201200049017,0,07,000,00,2,1,02,C01
201200049018,1,14,000,00,2,3,13,Z01
201200049018,0,07,000,04,0,9,20,A01
201200049019,0,07,000,04,0,1,21,A01
201200049020,0,07,000,04,0,1,01,A01
201200049021,0,02,000,03,0,1,14,A01
201200049022,0,07,000,00,2,7,12,A01
201200049022,0,34,000,00,2,3,03,B01
201200049023,0,07,000,04,0,9,14,A01
201200049024,0,07,000,00,2,4,01,A01
201200049024,0,33,000,00,2,1,02,B01
201200049025,0,34,000,00,2,7,03,A01
201200049025,0,10,000,00,2,8,01,B01
201200049026,0,31,000,00,0,0,03,A01
201200049027,0,07,000,00,2,4,12,A01
201200049027,0,33,000,00,2,1,01,B01
201200049028,0,33,000,00,0,2,03,A01
201200049029,0,10,000,00,0,8,11,A01
201200049029,0,33,000,00,0,2,03,B01
201200049030,0,07,000,00,2,6,01,A01
201200049030,0,07,000,00,2,6,23,B01
201200049031,0,30,000,00,0,7,01,A01
201200049032,0,07,000,04,2,8,13,A01
201200049032,0,14,000,00,2,8,14,B01
201200049033,0,15,000,00,2,9,02,B01
201200049033,0,10,000,00,2,4,01,A01
201200049033,0,15,000,00,2,1,02,C01
201200049034,0,07,000,03,0,1,00,A01
201200049034,0,07,000,00,0,4,00,B01
201200049035,0,07,000,00,2,7,14,A01
201200049035,0,31,000,00,2,8,01,B01
201200049036,0,07,000,03,0,1,14,A01
201200049037,0,14,000,00,2,4,02,A01
201200049037,0,10,000,00,2,4,02,B01
201200049037,0,07,000,00,0,0,02,C01
201200049037,0,14,000,00,2,1,02,D01
201200049037,0,07,000,00,0,1,02,E01
201200049038,0,07,000,03,0,9,01,A01
201200049039,0,13,000,00,2,7,12,B01
201200049039,0,33,000,00,2,8,01,A01
201200049040,0,07,000,00,0,1,02,A01
201200049040,0,07,000,00,0,6,21,B01
201200049040,0,07,000,00,0,4,23,C01
201200049040,0,07,000,00,0,4,23,D01
201200049040,0,07,000,00,0,4,23,E01
201200049041,0,15,000,00,2,1,02,A01
201200049041,0,10,000,00,2,9,02,B01
201200049041,0,07,000,00,2,9,02,C01
201200049041,0,10,000,00,2,4,01,D01
201200049042,0,32,000,00,2,7,01,A01
201200049042,0,07,000,00,2,3,11,B01
201200049043,0,10,000,00,2,4,01,A01
201200049043,0,10,000,00,2,9,02,B01
201200049043,0,10,000,00,2,1,02,C01
201200049044,0,07,000,00,2,5,12,A01
201200049044,0,31,000,00,2,1,03,B01
201200049045,0,07,000,04,0,1,01,A01
201200049046,0,07,000,04,0,9,01,A01
201200049047,0,07,000,00,2,1,03,A01
201200049047,0,07,000,00,0,4,01,B01
201200049047,0,07,000,00,0,4,01,C01
201200049047,0,17,000,00,0,8,01,D01
201200049048,0,10,000,00,0,4,02,A01
201200049048,0,07,000,00,2,4,02,B01
201200049048,0,07,000,00,2,1,02,C01
201200049049,0,34,000,00,2,2,01,A01
201200049049,0,07,000,00,2,8,11,B01
201200049050,0,07,000,00,0,0,01,A01
201200049051,0,07,000,00,0,6,01,A01
201200049051,0,07,000,01,0,8,01,B01
201200049051,1,07,000,,,,,A02
201200049052,0,07,000,04,0,5,01,A01
201200049053,0,07,000,04,0,3,01,A01
201200049054,0,33,000,04,0,8,13,A01
201200049055,0,07,000,03,0,1,01,A01
201200049056,0,07,000,00,0,9,01,A01
201200049057,0,15,000,00,2,6,01,A01
201200049057,0,07,000,00,2,2,14,B01
201200049058,0,07,000,00,2,4,01,A01
201200049058,0,07,000,00,2,1,02,B01
201200049059,0,07,000,04,0,6,01,A01
201200049060,0,07,000,16,0,1,01,A01
201200049061,0,07,000,04,0,1,01,A01
201200049062,0,07,000,04,0,1,01,A01
201200049063,0,07,000,04,0,1,01,A01
201200049064,0,07,000,00,2,8,01,C01
201200049064,0,07,000,00,2,8,01,A01
201200049064,0,07,000,00,2,2,01,B01
201200049065,0,17,000,00,2,8,01,A01
201200049065,0,07,000,00,2,1,01,B01
201200049066,0,07,000,00,2,6,01,A01
201200049066,0,07,000,00,2,2,12,B01
201200049067,0,07,000,03,0,5,01,A01
201200049068,0,07,000,03,0,1,01,A01
201200049069,0,07,000,04,0,1,01,A01
201200049069,0,33,000,00,0,0,01,B01
201200049070,0,07,000,16,0,9,01,A01
201200049071,0,07,000,00,2,1,01,A01
201200049071,0,07,000,04,2,4,02,B01
201200049072,0,32,000,00,2,1,02,A01
201200049072,1,07,000,00,2,4,01,Z01
201200049073,0,07,000,04,0,3,12,A01
201200049074,0,07,000,04,0,6,01,A01
201200049075,0,10,000,00,2,4,02,A01
201200049075,0,10,000,00,2,4,02,B01
201200049075,0,15,000,00,2,2,02,C01
201200049076,0,07,000,04,0,3,01,A01
201200049077,0,07,000,04,0,2,02,A01
201200049078,0,07,000,03,0,1,01,A01
201200049079,0,07,000,04,0,9,01,A01
201200049080,0,07,000,16,0,2,01,A01
201200049081,0,07,000,04,0,1,01,A01
201200049082,0,07,000,00,2,4,01,A01
201200049082,0,07,000,00,2,1,12,B01
201200049083,0,15,000,00,2,1,01,A01
201200049083,0,07,000,00,2,3,01,B01
201200049083,0,07,000,00,2,2,12,C01
201200049084,0,07,000,00,2,3,05,A01
201200049084,0,07,000,00,2,4,01,B01
201200049084,0,07,000,00,2,3,21,C01
201200049085,0,07,000,00,2,6,01,A01
201200049085,0,15,000,00,2,3,01,B01
201200049085,0,07,000,00,2,3,01,C01
201200049086,0,07,000,00,2,7,01,A01