Num_Acc,senc,catv,occutc,obs,obsm,choc,manv,num_veh
201200049086,0,07,000,00,2,8,11,B01
201200049087,0,07,000,00,2,5,02,B01
201200049087,0,33,000,00,2,1,02,A01
201200049088,0,34,000,14,0,8,01,A01
201200049089,0,33,000,00,0,7,03,A01
201200049090,0,07,000,00,2,4,02,B01
201200049090,0,07,000,00,2,1,01,A01
201200049091,0,07,000,09,0,1,01,A01
201200049092,0,07,000,00,0,1,01,A01
201200049093,0,07,000,00,0,9,14,A01
201200049094,0,07,000,00,0,1,01,A01
201200049095,0,07,000,00,2,1,02,A01
201200049095,0,10,000,00,2,4,02,B01
201200049095,0,07,000,00,2,4,01,C01
201200049096,0,07,000,00,2,8,11,A01
201200049096,0,33,000,00,2,7,03,B01
201200049096,0,07,000,00,2,8,01,C01
201200049097,0,07,000,16,0,9,00,A01
201200049098,0,33,000,04,0,1,21,A01
201200049099,0,07,000,00,2,4,02,A01
201200049099,0,07,000,00,2,1,01,B01
201200049100,0,07,000,04,0,1,21,A01
201200049101,0,34,000,00,0,0,00,A01
201200049102,0,07,000,04,0,3,02,A01
201200049103,0,31,000,00,2,8,03,A01
201200049103,0,07,000,00,2,4,01,B01
201200049104,0,07,000,00,2,8,11,A01
201200049104,0,33,000,00,2,1,17,B01
201200049105,0,33,000,00,2,5,01,A01
201200049105,0,33,000,00,2,1,02,B01
201200049106,0,07,000,03,0,1,01,A01
201200049107,0,07,000,00,2,8,01,A01
201200049107,0,15,000,00,2,2,01,B01
201200049108,0,07,000,00,0,9,01,A01
201200049109,0,07,000,00,2,4,23,D01
201200049109,0,07,000,00,2,1,01,A01
201200049109,0,07,000,00,2,4,23,C01
201200049109,0,07,000,00,2,4,23,B01
201200049110,0,07,000,04,0,1,01,A01
201200049111,0,07,000,04,0,1,13,A01
201200049111,0,07,000,03,0,3,17,B01
201200049112,0,07,000,00,2,8,01,A01
201200049112,1,07,000,00,2,2,12,Z01
201200049113,0,17,000,03,0,2,21,A01
201200049113,0,33,000,03,0,7,12,B01
201200049114,0,07,000,03,2,2,14,A01
201200049114,0,07,000,03,2,8,01,B01
201200049115,0,07,000,04,0,1,01,A01
201200049116,0,07,000,00,2,7,14,A01
201200049116,0,07,000,00,2,8,01,B01
201200049117,0,07,000,00,2,1,02,A01
201200049117,0,07,000,00,2,4,02,B01
201200049117,0,07,000,00,2,4,01,C01
201200049118,0,07,000,04,0,1,01,A01
201200049119,0,10,000,03,0,1,18,A01
201200049120,0,07,000,03,0,9,01,A01
201200049121,0,31,000,00,2,1,02,A01
201200049121,0,07,000,00,2,4,01,B01
201200049122,0,07,000,00,2,1,01,A01
201200049122,0,33,000,00,2,7,02,B01
201200049123,0,15,000,00,2,4,01,C01
201200049123,0,14,000,00,2,2,01,B01
201200049123,0,07,000,00,2,8,00,A01
201200049124,0,07,000,04,0,1,01,A01
201200049125,0,07,000,00,2,8,11,A01
201200049125,0,32,000,00,2,1,03,B01
201200049126,0,07,000,00,2,3,00,A01
201200049126,0,07,000,04,2,2,00,B01
201200049126,0,07,000,04,2,1,00,C01
201200049127,0,31,000,00,0,2,01,A01
201200049128,0,33,000,16,0,9,01,A01
201200049129,0,10,000,00,0,7,01,A01
201200049129,0,14,000,00,2,3,01,B01
201200049129,0,15,000,00,2,3,01,C01
201200049130,0,10,000,04,0,1,01,A01
201200049131,0,33,000,16,0,9,01,A01
201200049132,1,99,000,00,2,2,00,Z01
201200049132,0,07,000,00,2,4,01,A01
201200049133,0,10,000,16,0,2,01,A01
201200049134,0,07,000,00,2,6,11,A01
201200049134,0,33,000,00,2,1,01,B01
201200049135,0,07,000,,2,4,01,C01
201200049135,0,07,000,00,2,4,01,A01
201200049135,0,14,000,,2,3,12,B01
201200049136,0,32,000,00,0,0,01,A01
201200049137,0,07,000,,2,1,02,D01
201200049137,0,07,000,00,2,4,01,A01
201200049137,0,07,000,,2,4,02,B01
201200049137,0,10,000,,2,4,02,C01
201200049138,0,33,000,04,0,2,01,A01
201200049139,0,07,000,03,0,3,01,A01
201200049140,0,07,000,16,0,9,01,A01
201200049141,0,33,000,00,2,7,03,A01
201200049141,0,13,000,00,2,8,01,B01
201200049142,0,32,000,00,2,7,03,A01
201200049142,0,14,000,00,2,6,23,B01
201200049143,0,15,000,00,2,6,01,A01
201200049143,0,07,000,00,2,1,21,B01
201200049144,0,07,000,00,2,4,02,B01
201200049144,0,07,000,00,2,1,01,A01
201200049145,0,07,000,03,0,1,00,A01
201200049146,0,07,000,00,2,1,02,B01
201200049146,0,07,000,00,2,1,02,C01
201200049146,0,14,000,00,2,4,02,A01
201200049147,0,07,000,00,2,3,02,A01
201200049147,1,99,000,00,2,2,00,Z01
201200049147,0,07,000,00,0,7,02,B01
201200049148,0,07,000,00,2,4,02,B01
201200049148,0,07,000,00,2,4,02,C01
201200049148,0,07,000,00,2,1,01,A01
201200049149,0,33,000,00,0,0,02,A01
201200049150,0,07,000,04,0,1,01,A01
201200049151,0,33,000,00,2,3,11,A01
201200049151,0,07,000,00,2,7,01,B01
201200049151,0,33,000,00,2,7,03,C01
201200049152,0,07,000,00,2,7,12,A01
201200049152,0,33,000,00,2,3,03,B01
201200049153,0,15,000,00,2,8,02,C01
201200049153,0,07,000,00,2,7,12,A01
201200049153,0,15,000,00,2,3,00,B01
201200049154,0,07,000,00,2,9,01,B01
201200049154,0,07,000,00,2,8,01,A01
201200049155,0,07,000,00,2,4,02,B01
201200049155,0,07,000,00,2,1,01,A01
201200049156,0,07,000,00,2,4,00,B01
201200049156,1,07,000,00,2,1,21,Z01
201200049157,0,07,000,03,0,1,00,A01
201200049158,0,07,000,04,,4,01,A01
201200049159,0,33,000,00,2,8,03,B01
201200049159,0,07,000,00,2,7,01,A01
201200049160,0,07,000,00,2,4,02,B01
201200049160,0,07,000,00,2,1,02,A01
201200049161,0,14,000,00,2,1,01,B01
201200049161,0,07,000,04,0,8,01,A01
201200049161,0,07,000,03,2,3,21,C01
201200049162,0,07,000,04,0,3,13,A01
201200049163,0,07,000,00,0,4,23,B01
201200049163,0,10,000,01,,1,01,A01
201200049164,0,15,000,00,2,2,00,B01
201200049164,0,07,000,00,2,3,00,A01
201200049165,0,07,000,00,2,5,01,B01
201200049165,0,13,000,00,2,7,01,A01
201200049166,0,07,000,04,2,8,09,A01
201200049166,0,10,000,00,2,7,01,B01
201200049167,0,07,000,00,2,4,01,B01
201200049167,0,07,000,00,2,1,01,A01
201200049168,0,07,000,00,2,1,01,B01
201200049168,0,07,000,00,2,1,01,C01
201200049168,0,07,000,00,0,4,00,A01
201200049169,1,07,000,00,2,2,00,Z01
201200049169,0,10,000,00,9,5,00,B01
201200049169,0,07,000,00,2,1,11,A01
201200049170,0,07,000,00,2,1,21,B01
201200049170,0,07,000,04,0,3,00,A01
201200049170,0,07,000,00,2,1,21,C01
201200049170,0,07,000,00,2,1,01,D01
201200049171,0,07,000,00,2,8,01,A01
201200049171,0,15,000,00,2,7,12,B01
201200049172,0,07,000,13,0,2,01,A01
201200049173,0,13,000,16,0,8,01,A01
201200049174,0,07,000,04,0,1,01,A01
201200049175,0,07,000,00,2,2,12,A01
201200049175,0,33,000,00,2,8,01,B01
201200049176,0,07,000,00,2,1,01,B01
201200049176,0,10,000,04,0,4,02,A01
201200049177,0,07,000,04,0,2,01,A01
201200049178,0,07,000,00,2,1,02,C01
201200049178,0,07,000,00,2,5,02,D01
201200049178,0,07,000,00,2,4,02,B01
201200049178,0,07,000,00,2,1,02,E01
201200049178,0,15,000,03,2,3,21,A01
201200049179,0,07,000,03,0,1,00,A01
201200049180,0,07,000,00,2,6,12,B01
201200049180,0,10,000,00,2,2,12,A01
201200049181,0,07,000,16,0,9,01,A01
201200049182,0,07,000,14,0,3,02,B01
201200049182,0,07,000,00,2,1,01,A01
201200049183,0,07,000,00,2,4,12,B01
201200049183,0,33,000,00,2,1,01,A01
201200049184,0,10,000,00,2,5,01,A01
201200049184,0,07,000,00,2,3,02,B01
201200049185,0,07,000,04,0,9,01,A01
201200049186,0,07,000,00,2,1,02,B01
201200049186,0,07,000,04,2,1,01,A01
201200049187,0,07,000,00,2,8,11,A01
201200049187,0,33,000,00,0,1,01,B01
201200049188,0,07,000,00,2,1,02,B01
201200049188,0,07,000,04,0,1,01,A01
201200049188,0,07,000,00,2,9,02,C01
201200049189,0,07,000,00,9,8,11,B01
201200049189,0,33,000,04,2,7,01,A01
201200049190,0,07,000,03,0,1,02,B01
201200049190,0,07,000,00,2,3,12,A01
201200049191,0,07,000,00,2,3,11,A01
201200049191,0,34,000,00,2,2,00,B01
201200049192,0,07,000,00,9,2,02,A01
201200049192,0,33,000,00,0,4,00,B01
201200049193,0,07,000,04,0,3,01,A01
201200049194,0,07,000,00,0,0,01,A01
201200049195,0,07,000,04,0,3,01,A01
201200049196,0,07,000,13,0,2,01,A01
201200049197,0,07,000,04,0,3,06,A01
201200049198,0,07,000,00,2,4,00,B01
201200049198,2,07,000,00,2,1,00,Z01
201200049199,0,07,000,00,2,7,12,A01
201200049199,0,33,000,00,2,8,03,B01
201200049200,0,07,000,00,2,4,01,B01
201200049200,0,10,000,00,2,1,02,A01
201200049201,0,07,000,06,0,8,00,A01
201200049202,0,07,000,04,0,1,00,A01
201200049203,0,15,000,00,2,2,00,B01
201200049203,0,07,000,00,2,8,00,A01
201200049204,0,07,000,00,2,6,00,A01
201200049204,0,07,000,00,2,1,00,B01
201200049205,0,34,000,04,0,0,02,A01
201200049205,0,07,000,00,0,0,02,B01
201200049206,0,07,000,00,0,4,11,A01
201200049206,0,33,000,00,2,1,01,B01
201200049207,0,07,000,04,0,1,14,A01
201200049208,0,07,000,00,2,6,13,A01
201200049208,0,07,000,00,2,2,01,B01
201200049208,0,07,000,00,2,5,01,C01
201200049209,0,33,000,00,0,8,01,A01
201200049210,1,07,000,00,2,2,00,Z01
201200049210,0,07,000,00,2,0,00,A01
201200049210,0,07,000,00,2,0,00,B01
201200049211,0,07,000,04,0,2,00,A01
201200049212,0,07,000,04,0,2,14,A01
201200049213,0,07,000,00,2,5,02,D01
201200049213,0,07,000,00,2,6,02,E01
201200049213,0,07,000,00,2,5,02,F01
201200049213,0,07,000,00,2,5,02,B01
201200049213,0,07,000,00,2,1,01,A01
201200049213,0,07,000,00,2,8,02,C01
201200049214,0,07,000,00,2,1,02,C01
201200049214,0,07,000,00,2,1,01,A01
201200049214,0,07,000,00,2,4,02,B01
201200049215,0,07,000,00,2,1,01,C01
201200049215,0,07,000,00,2,4,02,A01
201200049215,0,07,000,00,2,9,02,B01
201200049216,0,07,000,00,2,4,02,B01
201200049216,0,07,000,00,2,1,01,A01
201200049217,0,07,000,00,2,1,01,B01
201200049217,0,07,000,00,2,4,02,A01
201200049218,0,07,000,04,0,0,00,A01
201200049219,0,15,000,00,2,2,02,B01
201200049219,0,07,000,00,2,3,02,A01
201200049220,0,07,000,04,0,3,02,A01
201200049221,0,07,000,00,0,3,01,A01
201200049221,0,33,000,00,2,3,03,B01
201200049222,1,07,000,00,2,1,01,Z01
201200049222,0,07,000,00,2,4,01,A01
201200049223,0,07,000,04,0,3,00,A01
201200049224,0,10,000,16,0,6,01,A01
201200049225,0,07,000,00,0,5,01,B01
201200049225,0,15,000,00,2,3,00,A01
201200049226,0,07,000,00,2,1,01,A01
201200049226,0,07,000,00,2,4,01,B01
201200049227,0,07,000,00,2,4,02,C01
201200049227,0,07,000,00,2,4,02,B01
201200049227,0,07,000,00,2,1,01,A01
201200049228,0,33,000,00,0,0,02,A01
201200049229,0,07,000,00,2,5,00,C01
201200049229,0,34,000,00,2,5,00,B01
201200049229,0,33,000,00,2,1,00,A01
201200049230,0,31,000,04,0,2,01,A01
201200049231,0,07,000,00,2,4,02,E01
201200049231,0,07,000,00,2,8,01,B01
201200049231,0,07,000,00,2,9,02,D01
201200049231,0,33,000,00,2,1,17,A01
201200049231,0,07,000,00,2,4,02,C01
201200049232,0,07,000,00,2,1,02,A01
201200049232,0,07,000,00,2,4,02,B01
201200049233,0,07,000,16,0,1,01,A01
201200049234,0,33,000,00,2,1,01,A01
201200049234,0,07,000,00,0,4,01,B01
201200049235,0,13,000,00,2,1,01,A01
201200049235,0,13,000,00,2,4,02,B01
201200049236,0,33,000,16,0,9,01,A01
201200049237,0,15,000,00,2,3,00,A01
201200049237,0,07,000,00,0,4,02,B01
201200049238,0,33,000,00,0,8,02,B01
201200049238,0,07,000,00,2,2,12,A01
201200049239,0,07,000,00,2,1,01,A01
201200049239,0,07,000,00,2,4,02,B01
201200049239,0,07,000,00,2,3,02,C01
201200049240,0,10,000,00,0,4,02,B01
201200049240,0,14,000,00,2,1,02,A01
201200049241,0,31,000,00,2,0,00,B01
201200049241,0,10,000,00,2,0,11,A01
201200049242,0,33,000,16,0,9,09,A01
201200049243,0,07,000,00,2,1,01,B01
201200049243,0,07,000,00,2,7,14,A01
201200049244,0,07,000,03,0,2,14,A01
201200049245,0,07,000,00,2,4,00,A01
201200049245,0,07,000,00,2,1,00,B01
201200049246,0,07,000,00,2,4,02,A01
201200049246,0,33,000,00,2,1,01,B01
201200049247,0,33,000,00,2,6,03,A01
201200049247,0,07,000,00,2,4,01,B01
201200049248,0,31,000,00,2,1,02,A01
201200049248,0,07,000,00,2,5,02,B01
201200049249,0,07,000,04,1,1,21,A01
201200049250,0,07,000,00,0,2,02,B01
201200049250,0,33,000,00,2,2,03,A01
201200049251,0,07,000,00,2,1,01,B01
201200049251,0,33,000,00,2,1,01,A01
201200049252,0,07,000,00,2,8,09,A01
201200049252,0,14,000,00,2,7,01,B01
201200049253,0,17,000,00,2,3,00,B01
201200049253,0,07,000,00,2,6,01,C01
201200049253,0,07,000,00,2,1,00,A01
201200049254,0,07,000,16,0,3,01,A01
201200049255,0,30,000,00,0,0,00,A01
201200049256,0,33,000,00,9,9,01,A01
201200049257,0,07,000,00,2,1,02,A01
201200049257,0,07,000,00,0,4,02,B01
201200049258,0,33,000,00,2,1,00,A01
201200049258,0,07,000,00,2,8,11,B01
201200049259,0,07,000,03,0,1,00,A01
201200049260,0,07,000,00,2,3,01,A01
201200049260,0,13,000,00,2,2,12,B01
201200049261,0,33,000,00,2,1,03,A01
201200049261,0,07,000,00,0,8,01,C01
201200049261,0,07,000,00,2,5,01,B01
201200049262,0,07,000,00,0,9,00,A01
201200049263,0,07,000,01,0,9,02,A01
201200049263,0,07,000,01,2,8,00,B01
201200049263,0,07,000,00,0,9,01,C01
201200049263,0,07,000,01,2,9,21,D01
201200049264,0,07,000,04,0,3,00,A01
201200049265,0,07,000,00,2,0,00,A01
201200049265,0,15,000,00,2,0,00,B01
201200049266,0,07,000,00,2,7,00,B01
201200049266,0,33,000,00,2,8,03,A01
201200049267,0,33,000,00,2,0,00,B01
201200049267,0,07,000,00,2,8,00,A01
201200049268,0,31,000,16,0,3,21,A01
201200049269,0,07,000,00,2,1,19,C01
201200049269,0,07,000,00,2,7,00,A01
201200049269,0,33,000,00,2,1,21,B01
201200049270,0,07,000,00,2,8,11,A01
201200049270,0,33,000,00,2,7,03,B01
201200049271,0,07,000,00,2,5,00,A01
201200049271,0,07,000,00,2,6,01,B01
201200049272,0,07,000,00,2,4,02,B01
201200049272,0,10,000,00,2,1,01,A01
201200049272,0,07,000,00,2,4,02,C01
201200049273,0,14,000,00,2,5,00,A01
201200049273,0,33,000,00,2,8,00,B01
201200049274,0,07,000,00,2,1,00,B01
201200049274,0,07,000,00,0,4,00,A01
201200049275,0,07,000,00,2,5,01,C01
201200049275,0,10,000,00,2,5,01,B01
201200049275,0,33,000,00,2,3,03,A01
201200049276,0,07,000,00,2,8,00,A01
201200049276,0,33,000,00,2,2,00,B01
201200049277,0,34,000,00,2,1,00,A01
201200049277,0,07,000,00,2,2,00,B01
201200049278,0,17,000,00,2,1,12,A01
201200049278,0,07,000,00,0,8,02,B01
201200049279,0,31,000,00,2,2,01,A01
201200049279,0,07,000,00,0,7,01,B01
201200049280,0,07,000,00,2,1,11,A01
201200049280,0,07,000,00,2,8,01,B01
201200049281,0,07,000,03,2,0,00,B01
201200049281,0,07,000,00,2,0,00,A01
201200049282,0,07,000,00,0,4,23,A01
201200049282,0,10,000,01,0,1,02,B01
201200049282,0,07,000,01,0,1,02,C01
201200049283,0,07,000,04,2,9,01,A01
201200049283,0,10,000,00,2,4,02,B01
201200049284,0,07,000,04,0,1,02,A01
201200049285,0,10,000,00,2,1,02,A01
201200049285,0,07,000,00,2,4,02,B01
201200049286,0,33,000,00,0,8,01,A01
201200049287,0,34,000,00,2,1,03,A01
201200049287,0,07,000,00,2,8,11,B01
201200049288,0,07,000,00,2,5,01,A01
201200049288,0,17,000,00,2,7,12,B01
201200049289,0,07,000,05,0,1,01,A01
201200049290,0,07,000,01,0,1,02,A01
201200049290,0,07,000,00,0,0,00,B01
201200049290,0,07,000,01,2,0,00,C01
201200049291,0,07,000,00,2,1,01,A01
201200049291,0,15,000,00,2,4,02,B01
201200049291,0,15,000,00,2,4,02,C01
201200049292,0,07,000,00,2,8,01,A01
201200049292,0,13,000,00,2,2,12,B01
201200049293,0,07,000,04,0,1,01,A01
201200049294,0,15,000,00,2,8,01,A01
201200049294,0,07,000,00,2,4,02,B01
201200049294,0,10,000,00,2,1,02,C01
201200049295,0,07,000,04,0,4,01,A01
201200049296,0,07,000,00,2,1,01,A01
201200049296,0,07,000,04,2,4,02,B01
201200049297,0,07,000,00,2,4,02,A01
201200049297,0,33,000,00,2,1,02,B01
201200049298,0,14,000,00,2,3,12,B01
201200049298,0,07,000,00,0,8,02,A01
201200049299,0,07,000,00,2,1,01,A01
201200049299,0,07,000,00,2,5,02,B01
201200049300,0,07,000,00,0,3,02,B01
201200049300,0,14,000,00,0,2,02,A01
201200049301,0,07,000,00,0,6,02,A01
201200049302,0,10,000,00,2,6,01,A01
201200049302,0,15,000,00,2,2,12,B01
201200049303,0,07,000,00,2,7,00,A01
201200049304,0,07,000,00,2,5,02,B01
201200049304,0,07,000,00,2,2,21,A01
201200049305,0,15,000,00,2,2,01,A01
201200049305,0,07,000,00,2,6,13,B01
201200049306,0,07,000,03,0,1,00,A01
201200049307,0,07,000,00,2,8,00,A01
201200049307,0,14,000,00,2,2,00,B01
201200049308,0,10,000,00,2,1,00,A01
201200049308,0,15,000,00,2,5,00,B01
201200049309,0,07,000,00,2,9,02,C01
201200049309,0,07,000,00,2,1,01,A01
201200049309,0,07,000,00,2,1,11,B01
201200049310,0,07,000,00,2,4,00,C01
201200049310,0,07,000,00,2,4,00,D01
201200049310,0,07,000,00,2,4,00,B01
201200049310,0,07,000,00,2,1,00,A01
201200049311,0,07,000,00,0,0,00,C01
201200049312,0,07,000,00,2,4,02,A01
201200049312,0,07,000,00,2,1,02,B01
201200049313,0,07,000,03,0,0,00,A01
201200049314,0,07,000,00,2,4,02,B01
201200049314,1,14,000,00,0,4,02,Z01
201200049314,0,07,000,01,0,2,01,A01
201200049315,0,07,000,00,2,2,14,A01
201200049315,0,10,000,00,2,1,21,B01
201200049315,0,07,000,00,2,1,02,C01
201200049316,0,07,000,04,0,1,09,A01
201200049317,0,07,000,04,0,1,01,A01
201200049318,0,31,000,00,2,1,03,B01
201200049318,0,07,000,00,0,5,12,A01
201200049319,0,07,000,00,2,4,03,B01
201200049319,0,07,000,00,2,1,01,A01
201200049320,0,07,000,04,0,4,00,A01
201200049321,0,07,000,00,2,5,02,A01
201200049321,0,33,000,00,2,1,01,B01
201200049322,0,07,000,04,0,9,01,A01
201200049323,0,07,000,04,0,1,01,A01
201200049324,0,07,000,04,0,2,01,A01
201200049325,0,07,000,00,2,6,02,A01
201200049325,0,10,000,00,2,2,01,B01
201200049326,0,10,000,03,0,3,01,A01
201200049327,0,07,000,00,2,5,01,C01
201200049327,0,13,000,00,2,0,11,A01
201200049327,0,34,000,00,2,7,00,B01
201200049328,0,07,000,04,0,3,13,A01
201200049329,0,07,000,00,2,4,02,B01
201200049329,0,07,000,00,2,1,01,A01
201200049330,0,07,000,00,1,1,01,A01
201200049331,0,07,000,00,2,4,00,B01
201200049331,0,07,000,03,2,1,00,A01
201200049332,0,07,000,00,2,0,00,A01
201200049332,0,07,000,00,2,1,00,B01
201200049333,0,07,000,04,0,9,00,A01
201200049334,0,07,000,03,0,1,01,A01
201200049335,0,10,000,04,0,1,01,A01
201200049336,0,07,000,04,0,2,14,A01
201200049337,0,07,000,04,0,1,00,A01
201200049338,0,32,000,00,2,3,03,A01
201200049338,0,07,000,00,2,7,01,B01
201200049339,0,07,000,04,0,5,01,A01
201200049340,0,07,000,04,0,3,00,A01
201200049341,0,07,000,09,2,1,00,A01
201200049341,0,07,000,00,2,4,01,B01
201200049342,0,07,000,00,2,1,02,A01
201200049342,0,07,000,00,0,4,02,B01
201200049343,0,07,000,00,2,4,00,A01
201200049344,0,07,000,00,2,3,21,B01
201200049344,1,07,000,04,0,2,02,A01
201200049344,0,07,000,00,2,3,21,C01
201200049345,0,31,000,01,0,2,00,B01
201200049345,0,07,000,00,2,6,00,A01
201200049346,0,07,000,04,0,1,00,A01
201200049347,0,07,000,00,2,1,01,B01
201200049347,0,07,000,00,2,9,17,A01
201200049348,0,07,000,04,0,1,00,A01
201200049349,0,14,000,00,0,6,01,B01
201200049349,0,32,000,00,2,1,03,A01
201200049350,0,14,000,00,2,1,01,A01
201200049350,0,10,000,00,2,4,09,B01
201200049351,0,07,000,03,0,1,01,A01
201200049352,0,07,000,00,2,6,12,B01
201200049352,0,33,000,00,2,1,01,A01
201200049353,0,07,000,00,2,1,02,A01
201200049353,0,07,000,00,2,8,02,B01
201200049353,0,10,000,00,0,2,02,C01
201200049354,0,31,000,00,0,3,01,B01
201200049354,0,07,000,00,0,5,12,A01
201200049355,0,33,000,00,2,4,11,B01
201200049355,0,07,000,00,0,1,00,A01
201200049356,0,07,000,00,2,6,23,B01
201200049356,0,14,000,01,0,2,00,A01
201200049357,0,07,000,00,2,6,02,B01
201200049357,0,14,000,00,2,2,12,A01
201200049358,0,32,000,00,2,1,02,B01
201200049358,0,07,000,00,0,4,00,A01
201200049359,0,10,000,00,0,6,02,A01
201200049359,0,32,000,00,2,1,02,B01
201200049359,0,15,000,00,0,1,02,C01
201200049360,0,15,000,00,2,2,21,B01
201200049360,0,07,000,08,2,7,09,A01
201200049361,0,07,000,00,0,6,11,A01
201200049361,0,32,000,00,2,2,03,B01
201200049362,0,07,000,00,2,1,02,A01
201200049362,0,34,000,00,0,0,02,C01
201200049362,0,07,000,00,2,4,02,B01
201200049363,0,32,000,03,0,7,14,A01
201200049364,0,07,000,00,2,3,02,A01
201200049364,0,07,000,00,2,3,02,B01
201200049364,0,07,000,00,2,1,02,C01
201200049365,0,07,000,03,0,1,01,A01
201200049366,0,07,000,03,0,1,01,A01
201200049367,0,07,000,04,0,1,02,A01
201200049368,0,07,000,03,0,2,01,A01
201200049369,0,10,000,00,2,1,02,A01
201200049369,0,07,000,00,2,1,02,B01
201200049369,0,07,000,00,2,4,02,C01
201200049370,0,07,000,04,0,1,01,A01
201200049371,0,07,000,00,2,8,11,A01
201200049371,0,32,000,00,2,7,01,B01
201200049372,0,07,000,00,2,8,11,A01
201200049372,0,32,000,00,2,7,01,B01
201200049373,0,07,000,00,2,8,11,A01
201200049373,0,32,000,00,2,7,01,B01
201200049374,0,32,000,00,2,4,01,B01
201200049374,0,33,000,00,2,1,12,A01
201200049375,0,34,000,00,2,2,00,B01
201200049375,0,07,000,00,2,3,00,A01
201200049376,0,31,000,00,0,1,00,A01
201200049377,0,31,000,00,0,4,00,A01
201200049377,0,33,000,00,2,1,00,B01
201200049378,0,07,000,05,0,3,01,A01
201200049379,0,15,000,05,0,2,01,A01
201200049380,0,07,000,00,2,3,00,D01
201200049380,0,07,000,00,2,3,00,B01
201200049380,0,07,000,00,2,5,00,A01
201200049380,0,07,000,00,2,6,00,C01
201200049381,0,15,000,00,2,2,12,A01
201200049381,0,07,000,00,2,8,02,B01
201200049382,0,07,000,00,2,3,11,B01
201200049382,0,33,000,00,2,1,03,A01
201200049383,0,33,000,00,2,0,01,A01
201200049383,0,33,000,00,2,0,01,C01
201200049383,0,07,000,00,2,3,01,B01
201200049384,0,07,000,00,0,5,01,B01
201200049384,0,33,000,00,2,1,02,A01
201200049385,0,15,000,00,2,2,01,B01
201200049385,0,07,000,00,2,2,01,C01
201200049385,0,07,000,00,2,9,11,A01
201200049386,0,32,000,00,2,8,03,B01
201200049386,0,07,000,00,2,2,12,A01
201200049387,0,07,000,00,2,4,02,E01
201200049387,0,07,000,00,2,4,02,C01
201200049387,0,07,000,00,2,4,02,D01
201200049387,0,07,000,00,2,4,02,B01
201200049387,0,10,000,00,2,1,01,A01
201200049388,0,07,000,00,2,4,02,B01
201200049388,0,07,000,00,2,4,02,C01
201200049388,0,07,000,00,2,1,02,A01
201200049389,0,02,000,00,2,1,05,B01
201200049389,0,10,000,00,2,3,01,A01
201200049390,0,07,000,00,0,8,11,B01
201200049390,0,33,000,00,2,7,01,A01
201200049391,0,33,000,00,0,2,01,A01
201200049392,0,32,000,00,2,3,02,B01
201200049392,0,07,000,00,2,7,02,A01
201200049393,0,34,000,00,2,8,03,A01
201200049393,1,07,000,00,2,2,,Z01
201200049394,0,07,000,00,2,7,17,A01
201200049394,0,10,000,00,2,8,02,B01
201200049395,0,33,000,00,0,0,00,A01
201200049396,0,33,000,00,2,3,03,B01
201200049396,0,07,000,00,2,3,03,A01
201200049397,0,07,000,00,2,2,02,B01
201200049397,0,07,000,00,2,3,17,A01
201200049398,0,07,000,03,0,3,13,A01
201200049399,0,07,000,00,2,1,01,A01
201200049399,0,07,000,00,2,4,02,B01
201200049400,0,07,000,00,0,4,01,A01
201200049400,0,07,000,00,2,1,02,B01
201200049401,0,34,000,00,2,1,00,B01
201200049401,0,07,000,00,2,8,00,A01
201200049402,0,07,000,03,0,1,14,A01
201200049403,0,07,000,00,2,4,01,B01
201200049403,0,17,000,00,2,1,01,A01
201200049404,0,07,000,00,2,4,02,B01
201200049404,0,07,000,00,2,1,02,A01
201200049405,0,33,000,00,2,1,01,A01
201200049405,0,07,000,00,2,4,02,B01
201200049406,0,33,000,00,0,3,00,B01
201200049406,0,99,000,00,0,4,02,A01
201200049407,0,32,000,00,2,1,00,A01
201200049407,0,07,000,00,2,7,01,B01
201200049407,1,07,000,00,2,0,00,Z01
201200049408,0,07,000,00,0,1,00,B01
201200049408,0,07,000,00,2,1,00,A01
201200049408,0,07,000,00,2,4,00,C01
201200049409,0,34,000,00,2,3,03,A01
201200049409,0,07,000,00,2,2,12,B01
201200049410,0,07,000,04,0,1,01,A01
201200049411,0,07,000,00,4,1,01,B01
201200049411,0,07,000,00,2,4,02,A01
201200049412,0,07,000,12,0,2,01,A01
201200049413,0,07,000,00,0,4,09,A01
201200049413,0,15,000,00,2,1,02,B01
201200049414,0,07,000,00,2,0,00,A01
201200049414,0,33,000,00,2,0,00,B01
201200049415,0,33,000,04,0,9,16,A01
201200049416,0,07,000,03,0,1,01,A01
201200049417,0,07,000,00,2,1,02,A01
201200049417,0,07,000,00,0,4,02,B01
201200049418,0,33,000,00,2,8,01,A01
201200049418,0,07,000,00,2,7,12,B01
201200049419,0,32,000,01,2,1,00,B01
201200049419,0,07,000,00,2,7,00,A01
201200049420,0,07,000,04,0,1,01,A01
201200049421,0,07,000,04,0,1,00,A01
201200049422,0,13,000,00,2,8,02,B01
201200049422,0,07,000,00,2,1,12,A01
201200049423,0,34,000,00,0,7,00,A01
201200049424,0,07,000,00,2,1,00,A01
201200049424,0,07,000,00,2,4,00,B01
201200049425,0,07,000,00,0,0,00,A01
201200049425,0,07,000,00,0,0,00,B01
201200049426,0,14,000,00,2,1,01,B01
201200049426,0,07,000,00,2,9,14,A01
201200049427,0,07,000,04,0,5,01,A01