Num_Acc,senc,catv,occutc,obs,obsm,choc,manv,num_veh
201200049428,0,33,000,16,0,9,01,A01
201200049429,0,07,000,00,2,2,12,A01
201200049429,0,15,000,00,0,0,02,C01
201200049429,0,33,000,00,2,8,02,B01
201200049430,0,33,000,00,0,0,02,A01
201200049431,0,07,000,00,2,7,01,A01
201200049431,0,07,000,00,2,7,02,B01
201200049431,0,13,000,00,2,1,01,C01
201200049432,0,07,000,04,0,1,01,A01
201200049433,0,07,000,03,0,1,02,A01
201200049434,0,07,000,00,2,1,01,A01
201200049435,0,07,000,00,0,9,00,A01
201200049436,0,31,000,16,0,1,01,A01
201200049437,0,07,000,00,2,1,00,B01
201200049437,0,07,000,00,2,4,00,A01
201200049438,0,33,000,00,2,2,02,A01
201200049438,0,07,000,00,0,5,01,B01
201200049439,0,33,000,00,2,1,01,A01
201200049439,0,10,000,00,2,6,02,B01
201200049439,0,07,000,00,0,6,02,C01
201200049440,0,07,000,00,2,4,00,B01
201200049440,0,07,000,00,2,4,23,C01
201200049440,0,10,000,00,2,1,02,A01
201200049441,0,07,000,00,2,1,02,A01
201200049441,0,07,000,00,2,4,02,B01
201200049442,0,10,000,00,0,4,02,B01
201200049442,0,07,000,00,0,1,01,A01
201200049442,0,13,000,00,2,6,02,C01
201200049443,0,10,000,16,0,1,01,A01
201200049444,0,07,000,00,0,3,01,A01
201200049444,0,15,000,00,0,2,12,B01
201200049445,0,34,000,00,0,2,03,B01
201200049445,0,07,000,00,0,5,01,C01
201200049445,0,07,000,00,2,3,11,A01
201200049446,0,14,000,00,2,1,01,A01
201200049446,0,07,000,00,2,9,02,C01
201200049446,0,07,000,00,2,9,02,E01
201200049446,0,07,000,00,2,4,02,D01
201200049446,0,07,000,03,2,5,02,B01
201200049447,0,07,000,00,2,2,11,A01
201200049447,0,34,000,00,2,6,03,B01
201200049448,0,32,000,00,2,0,00,A01
201200049448,0,07,000,00,2,6,11,B01
201200049449,0,34,000,00,2,1,03,A01
201200049449,1,07,000,00,2,0,00,B01
201200049450,0,33,000,00,0,1,00,A01
201200049451,0,07,000,00,0,1,00,A01
201200049452,0,07,000,04,0,1,01,A01
201200049453,0,07,000,00,2,2,01,B01
201200049453,0,07,000,04,2,6,11,A01
201200049454,0,07,000,00,2,2,01,A01
201200049454,0,34,000,00,2,8,01,B01
201200049455,0,33,000,00,0,0,00,A01
201200049456,0,32,000,00,2,7,03,A01
201200049456,0,07,000,00,2,8,11,B01
201200049457,0,07,000,00,2,6,11,B01
201200049457,0,33,000,00,2,1,03,A01
201200049458,0,33,000,16,0,7,01,A01
201200049459,0,07,000,00,2,8,02,B01
201200049459,0,31,000,00,2,7,02,A01
201200049460,0,34,000,00,2,7,00,B01
201200049460,0,07,000,00,2,8,00,A01
201200049461,0,07,000,00,2,8,00,A01
201200049461,0,14,000,00,2,1,00,B01
201200049462,0,07,000,00,2,4,23,A01
201200049462,0,15,000,00,2,1,02,B01
201200049463,0,07,000,04,0,6,09,A01
201200049463,0,07,000,00,2,2,02,B01
201200049464,0,07,000,04,0,1,01,A01
201200049465,0,07,000,00,2,3,12,A01
201200049465,0,07,000,00,2,1,01,B01
201200049466,0,07,000,00,2,3,01,B01
201200049467,0,33,000,16,0,9,01,A01
201200049468,0,33,000,00,2,1,01,B01
201200049468,0,07,000,00,2,6,02,A01
201200049469,0,07,000,00,2,1,01,C01
201200049469,0,15,000,00,2,6,11,A01
201200049469,0,07,000,00,2,6,11,B01
201200049470,0,07,000,04,0,1,01,A01
201200049471,0,07,000,04,0,1,21,A01
201200049472,0,07,000,00,2,4,02,A01
201200049472,0,33,000,00,2,2,01,B01
201200049473,0,07,000,00,2,3,11,A01
201200049473,0,33,000,00,2,2,01,B01
201200049474,0,07,000,00,2,4,02,D01
201200049474,0,07,000,00,2,4,02,C01
201200049474,0,07,000,00,2,4,02,B01
201200049474,0,07,000,00,2,1,01,A01
201200049475,0,07,000,00,2,1,01,A01
201200049475,0,07,000,00,0,4,02,B01
201200049476,0,07,000,00,2,4,11,A01
201200049476,0,32,000,00,2,1,01,B01
201200049477,0,07,000,00,2,7,02,B01
201200049477,0,14,000,00,2,8,18,A01
201200049478,0,10,000,00,2,9,02,C01
201200049478,0,07,000,00,2,9,02,D01
201200049478,0,07,000,00,0,4,02,A01
201200049478,0,17,000,00,2,1,02,E01
201200049478,0,07,000,00,0,4,02,B01
201200049479,0,15,000,00,0,0,00,B01
201200049479,0,07,000,00,0,0,00,A01
201200049480,0,07,000,00,2,8,11,A01
201200049480,0,33,000,00,2,7,01,B01
201200049481,0,33,000,00,2,1,03,B01
201200049481,0,07,000,00,2,6,11,A01
201200049482,0,15,000,04,0,3,01,A01
201200049483,0,07,000,04,0,1,01,A01
201200049484,0,07,000,00,2,4,01,B01
201200049484,0,32,000,00,2,2,01,A01
201200049485,0,07,000,04,0,1,09,A01
201200049486,0,07,000,00,2,2,02,A01
201200049486,0,07,000,00,2,1,02,B01
201200049487,0,07,000,00,0,4,02,B01
201200049487,0,07,000,00,0,4,02,C01
201200049487,0,10,000,00,2,1,02,A01
201200049488,0,34,000,00,2,1,02,A01
201200049488,0,07,000,00,0,6,02,B01
201200049489,0,33,000,16,0,7,01,A01
201200049490,0,07,000,16,0,1,01,A01
201200049491,0,07,000,00,2,7,02,A01
201200049491,0,07,000,00,2,8,02,B01
201200049491,0,33,000,00,2,1,03,C01
201200049492,0,15,000,00,2,3,01,A01
201200049492,0,07,000,00,2,3,02,B01
201200049492,0,07,000,00,2,8,01,C01
201200049493,0,33,000,00,2,3,02,B01
201200049493,0,07,000,00,9,2,02,A01
201200049494,0,34,000,00,2,7,03,B01
201200049494,0,07,000,00,2,8,11,A01
201200049495,0,33,000,00,2,7,00,A01
201200049496,0,07,000,00,2,7,01,A01
201200049496,0,07,000,03,2,7,18,B01
201200049497,1,07,000,00,0,0,00,Z01
201200049497,0,07,000,00,2,8,00,B01
201200049497,0,07,000,00,2,5,12,A01
201200049498,0,31,000,00,0,0,02,A01
201200049499,0,07,000,00,2,4,01,A01
201200049499,0,07,000,00,2,1,02,C01
201200049499,0,17,000,00,2,4,02,B01
201200049500,0,07,000,05,0,3,01,A01
201200049501,0,33,000,00,2,1,01,A01
201200049501,0,07,000,00,2,4,02,B01
201200049502,0,07,000,00,2,5,00,D01
201200049502,0,33,000,00,2,9,00,C01
201200049502,0,33,000,00,2,0,00,B01
201200049502,0,14,000,00,2,0,11,A01
201200049503,0,07,000,00,0,4,23,A01
201200049503,0,15,000,00,2,1,01,B01
201200049504,0,07,000,00,2,4,02,D01
201200049504,0,13,000,00,2,6,02,B01
201200049504,0,14,000,03,2,2,01,A01
201200049504,0,07,000,03,2,4,02,C01
201200049505,0,13,000,00,2,2,00,A01
201200049505,0,07,000,00,2,0,00,B01
201200049506,0,07,000,04,0,3,01,A01
201200049507,0,32,000,00,2,2,03,A01
201200049507,0,10,000,00,2,3,01,B01
201200049508,1,07,000,00,0,0,20,Z01
201200049508,0,07,000,00,0,0,00,A01
201200049509,0,07,000,14,0,3,02,A01
201200049509,0,07,000,00,0,4,02,B01
201200049509,0,07,000,00,0,0,02,C01
201200049510,0,07,000,00,0,0,00,A01
201200049510,0,33,000,00,0,0,00,B01
201200049511,0,07,000,04,0,1,02,A01
201200049512,0,07,000,03,0,1,01,A01
201200049513,0,07,000,04,0,1,01,A01
201200049514,0,07,000,04,0,3,01,A01
201200049515,0,07,000,03,0,3,01,A01
201200049516,0,14,000,00,2,1,02,B01
201200049516,0,07,000,00,0,4,02,A01
201200049517,0,07,000,00,2,5,11,A01
201200049517,0,31,000,00,2,7,03,B01
201200049518,0,07,000,00,0,4,00,B01
201200049518,0,33,000,00,0,1,00,A01
201200049519,0,07,000,00,0,4,00,B01
201200049519,0,07,000,00,2,1,02,A01
201200049519,0,07,000,00,2,9,00,C01
201200049520,0,07,000,00,0,5,01,B01
201200049520,0,33,000,00,2,3,02,A01
201200049521,0,34,000,00,2,0,01,B01
201200049521,0,07,000,00,0,0,01,A01
201200049522,0,07,000,04,0,3,00,A01
201200049523,0,33,000,00,2,1,01,A01
201200049523,0,10,000,00,2,4,02,C01
201200049523,0,33,000,00,2,4,01,B01
201200049524,0,07,000,00,0,4,02,B01
201200049524,0,33,000,00,2,1,12,A01
201200049525,0,33,000,00,2,3,01,B01
201200049525,0,07,000,00,2,5,12,A01
201200049526,0,07,000,04,0,2,12,A01
201200049527,0,07,000,04,0,3,02,A01
201200049528,0,33,000,00,2,4,01,A01
201200049528,0,07,000,00,2,1,01,B01
201200049529,0,07,000,03,0,2,01,A01
201200049530,0,07,000,00,2,5,11,B01
201200049530,0,13,000,00,2,6,02,A01
201200049531,0,33,000,00,0,8,15,A01
201200049532,0,14,000,00,0,0,00,A01
201200049532,0,32,000,00,2,1,14,B01
201200049533,0,10,000,00,2,1,01,A01
201200049533,0,10,000,00,2,4,02,B01
201200049534,0,07,000,04,0,1,01,A01
201200049535,0,07,000,04,2,2,02,B01
201200049535,0,99,000,00,0,0,00,C01
201200049535,0,07,000,04,2,2,00,A01
201200049536,0,33,000,00,2,7,03,B01
201200049536,0,07,000,00,2,8,02,A01
201200049537,0,07,000,03,0,1,02,A01
201200049538,0,07,000,00,2,4,02,A01
201200049538,0,07,000,00,0,5,02,C01
201200049538,0,07,000,00,2,1,02,B01
201200049539,0,31,000,16,0,7,14,A01
201200049540,0,07,000,00,2,8,01,A01
201200049540,0,07,000,00,2,4,01,B01
201200049541,0,07,000,00,0,0,00,A01
201200049541,0,33,000,00,0,8,00,B01
201200049542,0,15,000,00,2,6,00,B01
201200049542,0,10,000,00,2,7,00,A01
201200049543,0,07,000,00,2,1,02,C01
201200049543,0,07,000,00,2,4,02,A01
201200049543,0,07,000,00,2,1,02,B01
201200049544,0,07,000,00,0,0,00,A01
201200049545,0,14,000,00,2,6,20,A01
201200049545,0,33,000,00,2,1,02,B01
201200049545,0,10,000,00,2,0,23,C01
201200049546,0,07,000,00,0,5,01,A01
201200049546,0,07,000,00,0,4,01,B01
201200049546,0,33,000,00,2,1,03,C01
201200049547,0,07,000,00,2,5,02,B01
201200049547,0,07,000,00,2,1,00,A01
201200049548,0,07,000,00,2,4,02,B01
201200049548,0,07,000,00,2,1,02,A01
201200049548,0,07,000,00,2,1,02,C01
201200049549,0,07,000,00,2,1,01,A01
201200049549,0,07,000,00,2,4,02,B01
201200049550,0,10,000,16,0,9,00,A01
201200049551,0,07,000,00,2,3,00,A01
201200049551,0,33,000,00,2,1,00,B01
201200049552,0,07,000,00,2,1,01,A01
201200049552,0,07,000,00,2,4,01,B01
201200049553,0,07,000,00,2,6,01,B01
201200049553,0,07,000,00,2,5,00,A01
201200049554,0,10,000,04,6,1,21,A01
201200049555,0,33,000,04,2,7,17,B01
201200049555,0,10,000,00,2,8,01,A01
201200049556,0,10,000,00,2,2,02,B01
201200049556,0,10,000,00,2,6,11,A01
201200049557,0,34,000,00,0,7,02,A01
201200049558,0,07,000,00,2,4,00,D01
201200049558,0,07,000,00,2,4,02,B01
201200049558,0,07,000,00,2,4,00,C01
201200049558,0,07,000,00,2,3,02,A01
201200049558,0,07,000,00,2,4,00,E01
201200049559,0,07,000,00,2,2,11,A01
201200049559,0,07,000,00,0,6,02,B01
201200049560,0,32,000,00,2,8,01,A01
201200049560,0,16,000,00,2,7,12,B01
201200049561,0,34,000,03,0,1,02,A01
201200049562,0,32,000,01,0,1,14,B01
201200049562,0,14,000,00,0,6,24,A01
201200049563,0,34,000,04,0,1,00,A01
201200049564,0,07,000,00,2,4,02,A01
201200049564,0,07,000,00,2,1,01,B01
201200049565,0,07,000,04,9,5,02,A01
201200049566,0,07,000,04,2,3,13,A01
201200049566,0,07,000,00,2,2,01,B01
201200049567,0,07,000,00,2,2,18,B01
201200049567,0,07,000,00,2,4,02,A01
201200049568,0,07,000,00,2,2,12,A01
201200049568,0,33,000,00,2,3,03,B01
201200049569,0,07,000,04,0,1,01,A01
201200049569,0,07,000,00,2,4,01,B01
201200049569,0,33,000,14,0,1,01,C01
201200049570,0,33,000,00,0,6,00,A01
201200049571,0,10,000,04,0,9,01,A01
201200049572,0,33,000,01,0,1,02,C01
201200049572,0,07,000,00,0,5,02,A01
201200049572,0,14,000,00,2,3,11,B01
201200049573,0,33,000,00,2,1,01,A01
201200049573,0,07,000,00,0,4,23,B01
201200049574,0,07,000,03,0,1,03,A01
201200049575,0,33,000,00,0,7,01,A01
201200049576,0,10,000,00,2,4,02,B01
201200049576,0,07,000,00,0,4,01,C01
201200049576,0,15,000,00,2,1,02,A01
201200049577,0,33,000,00,0,7,01,A01
201200049578,0,07,000,00,2,4,02,B01
201200049578,0,07,000,00,2,1,01,C01
201200049578,0,07,000,00,2,9,02,A01
201200049579,0,07,000,00,2,4,02,C01
201200049579,0,07,000,00,2,4,02,A01
201200049579,0,07,000,00,2,1,01,D01
201200049579,0,07,000,00,2,4,02,B01
201200049580,0,33,000,03,0,1,01,A01
201200049581,0,32,000,00,2,3,01,A01
201200049581,0,07,000,00,2,5,12,B01
201200049582,0,07,000,00,2,1,01,A01
201200049582,0,07,000,00,2,9,02,C01
201200049582,0,07,000,00,0,4,02,E01
201200049582,0,07,000,00,2,9,02,B01
201200049582,0,07,000,00,2,9,02,D01
201200049583,0,33,000,00,2,1,03,B01
201200049583,0,07,000,00,2,1,11,A01
201200049584,0,33,000,16,0,8,01,A01
201200049585,0,15,000,00,2,1,01,A01
201200049585,0,07,000,00,2,6,02,B01
201200049586,0,07,000,00,2,7,21,A01
201200049586,0,33,000,00,2,1,21,B01
201200049587,0,10,000,00,0,4,02,A01
201200049587,0,07,000,00,2,1,01,B01
201200049588,0,31,000,00,0,0,02,A01
201200049589,0,07,000,00,0,4,01,B01
201200049589,0,33,000,00,2,1,03,A01
201200049590,0,07,000,04,2,4,02,A01
201200049590,0,07,000,00,2,1,01,B01
201200049591,0,07,000,00,2,1,01,A01
201200049591,0,07,000,04,2,6,02,B01
201200049592,0,07,000,00,2,6,01,A01
201200049592,0,34,000,00,2,1,01,B01
201200049593,0,33,000,16,0,7,01,A01
201200049594,0,07,000,00,0,6,11,A01
201200049594,0,33,000,00,0,7,03,B01
201200049595,0,33,000,16,0,9,21,A01
201200049596,0,33,000,00,0,0,00,A01
201200049597,0,07,000,00,2,4,02,B01
201200049597,0,07,000,00,2,1,01,A01
201200049598,0,17,000,00,0,0,00,C01
201200049598,0,07,000,00,2,1,00,B01
201200049598,0,07,000,00,2,4,00,A01
201200049599,0,07,000,00,2,1,02,C01
201200049599,0,07,000,00,2,5,02,A01
201200049599,0,07,000,00,2,4,02,B01
201200049600,0,07,000,00,2,1,00,A01
201200049600,0,07,000,00,0,4,00,B01
201200049601,0,32,000,00,0,0,02,A01
201200049602,0,07,000,00,0,9,12,A01
201200049603,0,07,000,04,0,3,01,A01
201200049604,0,07,000,03,2,1,01,A01
201200049604,1,07,000,00,0,0,00,Z01
201200049605,0,33,000,00,2,1,03,A01
201200049605,1,99,000,00,2,2,00,Z01
201200049606,0,07,000,00,2,4,02,B01
201200049606,0,07,000,00,2,1,01,A01
201200049607,1,10,000,00,2,7,12,Z01
201200049607,0,33,000,00,0,0,00,A01
201200049608,0,33,000,00,2,1,00,B01
201200049608,0,07,000,00,2,2,12,A01
201200049609,0,15,000,00,2,4,02,B01
201200049609,0,15,000,00,2,1,01,A01
201200049610,0,07,000,04,0,3,13,A01
201200049611,0,17,000,00,0,6,20,A01
201200049611,0,14,000,00,2,2,01,B01
201200049612,0,33,000,16,0,0,01,A01
201200049613,0,07,000,00,0,5,02,A01
201200049613,1,32,000,00,2,1,14,Z01
201200049614,0,07,000,03,0,1,00,A01
201200049615,0,33,000,04,0,1,00,A01
201200049616,0,32,000,00,2,1,01,A01
201200049617,0,07,000,00,2,1,00,A01
201200049617,0,07,000,00,0,4,00,B01
201200049618,0,07,000,04,2,3,01,A01
201200049618,1,15,000,04,2,5,17,Z01
201200049618,0,15,000,04,2,1,21,B01
201200049619,0,07,000,00,0,7,01,C01
201200049619,0,33,000,00,2,1,03,A01
201200049619,0,33,000,00,2,4,03,B01
201200049620,0,33,000,00,2,3,01,B01
201200049620,0,07,000,00,2,2,01,A01
201200049621,0,07,000,00,0,8,00,A01
201200049622,0,15,000,00,2,7,02,B01
201200049622,0,10,000,00,2,9,00,A01
201200049623,0,07,000,04,0,3,11,A01
201200049624,0,07,000,00,2,4,00,C01
201200049624,0,07,000,00,2,1,00,A01
201200049624,0,07,000,00,2,4,00,B01
201200049625,0,07,000,00,2,7,12,A01
201200049625,0,07,000,00,0,5,01,C01
201200049625,0,32,000,00,2,8,03,B01
201200049626,0,33,000,00,0,0,00,A01
201200049627,0,07,000,03,0,2,01,A01
201200049628,0,07,000,04,0,1,01,A01
201200049629,0,33,000,16,0,6,01,A01
201200049630,0,07,000,00,0,5,01,B01
201200049630,0,07,000,00,2,1,01,C01
201200049630,0,33,000,00,2,1,02,A01
201200049631,0,10,000,04,0,2,01,A01
201200049632,0,07,000,00,2,6,02,B01
201200049632,0,10,000,01,2,9,01,A01
201200049632,0,15,000,00,2,4,24,C01
201200049633,0,07,000,04,0,2,17,A01
201200049634,0,32,000,16,0,7,01,A01
201200049635,0,07,000,04,0,3,15,A01
201200049636,0,33,000,00,0,0,00,A01
201200049636,0,17,000,00,0,0,00,B01
201200049637,0,10,000,00,2,4,02,A01
201200049637,0,07,000,00,2,1,02,B01
201200049638,0,07,000,04,0,1,01,A01
201200049639,0,07,000,00,2,3,03,C01
201200049639,0,07,000,00,0,4,02,A01
201200049639,0,14,000,00,2,1,02,B01
201200049639,0,07,000,00,2,0,02,D01
201200049640,0,07,000,04,0,9,01,A01
201200049641,0,07,000,04,0,1,02,A01
201200049642,0,34,000,00,0,8,00,A01
201200049643,0,07,000,00,0,5,01,B01
201200049643,0,13,000,00,0,0,00,A01
201200049644,0,07,000,00,2,4,02,B01
201200049644,0,07,000,00,0,4,01,A01
201200049645,0,07,000,04,0,3,01,A01
201200049646,0,07,000,04,0,7,01,A01
201200049647,0,13,000,00,2,1,00,A01
201200049647,0,07,000,00,2,4,00,B01
201200049647,0,07,000,00,2,4,00,C01
201200049647,0,07,000,00,2,4,00,D01
201200049648,0,15,000,00,2,2,00,B01
201200049648,0,07,000,00,2,6,00,A01
201200049649,0,33,000,00,2,3,03,A01
201200049649,0,07,000,00,2,2,02,C01
201200049649,0,07,000,00,2,5,02,D01
201200049649,0,07,000,00,2,3,02,B01
201200049650,0,07,000,00,2,6,02,A01
201200049650,0,17,000,00,2,2,01,B01
201200049651,0,33,000,00,2,1,03,A01
201200049651,0,07,000,00,0,7,01,B01
201200049652,0,07,000,00,2,6,02,C01
201200049652,0,07,000,00,2,4,01,B01
201200049652,2,10,000,00,2,1,01,Z01
201200049653,0,07,000,04,0,1,21,A01
201200049654,0,07,000,00,2,4,00,B01
201200049654,0,07,000,00,2,1,14,A01
201200049654,0,07,000,00,2,6,00,C01
201200049655,0,07,000,12,0,1,01,A01
201200049656,0,07,000,04,0,4,01,A01
201200049657,0,07,000,04,0,1,02,A01
201200049658,1,07,000,00,2,5,12,Z01
201200049658,0,33,000,00,0,3,01,A01
201200049659,0,07,000,04,0,3,00,A01
201200049660,0,07,000,03,2,4,01,A01
201200049660,0,07,000,04,2,1,01,B01
201200049661,0,07,000,00,0,1,00,A01
201200049661,0,07,000,04,2,8,00,B01
201200049662,0,07,000,04,0,1,00,A01
201200049663,0,07,000,00,2,4,02,B01
201200049663,0,07,000,04,0,2,01,A01
201200049664,0,07,000,00,2,1,00,C01
201200049664,0,07,000,00,2,0,00,B01
201200049664,0,07,000,03,2,0,00,A01
201200049665,0,07,000,03,0,6,01,A01
201200049665,0,07,000,00,2,3,01,B01
201200049666,0,07,000,04,0,1,01,A01
201200049667,0,07,000,00,2,3,02,B01
201200049667,0,33,000,00,2,2,02,A01
201200049668,0,07,000,00,2,2,12,B01
201200049668,0,34,000,00,2,3,03,A01
201200049669,0,07,000,03,0,1,01,A01
201200049670,0,07,000,00,2,6,11,A01
201200049670,0,33,000,00,2,0,03,B01
201200049671,0,07,000,00,0,6,00,A01
201200049671,0,14,000,00,0,8,00,B01
201200049672,0,33,000,00,0,0,00,A01
201200049673,0,32,000,00,2,3,03,A01
201200049673,0,14,000,00,2,2,01,B01
201200049673,0,10,000,00,2,5,01,C01
201200049673,0,07,000,00,2,3,02,D01
201200049674,0,07,000,00,0,4,02,C01
201200049674,0,07,000,00,2,3,02,A01
201200049674,0,07,000,00,2,5,02,B01
201200049675,0,33,000,03,0,8,13,A01
201200049676,0,07,000,16,0,9,01,A01
201200049677,0,07,000,00,2,4,02,B01
201200049677,0,33,000,00,2,1,01,A01
201200049678,0,07,000,00,2,4,02,B01
201200049678,0,13,000,00,2,1,02,A01
201200049678,0,13,000,00,2,4,02,C01
201200049679,0,07,000,04,0,3,17,A01
201200049680,0,07,000,04,0,1,21,A01
201200049681,0,07,000,00,2,6,02,B01
201200049681,0,33,000,00,2,1,02,A01
201200049682,0,07,000,00,2,4,02,B01
201200049682,0,07,000,00,2,6,02,A01
201200049682,0,07,000,00,2,4,02,C01
201200049682,0,07,000,00,2,1,01,D01
201200049683,0,07,000,00,0,4,12,A01
201200049683,0,33,000,00,2,1,03,B01
201200049684,0,07,000,00,2,4,02,B01
201200049684,0,07,000,00,2,1,01,A01
201200049685,0,07,000,04,2,4,00,A01
201200049685,0,07,000,00,2,2,01,B01
201200049686,0,07,000,03,0,1,00,A01
201200049687,0,07,000,06,0,1,02,A01
201200049688,0,07,000,03,0,1,00,A01
201200049689,0,07,000,04,0,1,13,A01
201200049690,0,07,000,04,0,1,00,A01
201200049691,0,07,000,04,0,1,01,A01
201200049692,0,07,000,04,0,1,14,A01
201200049693,0,07,000,03,0,8,02,A01
201200049694,0,07,000,00,2,4,00,B01
201200049694,0,34,000,01,0,3,00,A01
201200049695,0,07,000,00,2,6,02,A01
201200049695,0,07,000,00,2,2,09,B01
201200049696,0,07,000,03,0,8,01,A01
201200049697,0,33,000,03,0,3,01,A01
201200049698,0,07,000,00,0,4,01,B01
201200049698,0,07,000,00,2,1,01,A01
201200049699,0,07,000,04,0,2,00,A01
201200049700,0,31,000,04,0,1,01,A01
201200049701,0,34,000,16,0,9,01,A01
201200049702,0,14,000,00,2,2,01,B01
201200049702,0,07,000,00,2,6,02,A01
201200049703,0,10,000,00,2,6,02,A01
201200049703,0,07,000,00,2,1,01,D01
201200049703,0,07,000,00,2,4,02,C01
201200049703,0,07,000,00,2,6,02,B01
201200049704,0,07,000,04,0,1,01,A01
201200049705,0,33,000,04,0,8,01,A01
201200049705,0,07,000,00,0,0,11,B01
201200049706,0,33,000,00,0,1,02,A01
201200049706,0,33,000,00,0,4,02,B01
201200049707,0,15,000,00,2,2,15,A01
201200049707,0,07,000,00,2,6,15,B01
201200049708,0,07,000,00,2,1,02,A01
201200049708,0,07,000,00,0,4,02,B01
201200049709,0,07,000,03,0,1,00,A01
201200049710,0,07,000,00,2,5,09,A01
201200049710,0,07,000,00,2,3,01,C01
201200049710,0,07,000,00,2,5,00,B01
201200049711,0,07,000,00,2,3,01,B01
201200049711,0,17,000,00,2,5,01,C01
201200049711,0,07,000,00,2,7,12,A01
201200049712,0,07,000,03,0,1,01,A01
201200049713,0,10,000,03,0,1,00,A01
201200049714,0,07,000,04,0,3,02,A01
201200049715,0,07,000,04,0,1,01,A01
201200049716,0,07,000,04,0,2,14,A01
201200049717,0,07,000,00,0,6,01,A01
201200049717,1,07,000,00,2,2,00,Z01
201200049718,0,07,000,04,0,1,01,A01
201200049719,0,07,000,04,0,1,12,A01
201200049720,0,07,000,06,0,1,00,A01
201200049721,0,07,000,03,0,4,02,A01
201200049722,1,07,000,00,2,0,01,Z01
201200049722,0,33,000,00,2,8,01,A01
201200049723,0,33,000,00,0,8,00,A01
201200049724,0,07,000,00,2,8,02,C01
201200049724,0,07,000,00,2,6,00,D01
201200049724,0,07,000,00,2,2,00,B01
201200049724,0,13,000,00,2,2,00,A01
201200049725,0,33,000,00,2,1,00,B01
201200049725,0,07,000,00,2,4,02,C01
201200049725,0,07,000,00,2,2,00,A01
201200049726,0,07,000,03,2,1,01,A01
201200049726,0,07,000,00,2,6,02,B01
201200049727,0,15,000,00,2,1,01,C01
201200049727,0,07,000,04,6,1,01,A01
201200049727,0,07,000,00,2,9,02,B01
201200049728,0,07,000,00,0,9,00,A01
201200049729,0,33,000,00,0,3,01,A01
201200049730,0,33,000,00,2,2,00,B01
201200049730,0,07,000,00,2,6,11,A01
201200049731,0,07,000,04,2,6,02,A01
201200049731,1,07,000,00,2,1,00,B01
201200049732,0,07,000,03,0,1,01,A01
201200049733,0,07,000,00,2,1,00,A01
201200049733,0,07,000,00,2,4,00,C01
201200049733,0,07,000,00,2,4,00,B01
201200049734,0,07,000,04,0,1,01,A01
201200049735,0,07,000,00,2,2,01,D01
201200049735,0,15,000,00,2,8,01,B01
201200049735,0,33,000,00,2,7,01,C01
201200049735,0,07,000,00,2,2,01,A01
201200049736,1,07,000,00,0,0,00,Z01
201200049736,0,07,000,00,1,1,02,B01
201200049737,0,07,000,00,2,1,02,D01
201200049737,0,07,000,00,2,4,02,B01
201200049737,0,07,000,00,2,4,02,C01
201200049737,0,07,000,00,0,4,02,A01
201200049738,0,33,000,00,2,1,01,B01
201200049738,0,07,000,00,2,8,11,A01
201200049739,0,07,000,03,0,2,02,A01
201200049740,0,07,000,04,0,1,13,A01
201200049741,0,07,000,00,2,5,02,A01
201200049741,0,07,000,03,2,1,11,B01
201200049742,0,07,000,04,0,3,01,A01
201200049743,0,07,000,16,0,9,01,A01
201200049744,0,07,000,00,0,6,01,A01
201200049744,1,07,000,00,0,,,Z01
201200049745,0,07,000,00,0,5,01,A01
201200049745,0,15,000,00,0,0,12,B01
201200049746,0,07,000,16,0,1,01,A01
201200049747,0,34,000,00,0,0,00,A01
201200049748,0,07,000,00,2,2,01,A01
201200049748,0,07,000,00,2,3,02,B01
201200049749,0,07,000,16,0,2,01,A01
201200049750,0,07,000,16,0,2,21,A01
201200049751,0,07,000,16,0,7,01,A01
201200049752,0,07,000,00,2,4,02,A01
201200049752,0,07,000,00,2,1,02,B01
201200049753,0,07,000,00,2,4,02,A01
201200049753,0,07,000,00,2,1,01,B01
201200049753,0,07,000,00,2,1,02,C01
201200049754,0,07,000,00,2,3,01,A01
201200049754,0,15,000,00,2,7,12,B01
201200049755,0,15,000,00,0,0,00,A01
201200049755,0,07,000,00,9,1,01,B01
201200049755,0,07,000,00,0,0,00,C01
201200049756,0,14,000,00,2,7,00,A01
201200049756,0,07,000,00,2,8,00,B01
201200049757,0,07,000,05,0,1,01,A01
201200049758,0,33,000,00,2,1,00,A01
201200049758,0,07,000,00,0,4,11,B01
201200049759,0,07,000,00,2,4,00,A01
201200049759,0,07,000,00,2,1,00,B01
201200049760,0,07,000,00,2,8,11,A01
201200049760,0,33,000,00,2,7,00,B01
201200049761,0,34,000,00,9,8,00,A01
201200049762,0,07,000,00,2,2,01,B01
201200049762,0,07,000,00,2,6,11,A01
201200049763,0,07,000,04,0,3,01,A01
201200049764,0,07,000,00,0,9,21,A01
201200049765,0,07,000,00,0,5,14,B01
201200049765,0,07,000,00,2,3,00,A01
201200049766,0,07,000,00,0,1,21,A01
201200049767,0,07,000,03,0,2,01,A01
201200049768,0,07,000,00,1,2,01,A01
201200049769,0,07,000,00,0,6,11,A01
201200049769,0,07,000,00,2,0,00,C01
201200049769,0,07,000,00,2,0,00,D01
201200049769,0,07,000,00,2,2,01,B01
201200049770,0,07,000,00,0,2,02,B01
201200049770,0,13,000,00,0,3,02,A01
201200049771,0,07,000,00,2,4,02,B01
201200049771,0,07,000,00,2,1,01,A01
201200049771,0,07,000,00,2,5,02,C01