Num_Acc,senc,catv,occutc,obs,obsm,choc,manv,num_veh
201200049772,0,07,000,00,2,1,01,A01
201200049772,0,07,000,00,2,1,02,B01
201200049772,0,07,000,00,2,4,02,C01
201200049773,0,34,000,00,2,1,00,C01
201200049773,0,07,000,00,2,4,00,B01
201200049773,0,33,000,00,2,1,00,A01
201200049774,0,07,000,00,2,7,12,B01
201200049774,0,33,000,00,2,1,03,A01
201200049775,0,10,000,00,2,1,02,B01
201200049775,0,10,000,00,0,4,23,A01
201200049776,0,07,000,01,,1,02,D01
201200049776,0,07,000,00,2,5,02,A01
201200049776,0,07,000,00,2,4,02,B01
201200049776,0,07,000,01,0,1,02,C01
201200049777,0,07,000,00,2,1,01,B01
201200049777,0,33,000,00,2,1,09,A01
201200049778,0,07,000,03,0,3,01,A01
201200049779,0,07,000,00,0,0,00,A01
201200049780,0,07,000,03,0,3,01,A01
201200049781,0,07,000,00,2,1,02,A01
201200049781,0,07,000,00,2,6,02,D01
201200049781,0,34,000,00,2,4,02,C01
201200049781,0,07,000,00,2,8,02,B01
201200049782,0,07,000,03,0,1,02,A01
201200049783,0,07,000,04,0,7,14,A01
201200049784,0,07,000,00,2,3,01,B01
201200049784,0,07,000,00,2,6,06,A01
201200049785,0,07,000,00,2,1,02,C01
201200049785,0,07,000,04,0,3,01,A01
201200049785,0,07,000,00,2,1,02,B01
201200049786,0,31,000,00,2,2,02,B01
201200049786,0,07,000,00,2,8,01,A01
201200049787,0,31,000,04,2,2,03,A01
201200049787,0,07,000,00,2,8,01,B01
201200049788,0,07,000,00,2,3,11,A01
201200049788,0,33,000,00,2,2,01,B01
201200049789,0,07,000,00,2,1,02,B01
201200049789,0,10,000,00,0,4,02,C01
201200049789,0,10,000,00,2,4,02,A01
201200049790,0,31,000,00,2,0,02,A01
201200049791,0,07,000,04,0,3,01,A01
201200049792,0,10,000,00,2,5,12,B01
201200049792,0,33,000,00,2,8,01,A01
201200049793,0,33,000,00,2,7,01,B01
201200049793,0,07,000,00,2,6,01,A01
201200049794,0,07,000,03,0,1,01,A01
201200049795,0,07,000,04,0,1,00,A01
201200049796,0,07,000,00,2,2,01,A01
201200049796,0,33,000,00,2,3,01,B01
201200049797,0,15,000,00,1,2,01,A01
201200049798,0,07,000,00,0,9,01,A01
201200049799,0,07,000,00,2,9,01,A01
201200049799,0,07,000,00,2,1,01,B01
201200049800,0,33,000,04,0,9,01,A01
201200049801,0,33,000,00,0,1,00,B01
201200049801,0,07,000,00,0,3,00,A01
201200049802,0,07,000,00,2,1,01,A01
201200049802,0,07,000,00,2,4,02,B01
201200049803,0,07,000,00,2,1,00,A01
201200049803,0,07,000,00,2,4,00,D01
201200049803,0,07,000,00,2,4,00,B01
201200049803,0,07,000,00,2,4,00,C01
201200049804,0,07,000,00,0,3,01,A01
201200049804,0,33,000,00,2,1,03,B01
201200049805,0,30,000,00,0,1,01,A01
201200049805,0,07,000,00,0,6,11,B01
201200049806,0,10,000,00,2,6,10,A01
201200049806,0,07,000,00,2,1,01,B01
201200049807,0,07,000,00,0,3,00,A01
201200049807,0,31,000,00,2,1,03,B01
201200049808,0,31,000,00,0,2,03,A01
201200049808,0,07,000,00,2,3,00,B01
201200049809,0,07,000,04,0,8,13,A01
201200049810,0,07,000,03,2,2,02,A01
201200049810,0,15,000,00,2,6,11,B01
201200049811,0,33,000,00,2,2,03,A01
201200049811,0,10,000,00,2,3,11,B01
201200049812,0,10,000,00,2,3,11,B01
201200049812,0,33,000,00,2,2,00,A01
201200049813,0,07,000,00,0,0,00,C01
201200049813,0,07,000,00,0,0,00,A01
201200049813,0,10,000,00,0,0,00,B01
201200049814,0,33,000,00,0,0,00,A01
201200049815,0,07,000,00,2,4,02,C01
201200049815,0,10,000,00,2,1,02,A01
201200049815,0,07,000,00,2,4,02,B01
201200049816,0,07,000,00,0,0,00,A01
201200049816,0,34,000,00,2,1,00,B01
201200049817,0,07,000,00,2,8,11,B01
201200049817,0,32,000,00,2,1,00,A01
201200049818,0,07,000,16,0,0,01,A01
201200049819,0,07,000,00,6,1,01,A01
201200049820,0,07,000,04,0,3,01,A01
201200049821,0,33,000,00,2,3,01,B01
201200049821,0,07,000,00,2,5,12,A01
201200049822,0,07,000,00,2,8,01,B01
201200049822,1,99,000,00,2,2,00,Z01
201200049822,0,07,000,03,2,3,01,A01
201200049823,0,07,000,00,0,1,01,A01
201200049824,0,07,000,04,2,7,14,A01
201200049824,0,07,000,04,2,8,01,B01
201200049825,0,07,000,04,0,1,13,A01
201200049826,0,07,000,04,0,3,01,A01
201200049826,0,07,000,00,2,1,01,B01
201200049827,0,07,000,04,0,1,01,A01
201200049828,0,07,000,00,2,1,01,A01
201200049828,0,07,000,00,2,4,01,B01
201200049829,0,07,000,00,0,4,02,A01
201200049829,0,07,000,00,2,1,02,B01
201200049830,0,07,000,04,0,8,00,A01
201200049831,0,07,000,16,0,1,16,A01
201200049832,0,07,000,00,2,6,01,A01
201200049832,0,10,000,00,2,5,01,B01
201200049833,0,07,000,00,2,1,01,A01
201200049833,0,07,000,00,2,4,02,B01
201200049834,0,07,000,00,2,1,02,A01
201200049834,0,10,000,00,0,4,02,B01
201200049835,0,32,000,16,0,7,12,A01
201200049836,0,07,000,00,0,4,02,B01
201200049836,0,33,000,00,2,1,02,A01
201200049837,0,33,000,16,0,7,21,A01
201200049838,0,33,000,16,0,9,01,A01
201200049839,0,31,000,00,2,1,02,B01
201200049839,0,10,000,00,0,4,04,A01
201200049840,0,33,000,16,0,8,01,A01
201200049841,0,07,000,00,2,3,11,B01
201200049841,0,34,000,00,2,2,01,A01
201200049842,0,33,000,16,0,1,01,A01
201200049843,0,15,000,00,2,1,02,A01
201200049843,0,10,000,00,0,4,01,B01
201200049844,0,07,000,00,2,1,00,B01
201200049844,0,07,000,00,2,4,00,A01
201200049845,0,33,000,16,0,7,01,A01
201200049846,0,07,000,00,2,6,01,A01
201200049846,0,31,000,00,2,2,03,B01
201200049847,0,07,000,04,0,3,01,A01
201200049848,0,07,000,00,0,4,02,A01
201200049848,0,10,000,00,2,1,02,B01
201200049849,0,07,000,04,0,3,00,A01
201200049850,0,07,000,03,0,1,16,A01
201200049851,0,07,000,03,0,1,01,A01
201200049852,0,07,000,00,2,4,01,A01
201200049853,0,07,000,00,2,4,02,C01
201200049853,0,07,000,00,2,4,02,B01
201200049853,0,07,000,00,2,1,01,A01
201200049854,0,07,000,04,0,4,14,A01
201200049855,0,34,000,04,0,7,01,A01
201200049856,0,07,000,00,2,7,01,A01
201200049856,0,10,000,00,2,6,11,B01
201200049857,0,14,000,00,2,9,02,B01
201200049857,0,13,000,00,2,1,02,C01
201200049857,0,07,000,00,0,4,02,A01
201200049858,0,07,000,00,2,2,00,B01
201200049858,0,07,000,00,2,3,00,A01
201200049859,0,07,000,00,2,1,02,A01
201200049859,0,07,000,00,0,4,02,C01
201200049859,0,07,000,00,2,1,02,B01
201200049860,0,07,000,00,0,8,01,B01
201200049860,0,07,000,00,0,2,14,A01
201200049861,0,32,000,00,0,7,01,A01
201200049861,0,07,000,00,0,6,11,B01
201200049862,0,07,000,00,0,1,00,B01
201200049862,0,07,000,00,2,2,01,A01
201200049863,0,07,000,00,2,3,11,A01
201200049863,0,33,000,00,2,2,02,B01
201200049864,0,14,000,00,0,4,01,B01
201200049864,0,99,000,00,2,1,01,A01
201200049865,0,10,000,04,0,3,13,A01
201200049866,0,32,000,00,2,1,21,A01
201200049867,0,15,000,00,0,8,01,B01
201200049867,0,07,000,00,2,8,00,A01
201200049868,0,15,000,04,0,3,13,A01
201200049869,0,07,000,00,2,3,02,C01
201200049869,0,07,000,00,2,9,02,A01
201200049869,0,07,000,00,2,1,02,B01
201200049870,0,07,000,00,2,1,01,A01
201200049870,0,07,000,00,2,9,02,B01
201200049870,0,07,000,00,2,4,01,C01
201200049871,0,07,000,04,0,8,21,A01
201200049872,0,07,000,00,0,1,01,A01
201200049873,0,07,000,04,0,4,01,A01
201200049874,0,07,000,04,0,2,01,A01
201200049875,0,10,000,00,2,1,02,C01
201200049875,0,07,000,00,2,2,02,A01
201200049875,0,07,000,04,2,6,02,B01
201200049876,0,07,000,00,2,4,02,B01
201200049876,0,07,000,04,2,2,01,A01
201200049877,0,33,000,04,0,1,13,A01
201200049878,0,07,000,00,2,1,00,B01
201200049878,0,07,000,00,2,1,00,A01
201200049879,0,15,000,00,2,6,00,A01
201200049879,0,07,000,00,2,1,00,B01
201200049880,0,07,000,00,2,1,01,A01
201200049880,0,07,000,00,2,4,02,C01
201200049880,0,07,000,00,2,4,02,B01
201200049881,1,10,000,00,2,3,00,Z01
201200049881,0,33,000,00,2,5,03,A01
201200049882,0,07,000,00,2,1,01,B01
201200049882,0,07,000,00,2,4,02,A01
201200049883,0,07,000,00,2,1,01,C01
201200049883,0,07,000,00,2,4,02,A01
201200049883,0,07,000,00,2,9,02,B01
201200049884,0,07,000,00,0,0,00,A01
201200049885,0,07,000,00,0,8,01,B01
201200049885,0,07,000,00,0,7,17,A01
201200049886,0,33,000,16,0,9,03,A01
201200049887,0,07,000,00,2,2,01,A01
201200049887,0,07,000,00,2,3,01,B01
201200049888,0,33,000,00,2,4,02,B01
201200049888,0,07,000,00,2,1,01,A01
201200049889,0,07,000,13,0,9,14,A01
201200049890,0,07,000,04,0,8,01,A01
201200049891,0,07,000,04,0,1,02,A01
201200049892,0,07,000,04,0,3,01,A01
201200049893,0,07,000,00,0,1,02,A01
201200049893,0,07,000,00,0,4,02,B01
201200049894,0,07,000,00,2,2,17,B01
201200049894,0,10,000,03,2,3,01,A01
201200049895,0,07,000,04,0,1,13,A01
201200049896,0,07,000,04,0,1,13,A01
201200049897,0,07,000,04,0,1,13,A01
201200049898,0,33,000,00,0,5,01,B01
201200049898,0,31,000,00,2,3,21,A01
201200049899,0,07,000,04,0,2,02,A01
201200049900,0,07,000,03,0,2,01,A01
201200049901,0,10,000,04,0,1,01,A01
201200049902,0,07,000,00,2,1,01,A01
201200049902,0,07,000,00,2,7,02,C01
201200049902,0,07,000,00,2,9,02,B01
201200049903,0,07,000,00,2,3,01,B01
201200049903,0,07,000,04,2,1,01,A01
201200049904,0,07,000,00,2,8,09,B01
201200049904,0,07,000,00,2,7,09,A01
201200049905,0,07,000,04,0,1,12,A01
201200049906,0,07,000,00,0,8,00,B01
201200049906,0,07,000,00,0,7,00,A01
201200049907,0,07,000,00,2,8,01,B01
201200049907,0,07,000,00,2,2,01,A01
201200049908,0,07,000,04,0,1,13,A01
201200049909,0,33,000,04,0,1,01,A01
201200049910,0,03,000,00,0,0,00,A01
201200049911,0,07,000,03,0,9,00,A01
201200049912,0,07,000,04,0,1,21,A01
201200049913,0,07,000,04,0,1,02,A01
201200049913,0,07,000,01,0,1,02,B01
201200049914,0,07,000,00,2,4,02,C01
201200049914,0,07,000,00,2,4,02,B01
201200049914,0,07,000,00,2,1,02,A01
201200049915,0,07,000,15,0,3,01,A01
201200049916,0,07,000,00,0,4,02,C01
201200049916,0,07,000,00,2,1,02,A01
201200049916,0,10,000,00,2,4,02,B01
201200049917,0,33,000,04,0,3,00,A01
201200049918,0,07,000,00,2,1,02,A01
201200049918,0,07,000,00,2,1,02,C01
201200049918,0,10,000,00,0,4,02,D01
201200049918,0,32,000,00,2,1,00,B01
201200049919,0,33,000,00,2,8,01,A01
201200049919,0,07,000,00,2,7,12,B01
201200049920,0,07,000,00,2,4,11,B01
201200049920,0,33,000,00,2,1,03,A01
201200049921,0,07,000,04,0,2,01,A01
201200049922,0,07,000,00,2,4,02,B01
201200049922,0,07,000,00,2,4,02,D01
201200049922,1,07,000,00,2,1,00,A01
201200049922,0,07,000,00,0,4,02,E01
201200049922,0,07,000,00,2,4,02,C01
201200049923,0,07,000,03,0,2,01,A01
201200049924,0,07,000,00,2,1,01,A01
201200049924,0,07,000,00,2,5,02,C01
201200049924,0,07,000,00,2,4,02,B01
201200049924,0,07,000,00,2,7,02,D01
201200049925,0,07,000,07,2,2,14,A01
201200049925,0,10,000,00,2,1,01,B01
201200049926,0,07,000,03,0,3,01,A01
201200049927,0,07,000,00,2,1,02,A01
201200049927,0,07,000,00,2,6,02,C01
201200049927,0,07,000,00,2,4,02,B01
201200049928,0,07,000,04,0,1,01,A01
201200049929,0,07,000,00,2,2,21,B01
201200049929,0,07,000,00,2,3,21,A01
201200049930,0,07,000,00,2,4,02,B01
201200049930,0,38,001,00,2,1,01,A01
201200049931,0,07,000,00,2,1,01,A01
201200049931,1,07,000,00,2,4,11,B02
201200049932,0,07,000,00,2,6,11,B01
201200049932,0,07,000,04,2,2,01,A01
201200049933,0,33,000,03,0,3,01,A01
201200049934,0,07,000,00,2,5,02,E01
201200049934,0,07,000,00,2,3,02,D01
201200049934,0,07,000,00,2,4,02,C01
201200049935,0,07,000,00,2,1,02,A01
201200049935,0,07,000,00,2,4,02,B01
201200049935,0,07,000,00,2,4,02,G02
201200049935,0,07,000,00,2,4,02,E01
201200049935,0,07,000,00,2,4,02,D01
201200049935,0,10,000,00,2,4,02,C01
201200049935,0,07,000,00,2,4,02,F02
201200049936,0,07,000,00,2,1,01,B01
201200049936,0,07,000,04,2,8,11,A01
201200049937,0,07,000,00,2,4,02,B01
201200049937,0,07,000,00,2,1,01,A01
201200049938,0,33,000,00,2,3,01,B01
201200049938,0,07,000,00,2,2,12,A01
201200049939,0,07,000,00,2,5,12,A01
201200049939,0,33,000,00,2,3,00,B01
201200049940,0,07,000,00,2,4,02,B01
201200049940,0,07,000,00,2,1,02,A01
201200049941,0,07,000,04,2,5,21,A01
201200049941,0,07,000,00,2,3,02,B01
201200049942,0,10,000,00,2,1,02,A01
201200049942,0,10,000,00,2,4,02,B01
201200049943,0,07,000,00,2,2,11,A01
201200049943,0,07,000,00,2,6,01,B01
201200049944,0,10,000,03,0,7,01,A01
201200049945,0,07,000,00,9,3,01,D01
201200049945,0,33,000,00,2,0,03,B01
201200049945,0,10,000,00,2,0,09,A01
201200049945,0,07,000,00,2,0,01,C01
201200049946,0,33,000,00,2,1,21,A01
201200049946,0,07,000,00,2,2,12,B01
201200049947,0,07,000,04,0,1,00,A01
201200049948,0,07,000,00,2,2,11,A01
201200049948,0,07,000,00,2,6,01,B01
201200049949,0,10,000,03,2,5,18,A01
201200049949,0,07,000,00,2,2,01,B01
201200049949,0,07,000,00,2,8,01,C01
201200049950,0,07,000,00,2,4,02,B01
201200049950,0,07,000,00,2,4,02,C01
201200049950,0,07,000,00,2,1,02,A01
201200049950,0,07,000,00,2,4,02,D01
201200049951,0,07,000,00,2,4,02,B01
201200049951,0,07,000,00,2,1,02,A01
201200049952,0,07,000,04,0,1,15,A01
201200049952,0,07,000,04,2,1,21,B01
201200049953,0,33,000,00,2,1,21,A01
201200049953,0,07,000,00,0,4,01,B01
201200049954,0,07,000,00,2,1,21,A01
201200049954,0,07,000,00,2,5,01,C01
201200049954,1,15,000,00,2,8,23,B01
201200049954,0,07,000,00,2,4,01,D01
201200049955,0,07,000,00,2,1,00,A01
201200049955,0,10,000,00,2,6,00,D01
201200049955,0,07,000,00,2,6,00,C01
201200049955,0,10,000,00,2,2,00,E01
201200049955,0,07,000,00,2,0,00,B01
201200049956,0,07,000,04,2,6,02,B01
201200049956,0,07,000,00,2,2,02,A01
201200049957,0,32,000,00,0,7,00,A01
201200049957,1,07,000,,,,,B01
201200049958,0,07,000,00,0,0,01,B01
201200049958,0,07,000,00,2,1,00,A01
201200049958,0,07,000,00,2,1,00,C01
201200049959,0,31,000,00,2,3,03,A01
201200049959,0,07,000,00,2,6,02,C01
201200049959,0,07,000,00,2,2,12,B01
201200049960,0,10,000,00,2,3,11,A01
201200049960,0,32,000,04,2,4,01,B01
201200049961,0,10,000,00,2,1,01,B01
201200049961,0,10,000,00,2,1,01,A01
201200049962,0,32,000,00,2,1,12,A01
201200049962,0,07,000,00,2,5,12,B01
201200049963,0,07,000,00,2,5,12,A01
201200049963,0,17,000,00,2,8,01,C01
201200049963,0,33,000,00,2,3,03,B01
201200049964,0,33,000,00,2,1,03,A01
201200049964,0,07,000,00,2,6,01,B01
201200049965,0,07,000,00,0,9,21,A01
201200049966,0,07,000,00,2,4,02,B01
201200049966,0,07,000,00,2,1,02,A01
201200049966,0,07,000,00,2,4,02,C01
201200049967,0,07,000,00,2,1,11,A01
201200049967,0,07,000,00,2,4,01,B01
201200049968,0,07,000,13,0,9,21,A01
201200049969,0,07,000,04,0,1,01,A01
201200049970,0,10,000,00,2,1,02,A01
201200049970,0,07,000,00,2,4,02,B01
201200049971,0,07,000,04,0,1,01,A01
201200049972,0,07,000,00,2,5,12,A01
201200049972,0,07,000,00,2,3,01,B01
201200049973,0,33,000,00,0,0,00,A01
201200049974,0,14,000,00,2,6,24,B01
201200049974,0,07,000,01,0,1,14,A01
201200049975,0,07,000,00,2,2,21,A01
201200049975,0,10,000,00,2,6,23,B01
201200049976,0,07,000,04,0,3,01,A01
201200049977,0,15,000,03,0,2,01,A01
201200049978,0,07,000,03,0,1,01,A01
201200049979,0,07,000,04,0,0,01,A01
201200049979,0,07,000,00,2,1,21,C01
201200049979,0,14,000,14,0,0,01,B01
201200049979,0,07,000,00,2,0,21,D01
201200049980,0,34,000,00,2,1,03,A01
201200049980,0,07,000,00,2,5,02,B01
201200049980,0,07,000,00,2,4,01,C01
201200049981,1,07,000,00,2,2,00,Z01
201200049981,0,07,000,04,0,3,01,D01
201200049981,0,07,000,00,0,2,01,C01
201200049981,0,07,000,00,2,0,00,B01
201200049982,0,07,000,00,2,1,02,A01
201200049982,0,07,000,00,2,4,01,B01
201200049983,0,07,000,06,0,1,21,A01
201200049983,0,07,000,00,2,3,09,B01
201200049983,0,07,000,00,2,7,21,C01
201200049984,0,33,000,00,2,3,03,A01
201200049984,0,07,000,00,2,5,01,B01
201200049985,0,07,000,03,0,1,00,A01
201200049986,0,33,000,00,2,2,03,A01
201200049986,0,07,000,00,2,8,11,B01
201200049987,0,34,000,00,0,2,02,A01
201200049988,0,07,000,00,2,1,02,A01
201200049988,0,07,000,00,2,4,01,B01
201200049989,0,07,000,00,2,7,01,B01
201200049989,0,07,000,00,2,8,13,A01
201200049990,0,33,000,00,0,7,11,A01
201200049991,0,31,000,00,2,1,21,A01
201200049992,0,07,000,04,0,2,21,A01
201200049993,0,07,000,04,2,0,09,A01
201200049993,0,07,000,04,2,7,01,B01
201200049993,0,07,000,00,2,7,01,C01
201200049994,0,07,000,00,2,4,01,C01
201200049994,0,07,000,00,2,3,01,A01
201200049994,0,07,000,00,2,1,01,B01
201200049995,0,07,000,00,2,1,00,A01
201200049995,0,07,000,00,2,6,01,B01
201200049996,0,07,000,11,2,2,01,A01
201200049996,0,07,000,00,2,7,01,B01
201200049997,0,07,000,00,2,4,01,B01
201200049997,0,07,000,00,2,1,01,A01
201200049998,0,07,000,04,2,1,01,A01
201200049998,0,07,000,04,2,4,01,B01
201200049998,0,07,000,04,2,4,01,C01
201200049999,0,07,000,03,0,3,13,A01
201200050000,0,33,000,00,2,2,01,B01
201200050000,0,10,000,00,2,3,11,A01
201200050001,0,07,000,00,2,1,02,A01
201200050001,0,07,000,00,2,1,02,B01
201200050001,0,07,000,00,0,4,23,C01
201200050002,0,07,000,03,0,2,21,A01
201200050003,0,10,000,00,2,1,02,A01
201200050003,0,07,000,00,2,6,01,B01
201200050004,0,07,000,00,2,6,01,B01
201200050004,0,33,000,00,2,1,01,A01
201200050005,0,07,000,00,2,3,01,A01
201200050005,0,07,000,00,2,5,01,B01
201200050006,0,07,000,00,2,4,02,B01
201200050006,0,07,000,00,2,1,02,A01
201200050007,0,33,000,00,2,8,03,A01
201200050007,0,07,000,00,2,7,12,B01
201200050008,0,10,000,00,2,2,11,A01
201200050008,0,07,000,00,2,6,01,B01
201200050009,0,07,000,00,2,4,02,B01
201200050009,0,07,000,00,2,1,02,A01
201200050010,0,07,000,03,2,8,01,B01
201200050010,0,07,000,04,2,3,13,A01
201200050011,0,07,000,00,2,2,01,A01
201200050011,0,07,000,04,2,4,11,B01
201200050012,0,07,000,00,2,8,11,B01
201200050012,0,33,000,04,2,2,03,A01
201200050013,0,07,000,04,2,1,19,A01
201200050013,0,15,000,04,2,8,01,B01
201200050013,0,07,000,00,9,8,01,C01
201200050014,0,07,000,04,0,7,14,A01
201200050015,0,07,000,04,0,9,14,A01
201200050016,0,34,000,00,2,2,01,A01
201200050016,0,07,000,00,0,6,13,B01
201200050017,0,07,000,00,2,6,11,A01
201200050017,0,33,000,00,2,7,17,B01
201200050018,0,32,000,00,0,7,02,A01
201200050019,0,07,000,03,2,4,01,B01
201200050019,0,33,000,03,2,1,03,A01
201200050020,0,07,000,00,2,2,12,A01
201200050020,0,07,000,00,2,6,01,B01
201200050021,0,07,000,00,0,1,00,A01
201200050022,0,07,000,14,0,1,01,A01
201200050023,0,10,000,14,0,2,01,A01
201200050023,0,07,000,00,2,6,23,B01
201200050024,0,07,000,04,0,2,01,A01
201200050025,0,07,000,00,0,4,02,C01
201200050025,0,33,000,00,2,1,01,A01
201200050025,0,07,000,00,2,8,11,B01
201200050026,0,31,000,00,2,1,01,A01
201200050026,0,10,000,00,0,5,01,B01
201200050027,0,07,000,00,2,2,12,A01
201200050027,0,32,000,00,2,3,00,B01
201200050028,0,32,000,00,2,1,01,A01
201200050028,0,07,000,00,0,5,01,B01
201200050029,0,33,000,00,2,3,03,A01
201200050029,0,07,000,00,2,5,12,B01
201200050030,0,07,000,00,0,6,11,B01
201200050030,0,32,000,00,2,1,03,A01
201200050031,0,32,000,00,2,0,00,A01
201200050031,0,10,000,00,2,4,02,B01
201200050032,0,07,000,04,2,3,01,A01
201200050032,0,14,000,00,0,3,02,B01
201200050033,0,07,000,03,0,3,01,A01
201200050034,0,07,000,11,0,3,00,A01
201200050035,0,07,000,00,2,4,23,B01
201200050035,0,07,000,00,2,1,01,A01
201200050036,0,07,000,00,0,4,02,B01
201200050036,0,07,000,00,0,1,02,A01
201200050036,0,07,000,00,0,4,02,C01
201200050037,1,07,000,00,2,4,00,Z01
201200050037,0,07,000,00,2,4,00,A01
201200050038,0,07,000,03,2,6,09,A01
201200050038,0,13,000,00,2,2,00,B01
201200050039,0,10,000,00,2,5,12,B01
201200050039,0,33,000,00,2,3,03,A01
201200050040,0,07,000,04,2,4,11,A01
201200050040,0,07,000,04,2,4,01,C01
201200050040,0,14,000,04,2,1,01,B01
201200050041,0,07,000,00,2,5,12,B01
201200050041,0,33,000,00,2,3,03,A01
201200050042,0,07,000,00,2,2,02,B01
201200050042,0,07,000,00,2,1,02,A01
201200050042,0,07,000,00,2,6,23,C01
201200050043,0,07,000,00,2,1,02,A01
201200050043,0,07,000,00,2,4,02,B01
201200050044,0,07,000,00,0,4,01,B01
201200050044,0,34,000,00,2,4,00,A01
201200050045,0,07,000,00,2,1,02,A01
201200050045,0,07,000,00,2,4,02,B01
201200050046,0,07,000,00,2,4,02,B01
201200050046,0,07,000,00,2,1,02,A01
201200050047,0,07,000,00,2,6,02,B01
201200050047,0,07,000,00,2,2,02,A01
201200050048,0,07,000,00,0,4,23,C01
201200050048,0,07,000,00,2,4,23,B01
201200050048,0,07,000,00,2,1,02,A01
201200050049,0,07,000,00,2,5,02,B01
201200050049,0,33,000,00,2,3,03,A01
201200050050,0,07,000,00,2,3,21,A01
201200050050,0,07,000,00,2,5,01,B01
201200050050,0,07,000,00,2,4,01,C01
201200050051,0,07,000,00,2,8,11,A01
201200050051,0,33,000,04,2,7,02,B01
201200050052,0,07,000,00,0,4,02,B01
201200050052,0,07,000,00,2,1,02,A01
201200050053,0,07,000,00,2,3,11,B01
201200050053,0,33,000,00,2,7,01,A01
201200050054,0,07,000,00,2,4,02,B01
201200050054,0,15,000,00,2,1,02,A01
201200050054,0,10,000,00,2,4,02,C01
201200050055,0,07,000,00,2,4,02,B01
201200050055,0,33,000,00,2,1,02,A01
201200050056,0,07,000,00,2,8,21,B01
201200050056,0,07,000,04,2,7,21,A01
201200050056,0,07,000,04,2,6,09,C01
201200050057,0,07,000,00,2,4,02,E01
201200050057,0,07,000,00,2,4,02,D01
201200050057,0,07,000,00,2,4,02,B01
201200050057,0,14,000,00,2,1,01,A01
201200050057,0,07,000,00,2,4,02,C01
201200050057,0,07,000,00,0,4,02,F02
201200050058,0,10,000,00,2,7,12,B01
201200050058,0,33,000,00,2,8,03,A01
201200050059,0,31,000,00,0,7,21,A01
201200050060,0,07,000,04,0,3,21,A01
201200050061,0,07,000,00,9,1,17,B01
201200050061,0,14,000,00,0,0,01,A01
201200050062,0,07,000,00,2,7,12,B01
201200050062,0,07,000,00,0,6,01,D01
201200050062,0,31,000,00,2,1,03,A01
201200050062,0,07,000,00,0,5,01,C01
201200050063,0,07,000,00,2,4,02,B01
201200050063,0,07,000,00,2,1,02,A01
201200050064,0,07,000,04,2,2,18,A01
201200050064,0,07,000,00,2,3,02,B01
201200050065,0,07,000,00,2,2,01,B01
201200050065,0,07,000,03,2,3,09,A01
201200050066,0,07,000,03,0,1,11,A01
201200050067,0,31,000,03,2,7,03,A01
201200050067,0,07,000,03,2,8,13,B01
201200050068,0,07,000,00,0,6,11,B01
201200050068,0,34,000,00,2,3,01,A01
201200050069,0,07,000,00,2,1,01,B01
201200050069,0,10,000,03,0,1,01,A01
201200050070,1,13,000,,,,,A02
201200050070,0,07,000,06,2,4,01,A01
201200050071,0,07,000,04,0,3,11,A01
201200050072,0,07,000,00,2,4,01,C01
201200050072,0,07,000,00,2,3,11,B01
201200050072,0,33,000,00,2,2,03,A01
201200050073,0,07,000,00,2,4,01,B01
201200050073,0,07,000,00,2,1,01,A01
201200050073,0,07,000,00,2,4,01,C01
201200050074,0,07,000,06,0,1,02,A01
201200050075,0,07,000,06,0,1,14,A01
201200050076,0,07,000,00,2,1,02,A01
201200050076,0,07,000,00,2,4,02,B01
201200050077,0,33,000,00,0,7,01,A01
201200050078,0,10,000,00,0,9,12,A01
201200050079,0,07,000,00,2,0,11,A01
201200050079,0,07,000,04,2,9,21,B01
201200050080,0,07,000,10,0,3,02,A01
201200050081,0,07,000,03,2,1,00,A01
201200050082,0,31,000,00,2,3,02,B01
201200050082,0,07,000,00,2,2,12,A01
201200050083,0,07,000,00,2,1,02,E01
201200050083,0,17,000,00,0,1,02,B01
201200050083,0,07,000,00,2,4,02,D01
201200050083,0,07,000,00,2,1,02,C01
201200050083,0,14,000,00,2,4,02,A01
201200050084,0,07,000,00,2,1,02,A01
201200050084,0,07,000,00,0,4,02,B01
201200050085,0,07,000,00,2,1,02,A01
201200050085,0,07,000,00,0,4,02,B01
201200050086,0,07,000,04,0,1,16,A01
201200050087,0,17,000,03,0,8,13,A01
201200050088,0,07,000,00,0,9,01,A01
201200050089,0,07,000,13,0,1,21,A01
201200050090,0,33,000,04,0,1,01,A01
201200050091,0,07,000,13,0,2,21,A01
201200050092,0,17,000,00,0,4,02,B01
201200050092,0,33,000,00,2,1,02,A01
201200050093,0,07,000,00,2,4,02,C01
201200050093,0,07,000,00,2,1,02,A01
201200050093,0,07,000,00,2,1,02,B01
201200050094,0,07,000,04,0,0,01,A01
201200050095,0,34,000,04,0,3,00,A01
201200050096,1,07,000,,,,,A02
201200050096,0,07,000,03,2,3,01,A01
201200050097,0,33,000,00,2,1,03,A01
201200050097,0,10,000,00,0,4,02,B01
201200050098,0,07,000,00,0,6,11,A01
201200050098,0,32,000,00,2,2,03,B01
201200050099,0,33,000,00,2,2,03,A01
201200050099,0,14,000,00,2,6,02,B01
201200050100,0,07,000,00,0,4,02,B01
201200050100,0,07,000,00,0,1,02,A01
201200050101,0,07,000,04,0,1,21,B01
201200050101,0,10,000,00,0,0,11,A01
201200050102,0,07,000,04,0,1,00,A01
201200050103,0,07,000,02,0,3,02,A01