Num_Acc,senc,catv,occutc,obs,obsm,choc,manv,num_veh
201200050438,0,07,000,00,2,4,00,E01
201200050438,0,07,000,00,2,4,00,B01
201200050438,0,07,000,00,2,4,00,D01
201200050438,0,07,000,00,2,1,02,A01
201200050439,0,07,000,00,0,2,00,A01
201200050440,0,07,000,00,2,3,01,D01
201200050440,0,07,000,00,2,4,02,B01
201200050440,0,07,000,00,2,2,02,C01
201200050440,0,07,000,00,2,1,02,A01
201200050441,0,07,000,00,2,3,11,B01
201200050441,0,34,000,00,2,3,03,A01
201200050442,0,31,000,00,2,3,01,B01
201200050442,0,07,000,00,2,2,12,A01
201200050443,0,10,000,00,2,4,02,C01
201200050443,0,07,000,00,2,1,02,A01
201200050443,0,07,000,00,2,4,02,B01
201200050444,0,07,000,00,2,6,02,B01
201200050444,0,07,000,00,0,4,02,C01
201200050444,0,07,000,00,2,1,02,A01
201200050445,0,07,000,00,2,1,02,A01
201200050445,0,07,000,00,2,4,23,B01
201200050446,0,33,000,00,0,8,12,A01
201200050447,0,33,000,00,0,0,00,A01
201200050448,0,07,000,04,0,1,00,A01
201200050449,0,07,000,03,0,3,01,A01
201200050450,0,07,000,04,0,2,02,A01
201200050451,0,07,000,00,2,3,11,A01
201200050451,0,33,000,00,2,2,03,B01
201200050452,0,07,000,00,0,0,12,B01
201200050452,0,33,000,00,0,7,03,A01
201200050453,0,10,000,06,0,1,00,A01
201200050454,0,07,000,00,2,1,00,A01
201200050454,0,07,000,00,0,4,00,B01
201200050455,0,07,000,00,2,1,02,A01
201200050455,0,07,000,00,0,4,00,B01
201200050456,0,07,000,04,0,3,01,A01
201200050457,0,30,000,00,0,0,01,A01
201200050458,0,07,000,04,0,1,01,A01
201200050459,0,33,000,00,0,7,00,A01
201200050460,0,13,000,00,2,4,02,C01
201200050460,0,07,000,04,0,3,21,D01
201200050460,0,15,000,00,2,6,02,B01
201200050460,0,07,000,00,2,2,21,A01
201200050461,0,34,000,00,2,1,01,A01
201200050461,0,10,000,00,2,6,11,B01
201200050462,0,07,000,00,0,5,01,B01
201200050462,0,33,000,00,2,3,21,A01
201200050463,0,33,000,00,2,0,03,A01
201200050463,1,07,000,00,0,0,11,Z01
201200050464,0,07,000,03,0,8,14,A01
201200050465,0,10,000,00,2,1,02,A01
201200050465,0,07,000,00,2,4,02,B01
201200050465,0,10,000,00,2,5,02,C01
201200050466,0,31,000,12,0,2,21,A01
201200050467,0,07,000,00,0,0,00,C01
201200050467,0,07,000,00,0,0,00,B01
201200050467,0,13,000,00,0,4,02,A01
201200050468,0,07,000,00,2,3,11,B01
201200050468,0,33,000,00,2,3,03,A01
201200050469,0,07,000,00,2,7,11,B01
201200050469,0,31,000,00,2,8,02,A01
201200050470,0,07,000,00,2,4,00,C01
201200050470,0,07,000,00,2,1,00,A01
201200050470,0,07,000,00,2,4,00,B01
201200050471,0,07,000,00,2,1,02,A01
201200050471,0,07,000,00,2,4,02,C01
201200050471,0,07,000,00,2,4,02,B01
201200050472,0,07,000,04,0,3,02,A01
201200050473,0,07,000,00,2,2,01,B01
201200050473,0,07,000,05,2,1,09,A01
201200050474,0,07,000,00,0,8,00,B01
201200050474,0,07,000,00,2,3,00,A01
201200050475,0,07,000,04,0,1,01,A01
201200050476,0,07,000,04,0,1,01,A01
201200050477,0,07,000,00,2,1,02,A01
201200050477,0,07,000,00,2,4,02,E01
201200050477,0,07,000,00,2,1,02,D01
201200050477,0,07,000,00,2,4,02,C01
201200050477,0,07,000,00,2,4,02,B01
201200050478,0,07,000,03,0,3,01,A01
201200050478,0,07,000,03,0,3,01,B01
201200050479,0,32,000,03,0,2,02,A01
201200050480,0,07,000,03,0,3,01,A01
201200050481,0,07,000,00,2,1,01,B01
201200050481,0,07,000,13,2,1,01,A01
201200050482,0,07,000,00,2,4,23,A01
201200050482,0,10,000,01,0,1,21,B01
201200050483,0,15,000,00,2,2,12,B01
201200050483,0,07,000,04,2,3,02,A01
201200050484,0,07,000,00,2,0,01,B01
201200050484,0,07,000,00,2,0,01,A01
201200050485,0,07,000,04,0,1,00,A01
201200050486,0,07,000,04,0,1,01,A01
201200050487,0,07,000,04,0,3,14,A01
201200050488,0,07,000,04,0,1,01,A01
201200050489,0,07,000,04,0,1,01,A01
201200050490,0,07,000,00,2,1,01,A01
201200050490,0,07,000,00,2,4,02,B01
201200050491,0,07,000,00,2,2,01,B01
201200050491,0,31,000,00,2,6,01,A01
201200050492,0,07,000,00,2,1,02,A01
201200050492,0,07,000,00,0,4,02,B01
201200050493,0,33,000,00,2,2,17,A01
201200050493,1,10,000,00,2,6,13,Z01
201200050494,0,07,000,04,0,3,21,A01
201200050495,0,07,000,00,0,9,00,A01
201200050496,0,33,000,00,2,7,03,A01
201200050496,0,07,000,00,2,8,11,B01
201200050497,0,10,000,00,2,4,02,C01
201200050497,0,14,000,00,2,1,02,A01
201200050497,0,07,000,00,2,4,01,B01
201200050498,0,07,000,03,0,1,01,A01
201200050499,0,10,000,00,2,1,02,C01
201200050499,0,10,000,00,2,4,02,B01
201200050499,0,07,000,00,2,4,01,A01
201200050500,0,07,000,00,2,4,02,C01
201200050500,0,07,000,00,2,1,02,A01
201200050500,0,07,000,00,2,4,02,B01
201200050501,0,07,000,13,2,6,01,A01
201200050501,1,07,000,00,2,2,13,Z01
201200050501,1,07,000,00,0,0,00,T01
201200050502,0,07,000,00,2,1,01,A01
201200050502,1,07,000,00,0,0,00,Z01
201200050503,0,38,038,00,2,1,01,B01
201200050503,0,07,000,00,2,1,05,A01
201200050504,0,07,000,16,0,1,21,A01
201200050505,0,33,000,00,2,5,03,B01
201200050505,0,07,000,00,2,7,17,A01
201200050505,0,07,000,00,2,4,01,C01
201200050505,0,07,000,00,2,1,02,D01
201200050506,0,07,000,13,2,9,12,A01
201200050506,0,07,000,13,2,9,01,B01
201200050507,1,07,000,00,0,0,00,Z01
201200050507,0,33,000,00,2,7,03,A01
201200050508,0,33,000,00,0,0,00,B01
201200050508,0,07,000,00,0,4,01,A01
201200050509,1,15,000,00,0,0,00,Z01
201200050509,0,07,000,00,2,8,01,A01
201200050510,0,07,000,13,0,9,13,A01
201200050511,0,07,000,00,0,5,23,A01
201200050511,0,07,000,00,2,3,13,B01
201200050511,0,07,000,00,2,2,01,C01
201200050512,0,07,000,00,2,6,11,A01
201200050512,0,14,000,00,2,2,02,B01
201200050513,0,33,000,00,2,1,02,A01
201200050513,0,07,000,00,2,4,02,B01
201200050514,0,07,000,00,2,4,01,A01
201200050514,0,07,000,00,2,1,02,B01
201200050515,0,07,000,00,2,4,01,A01
201200050515,0,33,000,00,2,1,03,C01
201200050515,0,07,000,00,2,8,11,B01
201200050516,0,07,000,00,2,4,02,B01
201200050516,0,07,000,00,2,1,02,A01
201200050517,0,34,000,00,2,7,03,A01
201200050517,0,07,000,00,2,8,11,B01
201200050518,0,07,000,00,2,2,12,B01
201200050518,0,32,000,00,2,1,01,A01
201200050519,0,32,000,00,0,1,00,A01
201200050520,0,07,000,00,2,2,01,A01
201200050520,0,15,000,00,2,8,01,B01
201200050520,0,07,000,00,2,8,09,C01
201200050521,0,07,000,00,2,4,02,A01
201200050521,0,07,000,00,2,4,02,B01
201200050521,0,07,000,00,2,1,02,C01
201200050522,0,07,000,00,0,2,01,A01
201200050523,0,30,000,00,0,2,01,A01
201200050524,0,07,000,00,2,4,01,B01
201200050524,0,10,000,00,2,1,02,C01
201200050524,0,07,000,00,2,1,01,A01
201200050525,0,07,000,04,0,1,01,A01
201200050526,0,07,000,00,2,1,01,B01
201200050526,0,07,000,00,2,4,01,A01
201200050527,0,07,000,00,2,1,00,A01
201200050527,0,07,000,00,0,4,00,B01
201200050528,0,07,000,00,2,4,02,B01
201200050528,0,07,000,00,2,1,01,A01
201200050529,0,07,000,00,2,1,02,B01
201200050529,0,07,000,00,2,1,02,C01
201200050529,0,07,000,00,2,4,01,A01
201200050530,0,15,000,00,2,1,01,B01
201200050530,0,07,000,00,2,2,01,A01
201200050531,0,07,000,00,2,4,02,F01
201200050531,0,07,000,00,2,1,01,A01
201200050531,0,07,000,00,2,4,02,D01
201200050531,0,07,000,00,2,4,02,E01
201200050531,0,07,000,00,2,4,02,C02
201200050531,0,07,000,00,2,4,02,B01
201200050532,0,07,000,00,2,4,01,A01
201200050532,0,07,000,00,2,4,02,B01
201200050533,0,31,000,00,0,7,01,A01
201200050534,0,07,000,00,2,4,02,B01
201200050534,0,07,000,00,2,1,01,A01
201200050535,0,07,000,00,0,4,01,A01
201200050535,0,07,000,00,2,3,02,B01
201200050536,0,07,000,00,2,1,02,B01
201200050536,0,07,000,00,2,4,13,A01
201200050537,0,07,000,00,2,1,01,A01
201200050537,0,07,000,00,2,3,18,B01
201200050537,0,15,000,00,2,7,02,C01
201200050538,0,07,000,04,0,1,01,A01
201200050539,0,07,000,00,2,7,12,A01
201200050539,0,07,000,00,2,3,01,B01
201200050540,0,15,000,03,0,9,13,A01
201200050541,0,07,000,04,0,3,01,A01
201200050542,0,07,000,00,2,4,02,C01
201200050542,0,07,000,00,2,7,02,D01
201200050542,0,07,000,00,2,1,01,A01
201200050542,0,07,000,00,2,6,02,B01
201200050543,0,34,000,00,0,7,01,A01
201200050544,0,10,000,00,2,4,02,C01
201200050544,0,14,000,00,2,1,01,A01
201200050544,0,07,000,00,2,4,02,B01
201200050545,0,07,000,00,0,9,01,A01
201200050546,0,15,000,00,2,2,00,B01
201200050546,0,07,000,00,2,3,09,A01
201200050547,0,07,000,00,2,5,01,A01
201200050547,0,33,000,00,2,1,01,B01
201200050548,0,10,000,00,2,1,01,A01
201200050548,0,34,000,00,2,9,01,B01
201200050548,0,07,000,00,2,7,01,C01
201200050549,0,07,000,00,2,4,02,B01
201200050549,0,07,000,00,2,4,01,A01
201200050549,0,07,000,00,2,1,02,C01
201200050550,0,07,000,03,0,8,13,A01
201200050551,0,07,000,00,2,4,02,B01
201200050551,0,07,000,00,2,1,01,A01
201200050552,0,07,000,04,0,1,01,A01
201200050553,0,07,000,00,2,4,02,B01
201200050553,0,07,000,00,2,4,02,C01
201200050553,0,07,000,00,2,1,02,D01
201200050553,0,07,000,00,2,4,02,A01
201200050554,0,07,000,00,2,4,01,A01
201200050554,0,07,000,00,2,4,02,B01
201200050554,0,07,000,00,2,1,02,C01
201200050555,0,07,000,00,2,1,01,A01
201200050555,0,07,000,00,2,4,02,B01
201200050556,0,07,000,00,2,9,01,A01
201200050556,1,07,000,00,2,7,01,Z01
201200050557,0,33,000,00,0,1,01,A01
201200050558,0,33,000,00,2,7,03,C01
201200050558,0,07,000,00,2,5,01,A01
201200050558,0,07,000,00,2,3,11,B01
201200050559,0,07,000,05,9,1,01,A01
201200050560,0,07,000,00,2,8,11,A01
201200050560,0,33,000,00,2,7,03,B01
201200050561,0,07,000,00,2,9,01,A01
201200050561,0,07,000,00,2,9,12,B01
201200050562,0,07,000,00,2,2,12,A01
201200050562,0,07,000,00,2,3,02,B01
201200050562,0,33,000,00,2,1,21,C01
201200050563,0,34,000,00,0,1,01,A01
201200050564,0,07,000,00,0,3,01,A01
201200050565,0,33,000,00,2,1,03,A01
201200050565,0,07,000,00,2,5,02,B01
201200050566,0,07,000,00,2,4,02,A01
201200050566,0,07,000,00,2,1,02,C01
201200050566,0,07,000,00,2,4,02,B01
201200050567,0,31,000,00,2,8,03,A01
201200050567,0,07,000,00,2,7,12,B01
201200050567,0,33,000,00,2,8,02,C01
201200050568,0,07,000,03,0,3,01,A01
201200050569,0,33,000,04,0,1,01,A01
201200050570,0,15,000,00,2,3,01,B01
201200050570,0,07,000,00,2,5,12,A01
201200050571,0,07,000,03,0,2,01,A01
201200050572,0,07,000,04,0,9,02,A01
201200050573,0,07,000,00,2,4,01,A01
201200050573,0,07,000,00,2,4,02,C01
201200050573,0,34,000,00,2,5,03,B01
201200050574,0,07,000,00,0,9,01,A01
201200050575,0,07,000,00,0,1,01,A01
201200050576,0,07,000,00,2,4,02,B01
201200050576,0,07,000,00,2,4,01,A01
201200050576,0,07,000,00,2,1,02,C01
201200050577,0,07,000,00,0,3,02,E01
201200050577,0,07,000,00,2,6,02,D01
201200050577,0,07,000,00,2,4,02,B01
201200050577,0,07,000,00,2,1,02,F02
201200050577,0,07,000,00,2,4,02,H02
201200050577,0,07,000,00,2,4,02,G02
201200050577,0,07,000,00,2,4,01,A01
201200050577,0,07,000,00,2,1,02,C01
201200050578,0,07,000,00,2,1,02,B01
201200050578,0,33,000,00,2,4,01,A01
201200050579,0,07,000,00,2,3,11,A01
201200050579,0,33,000,00,2,2,03,B01
201200050580,0,07,000,00,2,4,02,C01
201200050580,0,07,000,00,2,1,02,A01
201200050580,0,07,000,00,2,9,02,B01
201200050581,0,33,000,00,2,1,02,B01
201200050581,0,07,000,00,0,5,02,A01
201200050582,0,07,000,00,0,7,00,A01
201200050583,0,33,000,00,0,7,01,A01
201200050584,0,07,000,00,2,1,02,B01
201200050584,0,10,000,00,2,4,01,A01
201200050585,0,07,000,00,2,1,02,A01
201200050585,0,15,000,00,0,4,02,B01
201200050586,0,07,000,00,2,1,02,A01
201200050586,0,07,000,00,2,4,02,B01
201200050587,0,33,000,00,2,9,03,A01
201200050587,0,07,000,00,2,8,22,B01
201200050588,1,15,000,00,2,5,01,A01
201200050588,0,15,000,00,2,7,01,C01
201200050588,0,07,000,00,2,9,09,B01
201200050589,0,07,000,00,0,8,01,A01
201200050590,0,07,000,16,0,2,00,A01
201200050591,0,15,000,00,2,2,02,A01
201200050591,0,07,000,00,2,8,13,B01
201200050592,0,07,000,00,2,4,02,B01
201200050592,0,07,000,00,2,1,01,A01
201200050593,0,33,000,00,2,1,21,A01
201200050593,0,07,000,00,2,5,02,B01
201200050594,0,34,000,00,2,2,03,B01
201200050594,0,07,000,00,2,8,11,A01
201200050595,0,07,000,04,0,8,01,A01
201200050596,0,07,000,04,0,3,02,A01
201200050597,0,07,000,00,2,1,02,A01
201200050597,0,07,000,00,2,4,02,C01
201200050597,0,07,000,00,2,4,02,B01
201200050598,0,07,000,00,2,4,01,A01
201200050598,0,07,000,00,2,1,02,B01
201200050599,0,07,000,00,2,5,02,B01
201200050599,0,14,000,00,2,3,09,A01
201200050600,0,15,000,00,0,8,01,A01
201200050601,0,15,000,00,2,1,02,B01
201200050601,0,07,000,00,2,7,02,C01
201200050601,0,07,000,00,2,3,11,A01
201200050602,0,07,000,00,2,7,12,A01
201200050602,0,33,000,00,2,7,01,B01
201200050603,0,07,000,00,2,8,02,C01
201200050603,0,07,000,00,2,7,02,E02
201200050603,0,07,000,00,2,5,01,A01
201200050603,0,33,000,00,2,1,03,F01
201200050603,0,07,000,00,2,7,01,B01
201200050603,0,07,000,00,2,7,02,D01
201200050604,0,07,000,00,2,4,02,A01
201200050604,0,07,000,00,2,1,02,B01
201200050605,0,07,000,00,2,5,12,A01
201200050605,0,07,000,00,2,3,02,B01
201200050606,0,07,000,00,2,5,12,A01
201200050606,0,07,000,00,2,3,02,B01
201200050607,0,33,000,00,0,9,01,A01
201200050608,0,33,000,00,2,7,03,B01
201200050608,0,07,000,00,2,8,11,A01
201200050609,0,07,000,00,2,8,11,A01
201200050609,0,33,000,00,2,2,01,B01
201200050610,0,10,000,03,0,2,21,C01
201200050610,2,07,000,00,2,3,11,D01
201200050610,0,07,000,00,2,1,01,A01
201200050610,2,07,000,04,2,1,02,B01
201200050611,0,07,000,00,2,4,02,B01
201200050611,0,07,000,00,2,1,01,A01
201200050612,0,07,000,00,2,1,01,A01
201200050612,0,07,000,00,2,4,02,B01
201200050613,0,32,000,00,2,1,02,A01
201200050613,0,32,000,00,2,4,01,B02
201200050614,0,07,000,00,2,1,01,C01
201200050614,0,07,000,00,2,4,01,A01
201200050614,0,07,000,00,2,9,12,B01
201200050615,0,07,000,00,0,4,02,B01
201200050615,0,07,000,00,2,9,01,A01
201200050616,0,07,000,00,0,3,01,A01
201200050617,0,07,000,00,2,5,01,A01
201200050617,0,33,000,00,2,8,11,B01
201200050618,0,07,000,00,2,4,02,B01
201200050618,0,07,000,00,2,1,01,A01
201200050619,0,07,000,00,2,1,01,A01
201200050619,0,07,000,00,2,4,02,B01
201200050620,0,07,000,00,2,6,11,B01
201200050620,0,15,000,00,2,2,01,A01
201200050621,0,07,000,00,2,6,02,B01
201200050621,0,07,000,00,2,2,01,A01
201200050622,0,07,000,00,2,4,02,C01
201200050622,0,07,000,00,2,4,02,B01
201200050622,0,10,000,00,2,1,01,A01
201200050623,0,07,000,00,0,4,01,A01
201200050623,0,07,000,00,2,1,02,B01
201200050624,0,07,000,00,0,1,00,A01
201200050624,0,07,000,00,2,1,01,B01
201200050625,0,34,000,00,0,7,01,A01
201200050626,0,15,000,00,0,4,00,A01
201200050626,0,15,000,00,0,1,00,B01
201200050627,0,07,000,00,2,4,01,B01
201200050627,0,07,000,00,2,1,01,C01
201200050627,0,10,000,00,2,4,01,A01
201200050628,0,07,000,00,2,1,01,A01
201200050628,0,07,000,00,2,4,02,B01
201200050629,0,07,000,00,2,1,01,A01
201200050629,0,07,000,00,2,8,02,C01
201200050629,0,07,000,00,2,4,02,B01
201200050630,0,07,000,16,0,0,01,A01
201200050631,0,07,000,03,0,3,13,A01
201200050632,0,07,000,04,0,2,01,A01
201200050633,0,07,000,04,0,3,01,A01
201200050634,0,15,000,00,2,4,24,A01
201200050634,0,07,000,01,0,1,01,B01
201200050635,0,07,000,00,2,1,02,B01
201200050635,0,07,000,00,2,4,01,A01
201200050636,0,07,000,00,2,6,02,B01
201200050636,0,15,000,00,2,2,12,A01
201200050637,0,07,000,00,2,2,01,A01
201200050637,0,07,000,00,2,8,01,B01
201200050638,0,07,000,14,0,9,01,A01
201200050639,0,07,000,00,0,1,00,A01
201200050640,0,07,000,00,2,1,02,C01
201200050640,0,07,000,00,2,4,02,B01
201200050640,0,07,000,00,2,4,01,A01
201200050641,0,07,000,00,2,4,01,A01
201200050641,0,10,000,00,2,1,02,B02
201200050642,0,07,000,00,2,9,01,A01
201200050642,0,07,000,00,2,1,13,B01
201200050643,0,07,000,04,0,9,01,A01
201200050644,0,32,000,16,0,7,16,A01
201200050645,0,07,000,00,2,3,13,B01
201200050645,0,07,000,00,2,2,01,A01
201200050646,0,33,000,00,2,1,12,A01
201200050646,0,07,000,00,2,4,02,B01
201200050647,0,07,000,00,2,1,02,C01
201200050647,0,07,000,00,2,6,11,B01
201200050647,0,07,000,00,2,8,01,A01
201200050648,0,33,000,00,2,1,02,B01
201200050648,0,07,000,00,2,5,01,A01
201200050649,0,07,000,00,2,2,02,B01
201200050649,0,34,000,00,2,1,03,A01
201200050649,1,15,000,00,2,1,01,Z01
201200050650,0,33,000,04,0,8,01,A01
201200050651,0,07,000,00,2,5,12,A01
201200050651,0,34,000,00,2,1,03,B01
201200050652,0,33,000,00,2,8,01,B01
201200050652,0,07,000,00,2,2,12,A01
201200050653,0,07,000,00,2,8,11,A01
201200050653,0,34,000,00,2,7,01,B01
201200050654,0,07,000,00,2,4,02,C01
201200050654,0,07,000,00,2,4,02,B01
201200050654,0,07,000,00,2,1,01,A01
201200050655,0,07,000,00,2,4,01,A01
201200050655,0,07,000,00,2,1,02,B02
201200050656,0,07,000,00,2,1,01,C01
201200050656,0,07,000,00,2,4,02,A01
201200050656,0,07,000,00,2,4,02,B01
201200050657,0,31,000,00,2,8,18,C01
201200050657,0,07,000,00,2,7,01,A01
201200050657,0,15,000,00,2,2,01,B01
201200050658,0,33,000,00,2,1,02,A01
201200050658,0,07,000,00,2,4,01,B01
201200050659,0,33,000,00,2,1,02,A01
201200050659,0,07,000,00,2,4,01,B01
201200050659,0,07,000,00,2,6,01,C01
201200050660,0,07,000,00,2,4,01,A01
201200050660,0,07,000,00,2,1,02,B01
201200050661,0,33,000,00,0,8,01,A01
201200050662,0,33,000,00,2,4,01,A01
201200050662,0,07,000,00,2,1,02,B01
201200050663,0,07,000,00,0,0,01,A01
201200050664,0,07,000,00,2,4,01,A01
201200050664,1,07,000,00,0,0,00,Z01
201200050665,0,33,000,00,2,7,01,B01
201200050665,0,07,000,00,2,6,11,A01
201200050666,0,10,000,00,2,3,01,A01
201200050666,0,07,000,00,2,9,12,B01
201200050667,0,07,000,00,2,8,02,B01
201200050667,0,07,000,00,2,2,14,A01
201200050668,0,07,000,00,2,4,02,B01
201200050668,0,07,000,00,2,4,01,A01
201200050668,0,07,000,00,2,1,02,C01
201200050669,0,07,000,00,2,5,14,A01
201200050669,0,07,000,00,2,6,02,B01
201200050670,0,07,000,00,2,4,02,C01
201200050670,0,07,000,00,2,1,02,B01
201200050670,0,07,000,00,2,1,01,A01
201200050671,0,07,000,00,2,1,02,C01
201200050671,0,07,000,00,2,4,01,A01
201200050671,0,07,000,00,2,1,02,E01
201200050671,0,07,000,00,2,4,01,D01
201200050671,0,07,000,00,2,9,02,B01
201200050672,0,33,000,00,2,7,01,A01
201200050672,0,07,000,00,2,8,12,B01
201200050673,0,34,000,00,2,8,03,B01
201200050673,0,07,000,00,2,2,12,A01
201200050674,0,33,000,00,0,0,01,A01
201200050675,0,33,000,00,2,1,01,A01
201200050675,0,07,000,00,2,4,02,B01
201200050676,0,07,000,00,2,4,02,B01
201200050676,0,07,000,00,2,4,02,C01
201200050676,0,07,000,00,2,1,02,A01
201200050677,0,33,000,00,2,8,01,A01
201200050677,0,07,000,00,2,2,12,B01
201200050678,0,15,000,00,2,4,02,B01
201200050678,0,07,000,00,2,1,01,A01
201200050679,0,07,000,00,2,1,01,A01
201200050679,0,07,000,00,2,1,02,B01
201200050680,0,07,000,00,2,6,02,B01
201200050680,0,33,000,00,2,1,01,A01
201200050681,0,07,000,00,2,3,11,B01
201200050681,0,33,000,00,2,7,03,A01
201200050682,1,10,000,00,2,2,17,Z01
201200050682,0,07,000,00,2,6,01,A01
201200050683,0,07,000,04,2,2,01,A01
201200050683,0,07,000,00,2,8,01,B01
201200050684,0,33,000,03,6,2,21,A01
201200050685,0,07,000,00,0,0,01,A01
201200050686,0,34,000,00,2,8,03,B01
201200050686,0,07,000,00,2,2,12,A01
201200050687,0,07,000,04,2,2,01,D01
201200050687,0,07,000,00,2,2,01,E01
201200050687,0,07,000,04,2,4,01,B01
201200050687,0,07,000,00,2,4,01,C01
201200050687,0,13,000,00,2,1,02,A01
201200050688,0,07,000,00,2,1,02,C01
201200050688,0,07,000,00,2,4,01,D01
201200050688,0,32,000,00,2,8,01,A01
201200050688,0,07,000,00,2,1,21,B01
201200050689,0,07,000,00,2,1,02,B01
201200050689,0,07,000,00,2,4,01,A01
201200050689,0,07,000,00,2,1,02,C01
201200050690,0,07,000,04,0,9,00,A01
201200050691,0,07,000,04,0,9,01,A01
201200050692,0,07,000,00,2,2,02,B01
201200050692,0,07,000,00,2,3,18,A01
201200050693,0,07,000,04,0,1,02,A01
201200050694,0,07,000,00,2,3,01,A01
201200050694,0,07,000,00,2,4,02,C01
201200050694,0,07,000,00,2,5,02,B01
201200050695,0,32,000,00,0,8,01,A01
201200050696,0,07,000,00,0,0,01,A01
201200050697,0,07,000,00,0,0,13,A01
201200050698,0,07,000,00,2,6,02,C01
201200050698,0,33,000,00,2,7,03,B01
201200050698,0,33,000,00,2,2,03,A01
201200050698,0,07,000,00,2,2,01,D01
201200050699,0,33,000,00,2,2,03,A01
201200050699,0,07,000,00,2,3,11,B01
201200050700,0,07,000,04,0,1,01,A01
201200050701,0,07,000,04,2,4,01,B01
201200050701,0,33,000,04,2,1,01,A01
201200050702,0,07,000,00,2,8,11,A01
201200050702,0,33,000,00,2,2,03,B01
201200050703,0,34,000,00,0,1,03,A01
201200050704,0,34,000,00,0,8,03,A01
201200050705,0,07,000,00,0,1,01,A01
201200050706,0,07,000,00,2,9,12,A01
201200050706,0,07,000,00,2,6,01,B01
201200050707,0,33,000,00,2,9,03,A01
201200050707,0,07,000,00,0,5,12,B01
201200050708,0,07,000,00,2,7,01,B01
201200050708,0,07,000,00,2,6,01,C01
201200050708,0,33,000,00,2,9,03,A01
201200050709,0,33,000,00,2,1,02,B01
201200050709,0,07,000,00,2,2,01,A01
201200050710,0,07,000,00,2,9,01,A01
201200050710,0,07,000,00,2,4,01,C01
201200050710,0,07,000,00,2,8,01,B01
201200050711,0,07,000,00,2,4,02,C01
201200050711,0,07,000,00,2,9,01,B01
201200050711,0,07,000,00,2,1,02,A01
201200050712,0,33,000,00,2,4,17,A01
201200050712,0,38,001,00,2,4,15,B01
201200050713,0,33,000,00,2,1,01,A01
201200050713,0,07,000,00,2,4,23,B01
201200050714,0,33,000,00,0,2,00,A01
201200050715,0,33,000,00,2,1,01,C01
201200050715,0,15,000,00,2,7,12,A01
201200050715,0,07,000,00,2,6,01,B01
201200050716,0,33,000,00,2,1,01,A01
201200050716,0,33,000,00,2,4,01,B01
201200050717,0,07,000,00,2,6,02,C01
201200050717,0,33,000,00,2,1,03,A01
201200050717,0,07,000,00,2,6,02,B01
201200050718,0,07,000,00,2,8,11,C01
201200050718,0,33,000,00,2,1,03,B01
201200050718,0,07,000,00,2,4,01,A01
201200050719,0,07,000,13,0,1,01,A01
201200050720,0,33,000,00,2,1,02,B01
201200050720,0,07,000,00,2,5,02,C01
201200050720,0,07,000,00,2,6,01,A01
201200050721,0,07,000,00,2,8,01,B01
201200050721,0,07,000,00,2,1,01,A01
201200050722,0,07,000,00,0,0,00,A01
201200050723,0,07,000,00,2,5,10,A01
201200050723,0,33,000,00,2,1,02,B01
201200050724,0,07,000,04,2,6,01,A01
201200050724,0,07,000,00,2,2,11,B01
201200050725,0,07,000,05,2,1,02,B01
201200050725,0,07,000,05,2,3,01,A01
201200050726,0,33,000,00,2,7,17,B01
201200050726,0,07,000,00,2,2,01,A01
201200050727,0,07,000,00,2,8,11,B01
201200050727,0,31,000,00,2,8,03,A01
201200050728,0,07,000,00,2,4,01,A01
201200050728,0,07,000,00,2,1,02,C01
201200050728,0,07,000,00,2,9,02,B01
201200050729,0,34,000,00,0,1,01,A01
201200050730,0,33,000,00,2,8,01,B01
201200050730,0,07,000,00,2,7,17,A01
201200050731,0,07,000,03,0,2,01,A01
201200050732,1,07,000,00,0,1,01,Z01
201200050732,0,30,000,00,2,7,01,B01
201200050733,0,07,000,04,0,2,01,A01
201200050734,0,07,000,04,0,3,01,A01
201200050735,0,07,000,04,0,9,01,A01
201200050736,0,10,000,00,2,4,01,A01
201200050736,0,07,000,00,2,1,02,B01
201200050737,0,07,000,00,2,4,01,A01
201200050737,0,10,000,00,2,1,02,B01
201200050738,0,07,000,00,2,3,11,B01
201200050738,0,13,000,00,2,5,01,A01
201200050738,0,07,000,00,2,2,01,C01
201200050739,0,07,000,00,2,4,02,A01
201200050740,0,07,000,04,0,3,01,A01
201200050741,0,07,000,00,2,2,01,A01
201200050741,0,07,000,00,2,4,02,C01
201200050741,0,33,000,00,2,8,03,D01
201200050741,0,07,000,00,2,6,02,B01
201200050742,0,33,000,00,2,8,18,A01
201200050742,0,15,000,00,2,7,01,B01
201200050743,0,15,000,00,2,3,01,A01
201200050743,0,07,000,00,2,4,01,B01
201200050744,0,07,000,00,2,8,01,B01
201200050744,0,07,000,00,2,7,14,A01
201200050745,0,34,000,00,2,7,03,B01
201200050745,0,07,000,00,2,3,11,A01
201200050746,0,34,000,00,2,1,03,A01
201200050746,0,07,000,00,2,4,01,B01
201200050747,0,07,000,00,2,4,12,B01
201200050747,0,15,000,00,2,6,02,C01
201200050747,0,07,000,00,2,1,01,A01
201200050748,0,33,000,00,0,1,01,A01
201200050749,0,07,000,00,2,1,02,B01
201200050749,0,07,000,00,2,1,13,A01
201200050750,0,07,000,00,2,1,01,A01
201200050750,0,07,000,00,2,4,02,B01
201200050751,0,07,000,00,2,4,01,B01
201200050751,2,07,000,00,2,1,14,Z01
201200050751,0,10,000,00,2,4,02,C01