Num_Acc,senc,catv,occutc,obs,obsm,choc,manv,num_veh
201200051423,0,07,000,00,2,4,02,C01
201200051423,0,07,000,00,2,4,02,B01
201200051424,0,07,000,07,0,1,14,A01
201200051425,0,07,000,04,0,3,13,A01
201200051426,0,07,000,00,2,3,01,B01
201200051426,0,07,000,05,2,2,12,A01
201200051427,0,33,000,04,0,8,00,A01
201200051428,0,07,000,00,2,9,01,B01
201200051428,0,07,000,00,2,9,01,C01
201200051428,0,10,000,00,2,1,01,A01
201200051428,0,07,000,00,2,4,01,D01
201200051429,0,07,000,00,2,1,02,A01
201200051429,0,07,000,00,2,4,02,B01
201200051429,0,07,000,00,2,4,02,C01
201200051430,0,10,000,00,0,6,01,B01
201200051430,0,07,000,00,2,1,01,A01
201200051431,0,07,000,04,0,7,14,A01
201200051432,0,17,000,00,2,1,01,A01
201200051432,0,07,000,04,0,8,01,C01
201200051432,0,07,000,00,2,4,01,B01
201200051433,0,07,000,00,2,1,05,A01
201200051433,0,07,000,00,2,1,05,B01
201200051434,0,07,000,00,2,3,01,B01
201200051434,1,07,000,00,2,5,14,A01
201200051435,0,07,000,03,0,7,14,A01
201200051436,0,07,000,00,1,2,01,A01
201200051437,0,07,000,00,2,3,01,A01
201200051437,0,32,000,00,2,1,02,B01
201200051438,0,30,000,00,2,1,01,A01
201200051438,0,07,000,00,2,8,01,B01
201200051439,0,32,000,00,2,6,07,A01
201200051439,0,07,000,00,0,6,11,B01
201200051440,1,07,000,00,2,0,02,A01
201200051440,0,07,000,00,2,4,02,B01
201200051441,0,07,000,00,1,2,14,A01
201200051442,0,07,000,00,1,2,01,A01
201200051443,0,07,000,00,1,1,01,A01
201200051444,0,07,000,00,1,5,04,A01
201200051445,0,07,000,01,2,8,00,A01
201200051446,0,10,000,08,2,1,02,A01
201200051446,0,07,000,00,2,8,02,B01
201200051447,0,07,000,00,2,3,09,A01
201200051447,0,01,000,00,2,2,01,B01
201200051448,0,30,000,00,2,2,01,A01
201200051448,0,07,000,00,2,3,01,B01
201200051449,0,07,000,00,2,1,02,A01
201200051449,0,14,000,00,2,5,23,B01
201200051450,0,07,000,00,2,1,02,A01
201200051450,0,07,000,00,0,4,23,B01
201200051451,0,07,000,01,0,1,01,A01
201200051452,0,07,000,01,2,3,16,A01
201200051452,0,07,000,00,2,2,01,B01
201200051453,0,07,000,07,0,2,14,A01
201200051454,0,37,001,00,1,0,02,A01
201200051455,0,07,000,00,2,3,15,B01
201200051455,0,01,000,00,2,7,05,A01
201200051456,1,07,000,00,1,0,00,A01
201200051457,0,10,000,00,2,2,01,A01
201200051457,0,31,000,00,2,9,01,B01
201200051458,0,07,000,00,9,3,15,A01
201200051458,0,01,000,00,2,7,00,B01
201200051459,0,07,000,00,2,8,15,A01
201200051459,0,32,000,00,2,2,02,B01
201200051460,0,07,000,00,1,1,02,A01
201200051461,0,07,000,00,1,3,01,A01
201200051462,0,07,000,00,2,1,01,A01
201200051462,0,07,000,00,2,1,01,B01
201200051463,0,33,000,00,2,1,01,A01
201200051463,0,07,000,00,9,8,15,B01
201200051464,0,07,000,01,1,2,13,A01
201200051464,0,10,000,00,2,0,24,B01
201200051465,0,30,000,00,2,6,13,A01
201200051465,0,30,000,00,2,3,01,B01
201200051466,0,10,000,06,0,1,00,A01
201200051467,0,07,000,00,2,1,01,A01
201200051467,0,30,000,00,2,7,01,B01
201200051468,0,33,000,00,2,5,15,B01
201200051468,0,07,000,00,2,8,15,A01
201200051469,0,07,000,00,2,1,01,A01
201200051469,0,02,000,00,2,7,01,B01
201200051470,0,07,000,00,9,1,01,A01
201200051471,0,07,000,01,2,6,04,A01
201200051471,0,07,000,00,2,1,01,B01
201200051472,0,07,000,00,2,1,15,B01
201200051472,0,30,000,00,2,1,01,A01
201200051473,0,07,000,00,2,1,01,A01
201200051473,0,03,000,00,2,7,01,B01
201200051474,0,07,000,00,1,3,01,A01
201200051475,0,07,000,00,1,2,01,A01
201200051476,0,07,000,00,9,1,15,A01
201200051476,0,01,000,00,2,1,00,B01
201200051477,0,30,000,00,2,8,01,A01
201200051477,0,07,000,00,2,7,02,B01
201200051477,0,07,000,00,2,0,02,C01
201200051478,0,07,000,00,2,7,01,B01
201200051478,0,07,000,00,2,1,01,A01
201200051479,0,07,000,00,1,1,15,A01
201200051480,0,07,000,00,2,2,01,B01
201200051480,0,07,000,00,2,3,01,A01
201200051481,0,07,000,00,2,1,01,A01
201200051481,0,07,000,00,2,9,01,B01
201200051482,0,30,000,00,2,1,01,A01
201200051482,0,10,000,00,2,4,23,B01
201200051483,0,07,000,00,2,1,01,A01
201200051483,0,07,000,00,2,4,01,B01
201200051484,0,20,000,00,2,8,01,A01
201200051484,0,07,000,00,2,1,01,B01
201200051485,0,07,000,00,2,3,10,A01
201200051485,0,30,000,00,2,2,01,B01
201200051486,0,31,000,00,2,7,01,B01
201200051486,0,07,000,00,2,8,01,C01
201200051486,1,07,000,00,0,0,00,Z01
201200051487,0,07,000,00,2,1,01,A01
201200051487,0,07,000,00,2,1,01,B01
201200051488,0,07,000,00,1,3,01,A01
201200051489,0,07,000,00,2,3,15,A01
201200051489,0,07,000,00,2,3,01,B01
201200051490,0,07,000,00,2,7,01,B01
201200051490,0,07,000,00,2,1,01,A01
201200051491,0,07,000,08,2,9,01,B01
201200051491,0,07,000,00,2,1,01,A01
201200051492,0,07,000,00,2,5,01,B01
201200051492,0,07,000,00,2,3,01,C01
201200051492,0,10,000,00,2,1,01,A01
201200051493,0,07,000,01,2,7,01,B01
201200051493,0,07,000,01,2,3,01,A01
201200051494,0,07,000,09,2,7,15,A01
201200051494,0,07,000,00,2,2,01,B01
201200051495,0,07,000,00,2,3,15,A01
201200051495,0,07,000,01,0,1,24,C01
201200051495,0,07,000,00,0,4,24,D01
201200051495,0,33,000,00,2,1,00,B01
201200051496,0,30,000,00,2,1,19,A01
201200051496,0,07,000,00,2,8,01,B01
201200051497,0,07,000,00,2,7,16,A01
201200051497,0,31,000,00,2,8,01,B01
201200051498,0,33,000,00,2,6,01,A01
201200051498,0,10,000,00,2,1,01,B01
201200051499,0,01,000,00,2,8,18,A01
201200051499,0,14,000,00,2,5,16,B01
201200051500,0,07,000,00,2,1,01,A01
201200051500,0,07,000,00,2,4,01,B01
201200051501,0,07,000,00,2,1,00,A01
201200051501,0,07,000,00,2,4,00,B01
201200051501,0,07,000,00,0,4,00,C01
201200051502,0,07,000,00,2,1,02,A01
201200051502,0,07,000,00,2,4,23,B01
201200051503,0,07,000,00,2,8,01,A01
201200051503,0,07,000,00,2,1,01,B01
201200051504,0,10,000,00,2,2,01,A01
201200051504,0,30,000,00,2,3,01,B01
201200051505,0,07,000,00,2,2,16,A01
201200051505,0,30,000,08,2,1,01,B01
201200051506,0,02,000,00,1,7,01,A01
201200051507,0,37,001,00,1,5,01,A01
201200051508,0,07,000,00,2,2,12,A01
201200051508,0,07,000,01,2,8,20,B01
201200051508,0,10,000,00,0,0,20,D01
201200051509,0,07,000,00,2,3,01,A01
201200051509,0,32,000,00,2,1,01,B01
201200051510,0,07,000,00,1,4,04,A01
201200051511,0,10,000,00,1,4,04,A01
201200051512,0,07,000,00,1,3,15,A01
201200051513,0,07,000,00,1,1,01,A01
201200051514,1,07,000,00,2,1,01,Z01
201200051514,0,07,000,01,2,7,01,B01
201200051515,0,07,000,00,2,7,16,A01
201200051515,0,33,000,08,2,1,01,B01
201200051516,0,33,000,00,1,1,01,A01
201200051517,0,37,001,00,2,3,01,B01
201200051517,0,37,001,00,9,1,08,A01
201200051518,0,30,000,00,2,1,02,A01
201200051518,0,07,000,00,2,6,15,B01
201200051519,0,30,000,00,2,2,07,A01
201200051519,0,07,000,00,2,8,15,B01
201200051520,0,38,001,00,1,1,01,A01
201200051521,0,07,000,00,2,8,01,B01
201200051521,0,33,000,00,2,1,01,A01
201200051522,0,07,000,00,2,1,02,A01
201200051522,0,07,000,00,2,4,02,B01
201200051523,0,07,000,00,9,1,02,B01
201200051523,0,01,000,00,2,1,01,A01
201200051524,0,07,000,00,2,1,02,A01
201200051524,0,07,000,00,2,4,23,B01
201200051524,0,07,000,00,2,4,23,C01
201200051525,0,30,000,00,2,7,05,A01
201200051525,0,07,000,00,2,1,09,B01
201200051526,0,01,000,08,2,7,01,A01
201200051526,0,07,000,00,2,1,02,B01
201200051527,0,07,000,00,2,4,02,B01
201200051527,0,07,000,00,2,4,02,C01
201200051527,0,07,000,00,2,1,01,A01
201200051528,0,07,000,00,1,1,01,A01
201200051529,0,01,000,00,2,4,13,B01
201200051529,0,07,000,00,2,1,02,A01
201200051530,0,07,000,00,1,5,04,A01
201200051531,0,07,000,00,2,1,01,A01
201200051531,0,07,000,01,2,8,01,B01
201200051532,0,30,000,00,1,3,01,A01
201200051533,0,01,000,00,2,1,19,A01
201200051533,0,07,000,00,2,5,01,B01
201200051534,0,02,000,00,2,8,18,A01
201200051534,0,07,000,00,2,2,16,B01
201200051535,0,07,000,00,2,3,09,A01
201200051535,0,01,000,00,2,1,08,B01
201200051536,0,07,000,00,9,7,01,A01
201200051536,0,01,000,00,2,1,01,B01
201200051537,0,07,000,00,2,3,01,B01
201200051537,0,07,000,00,2,3,01,A01
201200051538,0,01,000,00,1,3,05,A01
201200051539,0,07,000,00,2,6,24,A01
201200051539,0,01,000,00,2,1,01,B01
201200051540,0,07,000,11,0,1,01,A01
201200051541,0,32,000,00,2,1,01,A01
201200051541,0,07,000,00,2,2,15,B01
201200051542,0,07,000,00,2,1,01,A01
201200051542,0,07,000,00,2,4,02,B01
201200051542,0,07,000,00,2,4,02,C01
201200051543,0,07,000,00,2,7,01,B01
201200051543,0,07,000,00,2,1,01,A01
201200051544,0,02,000,00,2,1,01,B01
201200051544,0,07,000,00,2,3,19,A01
201200051545,0,07,000,00,2,2,16,B01
201200051545,0,30,000,00,2,1,03,A01
201200051546,0,07,000,00,1,2,01,A01
201200051547,0,07,000,00,2,7,15,A01
201200051547,0,33,000,00,2,1,01,B01
201200051548,0,07,000,00,9,4,01,B01
201200051548,0,30,000,00,2,3,01,A01
201200051549,0,07,000,00,2,5,23,B01
201200051549,0,32,000,00,2,3,02,A01
201200051550,0,07,000,00,1,2,01,A01
201200051551,0,10,000,00,2,1,01,A01
201200051551,0,10,000,00,2,1,01,B01
201200051552,0,01,000,00,2,7,01,B01
201200051552,0,07,000,00,2,7,17,A01
201200051553,0,03,000,01,0,1,01,A01
201200051554,0,07,000,00,2,2,01,A01
201200051554,0,32,000,00,2,1,01,B01
201200051555,0,07,000,00,2,1,01,B01
201200051555,0,07,000,00,0,8,01,A01
201200051556,0,33,000,00,2,2,01,A01
201200051556,0,07,000,00,2,6,13,B01
201200051557,0,07,000,00,2,1,01,B01
201200051557,0,01,000,00,2,7,05,A01
201200051558,0,07,000,00,2,5,01,A01
201200051558,0,33,000,00,2,1,01,B01
201200051559,0,32,000,00,2,8,15,A01
201200051559,0,33,000,00,2,1,01,B01
201200051560,0,01,000,01,0,1,01,A01
201200051561,0,30,000,00,2,1,01,A01
201200051561,0,07,000,00,2,7,01,B01
201200051562,0,07,000,00,2,1,02,A01
201200051562,0,07,000,00,2,4,23,B01
201200051562,0,07,000,00,2,4,23,C01
201200051563,0,34,000,00,2,4,01,A01
201200051563,0,07,000,00,2,4,01,B01
201200051564,0,07,000,00,2,1,02,A01
201200051564,0,07,000,00,2,4,01,B01
201200051565,0,07,000,00,1,1,01,A01
201200051566,0,01,000,00,0,0,00,B01
201200051566,2,07,000,00,0,0,00,Z01
201200051567,0,01,000,00,2,7,01,B01
201200051567,0,07,000,00,2,1,01,A01
201200051568,0,07,000,08,0,1,01,A01
201200051569,0,07,000,00,2,2,02,A01
201200051569,0,07,000,00,2,3,02,B01
201200051570,0,07,000,00,2,1,01,A01
201200051570,0,07,000,00,2,3,01,B01
201200051571,0,99,000,00,2,4,09,A01
201200051571,0,07,000,00,2,1,01,B01
201200051572,0,07,000,00,9,5,16,A01
201200051572,0,01,000,00,2,9,01,B01
201200051573,0,07,000,00,1,0,00,A01
201200051574,0,07,000,00,2,1,01,A01
201200051574,0,07,000,00,2,4,23,B01
201200051575,0,07,000,00,1,1,01,A01
201200051576,0,07,000,00,2,2,16,A01
201200051576,0,30,000,00,2,1,01,B01
201200051577,0,37,001,00,2,7,17,A01
201200051577,0,01,000,00,2,8,01,B01
201200051578,0,01,000,00,2,7,01,B01
201200051578,0,07,000,00,2,3,05,A01
201200051579,0,07,000,00,2,1,02,A01
201200051579,0,07,000,00,2,4,01,B01
201200051579,0,07,000,00,2,4,01,C01
201200051580,0,07,000,00,2,1,01,A01
201200051580,0,07,000,00,2,7,01,B01
201200051581,0,07,000,00,2,1,02,A01
201200051581,0,07,000,00,2,4,01,B01
201200051581,0,07,000,00,2,4,23,C01
201200051582,0,07,000,00,2,6,15,B01
201200051582,0,30,000,00,2,1,17,A01
201200051583,0,33,000,00,2,8,24,A01
201200051583,0,07,000,00,2,3,09,B01
201200051583,0,07,000,00,2,2,24,C01
201200051584,0,01,000,00,2,0,00,A01
201200051584,0,07,000,00,2,5,01,B01
201200051585,0,07,000,00,2,6,13,B01
201200051585,0,07,000,00,2,1,11,A01
201200051586,0,07,000,00,2,2,01,A01
201200051586,0,07,000,00,2,4,16,B01
201200051587,0,32,000,00,2,1,01,A01
201200051587,0,07,000,00,2,6,15,B01
201200051588,0,01,000,00,1,1,01,A01
201200051589,0,07,000,00,9,4,01,B01
201200051589,0,33,000,00,2,1,01,A01
201200051590,0,07,000,00,2,2,01,A01
201200051590,0,33,000,00,2,1,01,B01
201200051591,0,07,000,00,2,1,15,A01
201200051591,0,07,000,00,2,4,15,B01
201200051592,0,07,000,00,2,1,01,A01
201200051592,0,07,000,00,2,8,01,B01
201200051592,0,01,000,00,2,8,01,C01
201200051593,0,07,000,00,0,8,02,B01
201200051593,0,07,000,00,0,1,02,A01
201200051594,0,01,000,00,2,6,02,B01
201200051594,1,07,000,00,2,1,00,Z01
201200051595,0,10,000,00,1,4,20,A01
201200051596,0,07,000,00,2,2,19,A01
201200051596,0,07,000,00,2,8,01,B01
201200051597,0,99,000,00,2,6,01,B01
201200051597,0,32,000,00,2,7,02,A01
201200051598,0,30,000,00,2,0,01,B01
201200051598,0,07,000,00,2,0,10,A01
201200051599,0,07,000,00,4,6,15,A01
201200051599,0,40,010,00,2,1,01,B01
201200051600,0,34,000,00,1,1,01,A01
201200051601,0,07,000,00,1,3,00,A01
201200051602,0,30,000,00,2,1,01,A01
201200051602,0,07,000,00,2,1,01,B01
201200051603,1,07,000,00,2,1,01,A01
201200051603,0,32,000,00,2,7,01,B01
201200051604,0,30,000,00,2,8,01,A01
201200051604,0,31,000,00,2,1,15,B01
201200051605,0,01,000,00,4,7,01,A01
201200051605,0,40,001,00,2,1,01,B01
201200051606,0,07,000,00,2,1,01,A01
201200051606,0,07,000,00,2,4,01,B01
201200051606,0,07,000,00,2,4,01,C01
201200051606,0,07,000,00,2,4,01,D01
201200051607,0,31,000,00,0,8,02,A01
201200051608,0,07,000,00,2,7,01,B01
201200051608,1,07,000,00,2,1,01,A01
201200051609,0,07,000,15,0,1,14,A01
201200051609,0,07,000,00,2,7,00,B01
201200051609,0,07,000,00,2,4,00,C01
201200051610,0,07,000,00,0,7,01,B01
201200051610,0,01,000,00,0,1,01,A01
201200051611,0,32,000,00,1,5,13,A01
201200051612,0,07,000,00,1,4,04,A01
201200051613,0,07,000,00,2,3,15,A01
201200051613,0,31,000,00,2,7,01,B01
201200051614,0,07,000,00,1,2,01,A01
201200051615,0,07,000,00,1,1,01,A01
201200051616,0,40,001,00,1,0,00,A01
201200051617,0,07,000,00,2,7,10,A01
201200051617,0,33,000,00,2,5,01,B01
201200051618,0,33,000,00,2,1,01,B01
201200051618,0,07,000,00,0,2,15,A01
201200051619,0,07,000,00,1,3,15,A01
201200051620,0,07,000,00,2,3,02,A01
201200051620,0,01,000,00,2,4,02,B01
201200051621,0,01,000,00,2,1,01,B01
201200051621,0,07,000,00,2,3,01,A01
201200051622,0,07,000,00,2,3,05,A01
201200051622,0,33,000,00,2,8,01,B01
201200051623,0,02,000,00,1,1,02,A01
201200051624,0,33,000,00,2,0,01,B01
201200051624,0,07,000,00,2,0,12,A01
201200051625,0,07,000,00,1,4,04,A01
201200051626,0,07,000,00,1,1,15,A01
201200051627,0,07,000,00,2,1,01,A01
201200051627,0,07,000,00,2,7,01,B01
201200051628,0,07,000,00,2,2,16,A01
201200051628,0,37,001,00,2,3,01,B01
201200051629,0,07,000,00,2,1,01,B01
201200051629,0,07,000,00,2,2,01,A01
201200051630,0,01,000,00,2,1,01,A01
201200051630,0,07,000,00,9,1,01,B01
201200051631,0,03,000,00,1,0,00,A01
201200051632,0,33,000,00,2,1,01,A01
201200051632,0,07,000,00,2,5,23,B01
201200051633,0,07,000,00,0,0,16,A01
201200051633,0,01,000,00,0,0,21,B01
201200051634,0,30,000,00,2,3,01,A01
201200051634,0,07,000,00,2,5,16,B01
201200051635,0,37,040,00,2,1,01,B01
201200051635,0,10,000,00,2,6,01,A01
201200051636,0,32,000,00,2,1,11,A01
201200051636,0,10,000,00,2,2,01,B01
201200051637,0,07,000,00,1,6,04,A01
201200051638,0,07,000,00,2,2,16,A01
201200051638,0,30,000,00,2,3,01,B01
201200051639,0,01,000,00,2,1,01,A01
201200051639,0,32,000,00,2,1,01,B01
201200051640,0,38,001,00,1,2,01,A01
201200051641,0,01,000,00,2,3,13,A01
201200051641,0,07,000,00,2,2,01,B01
201200051642,0,07,000,00,2,2,01,A01
201200051642,0,07,000,00,2,1,01,B01
201200051643,0,30,000,00,2,2,00,A01
201200051643,0,07,000,00,2,3,13,B01
201200051644,0,01,000,00,2,8,01,A01
201200051644,0,37,030,00,2,5,17,B01
201200051645,0,01,000,00,2,1,00,A01
201200051645,0,07,000,00,2,7,00,B01
201200051646,0,07,000,00,2,3,01,A01
201200051646,0,07,000,00,2,1,01,B01
201200051647,0,07,000,00,0,7,20,A01
201200051647,0,33,000,00,2,1,02,B01
201200051648,0,37,035,00,1,2,01,A01
201200051649,0,07,000,00,9,0,24,A01
201200051649,0,01,000,00,0,0,21,B01
201200051650,0,07,000,00,2,8,15,A01
201200051650,0,33,000,00,2,1,01,B01
201200051651,0,07,000,00,1,1,01,A01
201200051652,0,30,000,00,2,1,02,A01
201200051652,0,07,000,00,2,4,02,B01
201200051653,0,07,000,00,2,2,01,A01
201200051653,0,07,000,00,2,3,01,B01
201200051654,0,30,000,00,2,1,01,B01
201200051654,0,07,000,00,2,3,01,A01
201200051655,0,01,000,00,0,9,01,A01
201200051655,0,07,000,00,0,2,01,B01
201200051656,0,31,000,00,2,7,01,A01
201200051656,0,07,000,00,2,1,01,B01
201200051657,0,07,000,00,2,1,01,A01
201200051657,0,07,000,00,2,5,01,B01
201200051658,0,01,000,00,2,8,19,A01
201200051658,0,07,000,00,9,1,19,B01
201200051659,0,33,000,00,2,1,01,A01
201200051659,0,07,000,00,2,6,01,B01
201200051660,0,01,000,00,2,6,19,A01
201200051660,0,07,000,00,2,3,01,B01
201200051661,0,07,000,00,2,7,16,A01
201200051661,0,99,000,00,2,1,01,B01
201200051662,0,07,000,00,9,7,17,A01
201200051662,0,33,000,00,2,1,01,B01
201200051663,0,07,000,00,2,2,01,B01
201200051663,0,07,000,00,2,8,01,A01
201200051664,0,17,000,00,2,7,16,A01
201200051664,0,07,000,00,2,8,02,B01
201200051665,0,07,000,00,2,1,10,A01
201200051665,0,07,000,01,2,3,01,B01
201200051666,0,32,000,00,2,1,02,A01
201200051666,0,07,000,00,2,4,02,B01
201200051666,1,99,000,00,2,0,02,C01
201200051667,0,07,000,00,2,2,01,A01
201200051667,0,01,000,00,2,1,01,B01
201200051668,0,37,020,00,1,7,01,A01
201200051669,0,07,000,00,2,4,01,B01
201200051669,0,07,000,00,2,1,11,A01
201200051670,0,07,000,00,1,1,15,A01
201200051671,0,30,000,00,1,1,01,A01
201200051672,0,07,000,00,1,3,02,A01
201200051673,0,07,000,00,2,7,16,A01
201200051673,0,01,000,00,2,1,01,B01
201200051674,0,07,000,00,1,0,20,A01
201200051675,0,37,010,00,1,2,01,A01
201200051676,0,02,000,00,2,1,01,B01
201200051676,0,07,000,00,2,2,01,A01
201200051677,0,07,000,06,9,3,01,B01
201200051677,0,01,000,00,2,4,19,A01
201200051678,0,07,000,00,2,1,05,A01
201200051678,0,07,000,00,2,3,23,B01
201200051678,0,07,000,00,2,1,23,C01
201200051679,0,07,000,00,2,7,23,B01
201200051679,0,32,000,01,0,1,18,A01
201200051680,0,07,000,00,1,3,15,A01
201200051681,0,07,000,00,1,0,02,A01
201200051682,0,07,000,00,2,1,21,A01
201200051682,0,07,000,00,2,7,01,B01
201200051683,0,07,000,00,1,1,15,A01
201200051684,0,07,000,00,2,4,01,B01
201200051684,1,07,000,00,2,1,00,Z01
201200051685,0,07,000,00,2,3,01,B01
201200051685,0,07,000,00,2,5,00,A01
201200051686,0,07,000,00,1,2,01,A01
201200051687,0,07,000,00,2,3,02,B01
201200051687,0,01,000,00,2,1,00,A01
201200051688,0,07,000,08,0,3,00,A01
201200051689,0,40,025,00,2,1,01,B01
201200051689,0,07,000,00,4,7,01,A01
201200051690,0,01,000,00,2,0,07,B01
201200051690,0,37,045,00,2,7,07,A01
201200051691,0,32,000,00,1,3,01,A01
201200051692,0,30,000,00,2,1,01,B01
201200051692,0,07,000,00,2,6,15,A01
201200051693,0,07,000,00,1,1,01,A01
201200051694,0,07,000,00,2,2,02,A01
201200051694,0,02,000,00,0,0,01,B01
201200051695,0,07,000,00,2,4,02,B01
201200051695,0,07,000,00,2,1,02,A01
201200051696,0,33,000,00,2,1,01,B01
201200051696,0,07,000,00,2,2,15,A01
201200051697,0,02,000,00,2,2,17,A01
201200051697,0,10,000,00,2,8,15,B01
201200051698,0,07,000,00,1,2,00,A01
201200051699,0,07,000,00,1,8,02,A01
201200051700,0,33,000,00,1,1,01,A01
201200051700,0,07,000,00,2,4,00,B01
201200051701,0,07,000,00,2,6,02,A01
201200051701,0,37,001,00,0,4,23,B01
201200051701,1,07,000,00,2,1,02,Z01
201200051702,0,37,015,00,1,0,00,A01
201200051703,0,07,000,00,1,3,01,A01
201200051704,0,07,000,00,2,3,01,B01
201200051704,0,02,000,00,2,1,01,A01
201200051705,0,07,000,00,1,7,16,A01
201200051706,0,07,000,15,2,2,17,A01
201200051706,0,07,000,00,2,3,15,B01
201200051707,0,01,000,00,1,2,01,A01
201200051708,0,07,000,00,1,2,01,A01
201200051709,0,07,000,00,2,3,01,B01
201200051709,0,33,000,00,2,7,17,A01
201200051710,0,07,000,00,2,8,13,A01
201200051710,0,33,000,15,2,7,17,B01
201200051711,0,33,000,00,1,1,01,A01
201200051712,0,07,000,00,2,2,01,A01
201200051712,0,02,000,00,2,0,09,B01
201200051713,0,13,000,00,1,4,20,A01
201200051714,0,31,000,00,2,1,01,A01
201200051714,0,07,000,00,2,2,15,B01
201200051715,0,07,000,00,2,3,10,A01
201200051715,0,33,000,00,2,1,01,B01
201200051716,0,07,000,00,2,4,01,G02
201200051716,0,07,000,00,2,8,00,C01
201200051716,0,07,000,00,2,4,02,D01
201200051716,0,07,000,00,2,4,01,F02
201200051716,0,07,000,00,2,7,00,A01
201200051716,0,07,000,00,2,3,00,B01
201200051716,0,07,000,00,2,6,01,E01
201200051717,0,07,000,00,2,1,02,A01
201200051717,0,07,000,00,2,4,02,C01
201200051717,0,07,000,00,2,4,02,B01
201200051718,0,01,000,00,2,1,01,B01
201200051718,0,10,000,00,2,1,15,A01
201200051719,0,07,000,00,1,1,16,A01
201200051720,0,07,000,00,1,1,01,A01
201200051721,0,33,000,00,2,3,01,B01
201200051721,0,07,000,00,2,3,15,A01
201200051722,0,07,000,06,0,2,15,A01
201200051723,0,07,000,00,2,3,15,B01
201200051723,0,01,000,00,2,6,01,A01
201200051724,0,32,000,00,2,2,17,B01
201200051724,0,10,000,00,2,3,13,A01
201200051725,0,07,000,00,2,2,02,A01
201200051725,0,01,000,00,2,0,01,B01
201200051726,0,07,000,00,1,2,01,A01
201200051727,0,07,000,00,1,3,13,A01
201200051728,1,07,000,00,1,3,01,Z01
201200051729,0,07,000,01,0,2,20,A01
201200051730,0,07,000,00,2,6,02,B01
201200051730,0,32,000,00,2,1,02,A01
201200051731,0,14,000,00,2,1,02,A01
201200051731,0,07,000,00,0,4,02,B01
201200051732,0,14,000,00,0,4,23,B01
201200051732,0,10,000,00,2,1,02,A01
201200051733,0,07,000,04,2,6,12,A01
201200051733,0,07,000,00,0,7,02,B01
201200051734,0,15,000,00,0,6,02,B01
201200051734,0,07,000,04,2,3,02,A01
201200051735,0,07,000,00,2,8,01,A01
201200051735,0,33,000,00,2,2,03,B01
201200051736,0,07,000,00,0,4,02,B01
201200051736,0,10,000,00,2,1,02,A01
201200051737,0,07,000,03,0,1,02,A01
201200051738,0,07,000,00,0,4,02,B01
201200051738,0,07,000,00,2,1,02,A01
201200051739,0,07,000,00,0,0,02,A01
201200051739,0,07,000,00,0,4,02,B01
201200051739,0,07,000,00,2,1,02,C01
201200051739,0,07,000,00,2,1,02,D01
201200051739,0,07,000,00,2,1,02,E01
201200051740,0,07,000,00,0,4,01,C01
201200051740,0,33,000,00,2,1,01,B01
201200051740,0,10,000,00,0,0,11,A01
201200051741,0,10,000,00,0,4,02,B01
201200051741,0,07,000,00,2,1,02,A01
201200051742,1,07,000,00,1,2,14,A01
201200051743,0,07,000,00,0,4,02,B01
201200051743,0,07,000,00,2,1,02,A01
201200051744,0,07,000,04,0,1,02,A01
201200051745,0,10,000,14,0,1,02,A01
201200051746,0,07,000,00,0,6,01,B01
201200051746,0,15,000,00,2,2,12,A01
201200051747,0,07,000,00,0,4,02,B01
201200051747,0,17,000,00,2,1,02,A01
201200051748,0,07,000,00,0,4,02,C01
201200051748,0,07,000,00,2,4,02,B01
201200051748,0,07,000,00,2,1,02,A01
201200051749,0,07,000,00,0,8,01,B01
201200051749,0,15,000,00,2,2,12,A01
201200051750,0,33,000,00,0,6,02,B01
201200051750,0,07,000,00,0,0,02,A01
201200051751,0,33,000,00,0,7,00,A01
201200051752,0,07,000,00,0,0,00,A01
201200051753,0,14,000,00,2,1,02,A01
201200051753,0,17,000,00,0,4,02,B01
201200051754,0,07,000,00,2,2,01,B01
201200051754,0,07,000,03,2,1,11,A01
201200051755,0,10,000,04,0,3,02,A01
201200051756,0,07,000,00,0,4,02,B01
201200051756,0,07,000,00,2,1,02,A01
201200051757,0,07,000,13,0,4,02,B01
201200051757,0,07,000,00,2,1,02,A01
201200051758,0,07,000,03,0,2,17,A01
201200051759,0,07,000,00,0,5,01,B01
201200051759,0,07,000,00,2,1,02,A01
201200051760,0,07,000,04,0,2,02,A01
201200051761,0,10,000,00,2,2,01,B01
201200051761,0,07,000,00,2,3,11,A01
201200051762,0,07,000,04,0,2,01,A01
201200051763,0,07,000,16,0,9,02,A01
201200051764,0,07,000,00,2,1,02,A01
201200051764,0,07,000,00,0,4,01,B01
201200051765,0,07,000,00,2,3,01,B01
201200051765,0,15,000,00,2,2,12,A01
201200051766,0,07,000,00,0,8,02,A01
201200051766,0,07,000,00,2,2,14,Z01
201200051767,0,33,000,00,2,3,03,A01
201200051767,0,07,000,00,0,5,01,B01
201200051767,0,17,000,00,0,8,01,C01
201200051768,0,07,000,00,2,4,02,D01
201200051768,0,07,000,00,2,4,02,B01
201200051768,0,07,000,00,2,4,02,C01
201200051768,0,07,000,00,2,1,02,A01
201200051769,0,07,000,00,0,4,02,C01
201200051769,0,07,000,00,2,1,02,A01
201200051769,0,07,000,00,2,5,02,B01
201200051770,0,07,000,00,2,1,02,A01
201200051770,0,07,000,00,0,4,02,B01
201200051771,0,07,000,00,2,1,01,A01