Num_Acc,senc,catv,occutc,obs,obsm,choc,manv,num_veh
201200051771,0,07,000,00,0,4,23,D01
201200051771,0,07,000,00,2,4,23,C01
201200051771,0,07,000,00,2,4,23,B01
201200051772,0,99,000,00,2,8,01,C01
201200051772,0,07,000,00,2,3,21,B01
201200051772,0,07,000,00,0,0,05,A01
201200051773,0,10,000,00,0,4,01,B01
201200051773,0,07,000,03,2,2,17,A01
201200051774,0,07,000,04,0,1,02,A01
201200051775,0,17,000,00,2,2,12,A01
201200051775,0,07,000,00,2,1,01,C01
201200051775,0,07,000,00,0,6,01,B01
201200051776,0,32,000,00,2,2,00,B01
201200051776,0,10,000,00,2,3,11,A01
201200051777,0,07,000,00,2,1,02,A01
201200051777,0,07,000,00,0,4,02,B01
201200051778,0,17,000,00,2,2,12,A01
201200051778,0,07,000,00,2,1,01,C01
201200051778,0,07,000,00,0,3,01,B01
201200051779,0,07,000,04,0,3,01,A01
201200051780,0,07,000,15,0,1,01,A01
201200051781,0,07,000,00,2,6,12,A01
201200051781,0,15,000,00,2,3,01,C01
201200051781,0,15,000,00,2,7,01,B01
201200051782,0,17,000,00,2,2,12,A01
201200051782,0,07,000,00,0,6,01,B01
201200051782,0,10,000,00,2,2,02,C01
201200051783,0,07,000,00,0,9,02,A01
201200051784,0,07,000,11,0,1,01,A01
201200051785,0,33,000,00,0,8,01,A01
201200051785,0,07,000,00,0,0,11,B01
201200051786,0,07,000,00,9,1,01,B01
201200051786,0,07,000,03,0,1,01,A01
201200051787,0,17,000,00,2,4,02,B01
201200051787,0,15,000,00,2,4,02,C01
201200051787,0,15,000,00,0,4,02,D01
201200051787,0,10,000,00,2,1,02,A01
201200051788,0,07,000,00,0,4,02,D01
201200051788,0,10,000,00,0,0,02,A01
201200051788,0,07,000,00,2,4,02,C01
201200051788,0,10,000,00,2,1,02,B01
201200051789,0,07,000,00,0,4,02,B01
201200051789,0,07,000,00,2,1,02,A01
201200051790,0,14,000,00,0,4,02,B01
201200051790,0,07,000,00,2,3,02,A01
201200051791,0,10,000,13,0,1,00,A01
201200051792,0,07,000,03,0,4,02,B01
201200051792,0,07,000,00,2,3,02,A01
201200051793,0,17,000,00,2,1,02,D01
201200051793,0,10,000,00,2,1,01,A01
201200051793,0,14,000,00,2,0,02,B01
201200051793,0,17,000,00,0,4,02,C01
201200051794,0,07,000,00,0,4,02,D01
201200051794,0,07,000,00,2,4,02,C01
201200051794,0,07,000,00,2,1,02,A01
201200051794,0,07,000,00,2,4,02,B01
201200051795,0,15,000,03,0,3,06,A01
201200051796,0,07,000,00,2,1,02,A01
201200051796,0,17,000,00,0,4,02,C01
201200051796,0,07,000,00,2,4,02,B01
201200051797,0,07,000,03,0,2,02,A01
201200051798,0,07,000,04,0,3,01,A01
201200051799,0,07,000,04,0,3,01,A01
201200051800,0,07,000,04,0,1,02,A01
201200051801,0,07,000,00,0,4,01,B01
201200051801,0,07,000,00,2,1,02,A01
201200051802,0,07,000,00,2,2,12,A01
201200051802,0,33,000,00,2,8,03,B01
201200051802,0,07,000,00,0,5,23,C01
201200051803,0,07,000,00,2,2,02,A01
201200051803,0,10,000,00,0,4,02,B01
201200051804,0,10,000,00,0,6,02,B01
201200051804,0,33,000,00,2,1,11,A01
201200051805,0,07,000,00,2,8,11,B01
201200051805,0,33,000,00,2,1,00,A01
201200051806,0,07,000,00,2,1,02,A01
201200051806,0,07,000,00,0,4,02,B01
201200051807,0,07,000,00,0,6,01,B01
201200051807,0,17,000,00,2,2,12,A01
201200051808,0,07,000,00,2,6,01,A01
201200051808,0,17,000,00,2,2,01,B01
201200051809,0,10,000,00,2,4,02,C01
201200051809,0,17,000,00,2,1,02,A01
201200051809,0,07,000,00,0,4,02,D01
201200051809,0,07,000,00,2,4,02,B01
201200051810,0,07,000,00,0,4,01,B01
201200051810,0,17,000,00,2,1,01,A01
201200051811,0,15,000,00,0,1,00,A01
201200051811,0,07,000,00,2,8,01,C01
201200051811,0,07,000,00,2,1,00,B01
201200051811,0,07,000,00,0,4,00,D01
201200051812,0,07,000,03,0,3,01,A01
201200051813,0,34,000,00,0,3,03,A01
201200051814,0,07,000,03,0,7,01,B01
201200051814,0,07,000,00,2,9,11,A01
201200051815,1,17,000,00,2,2,00,Z01
201200051815,0,07,000,00,2,0,00,B01
201200051815,0,07,000,04,2,6,00,A01
201200051815,0,10,000,00,2,1,00,C01
201200051816,0,07,000,00,2,2,12,A01
201200051816,0,33,000,00,0,8,01,B01
201200051817,0,07,000,00,0,4,09,A01
201200051817,0,33,000,00,2,1,02,B01
201200051818,0,07,000,00,0,6,01,B01
201200051818,0,17,000,00,2,2,12,A01
201200051819,0,15,000,01,0,3,00,A01
201200051819,0,15,000,00,0,7,24,B01
201200051820,0,33,000,04,0,3,00,A01
201200051821,0,07,000,04,0,2,01,A01
201200051822,0,07,000,00,2,1,02,A01
201200051822,0,10,000,00,0,4,02,B01
201200051823,0,32,000,00,0,7,00,A01
201200051824,0,10,000,00,2,2,00,B01
201200051824,0,07,000,04,2,1,21,A01
201200051825,0,10,000,00,2,4,01,B01
201200051825,0,10,000,00,2,4,02,C01
201200051825,0,07,000,00,0,3,02,E01
201200051825,0,15,000,00,2,1,02,A01
201200051825,0,10,000,00,2,4,02,D01
201200051826,0,07,000,03,0,0,01,A01
201200051827,0,33,000,00,0,8,01,A01
201200051828,0,07,000,04,0,1,01,A01
201200051829,0,07,000,04,2,5,01,A01
201200051829,0,07,000,00,2,7,01,B01
201200051829,0,10,000,00,2,7,01,C01
201200051830,0,33,000,03,0,8,03,A01
201200051831,0,10,000,00,2,1,01,A01
201200051831,0,10,000,00,0,4,01,B01
201200051832,0,07,000,04,2,7,01,B01
201200051832,0,07,000,00,2,1,00,A01
201200051832,0,07,000,00,0,4,09,C01
201200051833,0,10,000,00,2,3,01,B01
201200051833,0,07,000,00,2,1,17,A01
201200051834,0,10,000,00,0,4,11,B01
201200051834,0,33,000,00,2,1,01,A01
201200051835,0,15,000,03,0,8,01,A01
201200051836,0,07,000,00,0,4,01,B01
201200051836,1,07,000,00,2,2,00,Z01
201200051837,0,33,000,00,0,8,01,A01
201200051838,0,10,000,00,0,4,02,F01
201200051838,0,15,000,00,2,4,02,B01
201200051838,0,07,000,00,2,4,02,D01
201200051838,0,07,000,00,2,4,02,C01
201200051838,0,15,000,00,2,1,01,A02
201200051838,0,07,000,00,2,4,02,E01
201200051839,0,07,000,04,0,1,00,A01
201200051840,0,07,000,03,0,1,02,A01
201200051841,0,17,000,04,0,8,02,A01
201200051842,0,07,000,04,0,2,02,A01
201200051843,0,07,000,03,0,2,02,A01
201200051844,0,17,000,00,2,7,12,A01
201200051844,0,10,000,00,0,8,01,B01
201200051845,0,33,000,00,0,2,02,A01
201200051846,0,07,000,00,2,1,01,A01
201200051846,0,07,000,00,0,5,01,B01
201200051847,0,07,000,04,2,6,02,A01
201200051847,0,07,000,00,2,1,02,B01
201200051848,0,07,000,00,2,1,02,A01
201200051848,0,07,000,00,0,4,02,B01
201200051849,0,07,000,00,2,1,01,D01
201200051849,0,17,000,00,2,1,01,C01
201200051849,0,17,000,00,2,1,01,B01
201200051849,0,10,000,00,2,1,01,A01
201200051849,0,07,000,00,2,4,01,E01
201200051850,0,15,000,01,1,2,14,A01
201200051851,0,07,000,00,2,1,01,A01
201200051851,0,07,000,00,0,5,01,B01
201200051852,0,07,000,04,0,1,12,A01
201200051853,0,07,000,04,0,3,01,A01
201200051854,0,33,000,00,2,8,01,B01
201200051854,0,15,000,00,2,6,01,C01
201200051854,0,07,000,00,2,2,12,A01
201200051855,0,07,000,00,2,2,12,A01
201200051855,0,33,000,00,2,8,03,B01
201200051856,0,10,000,00,0,6,02,B01
201200051856,0,07,000,00,2,2,02,A01
201200051857,0,07,000,00,2,1,01,A01
201200051857,0,07,000,00,0,5,01,D01
201200051857,0,07,000,00,2,4,01,B01
201200051857,0,07,000,00,0,5,01,C01
201200051858,0,07,000,04,2,5,01,B01
201200051858,0,17,000,00,2,3,11,A01
201200051859,0,07,000,00,2,1,02,B01
201200051859,0,07,000,00,2,1,05,A01
201200051860,0,33,000,00,0,0,03,B01
201200051860,0,10,000,00,2,7,12,A01
201200051860,0,33,000,00,2,1,02,C01
201200051861,0,10,000,00,0,4,02,B01
201200051861,0,07,000,00,2,1,02,A01
201200051862,0,07,000,00,2,1,01,B01
201200051862,0,07,000,00,2,1,01,D01
201200051862,0,07,000,00,0,4,01,A02
201200051862,1,99,000,00,2,0,02,Z01
201200051862,0,10,000,00,2,4,01,C01
201200051862,0,07,000,00,0,4,01,E01
201200051863,0,07,000,00,2,1,01,A01
201200051863,0,33,000,00,2,6,01,B01
201200051864,0,10,000,00,2,7,00,B01
201200051864,0,07,000,00,2,1,01,A01
201200051865,0,07,000,00,2,3,02,A01
201200051865,0,07,000,00,0,4,02,B01
201200051866,0,14,000,00,2,3,11,A01
201200051866,0,07,000,00,0,5,02,B01
201200051867,0,07,000,00,2,2,12,A01
201200051867,0,33,000,00,0,8,01,B01
201200051868,0,10,000,00,2,3,02,B01
201200051868,0,07,000,00,2,4,02,C01
201200051868,0,07,000,00,2,4,02,D01
201200051868,0,15,000,00,2,1,02,A01
201200051869,0,07,000,00,2,1,01,A01
201200051869,0,10,000,00,0,4,02,C01
201200051869,0,07,000,00,2,4,01,B01
201200051870,0,07,000,00,0,0,11,B01
201200051870,0,33,000,00,0,8,01,A01
201200051871,0,17,000,00,2,1,02,A01
201200051871,0,07,000,00,0,4,02,C01
201200051871,0,07,000,00,2,4,02,B01
201200051872,0,07,000,03,0,1,01,A01
201200051873,0,07,000,00,2,1,01,A01
201200051873,0,07,000,00,2,4,01,B01
201200051874,0,07,000,00,2,8,11,A01
201200051874,0,33,000,00,2,0,00,B01
201200051874,0,07,000,00,0,4,01,C01
201200051875,0,07,000,00,2,5,02,B01
201200051875,0,33,000,00,2,1,00,A01
201200051876,0,33,000,00,0,0,02,A01
201200051877,0,33,000,07,0,1,01,A01
201200051878,0,07,000,03,0,3,02,A01
201200051879,0,07,000,00,2,8,15,A01
201200051879,0,07,000,00,0,6,23,B01
201200051880,0,07,000,00,0,8,01,B01
201200051880,0,15,000,00,2,2,12,A01
201200051881,0,07,000,03,2,2,02,A01
201200051881,0,07,000,00,2,1,02,B01
201200051882,0,07,000,00,2,1,01,A01
201200051882,0,07,000,00,0,4,01,C01
201200051882,0,10,000,00,2,4,01,B01
201200051883,0,07,000,03,0,1,01,A01
201200051884,0,07,000,00,0,8,01,C01
201200051884,0,07,000,00,0,5,01,B01
201200051884,0,33,000,00,2,1,03,A01
201200051885,0,32,000,04,0,2,01,A01
201200051886,0,33,000,03,0,8,02,A01
201200051887,0,07,000,00,0,4,02,C01
201200051887,0,07,000,00,2,4,02,B01
201200051887,0,07,000,00,2,1,01,A01
201200051888,0,07,000,00,2,4,02,C01
201200051888,0,10,000,00,2,1,02,A01
201200051888,0,07,000,00,0,4,02,D01
201200051888,0,07,000,00,2,4,02,B01
201200051889,0,07,000,00,0,2,02,B01
201200051889,0,07,000,00,2,2,09,A01
201200051890,0,07,000,00,0,1,01,A01
201200051891,0,15,000,00,2,2,17,A01
201200051891,0,10,000,04,2,3,01,B01
201200051892,0,10,000,00,0,4,02,B01
201200051892,0,31,000,00,2,1,02,A01
201200051893,0,07,000,00,0,0,11,A01
201200051893,0,33,000,00,0,0,02,B01
201200051894,0,07,000,00,0,1,01,C01
201200051894,0,17,000,00,2,2,12,A01
201200051894,0,07,000,00,2,8,01,B01
201200051895,0,07,000,00,2,1,01,A01
201200051895,0,07,000,00,0,4,02,B01
201200051895,0,07,000,00,0,0,00,C01
201200051896,0,17,000,00,2,2,01,B01
201200051896,0,07,000,03,2,7,01,A01
201200051897,0,07,000,00,0,4,02,B01
201200051897,0,33,000,00,2,1,14,A01
201200051898,0,07,000,00,2,5,09,A01
201200051898,0,15,000,00,2,3,01,B01
201200051899,0,14,000,00,2,2,12,A01
201200051899,0,07,000,00,2,6,01,B01
201200051899,0,07,000,04,0,7,01,C01
201200051900,0,15,000,00,2,4,02,C01
201200051900,0,99,000,00,2,0,02,E01
201200051900,0,15,000,00,2,4,02,D01
201200051900,0,15,000,00,2,4,02,B01
201200051900,0,15,000,00,2,1,02,A01
201200051901,0,17,000,00,2,6,01,B01
201200051901,0,07,000,03,2,2,21,A01
201200051902,0,07,000,00,2,1,02,A01
201200051902,0,15,000,00,0,4,02,B01
201200051903,0,33,000,00,2,1,03,A01
201200051903,0,07,000,00,0,4,01,B01
201200051904,0,07,000,00,2,2,01,B01
201200051904,0,07,000,00,2,6,09,A01
201200051905,0,07,000,00,2,1,02,A01
201200051905,0,07,000,00,2,4,02,B01
201200051905,0,07,000,13,0,2,01,C01
201200051906,0,07,000,00,0,6,00,B01
201200051906,0,07,000,00,2,2,01,A01
201200051907,0,07,000,03,0,6,02,A01
201200051908,0,33,000,00,2,3,02,B01
201200051908,0,07,000,00,2,2,12,A01
201200051909,0,07,000,00,0,4,02,B01
201200051909,0,07,000,00,2,1,02,A01
201200051910,0,07,000,00,2,1,12,B01
201200051910,0,33,000,00,2,9,03,A01
201200051911,0,07,000,00,0,4,02,B01
201200051911,0,07,000,00,2,1,02,A01
201200051912,0,07,000,00,2,1,02,A01
201200051912,0,07,000,00,0,4,02,B01
201200051913,0,07,000,00,0,6,12,B01
201200051913,0,33,000,00,2,1,03,A01
201200051914,0,17,000,00,0,6,00,C01
201200051914,0,07,000,00,2,4,00,B01
201200051914,0,10,000,00,2,1,00,A01
201200051915,0,07,000,00,2,2,02,A01
201200051915,0,15,000,00,0,4,02,C01
201200051915,0,15,000,00,0,6,02,B01
201200051916,0,07,000,00,2,8,11,A01
201200051916,0,17,000,00,0,2,01,B01
201200051917,0,07,000,04,0,8,21,A01
201200051917,1,07,000,00,0,0,11,Z01
201200051918,0,07,000,00,2,2,11,A01
201200051918,0,07,000,04,0,2,01,C01
201200051918,0,07,000,00,0,6,01,B01
201200051919,0,07,000,04,0,3,02,A01
201200051920,0,07,000,00,0,3,01,B01
201200051920,0,07,000,00,2,8,09,A01
201200051921,0,07,000,00,2,4,02,C01
201200051921,0,07,000,00,2,4,02,B01
201200051921,0,07,000,00,2,1,02,A01
201200051922,0,07,000,04,0,1,01,A01
201200051923,0,33,000,02,0,0,00,A01
201200051924,0,10,000,00,0,5,23,B01
201200051924,0,33,000,00,2,3,03,A01
201200051925,0,33,000,07,0,1,00,A01
201200051926,0,33,000,00,0,7,01,A01
201200051927,0,07,000,13,0,1,01,A01
201200051928,0,17,000,00,0,4,01,B01
201200051928,0,07,000,04,2,1,12,A01
201200051929,0,33,000,00,2,5,02,A01
201200051929,0,10,000,00,2,6,11,B01
201200051930,0,10,000,00,2,1,02,A01
201200051930,0,07,000,00,0,4,02,C01
201200051930,0,10,000,00,2,4,02,B01
201200051931,1,07,000,00,2,0,00,Z01
201200051931,0,07,000,04,0,8,00,A01
201200051932,0,07,000,00,0,3,09,B01
201200051932,0,07,000,00,2,2,02,A01
201200051933,0,07,000,00,2,1,01,A01
201200051933,0,10,000,00,0,4,02,B01
201200051934,0,07,000,03,0,3,02,A01
201200051935,0,33,000,00,0,8,03,A01
201200051936,0,31,000,00,0,0,17,A01
201200051937,0,07,000,04,0,1,02,A01
201200051938,0,10,000,00,2,1,02,A01
201200051938,0,07,000,00,0,4,02,D01
201200051938,0,07,000,00,2,4,02,C01
201200051938,0,07,000,00,2,4,02,B01
201200051939,0,07,000,00,2,4,01,B01
201200051939,0,07,000,00,2,1,02,C01
201200051939,0,07,000,00,2,1,00,A01
201200051940,0,07,000,00,2,3,02,B01
201200051940,0,07,000,00,2,8,19,A01
201200051941,0,07,000,00,2,1,01,A01
201200051941,0,33,000,00,0,4,02,B01
201200051942,0,07,000,04,0,1,09,A01
201200051943,0,07,000,00,2,3,09,A01
201200051943,0,07,000,00,0,7,01,B01
201200051944,0,07,000,03,0,2,02,A01
201200051944,0,07,000,00,2,1,02,B01
201200051945,0,07,000,00,0,4,01,B01
201200051945,0,07,000,00,2,0,01,A01
201200051946,0,07,000,00,0,1,23,B01
201200051946,0,07,000,00,0,1,02,A01
201200051947,0,07,000,00,2,3,00,C01
201200051947,0,02,000,00,2,2,00,B01
201200051947,0,07,000,00,2,4,04,A01
201200051948,0,30,000,00,0,7,00,A01
201200051949,0,30,000,00,2,1,01,B01
201200051949,1,07,000,00,2,3,15,A01
201200051950,1,07,000,00,2,3,15,Z01
201200051950,1,30,000,00,2,1,01,B01
201200051951,0,07,000,00,2,1,11,A01
201200051951,0,02,000,00,2,8,01,B01
201200051952,0,07,000,00,2,3,02,A01
201200051952,0,07,000,05,0,5,23,B01
201200051953,0,31,000,00,1,3,01,A01
201200051954,0,07,000,00,1,2,02,A01
201200051955,0,07,000,00,2,3,01,B01
201200051955,2,07,000,00,2,2,19,A01
201200051956,0,07,000,00,2,8,15,A01
201200051956,0,38,001,00,2,2,07,B01
201200051957,0,07,000,00,1,2,01,A01
201200051958,0,10,000,00,2,5,12,A01
201200051958,0,30,000,00,2,3,01,B01
201200051959,0,31,000,12,0,0,01,A01
201200051960,0,07,000,00,1,3,19,A01
201200051961,1,07,000,00,1,0,00,Z01
201200051962,0,30,000,01,0,1,09,A01
201200051962,0,07,000,01,0,2,01,B01
201200051963,0,07,000,00,1,1,16,A01
201200051964,0,07,000,00,2,2,15,A01
201200051964,0,07,000,00,2,2,21,B01
201200051965,0,30,000,00,1,1,01,A01
201200051965,0,07,000,00,2,6,20,B01
201200051966,0,01,000,00,2,1,03,A01
201200051966,0,34,000,00,2,5,14,B01
201200051966,0,07,000,00,2,3,01,C01
201200051967,0,33,000,00,2,1,01,A01
201200051967,0,07,000,00,2,8,15,B01
201200051968,0,07,000,00,2,1,02,A01
201200051968,0,07,000,00,2,4,02,B01
201200051969,0,37,001,00,1,2,16,A01
201200051970,0,02,000,09,0,9,00,A01
201200051971,0,01,000,00,0,1,16,A01
201200051972,0,07,000,00,1,1,17,A01
201200051973,0,07,000,00,1,3,01,A01
201200051974,0,07,000,00,2,0,02,A01
201200051974,0,07,000,00,2,4,02,B01
201200051975,0,01,000,00,2,3,01,B01
201200051975,0,10,000,00,2,3,01,A01
201200051976,0,20,000,11,0,1,01,A01
201200051977,0,07,000,00,1,2,15,A01
201200051978,0,07,000,00,2,3,02,A01
201200051978,0,07,000,00,0,5,23,B01
201200051979,0,01,000,00,0,0,16,A01
201200051980,0,01,000,00,2,1,05,A01
201200051980,0,07,000,00,2,1,01,B01
201200051981,0,02,000,00,2,4,15,A01
201200051981,0,07,000,00,2,3,01,B01
201200051981,1,07,000,00,2,0,01,Z01
201200051982,0,02,000,00,0,1,01,A01
201200051983,0,02,000,00,1,0,01,A01
201200051984,0,07,000,01,0,1,01,A01
201200051984,0,07,000,00,2,6,23,B01
201200051985,0,07,000,00,1,2,01,A01
201200051986,0,07,000,14,0,1,01,A01
201200051987,0,07,000,00,2,2,13,A01
201200051987,0,01,000,00,2,2,05,B01
201200051988,0,32,000,00,2,2,21,A01
201200051988,0,07,000,00,2,6,13,B01
201200051989,0,07,000,04,0,2,00,A01
201200051990,0,07,000,00,2,4,02,B01
201200051990,0,07,000,00,2,4,02,C01
201200051990,0,07,000,00,2,1,02,A01
201200051991,0,07,000,00,2,2,01,B01
201200051991,0,07,000,00,2,1,19,A01
201200051992,0,02,000,00,2,1,05,A01
201200051992,0,07,000,00,2,3,15,B01
201200051993,0,07,000,02,2,1,15,A01
201200051993,0,07,000,00,2,3,01,B01
201200051994,0,07,000,00,2,7,17,A01
201200051994,0,01,000,00,2,8,01,B01
201200051995,0,07,000,00,1,1,01,A01
201200051996,1,01,000,00,2,1,14,Z01
201200051996,0,01,000,00,2,1,01,A01
201200051997,0,07,000,00,1,1,01,A01
201200051998,0,07,000,00,2,1,01,A01
201200051998,0,07,000,00,2,4,15,B01
201200051999,0,07,000,00,1,1,15,A01
201200052000,0,07,000,00,2,1,01,B01
201200052000,0,07,000,00,2,1,05,A01
201200052001,0,01,000,12,0,0,13,A01
201200052002,0,07,000,00,1,1,01,A01
201200052002,0,07,000,00,1,3,01,B01
201200052003,1,07,000,00,2,1,09,B01
201200052003,0,07,000,00,0,2,01,A01
201200052004,0,15,000,00,2,1,02,B01
201200052004,0,07,000,00,0,4,02,A01
201200052005,0,17,000,00,0,2,01,A01
201200052005,0,07,000,00,2,3,11,B01
201200052006,0,07,000,00,0,6,09,A01
201200052006,0,07,000,03,2,3,01,C01
201200052006,0,17,000,00,2,2,01,B01
201200052007,0,07,000,00,0,6,02,A01
201200052007,0,07,000,00,0,6,01,B01
201200052007,0,07,000,00,2,2,12,C01
201200052008,0,33,000,00,2,1,02,B01
201200052008,0,07,000,00,0,5,01,A01
201200052009,0,33,000,00,2,8,18,B01
201200052009,0,07,000,00,2,7,12,A01
201200052010,0,17,000,00,0,4,02,A01
201200052010,0,13,000,00,2,1,02,B01
201200052011,0,07,000,00,2,1,01,C01
201200052011,0,07,000,00,0,4,01,A01
201200052011,0,07,000,00,2,1,01,B01
201200052012,0,17,000,00,2,1,02,B01
201200052012,0,07,000,00,2,4,02,A01
201200052013,0,10,000,00,0,5,12,A01
201200052013,0,31,000,00,2,1,21,B01
201200052014,0,07,000,04,0,3,00,A01
201200052015,0,07,000,00,2,6,01,A01
201200052015,0,07,000,03,2,1,11,B01
201200052016,0,10,000,00,0,3,01,A01
201200052016,0,07,000,00,2,1,13,B01
201200052016,0,14,000,00,2,1,01,C01
201200052017,0,17,000,00,2,6,12,A01
201200052017,0,07,000,00,2,6,01,B01
201200052018,0,07,000,06,0,9,13,A01
201200052019,0,07,000,04,0,3,01,A01
201200052020,2,07,000,03,2,2,14,B01
201200052020,0,07,000,03,0,4,02,A01
201200052021,0,07,000,07,0,1,02,A01
201200052022,0,10,000,00,2,7,02,A01
201200052022,0,07,000,03,1,2,23,B01
201200052023,0,07,000,00,2,2,01,C01
201200052023,0,07,000,00,2,8,13,A01
201200052023,0,07,000,03,2,5,17,B01
201200052024,0,07,000,01,0,3,01,A01
201200052025,0,07,000,04,2,3,17,A01
201200052025,0,17,000,00,2,3,17,B01
201200052026,0,07,000,00,2,4,02,B01
201200052026,0,07,000,00,2,1,02,A01
201200052026,0,07,000,00,0,4,02,C01
201200052027,0,07,000,15,0,9,02,A01
201200052028,0,33,000,00,0,1,01,A01
201200052029,0,07,000,15,0,1,00,A01
201200052030,0,07,000,03,0,1,09,A01
201200052030,0,07,000,01,0,1,01,C01
201200052030,0,07,000,01,0,3,02,B01
201200052031,0,07,000,00,2,1,02,A01
201200052031,0,15,000,00,0,4,02,B01
201200052031,0,07,000,00,9,1,02,C01
201200052032,0,10,000,00,2,3,01,B01
201200052032,0,14,000,03,0,8,13,A01
201200052033,0,33,000,00,2,2,02,A01
201200052033,0,10,000,00,2,6,02,B01
201200052034,0,99,000,00,2,1,02,A01
201200052034,0,07,000,00,2,4,02,B01
201200052035,0,07,000,03,0,9,02,A01
201200052036,0,07,000,00,2,2,12,A01
201200052036,0,07,000,03,2,6,01,B01
201200052037,0,07,000,00,2,6,17,A01
201200052037,0,07,000,00,2,2,01,B01
201200052038,0,15,000,00,2,8,13,A01
201200052038,0,15,000,03,2,2,13,B01
201200052039,0,07,000,00,2,1,12,A01
201200052039,0,07,000,00,2,4,00,B01
201200052040,0,31,000,00,0,1,02,A01
201200052041,0,07,000,00,1,3,01,A01
201200052042,0,17,000,00,2,8,01,B01
201200052042,0,07,000,00,2,2,21,A01
201200052043,0,14,000,00,2,2,12,A01
201200052043,0,10,000,03,2,8,01,B01
201200052043,0,10,000,00,2,7,01,C01
201200052044,0,15,000,00,2,2,12,A01
201200052044,0,07,000,00,0,3,01,B01
201200052045,0,07,000,00,1,3,00,A01
201200052046,0,07,000,03,0,1,12,A01
201200052047,0,07,000,03,2,7,12,A01
201200052047,0,99,000,00,2,1,01,B01
201200052048,0,15,000,04,0,3,01,A01
201200052049,0,07,000,07,0,8,01,A01
201200052050,0,07,000,04,0,6,01,A01
201200052050,1,07,000,00,2,1,02,Z01
201200052051,0,07,000,04,0,3,13,A01
201200052052,0,15,000,00,2,1,02,B01
201200052052,0,15,000,00,2,1,02,A01
201200052052,0,15,000,00,0,4,02,C01
201200052053,0,10,000,00,2,6,11,A01
201200052053,0,07,000,00,0,2,01,B01
201200052054,0,07,000,00,0,4,02,B01
201200052054,0,07,000,00,2,1,02,A01
201200052055,0,07,000,00,2,2,12,A01
201200052055,0,15,000,00,0,6,02,B01
201200052056,0,07,000,04,2,8,11,A01
201200052056,0,07,000,00,0,7,01,B01
201200052057,0,10,000,00,2,2,01,B01
201200052057,0,10,000,00,2,3,13,A01
201200052058,0,07,000,14,0,4,23,C01
201200052058,0,07,000,00,0,4,01,D01
201200052058,0,07,000,14,0,1,02,A01
201200052058,0,07,000,14,0,4,23,B01
201200052059,0,07,000,04,0,3,09,A01
201200052059,0,07,000,00,2,3,21,B01
201200052060,0,07,000,13,0,9,00,A01
201200052061,0,07,000,03,0,5,13,B01
201200052061,0,07,000,14,0,3,02,A01
201200052062,0,15,000,00,2,2,02,A01
201200052062,0,14,000,13,0,6,02,B01
201200052063,0,07,000,13,9,3,00,A01
201200052064,0,31,000,00,0,0,00,A01
201200052065,0,07,000,14,0,1,02,B01
201200052065,0,07,000,04,0,0,02,A01
201200052066,0,07,000,00,1,2,01,A01
201200052067,0,07,000,13,0,0,14,A01
201200052068,0,15,000,00,0,5,02,B01
201200052068,0,07,000,14,0,3,02,A01
201200052069,0,07,000,00,2,1,02,A01
201200052069,0,07,000,00,0,4,02,B01
201200052070,0,07,000,14,0,1,02,A01
201200052070,0,07,000,15,0,4,02,B01
201200052070,0,07,000,14,0,4,02,C01
201200052070,0,07,000,00,0,4,02,D01
201200052071,0,07,000,14,0,4,14,B01
201200052071,0,07,000,03,0,0,00,C01
201200052071,0,07,000,03,0,0,00,D01
201200052071,1,07,000,03,2,8,13,A01
201200052072,0,07,000,00,1,3,21,A01
201200052073,0,07,000,00,2,3,01,B01
201200052073,0,07,000,00,2,3,05,A01
201200052073,0,15,000,00,0,8,01,C01
201200052074,0,07,000,00,1,1,01,A01
201200052075,0,30,000,00,2,1,01,A01
201200052075,0,07,000,00,2,6,15,B01
201200052076,0,07,000,00,2,8,15,A01
201200052076,0,33,000,01,2,1,17,B01
201200052077,0,07,000,00,2,1,01,B01
201200052077,0,07,000,00,2,7,01,A01
201200052078,0,07,000,00,2,7,15,A01
201200052078,0,32,000,00,2,1,01,B01
201200052079,1,07,000,00,1,0,00,A01
201200052080,0,33,000,00,2,8,17,A01
201200052080,0,07,000,00,2,6,15,B01
201200052081,0,07,000,00,1,1,01,A01
201200052082,0,31,000,00,1,1,18,A01
201200052083,0,07,000,00,2,2,01,A01
201200052083,0,07,000,00,2,1,01,B01
201200052084,0,07,000,02,0,8,01,A01
201200052085,0,07,000,15,2,9,09,A01
201200052085,0,07,000,15,2,9,01,B01
201200052086,0,07,000,00,1,1,15,A01
201200052087,0,07,000,00,1,4,07,A01
201200052088,0,07,000,15,0,1,01,A01
201200052089,0,31,000,01,1,1,01,A01
201200052090,0,07,000,00,2,1,02,A01
201200052090,0,10,000,00,2,4,02,B01
201200052091,0,07,000,16,0,9,01,A01
201200052092,0,07,000,00,2,6,09,A01
201200052092,0,07,000,00,2,1,01,B01
201200052093,0,07,000,00,2,3,11,A01
201200052093,0,02,000,00,2,1,01,B01
201200052094,0,30,000,00,2,1,01,B01
201200052094,0,10,000,00,2,7,01,A01
201200052095,0,07,000,00,2,7,01,A01
201200052095,0,07,000,00,2,1,01,B01
201200052096,0,30,000,00,2,1,08,A01
201200052096,0,07,000,00,2,2,15,B01
201200052097,0,37,000,00,1,2,16,A01