Num_Acc,senc,catv,occutc,obs,obsm,choc,manv,num_veh
201200052098,0,07,000,00,2,1,01,A01
201200052098,0,07,000,00,2,8,01,B01
201200052099,0,07,000,00,1,1,15,A01
201200052100,0,07,000,00,2,2,01,A01
201200052100,0,32,000,00,2,1,15,B01
201200052101,0,07,000,00,2,8,02,B01
201200052101,0,07,000,00,2,1,02,A01
201200052102,0,07,000,00,1,2,15,A01
201200052103,0,07,000,00,1,2,01,A01
201200052104,0,07,000,00,2,1,01,A01
201200052104,0,07,000,00,2,8,01,B01
201200052105,0,30,000,00,1,1,01,A01
201200052106,0,07,000,00,1,1,01,A01
201200052107,0,33,000,00,2,1,01,B01
201200052107,0,07,000,00,2,2,15,A01
201200052108,0,07,000,00,9,2,01,A01
201200052108,0,01,000,00,2,0,01,B01
201200052109,0,10,000,00,2,1,01,B01
201200052109,0,30,000,00,2,3,00,A01
201200052110,1,13,000,00,0,0,11,A01
201200052110,0,07,000,00,2,8,01,B01
201200052111,0,07,000,00,2,3,13,A01
201200052111,0,31,000,00,2,7,17,B01
201200052112,0,07,000,00,2,3,01,A01
201200052112,0,07,000,00,0,2,01,B01
201200052113,0,07,000,00,2,7,15,A01
201200052113,0,02,000,00,2,1,01,B01
201200052114,0,07,000,00,1,1,01,A01
201200052115,1,01,000,00,1,1,00,Z01
201200052116,0,07,000,00,2,1,01,A01
201200052116,0,07,000,00,2,4,01,B01
201200052117,0,32,000,00,2,1,01,A01
201200052117,0,07,000,00,9,6,00,B01
201200052118,0,17,000,00,2,1,01,A01
201200052118,0,07,000,00,9,4,01,B01
201200052119,0,07,000,00,2,1,15,A01
201200052119,0,07,000,00,2,1,15,B01
201200052120,0,07,000,00,2,8,01,B01
201200052120,0,07,000,00,2,3,01,A01
201200052121,0,07,000,00,2,1,15,A01
201200052121,0,07,000,00,2,1,01,B01
201200052122,0,07,000,00,2,1,01,A01
201200052122,0,07,000,11,2,7,07,B01
201200052123,0,07,000,00,1,1,01,A01
201200052124,0,33,000,01,0,6,14,A01
201200052124,0,07,000,00,2,3,23,B01
201200052125,0,07,000,00,2,1,15,B01
201200052125,0,32,000,00,2,1,01,A01
201200052126,0,07,000,00,2,1,01,A01
201200052126,0,07,000,00,0,4,01,B01
201200052127,0,07,000,00,1,1,08,A01
201200052128,0,07,000,00,2,2,01,A01
201200052128,0,07,000,00,2,3,01,B01
201200052129,0,07,000,00,2,1,02,A01
201200052129,0,07,000,00,2,4,02,B01
201200052130,0,07,000,00,2,6,11,A01
201200052130,0,32,000,00,2,8,02,B01
201200052131,0,07,000,00,1,2,21,A01
201200052132,0,07,000,00,1,2,01,A01
201200052133,0,32,000,01,1,8,13,A01
201200052134,0,07,000,00,2,1,02,A01
201200052134,0,07,000,00,2,4,02,B01
201200052134,0,07,000,00,2,4,02,C01
201200052135,0,07,000,00,1,2,15,A01
201200052136,0,07,000,00,2,3,15,A01
201200052136,0,32,000,00,2,9,01,B01
201200052137,0,07,000,00,2,8,01,B01
201200052137,0,07,000,00,2,1,01,A01
201200052138,0,30,000,00,1,1,01,A01
201200052139,0,07,000,00,2,7,01,A01
201200052139,0,07,000,00,2,1,01,B01
201200052140,0,07,000,01,0,3,00,A01
201200052141,0,34,000,00,2,1,02,A01
201200052141,0,07,000,00,2,4,23,B01
201200052142,0,07,000,00,2,1,01,A01
201200052142,0,07,000,00,2,4,01,B01
201200052143,0,14,000,00,9,2,01,A01
201200052143,0,01,000,00,2,8,01,B01
201200052144,0,07,000,00,1,1,01,A01
201200052145,0,07,000,00,2,1,02,A01
201200052145,0,07,000,00,2,9,02,B01
201200052145,0,07,000,00,2,9,02,C01
201200052146,0,10,000,00,2,1,01,A01
201200052146,0,07,000,00,2,4,23,B01
201200052146,0,07,000,00,2,4,00,C01
201200052147,0,07,000,00,1,2,01,A01
201200052148,0,07,000,00,2,1,01,A01
201200052148,0,07,000,00,2,7,01,B01
201200052149,0,32,000,00,2,1,08,A01
201200052149,0,07,000,00,2,5,15,B01
201200052150,0,02,000,00,0,0,00,A01
201200052151,0,32,000,00,2,7,01,A01
201200052151,0,07,000,00,2,1,01,B01
201200052152,0,07,000,00,2,8,20,A01
201200052152,0,02,000,00,2,7,17,B01
201200052153,0,30,000,00,2,1,13,A01
201200052153,0,02,000,00,2,7,17,B01
201200052154,0,07,000,00,2,3,04,A01
201200052154,0,01,000,00,2,1,01,B01
201200052155,0,32,000,00,2,8,01,A01
201200052155,0,07,000,00,2,1,15,B01
201200052156,0,32,000,00,2,3,01,B01
201200052156,0,07,000,00,2,5,10,A01
201200052157,0,01,000,01,2,8,19,C01
201200052157,0,07,000,00,2,3,15,A01
201200052158,0,07,000,11,0,1,06,A01
201200052159,0,32,000,00,2,8,02,A01
201200052159,0,32,000,00,2,7,02,B01
201200052160,0,07,000,00,2,5,01,A01
201200052160,0,07,000,00,2,1,01,B01
201200052161,0,07,000,00,2,1,01,B01
201200052161,0,30,000,00,2,8,01,A01
201200052162,0,14,000,00,2,2,01,B01
201200052162,0,01,000,00,2,6,13,A01
201200052163,0,07,000,00,2,1,01,A01
201200052163,0,07,000,15,2,8,01,B01
201200052164,0,07,000,00,2,3,01,B01
201200052164,0,07,000,00,2,2,01,A01
201200052165,0,07,000,00,2,3,15,A01
201200052165,0,01,000,00,2,3,01,B01
201200052166,0,10,000,00,2,5,00,B01
201200052166,0,02,000,00,2,1,00,A01
201200052167,0,07,000,00,2,1,01,B01
201200052167,0,07,000,00,2,4,01,C01
201200052167,0,07,000,00,2,7,00,A01
201200052168,1,07,000,00,1,1,01,A01
201200052169,0,07,000,00,1,1,15,A01
201200052170,0,32,000,01,2,8,01,A01
201200052170,0,07,000,00,2,1,01,B01
201200052171,0,07,000,00,2,1,15,A01
201200052171,0,30,000,00,2,8,01,B01
201200052172,0,30,000,00,2,1,02,A01
201200052172,0,17,000,00,0,4,01,B01
201200052173,0,07,000,00,1,8,01,A01
201200052174,0,10,000,00,1,1,01,A01
201200052175,0,07,000,00,2,7,01,B01
201200052175,0,33,000,00,2,7,01,A01
201200052176,0,07,000,00,2,8,24,B01
201200052176,0,07,000,01,0,1,16,A01
201200052177,0,07,000,00,1,1,01,A01
201200052178,0,07,000,00,1,1,16,A01
201200052179,0,07,000,00,2,1,02,A01
201200052179,0,07,000,00,2,1,01,B01
201200052179,0,07,000,00,2,4,15,C01
201200052180,0,30,000,00,2,1,02,A01
201200052180,0,07,000,00,2,5,02,B01
201200052181,0,07,000,00,2,3,01,A01
201200052181,0,02,000,00,2,1,01,B01
201200052182,0,30,000,00,1,1,02,A01
201200052183,0,01,000,00,2,2,01,A01
201200052183,0,07,000,00,2,3,01,B01
201200052184,0,07,000,00,2,7,01,A01
201200052184,0,07,000,00,2,1,01,B01
201200052185,0,07,000,00,1,1,14,A01
201200052186,0,37,020,00,0,0,01,A01
201200052187,1,07,000,00,1,7,01,Z01
201200052188,0,01,000,00,2,8,01,A01
201200052188,0,07,000,00,9,2,01,B01
201200052189,0,07,000,01,0,1,01,A01
201200052189,0,07,000,00,2,7,24,B01
201200052189,0,20,000,00,2,0,24,C01
201200052190,0,01,000,00,2,7,17,A01
201200052190,0,07,000,00,2,2,01,B01
201200052191,0,07,000,00,2,1,09,A01
201200052191,0,33,000,00,2,1,01,B01
201200052192,0,07,000,00,1,1,15,A01
201200052193,0,07,000,00,2,6,01,A01
201200052193,0,07,000,00,2,1,01,B01
201200052194,0,07,000,00,1,2,01,A01
201200052195,0,40,040,00,1,1,01,A01
201200052196,0,07,000,00,1,8,01,A01
201200052197,0,07,000,00,1,3,01,A01
201200052198,0,07,000,00,2,1,02,A01
201200052198,0,07,000,00,2,4,23,B01
201200052198,0,07,000,00,2,4,23,C01
201200052199,0,07,000,00,2,5,01,B01
201200052199,0,01,000,00,2,1,01,A01
201200052200,0,07,000,00,1,6,04,A01
201200052201,0,07,000,00,1,1,01,A01
201200052202,0,33,000,00,1,7,21,A01
201200052203,0,07,000,00,2,5,15,A01
201200052203,0,07,000,00,2,1,01,B01
201200052204,0,07,000,00,9,1,01,A01
201200052204,0,01,000,00,2,8,01,B01
201200052205,0,07,000,00,2,7,01,A01
201200052205,0,30,000,00,2,1,01,B01
201200052206,0,33,000,00,2,1,01,B01
201200052206,1,07,000,00,0,0,00,Z01
201200052207,0,34,000,00,1,1,01,A01
201200052208,0,07,000,00,1,1,01,A01
201200052209,0,07,000,11,9,0,10,A01
201200052209,0,33,000,02,0,0,00,B01
201200052210,0,07,000,00,2,1,01,A01
201200052210,0,01,000,00,2,8,19,B01
201200052211,0,30,000,00,0,0,00,A01
201200052211,0,07,000,00,0,0,00,B01
201200052212,0,07,000,00,1,1,01,A01
201200052213,0,03,000,01,0,2,01,A01
201200052214,0,07,000,00,2,4,01,B01
201200052214,0,07,000,00,2,4,00,D01
201200052214,0,07,000,00,2,4,01,C01
201200052214,0,07,000,00,2,1,01,A01
201200052215,0,07,000,00,9,2,01,B01
201200052216,0,07,000,00,1,5,01,A01
201200052217,0,07,000,00,0,4,02,C01
201200052217,0,07,000,00,0,1,01,A01
201200052217,0,07,000,00,0,1,02,B01
201200052218,0,07,000,00,1,3,01,A01
201200052219,0,07,000,00,1,8,15,A01
201200052220,0,30,000,00,1,2,01,A01
201200052221,1,07,000,00,0,0,13,Z01
201200052221,0,07,000,00,0,9,01,A01
201200052222,0,07,000,00,2,3,01,A01
201200052222,0,07,000,00,2,4,01,B01
201200052223,0,07,000,00,1,4,20,A01
201200052224,0,07,000,00,2,4,01,B01
201200052224,0,07,000,00,2,4,01,C01
201200052224,0,10,000,00,2,1,01,A01
201200052225,1,07,000,00,1,2,00,Z01
201200052226,0,07,000,00,1,3,01,A01
201200052227,0,07,000,08,2,2,02,B01
201200052227,0,07,000,00,2,3,02,A01
201200052228,0,01,000,00,1,1,01,A01
201200052229,0,07,000,00,2,3,17,A01
201200052229,0,31,000,00,2,9,01,B01
201200052230,0,07,000,00,2,3,00,A01
201200052230,0,07,000,00,2,2,00,B01
201200052231,0,07,000,00,2,9,01,A01
201200052231,0,07,000,00,2,6,20,B01
201200052231,0,07,000,00,2,0,24,C01
201200052232,0,07,000,12,2,9,02,A01
201200052232,0,07,000,00,2,6,12,B01
201200052233,0,07,000,00,2,1,01,A01
201200052233,0,07,000,00,2,3,01,B01
201200052234,1,07,000,00,1,0,16,Z01
201200052235,0,07,000,00,2,2,01,B01
201200052235,0,07,000,00,2,1,01,A01
201200052236,0,07,000,00,2,2,20,A01
201200052236,0,32,000,00,2,1,02,B01
201200052237,0,07,000,00,1,1,01,A01
201200052238,0,07,000,00,2,1,06,A01
201200052238,0,07,000,00,0,6,24,B01
201200052238,0,07,000,00,2,5,01,C01
201200052238,0,07,000,00,0,9,01,D01
201200052239,0,07,000,00,2,2,15,A01
201200052239,0,32,000,00,2,1,02,B01
201200052240,0,30,000,00,2,7,01,A01
201200052240,0,07,000,00,2,1,01,B01
201200052241,0,30,000,00,2,1,18,A01
201200052241,0,07,000,00,2,1,15,B01
201200052242,0,99,000,00,2,1,01,B01
201200052242,0,07,000,00,2,2,01,A01
201200052243,0,01,000,00,2,8,10,A01
201200052243,0,37,001,00,2,2,01,B01
201200052244,0,07,000,00,1,1,01,A01
201200052245,0,37,001,00,1,2,01,A01
201200052246,1,07,000,00,1,1,01,Z01
201200052247,0,07,000,00,2,5,11,A01
201200052247,0,33,000,00,2,3,01,B01
201200052248,0,33,000,00,2,8,18,A01
201200052248,0,07,000,00,2,7,16,B01
201200052249,0,33,000,00,2,5,17,A01
201200052249,0,07,000,00,2,3,15,B01
201200052250,0,33,000,00,1,1,15,A01
201200052251,0,07,000,00,1,1,01,A01
201200052252,0,07,000,00,2,5,15,A01
201200052252,0,07,000,00,2,1,01,B01
201200052253,0,07,000,00,1,1,01,A01
201200052254,0,30,000,00,2,1,01,A01
201200052254,0,07,000,00,2,5,01,B01
201200052255,0,07,000,00,2,6,15,A01
201200052255,0,33,000,00,2,2,01,B01
201200052256,0,07,000,00,2,1,02,A01
201200052256,0,07,000,00,2,4,02,B01
201200052256,0,07,000,00,2,4,02,C01
201200052257,0,30,000,00,2,8,07,A01
201200052257,0,07,000,00,2,2,16,B01
201200052258,0,07,000,00,2,3,02,B01
201200052258,0,07,000,11,2,1,02,A01
201200052259,0,32,000,00,1,0,01,A01
201200052260,0,33,000,00,2,0,09,A01
201200052260,0,07,000,00,2,1,01,B01
201200052261,0,07,000,00,2,1,02,A01
201200052261,0,07,000,00,0,4,23,B01
201200052262,0,07,000,00,9,3,01,A01
201200052262,0,31,000,00,2,3,01,B01
201200052263,0,37,003,00,2,1,01,A01
201200052263,0,07,000,00,0,4,23,B01
201200052264,0,34,000,00,2,2,01,B01
201200052264,0,07,000,00,2,3,01,A01
201200052265,0,07,000,00,1,7,01,A01
201200052266,0,07,000,00,9,1,01,B01
201200052266,0,01,000,00,2,8,19,A01
201200052267,0,07,000,00,1,3,01,A01
201200052268,0,02,000,00,1,1,01,A01
201200052269,0,07,000,00,2,2,01,A01
201200052269,0,01,000,00,2,1,01,B01
201200052270,0,07,000,00,9,3,01,A01
201200052270,0,34,000,00,2,2,11,B01
201200052271,0,07,000,00,4,5,16,A01
201200052271,0,40,001,00,2,1,01,B01
201200052272,0,33,000,00,2,9,01,A01
201200052272,0,07,000,00,2,8,20,B01
201200052273,0,07,000,00,2,5,16,A01
201200052273,0,01,000,00,2,8,01,B01
201200052274,0,07,000,00,2,3,01,A01
201200052274,0,33,000,00,2,2,01,B01
201200052275,0,02,000,00,2,1,05,A01
201200052275,0,07,000,00,2,3,16,B01
201200052276,0,07,000,09,2,8,01,B01
201200052276,0,07,000,00,2,1,01,C01
201200052276,0,07,000,00,2,1,01,A01
201200052277,0,07,000,00,2,1,01,A01
201200052277,0,07,000,00,0,4,01,B01
201200052278,0,07,000,00,2,3,01,A01
201200052278,0,30,000,00,2,2,01,B01
201200052279,0,31,000,00,2,1,01,A01
201200052279,0,07,000,00,9,1,00,B01
201200052280,0,32,000,00,9,1,01,A01
201200052280,0,07,000,00,2,1,01,B01
201200052281,0,40,001,00,1,1,01,A01
201200052282,0,07,000,00,2,1,02,A01
201200052282,0,07,000,00,2,4,21,B01
201200052283,0,02,000,00,2,6,18,A01
201200052283,0,07,000,00,2,7,16,B01
201200052284,0,07,000,00,2,1,01,A01
201200052284,0,33,000,00,2,4,01,B01
201200052285,0,37,001,00,2,1,02,A01
201200052285,0,03,000,00,2,4,02,B01
201200052286,0,07,000,00,2,3,15,A01
201200052286,0,07,000,00,2,2,01,B01
201200052287,0,07,000,00,2,1,01,A01
201200052287,0,07,000,00,2,9,01,B01
201200052288,0,07,000,00,1,3,01,A01
201200052289,0,33,000,00,2,2,15,A01
201200052289,0,30,000,00,2,1,01,B01
201200052290,0,07,000,00,2,2,01,A01
201200052290,0,01,000,00,2,2,01,B01
201200052291,0,30,000,00,2,2,01,A01
201200052291,0,07,000,00,2,2,01,B01
201200052292,0,07,000,00,2,3,01,A01
201200052292,1,07,000,00,2,0,00,Z01
201200052293,0,07,000,00,1,2,16,A01
201200052294,0,13,000,00,2,1,02,A01
201200052294,0,07,000,00,2,4,23,B01
201200052294,0,07,000,00,2,4,02,C01
201200052295,0,07,000,00,2,7,01,A01
201200052295,0,07,000,00,2,1,01,B01
201200052296,0,33,000,00,2,1,08,A01
201200052296,0,07,000,00,2,9,01,B01
201200052297,0,40,020,00,2,1,01,A01
201200052297,0,07,000,00,4,3,14,B01
201200052298,0,07,000,00,2,3,01,B01
201200052298,0,07,000,00,2,1,15,A01
201200052299,0,07,000,00,2,4,23,B01
201200052299,0,07,000,00,2,1,02,A01
201200052300,0,07,000,00,2,3,01,A01
201200052300,0,07,000,00,2,5,01,B01
201200052301,0,07,000,00,1,2,21,A01
201200052302,0,30,000,00,2,7,19,A01
201200052302,0,10,000,00,2,3,01,B01
201200052303,1,36,000,00,1,1,00,Z01
201200052304,0,07,000,00,1,2,00,A01
201200052305,0,01,000,00,2,1,01,A01
201200052305,0,07,000,00,2,3,01,B01
201200052306,1,07,000,00,2,1,08,Z01
201200052306,0,33,000,00,2,7,01,B01
201200052307,0,07,000,00,1,2,01,A01
201200052308,0,07,000,00,1,1,15,A01
201200052309,0,37,001,00,0,0,00,A01
201200052310,0,07,000,00,2,4,02,B01
201200052310,1,07,000,00,2,1,02,Z01
201200052311,0,07,000,00,2,9,01,A01
201200052311,0,07,000,00,2,4,01,B01
201200052312,0,07,000,00,2,7,15,A01
201200052312,0,33,000,00,2,1,01,B01
201200052313,0,13,000,00,2,4,15,A01
201200052313,0,31,000,00,2,7,01,B01
201200052314,0,07,000,00,0,3,15,A01
201200052314,0,30,000,00,2,1,01,B01
201200052315,0,07,000,00,2,4,02,B01
201200052315,0,07,000,00,2,1,02,A01
201200052316,0,07,000,00,2,1,15,A01
201200052316,0,33,000,00,2,3,01,B01
201200052317,0,07,000,00,2,6,15,B01
201200052317,0,33,000,00,2,1,02,A01
201200052318,0,13,000,00,1,4,20,A01
201200052319,0,07,000,00,2,5,16,A01
201200052319,0,32,000,00,2,1,01,B01
201200052320,0,07,000,00,1,2,16,A01
201200052321,0,07,000,00,1,2,01,A01
201200052322,0,20,000,00,1,2,14,A01
201200052323,0,37,007,00,1,2,08,A01
201200052324,0,07,000,00,2,1,15,A01
201200052324,0,07,000,00,2,7,00,B01
201200052325,0,10,000,00,1,1,01,A01
201200052326,0,30,000,00,2,7,01,A01
201200052326,1,07,000,00,2,1,09,Z01
201200052327,0,07,000,00,2,3,01,A01
201200052327,0,07,000,00,2,2,01,B01
201200052328,0,33,000,15,0,3,21,A01
201200052329,0,40,035,00,1,7,01,A01
201200052330,0,30,000,01,2,7,01,A01
201200052330,0,07,000,00,9,8,15,B01
201200052331,0,07,000,00,2,2,19,B01
201200052331,0,07,000,00,2,3,19,A01
201200052332,0,10,000,00,2,3,00,A01
201200052332,0,33,000,00,0,8,00,B01
201200052333,0,01,000,00,1,1,01,A01
201200052334,0,07,000,00,2,1,01,A01
201200052334,0,07,000,00,2,6,00,B01
201200052335,0,07,000,00,2,8,20,A01
201200052335,0,30,000,00,2,9,01,B01
201200052336,0,07,000,00,2,9,16,A01
201200052336,0,07,000,00,2,5,01,B01
201200052337,0,33,000,00,2,1,02,A01
201200052337,0,07,000,00,0,5,16,B01
201200052338,0,07,000,00,2,2,15,A01
201200052338,0,01,000,00,2,1,01,B01
201200052339,0,30,000,00,2,0,01,B01
201200052339,0,07,000,00,2,0,16,A01
201200052340,0,07,000,00,2,1,09,A01
201200052340,0,01,000,00,2,7,01,B01
201200052341,1,07,000,00,2,0,01,A01
201200052341,0,37,001,00,0,0,00,B01
201200052342,0,07,000,00,1,6,20,A01
201200052343,0,31,000,00,2,0,01,B01
201200052343,0,07,000,00,0,1,15,A01
201200052344,0,07,000,00,2,4,16,B01
201200052344,0,01,000,00,2,1,02,A01
201200052345,0,10,000,00,2,2,15,A01
201200052345,0,37,001,00,2,1,01,B01
201200052346,0,07,000,00,2,1,01,A01
201200052346,0,07,000,00,2,3,01,B01
201200052347,0,07,000,00,0,0,00,A01
201200052347,0,07,000,00,0,0,00,B01
201200052348,1,07,000,00,2,5,01,A01
201200052348,0,07,000,00,2,1,01,B01
201200052349,0,33,000,00,1,1,01,A01
201200052350,0,07,000,00,1,2,15,A01
201200052351,0,07,000,00,2,1,02,A01
201200052351,0,07,000,00,2,4,12,B01
201200052352,0,33,000,00,0,0,01,B01
201200052352,0,07,000,00,2,2,01,A01
201200052353,0,07,000,00,1,1,01,A01
201200052354,0,07,000,00,1,1,15,A01
201200052355,0,30,000,00,0,0,01,A01
201200052356,0,10,000,00,1,2,01,A01
201200052357,0,40,000,00,1,1,01,A01
201200052358,0,07,000,00,1,1,01,A01
201200052359,0,07,000,06,2,6,01,B01
201200052359,0,07,000,06,2,2,01,A01
201200052360,0,07,000,13,0,1,09,A01
201200052361,0,07,000,03,2,3,09,A01
201200052361,0,07,000,00,2,3,01,B01
201200052362,0,07,000,04,2,3,23,A01
201200052362,0,07,000,01,2,3,02,B01
201200052362,0,07,000,00,2,3,02,C01
201200052363,0,07,000,01,1,2,01,A01
201200052364,0,07,000,00,2,6,21,B01
201200052364,0,07,000,00,0,0,00,A01
201200052364,0,07,000,00,0,2,01,C01
201200052365,0,10,000,04,0,3,11,A01
201200052366,0,07,000,00,0,4,02,B01
201200052366,0,07,000,00,2,1,02,A01
201200052367,0,07,000,00,2,3,01,A01
201200052367,0,15,000,00,0,5,01,B01
201200052368,0,07,000,03,0,2,01,A01
201200052369,0,10,000,04,0,1,01,A01
201200052370,0,07,000,06,0,1,01,A01
201200052371,0,07,000,03,0,6,01,A01
201200052372,0,07,000,00,2,8,01,B01
201200052372,0,15,000,00,2,7,12,A01
201200052373,0,14,000,00,2,1,01,C01
201200052373,0,07,000,00,0,6,01,B01
201200052373,0,07,000,03,2,1,01,A01
201200052374,0,07,000,00,2,6,02,B01
201200052374,0,07,000,00,2,2,02,A01
201200052374,0,07,000,00,2,1,02,C01
201200052375,0,07,000,00,0,4,02,D01
201200052375,0,07,000,00,2,4,02,B01
201200052375,0,07,000,00,2,4,02,C01
201200052375,0,07,000,00,2,1,02,A01
201200052376,0,07,000,00,6,2,01,A01
201200052377,0,07,000,00,2,3,01,B01
201200052377,0,07,000,00,2,3,13,A01
201200052378,0,07,000,00,2,1,02,A01
201200052378,0,07,000,00,0,4,02,B01
201200052379,0,07,000,00,2,2,14,A01
201200052379,0,07,000,13,2,8,01,B01
201200052380,0,07,000,00,2,1,01,A01
201200052380,0,07,000,00,0,4,01,B01
201200052381,0,07,000,00,2,1,02,A01
201200052381,0,07,000,00,0,4,02,B01
201200052382,0,07,000,14,0,1,01,A01
201200052383,0,07,000,00,2,1,05,A01
201200052383,0,07,000,00,2,1,01,B01
201200052384,0,07,000,00,2,1,02,A01
201200052384,0,07,000,00,2,4,02,B01
201200052384,0,10,000,00,2,7,02,C01
201200052385,0,17,000,00,2,2,14,A01
201200052385,0,07,000,06,2,6,01,B01
201200052386,0,31,000,00,2,1,14,A01
201200052386,0,07,000,00,0,6,14,B01
201200052387,0,07,000,04,0,3,02,A01
201200052388,0,07,000,00,0,9,00,A01
201200052389,0,07,000,15,0,1,01,A01
201200052390,0,07,000,07,0,2,01,A01
201200052391,0,07,000,13,0,0,00,A01
201200052392,0,10,000,00,2,8,09,A01
201200052392,0,17,000,00,2,4,21,B01
201200052392,0,17,000,00,2,4,02,C01
201200052393,0,07,000,00,0,6,23,B01
201200052393,0,07,000,00,2,2,21,A01
201200052394,0,07,000,04,0,1,02,A01
201200052395,0,07,000,00,2,4,02,B01
201200052395,0,07,000,00,0,4,02,C01
201200052395,0,07,000,00,2,1,02,A01
201200052396,0,07,000,00,2,4,02,B01
201200052396,0,14,000,00,2,1,02,A01
201200052397,0,07,000,00,0,6,23,C01
201200052397,0,07,000,00,2,2,21,A01
201200052397,0,07,000,00,2,1,01,B01
201200052398,0,07,000,04,0,2,01,A01
201200052399,0,07,000,04,0,1,01,A01
201200052400,0,07,000,03,0,9,11,A01
201200052401,1,07,000,00,2,8,18,A01
201200052401,0,07,000,12,2,2,14,B01
201200052402,1,07,000,00,0,0,00,Z01
201200052402,0,07,000,00,2,6,01,A01
201200052403,0,07,000,04,2,2,17,A01
201200052403,0,07,000,04,0,8,01,B01
201200052404,0,07,000,04,0,1,01,A01
201200052405,0,07,000,00,2,1,02,A01
201200052405,0,07,000,00,2,4,02,B01
201200052405,0,07,000,00,0,4,02,C01
201200052406,0,10,000,00,2,1,02,A01
201200052406,0,07,000,00,0,4,01,B01
201200052407,0,07,000,04,0,2,01,A01
201200052408,0,07,000,04,2,0,01,B01
201200052408,0,07,000,04,2,0,01,A01
201200052409,0,07,000,04,0,1,01,A01
201200052410,0,07,000,00,2,1,02,A01
201200052410,0,07,000,00,0,4,02,B01
201200052411,0,07,000,00,0,4,02,B01
201200052411,0,07,000,00,2,1,02,A01
201200052412,0,15,000,00,2,1,02,A01
201200052412,0,10,000,00,2,6,11,B01
201200052413,0,07,000,00,2,3,00,A01
201200052413,0,07,000,00,2,2,01,B01
201200052414,0,07,000,04,0,2,01,A01
201200052415,0,07,000,04,0,1,01,A01
201200052416,0,07,000,00,0,4,01,B01
201200052416,0,07,000,00,2,1,01,A01
201200052417,0,07,000,00,1,2,21,A01
201200052418,0,07,000,03,0,2,14,A01
201200052419,0,07,000,04,0,2,01,A01
201200052420,0,07,000,00,2,1,01,A01
201200052420,0,07,000,04,0,6,00,B01
201200052421,2,07,000,00,2,1,02,A01
201200052421,0,07,000,00,2,4,02,B01
201200052421,0,07,000,00,0,4,02,C01
201200052422,1,07,000,00,0,,,Z01
201200052422,0,07,000,04,2,3,00,A01
201200052423,0,07,000,04,0,3,11,A01
201200052424,0,07,000,00,2,2,00,A01
201200052424,0,07,000,00,2,6,01,B01
201200052425,0,07,000,04,0,4,01,A01
201200052426,0,10,000,04,0,1,00,A01
201200052427,0,31,000,00,2,1,02,A01
201200052427,0,07,000,00,2,6,02,B01
201200052428,0,07,000,04,2,6,02,B01
201200052428,0,15,000,00,2,2,12,A01
201200052429,0,07,000,00,2,8,01,B01
201200052429,0,14,000,00,2,2,12,A01
201200052430,0,10,000,00,0,2,14,A01
201200052430,0,07,000,04,0,8,01,B01
201200052431,0,07,000,04,0,1,01,A01
201200052432,0,07,000,00,0,7,01,B01
201200052432,0,07,000,00,2,3,15,A01
201200052433,0,07,000,00,0,8,23,B01
201200052433,0,07,000,00,0,3,01,D01
201200052433,0,07,000,00,2,8,21,A01
201200052433,0,07,000,00,2,6,23,C01
201200052434,0,07,000,04,0,1,01,A01
201200052435,0,10,000,00,0,4,02,B01
201200052435,0,07,000,00,2,1,02,A01
201200052436,0,07,000,04,0,3,00,A01
201200052437,0,07,000,00,2,1,02,A01
201200052437,0,07,000,00,2,4,02,B01
201200052438,0,07,000,00,2,4,02,B01
201200052438,0,07,000,00,2,1,02,A01
201200052439,0,07,000,00,2,4,02,C01
201200052439,0,07,000,00,2,4,02,B01
201200052439,0,07,000,00,2,1,02,A01
201200052440,0,07,000,04,0,1,01,A01
201200052441,0,07,000,00,2,8,01,B01
201200052441,0,07,000,04,2,2,16,A01
201200052442,0,10,000,00,2,1,02,A01
201200052442,0,10,000,00,0,4,02,B01
201200052443,0,07,000,04,0,5,01,A01
201200052444,0,07,000,04,0,2,00,A01
201200052445,0,07,000,04,0,1,00,A01
201200052446,0,07,000,03,0,3,13,A01
201200052446,0,07,000,03,2,1,13,D01
201200052446,0,07,000,00,2,3,13,C01
201200052446,0,07,000,00,2,1,01,B01
201200052447,0,07,000,00,0,1,14,A01
201200052448,0,07,000,00,0,1,02,A01
201200052448,0,07,000,00,0,4,02,B01
201200052449,0,10,000,00,2,1,02,A01
201200052449,0,07,000,00,0,4,23,B01
201200052450,0,07,000,04,0,3,17,A01
201200052451,0,15,000,00,0,4,02,B01
201200052451,0,10,000,00,2,1,02,A01
201200052452,0,07,000,04,0,3,21,A01
201200052453,0,07,000,00,0,9,00,A01
201200052454,0,07,000,00,0,4,02,B01
201200052454,0,07,000,00,2,1,02,A01
201200052455,0,07,000,00,2,1,01,A01
201200052455,0,07,000,00,0,4,01,C01
201200052455,0,07,000,00,2,4,01,B01
201200052456,0,07,000,00,2,1,02,A01
201200052456,0,07,000,00,2,4,02,B01
201200052456,0,07,000,00,2,4,02,C01
201200052456,0,10,000,00,2,4,02,D01
201200052456,0,07,000,00,0,4,02,E01
201200052457,0,07,000,00,2,1,02,A01
201200052457,0,07,000,00,2,4,02,B01
201200052457,0,07,000,00,2,4,02,C01
201200052458,0,07,000,00,0,4,02,C01
201200052458,0,07,000,00,2,1,02,A01
201200052458,0,07,000,00,2,1,02,B01
201200052459,0,07,000,04,0,1,18,A01