Num_Acc,senc,catv,occutc,obs,obsm,choc,manv,num_veh
201200052785,0,07,000,00,2,1,02,A01
201200052786,0,07,000,00,2,1,02,A01
201200052786,0,07,000,00,2,4,02,B01
201200052787,0,15,000,04,0,3,02,A01
201200052788,0,07,000,14,0,4,02,B01
201200052788,0,07,000,14,0,1,02,A01
201200052788,0,10,000,00,0,4,02,C01
201200052789,0,15,000,00,2,2,12,A01
201200052789,0,07,000,00,2,5,02,B01
201200052790,0,15,000,00,2,1,02,A01
201200052790,0,10,000,00,2,4,02,B01
201200052790,0,07,000,00,0,4,02,C01
201200052791,0,07,000,04,0,1,02,A01
201200052792,0,07,000,00,2,1,02,A01
201200052792,0,07,000,00,2,1,02,B01
201200052792,0,07,000,00,2,4,02,C01
201200052793,0,07,000,04,0,2,02,A01
201200052794,0,07,000,00,2,1,02,A01
201200052794,0,99,000,00,2,4,02,B01
201200052795,0,07,000,13,0,7,17,A01
201200052796,0,10,000,00,2,1,02,A01
201200052796,0,07,000,00,2,4,02,B01
201200052797,0,07,000,00,9,3,13,A01
201200052797,0,31,000,00,2,7,01,B01
201200052798,0,07,000,00,0,5,02,B01
201200052798,0,33,000,00,2,1,02,A01
201200052799,0,07,000,00,2,4,23,B01
201200052799,0,14,000,00,2,1,02,A01
201200052800,0,07,000,00,0,4,02,D01
201200052800,0,17,000,00,2,4,02,B01
201200052800,0,07,000,00,2,4,02,C01
201200052800,0,17,000,00,2,1,01,A01
201200052801,0,15,000,00,2,2,11,A01
201200052801,0,14,000,00,0,6,01,B01
201200052802,0,17,000,00,2,4,02,B01
201200052802,0,10,000,00,2,1,02,A01
201200052803,0,15,000,00,2,2,12,A01
201200052803,0,07,000,04,2,6,02,B01
201200052804,0,07,000,04,0,2,01,A01
201200052805,0,07,000,00,2,2,12,A01
201200052805,0,07,000,04,2,6,01,B01
201200052806,0,07,000,03,2,2,02,A01
201200052806,0,07,000,00,0,3,02,B01
201200052806,0,10,000,00,0,4,02,C01
201200052807,0,07,000,06,0,1,00,A01
201200052808,0,07,000,00,2,1,02,A01
201200052808,0,07,000,00,2,4,02,B01
201200052808,0,07,000,00,2,4,02,C01
201200052808,0,07,000,00,2,4,02,D01
201200052809,0,07,000,04,2,2,14,A01
201200052809,0,07,000,00,0,6,01,B01
201200052810,0,07,000,00,0,4,17,A01
201200052810,0,07,000,00,2,1,00,B01
201200052810,0,07,000,00,2,1,00,C01
201200052811,0,07,000,00,2,4,02,B01
201200052811,1,07,000,00,2,1,02,A01
201200052812,0,15,000,00,2,2,12,A01
201200052812,0,07,000,00,0,8,01,B01
201200052813,0,07,000,00,2,1,01,A01
201200052813,0,07,000,00,0,4,01,B01
201200052814,0,07,000,00,2,4,01,B01
201200052814,0,07,000,11,2,0,09,A01
201200052815,0,07,000,03,2,1,01,A01
201200052815,0,07,000,00,2,8,01,B01
201200052816,0,07,000,00,2,1,02,A01
201200052816,0,07,000,00,2,4,02,B01
201200052817,0,07,000,00,0,7,01,B01
201200052817,0,07,000,04,2,8,11,A01
201200052818,0,07,000,00,0,4,02,B01
201200052818,0,07,000,00,2,1,02,A01
201200052819,0,07,000,00,0,4,02,B01
201200052819,0,07,000,00,0,4,02,C01
201200052819,0,07,000,00,0,1,02,A01
201200052820,0,07,000,04,0,3,00,A01
201200052821,0,17,000,00,0,4,23,B01
201200052821,0,07,000,00,2,1,23,A01
201200052822,0,07,000,00,2,4,00,B01
201200052822,0,07,000,00,2,1,02,A01
201200052823,0,07,000,04,0,9,00,A01
201200052824,0,07,000,00,2,2,14,A01
201200052824,0,07,000,00,2,6,01,B01
201200052825,0,07,000,00,2,6,11,A01
201200052825,0,07,000,00,2,1,02,B01
201200052826,0,10,000,05,0,1,01,A01
201200052827,0,07,000,04,0,3,01,A01
201200052828,0,07,000,00,2,1,00,A01
201200052828,0,07,000,00,0,4,01,B01
201200052829,0,07,000,04,0,3,21,A01
201200052830,0,07,000,00,2,4,02,C01
201200052830,0,07,000,00,2,4,02,E01
201200052830,0,07,000,00,2,1,02,A01
201200052830,0,07,000,00,2,4,02,B01
201200052830,0,07,000,00,2,4,02,D01
201200052831,0,07,000,04,0,9,01,A01
201200052832,0,14,000,00,2,2,12,A01
201200052832,0,07,000,00,2,8,00,B01
201200052833,0,07,000,00,2,2,01,B01
201200052833,0,07,000,00,2,3,00,A01
201200052834,0,07,000,00,2,2,02,A01
201200052834,0,07,000,00,2,6,02,B01
201200052835,0,07,000,00,2,2,12,A01
201200052835,0,07,000,00,2,6,01,B01
201200052836,0,07,000,00,2,5,02,B01
201200052836,0,33,000,00,2,1,02,A01
201200052837,0,07,000,00,2,8,24,A01
201200052837,0,14,000,01,0,7,01,B01
201200052838,0,07,000,00,1,3,01,A01
201200052839,0,07,000,00,2,8,15,A01
201200052839,0,07,000,00,2,7,01,B01
201200052840,0,07,000,00,2,1,01,B01
201200052840,0,07,000,00,2,8,01,A01
201200052841,0,07,000,00,2,4,00,B01
201200052841,0,07,000,00,2,1,01,A01
201200052842,0,07,000,00,2,1,01,B01
201200052842,0,07,000,00,2,7,15,A01
201200052843,0,07,000,00,2,4,01,B01
201200052843,0,07,000,00,2,1,01,A01
201200052844,0,30,000,00,2,1,01,B01
201200052844,0,07,000,00,0,3,10,A01
201200052845,0,07,000,01,1,2,00,A01
201200052845,0,07,000,00,2,3,00,B01
201200052846,0,07,000,00,2,0,23,A01
201200052846,0,01,000,00,2,1,01,B01
201200052847,0,10,000,00,1,2,01,A01
201200052848,0,33,000,00,2,1,13,A01
201200052848,0,07,000,00,2,8,15,B01
201200052849,0,07,000,00,2,3,11,A01
201200052849,0,01,000,00,2,1,01,B01
201200052850,0,10,000,00,2,1,01,A01
201200052850,0,32,000,00,2,1,01,B01
201200052851,0,01,000,00,2,2,01,A01
201200052852,0,07,000,00,2,1,01,B01
201200052852,0,07,000,09,2,3,15,A01
201200052853,0,07,000,00,2,3,13,A01
201200052853,0,33,000,01,2,1,17,B01
201200052854,0,10,000,00,1,4,20,A01
201200052855,0,07,000,00,2,1,02,A01
201200052855,0,07,000,00,2,4,02,B01
201200052855,0,07,000,00,0,4,02,C01
201200052856,0,33,000,08,0,2,02,A01
201200052857,0,07,000,00,1,7,01,A01
201200052858,0,07,000,00,1,3,01,A01
201200052859,0,33,000,00,2,1,00,A01
201200052859,0,07,000,00,2,3,00,B01
201200052860,0,10,000,00,2,3,15,A01
201200052860,0,07,000,00,2,3,01,B01
201200052861,0,02,000,00,2,7,13,A01
201200052861,0,07,000,00,2,5,15,B01
201200052862,0,10,000,00,2,0,10,A01
201200052862,0,33,000,00,2,8,02,B01
201200052863,0,10,000,00,2,0,00,A01
201200052863,1,31,000,00,2,0,00,Z01
201200052864,0,07,000,00,1,3,01,A01
201200052865,0,07,000,00,2,3,15,A01
201200052865,0,30,000,00,2,1,01,B01
201200052866,0,07,000,00,2,1,02,A01
201200052866,0,07,000,00,0,4,01,B01
201200052867,0,07,000,00,2,7,16,A01
201200052867,0,33,000,00,2,1,01,B01
201200052868,0,07,000,00,1,6,04,A01
201200052869,0,07,000,00,2,3,15,A01
201200052869,0,30,000,00,2,1,02,B01
201200052870,0,07,000,00,1,2,17,A01
201200052871,0,07,000,00,2,3,15,A01
201200052871,0,07,000,00,2,8,01,B01
201200052871,0,07,000,00,2,3,01,C01
201200052872,1,30,000,00,1,0,00,Z01
201200052873,0,07,000,07,0,1,01,A01
201200052874,0,07,000,00,2,1,15,A01
201200052874,0,33,000,00,2,1,01,B01
201200052875,0,07,000,00,1,7,01,A01
201200052876,0,37,020,00,2,1,01,B01
201200052876,0,07,000,00,2,1,15,A01
201200052877,0,07,000,00,2,7,01,A01
201200052877,0,07,000,00,2,1,01,B01
201200052878,0,07,000,08,0,7,01,A01
201200052879,0,07,000,00,2,2,01,A01
201200052879,0,07,000,00,2,3,15,B01
201200052880,0,07,000,00,1,1,01,A01
201200052881,0,07,000,00,1,2,01,A01
201200052882,0,01,000,00,2,1,01,A01
201200052882,0,07,000,00,2,8,01,B01
201200052883,0,07,000,08,0,1,00,A01
201200052884,0,07,000,00,2,2,02,A01
201200052884,0,07,000,00,2,6,02,B01
201200052885,0,07,000,00,2,2,13,A01
201200052885,0,07,000,00,2,8,15,B01
201200052886,0,07,000,00,1,8,01,A01
201200052887,0,10,000,08,0,1,13,A01
201200052888,0,07,000,00,2,7,15,A01
201200052888,0,32,000,00,2,1,01,B01
201200052889,0,37,015,00,1,3,01,A01
201200052890,0,02,000,00,2,1,02,A01
201200052890,0,07,000,00,2,4,23,B01
201200052891,0,10,000,00,2,1,15,A01
201200052891,0,33,000,00,2,2,21,B01
201200052892,0,07,000,13,0,9,01,A01
201200052893,0,07,000,00,2,1,02,A01
201200052893,0,07,000,00,2,4,02,B01
201200052894,0,07,000,00,1,7,16,A01
201200052895,0,07,000,00,2,1,02,A01
201200052895,0,07,000,00,2,2,02,B01
201200052895,0,07,000,00,2,4,02,C01
201200052895,0,07,000,00,2,4,02,D01
201200052896,0,07,000,00,1,2,16,A01
201200052897,0,07,000,00,0,0,00,A01
201200052898,0,33,000,00,2,8,01,A01
201200052898,1,07,000,00,2,0,09,Z01
201200052899,0,07,000,00,2,3,24,A01
201200052899,0,01,000,15,0,1,01,B01
201200052900,0,07,000,00,1,1,01,A01
201200052901,0,07,000,01,0,1,13,A01
201200052901,0,07,000,00,2,3,23,B01
201200052902,0,07,000,00,2,5,15,A01
201200052902,0,31,000,00,2,2,01,B01
201200052903,0,07,000,00,2,3,13,A01
201200052903,0,33,000,00,2,2,01,B01
201200052904,0,33,000,00,2,1,02,A01
201200052904,0,07,000,00,2,6,02,B01
201200052905,0,02,000,00,2,1,01,A01
201200052905,0,07,000,00,2,8,15,B01
201200052906,0,07,000,00,2,4,02,C01
201200052906,0,07,000,00,2,4,02,B01
201200052906,0,07,000,00,2,1,02,A01
201200052907,0,07,000,08,0,1,01,A01
201200052908,0,32,000,00,1,7,01,A01
201200052909,0,07,000,04,0,1,01,A01
201200052910,0,07,000,00,2,1,05,A01
201200052910,0,07,000,00,2,0,00,B01
201200052911,0,07,000,01,0,2,14,A01
201200052912,0,07,000,00,1,2,02,A01
201200052913,0,30,000,00,0,0,01,A01
201200052914,0,01,000,00,2,4,01,B01
201200052914,0,31,000,00,2,3,21,A01
201200052915,0,07,000,00,2,1,19,A01
201200052915,0,07,000,00,2,1,01,B01
201200052916,0,07,000,00,1,2,02,A01
201200052917,0,07,000,01,0,1,00,A01
201200052918,0,31,000,00,2,3,02,A01
201200052918,0,07,000,00,0,4,02,B01
201200052919,0,07,000,00,2,5,15,A01
201200052919,0,30,000,00,2,1,01,B01
201200052920,0,10,000,00,0,0,11,A01
201200052920,0,31,000,00,0,0,01,B01
201200052921,0,01,000,00,2,1,01,B01
201200052921,1,07,000,00,2,1,00,Z01
201200052922,0,07,000,00,2,7,15,A01
201200052922,0,07,000,00,2,2,01,B01
201200052923,0,07,000,00,0,6,02,B01
201200052923,0,33,000,00,2,1,02,A01
201200052924,0,07,000,00,1,6,15,A01
201200052925,0,32,000,00,2,7,01,B01
201200052925,0,07,000,00,2,3,15,A01
201200052926,0,07,000,00,2,3,15,A01
201200052926,0,31,000,00,2,1,01,B01
201200052927,0,07,000,00,1,2,01,A01
201200052928,0,02,000,00,2,1,17,A01
201200052928,0,07,000,00,0,6,20,B01
201200052929,0,01,000,16,0,8,15,A01
201200052930,0,07,000,00,2,3,10,A01
201200052930,0,02,000,00,2,1,01,B01
201200052931,0,07,000,01,0,3,01,A01
201200052932,0,07,000,00,2,1,02,A01
201200052932,0,07,000,00,2,4,02,B01
201200052932,0,07,000,00,2,8,15,C01
201200052933,0,07,000,00,2,9,13,A01
201200052933,0,07,000,00,2,1,01,B01
201200052934,0,07,000,00,1,3,02,A01
201200052935,0,07,000,06,0,1,01,A01
201200052936,0,07,000,00,1,3,01,A01
201200052937,0,07,000,00,2,2,02,A01
201200052937,0,01,000,00,2,1,18,B01
201200052938,0,07,000,00,1,2,01,A01
201200052939,0,07,000,00,2,5,15,B01
201200052939,0,02,000,00,2,1,00,A01
201200052940,0,07,000,00,2,1,13,A01
201200052940,0,31,000,00,2,1,01,B01
201200052941,0,07,000,00,2,4,02,B01
201200052941,0,02,000,00,2,1,02,A01
201200052942,0,07,000,00,2,7,01,B01
201200052942,0,07,000,00,2,2,15,A01
201200052943,0,30,000,00,2,1,19,B01
201200052943,0,07,000,00,2,3,02,A01
201200052944,0,07,000,00,2,4,02,A01
201200052944,1,07,000,00,2,1,02,Z01
201200052945,0,33,000,00,2,2,03,B01
201200052945,0,07,000,00,2,8,13,A01
201200052946,0,07,000,00,1,1,00,A01
201200052947,0,07,000,00,2,4,02,B01
201200052947,0,07,000,00,2,1,02,A01
201200052948,0,07,000,00,0,4,23,B01
201200052948,0,07,000,00,2,1,02,A01
201200052949,0,10,000,00,2,4,02,B01
201200052949,0,07,000,00,2,4,02,A01
201200052950,0,07,000,00,2,1,01,A01
201200052950,0,07,000,00,0,4,23,B01
201200052951,0,07,000,00,0,6,23,B01
201200052951,0,07,000,00,2,2,01,A01
201200052952,0,07,000,00,2,4,23,B01
201200052952,0,07,000,00,2,4,23,C01
201200052952,0,07,000,00,2,4,23,D01
201200052952,0,07,000,00,2,1,02,A01
201200052953,0,07,000,03,0,1,02,A01
201200052954,0,07,000,03,0,7,21,A01
201200052954,1,07,000,00,0,0,14,B01
201200052955,0,10,000,00,2,8,02,A01
201200052955,0,33,000,00,2,2,02,B01
201200052955,0,15,000,00,0,0,11,C01
201200052956,0,10,000,00,2,3,02,A01
201200052956,0,10,000,00,2,6,02,B01
201200052957,0,07,000,00,2,1,02,A01
201200052957,0,07,000,00,0,4,02,B01
201200052958,0,07,000,00,2,7,12,A01
201200052958,0,33,000,00,0,8,01,B01
201200052959,0,07,000,00,2,1,02,B01
201200052959,0,07,000,14,0,3,02,A01
201200052959,0,07,000,00,2,1,02,C01
201200052960,0,07,000,00,2,1,02,A01
201200052960,0,10,000,00,0,4,02,B01
201200052961,0,15,000,00,0,6,01,B01
201200052961,0,07,000,00,2,2,14,A01
201200052962,2,10,000,00,2,1,02,A01
201200052962,0,10,000,00,2,4,02,B01
201200052963,0,10,000,03,0,3,02,A01
201200052964,0,07,000,00,2,1,02,A01
201200052964,0,07,000,00,0,4,23,C01
201200052964,0,07,000,00,2,4,23,B01
201200052965,0,10,000,15,0,1,14,A01
201200052966,0,07,000,04,2,3,00,A01
201200052967,0,07,000,00,0,3,11,A01
201200052967,0,34,000,00,0,1,01,B01
201200052968,0,33,000,00,0,0,02,A01
201200052969,0,99,000,03,0,8,14,B01
201200052969,0,07,000,00,2,3,05,A01
201200052970,0,07,000,04,0,8,13,A01
201200052971,0,10,000,00,0,4,02,B01
201200052971,0,10,000,00,2,1,02,A01
201200052972,0,07,000,00,2,1,01,A01
201200052972,0,33,000,00,2,4,02,B01
201200052972,0,07,000,00,2,5,02,C01
201200052973,2,07,000,00,2,1,02,A01
201200052973,0,07,000,04,0,2,02,D01
201200052973,0,07,000,00,0,6,02,C01
201200052973,2,07,000,03,0,9,02,B01
201200052974,0,33,000,15,0,1,12,A01
201200052975,0,07,000,00,2,1,01,A01
201200052975,0,07,000,00,2,4,01,B01
201200052976,0,10,000,00,2,4,02,B01
201200052976,0,07,000,00,2,4,02,D01
201200052976,0,07,000,00,0,4,02,E01
201200052976,0,10,000,00,0,4,02,C01
201200052976,0,10,000,00,2,1,01,A01
201200052977,0,07,000,00,2,1,02,A01
201200052977,0,07,000,00,2,4,02,C01
201200052977,0,07,000,00,2,4,02,B01
201200052978,0,07,000,00,0,3,13,A01
201200052979,0,32,000,04,0,7,21,B01
201200052979,0,07,000,00,0,0,14,A01
201200052980,0,07,000,08,0,2,01,A01
201200052981,0,34,000,12,0,8,02,A01
201200052982,0,07,000,01,0,1,11,B01
201200052982,2,07,000,03,0,1,17,A01
201200052983,0,07,000,00,0,8,02,A01
201200052983,1,07,000,00,2,0,11,Z01
201200052984,0,33,000,00,2,1,03,A01
201200052984,0,07,000,00,0,7,12,B01
201200052985,0,07,000,04,0,3,00,A01
201200052986,0,07,000,00,2,3,18,B01
201200052986,0,10,000,00,0,2,14,A01
201200052986,0,07,000,00,2,5,00,C01
201200052987,0,07,000,00,2,1,02,C01
201200052987,0,07,000,00,0,4,02,B01
201200052987,0,07,000,00,0,4,23,A01
201200052988,0,33,000,00,0,4,23,B01
201200052988,0,07,000,00,2,3,02,A01
201200052989,0,07,000,00,2,4,02,B01
201200052989,0,33,000,00,2,1,00,A01
201200052990,0,07,000,00,2,3,11,A01
201200052990,0,07,000,00,0,2,01,B01
201200052991,0,33,000,00,2,1,02,A01
201200052991,0,07,000,00,0,6,01,B01
201200052991,0,07,000,14,0,1,01,C01
201200052992,0,32,000,03,0,1,14,A01
201200052993,0,32,000,00,0,3,23,A01
201200052993,0,07,000,00,2,2,01,B01
201200052994,0,34,000,00,0,7,01,A01
201200052995,0,07,000,00,2,1,14,A01
201200052995,0,07,000,00,0,4,01,B01
201200052996,0,99,000,00,2,1,02,A01
201200052996,0,07,000,00,2,4,02,B01
201200052996,0,10,000,00,0,4,02,C01
201200052997,2,33,000,00,2,1,09,A01
201200052997,0,10,000,00,0,6,17,B01
201200052998,0,07,000,00,2,4,02,A01
201200052998,0,07,000,00,2,1,02,B01
201200052999,0,07,000,00,2,4,02,B01
201200052999,0,07,000,00,2,1,02,A01
201200052999,0,07,000,00,0,4,02,C01
201200053000,0,07,000,00,2,3,21,B01
201200053000,0,07,000,04,0,5,12,A01
201200053001,2,07,000,04,2,1,02,A01
201200053001,0,07,000,00,0,4,01,B01
201200053001,0,07,000,01,0,1,01,C01
201200053002,0,10,000,00,2,5,12,A01
201200053002,0,32,000,00,0,3,03,B01
201200053003,0,33,000,00,0,7,00,A01
201200053004,0,07,000,00,2,2,12,A01
201200053004,0,33,000,00,0,8,01,B01
201200053004,0,34,000,00,2,1,01,C01
201200053005,0,10,000,03,2,2,00,A01
201200053005,0,10,000,00,2,3,02,B01
201200053006,0,07,000,00,0,4,01,B01
201200053006,0,07,000,00,2,1,01,A01
201200053007,0,07,000,00,2,1,12,A01
201200053007,0,07,000,00,0,4,02,B01
201200053008,1,10,000,00,2,1,02,Z01
201200053008,0,10,000,00,2,1,02,B01
201200053009,0,33,000,00,2,6,01,A01
201200053009,0,07,000,00,0,6,01,B01
201200053010,0,10,000,00,0,5,01,B01
201200053010,0,33,000,00,2,5,01,A01
201200053011,0,33,000,00,0,4,02,B01
201200053011,0,07,000,00,2,1,02,A01
201200053012,0,10,000,00,0,4,01,B01
201200053012,0,07,000,00,2,1,01,A01
201200053013,0,07,000,00,0,8,01,B01
201200053013,0,07,000,00,2,7,11,A01
201200053014,0,07,000,00,0,6,00,B01
201200053014,0,32,000,00,2,1,02,A01
201200053015,0,10,000,00,2,1,02,A01
201200053015,0,10,000,00,0,4,23,C01
201200053015,0,33,000,00,2,1,02,D01
201200053015,0,07,000,00,2,4,23,B01
201200053015,0,34,000,00,2,8,21,F01
201200053015,0,10,000,00,0,1,02,E02
201200053016,0,33,000,00,2,8,01,B01
201200053016,0,07,000,00,2,7,12,A01
201200053017,0,07,000,05,0,7,21,A01
201200053018,0,33,000,00,0,7,03,A01
201200053019,0,07,000,00,0,4,23,C01
201200053019,0,07,000,00,0,5,23,B01
201200053019,0,34,000,00,2,1,03,A01
201200053020,0,07,000,03,2,3,02,A01
201200053020,0,07,000,00,0,4,23,B01
201200053020,0,07,000,00,0,4,23,C01
201200053020,0,07,000,00,0,5,23,D01
201200053020,0,07,000,00,2,5,23,E01
201200053020,0,07,000,00,2,4,23,F02
201200053020,0,07,000,00,0,4,23,G02
201200053021,0,33,000,00,2,1,03,A01
201200053021,0,07,000,00,0,4,11,B01
201200053022,0,31,000,00,0,8,00,A01
201200053023,0,07,000,00,2,1,02,B01
201200053023,0,07,000,00,2,4,02,A01
201200053024,0,32,000,00,2,7,01,A01
201200053024,0,07,000,00,2,6,15,B01
201200053025,0,07,000,00,2,1,00,B01
201200053025,0,07,000,00,0,4,00,A01
201200053026,1,99,000,00,2,2,00,Z01
201200053026,0,07,000,03,2,7,00,A01
201200053026,0,07,000,00,2,7,00,B01
201200053027,0,07,000,00,2,1,02,C01
201200053027,0,07,000,00,2,4,02,B01
201200053027,0,07,000,00,2,4,01,A01
201200053028,0,07,000,00,2,2,12,A01
201200053028,0,33,000,00,2,3,03,B01
201200053029,0,07,000,00,2,1,02,C01
201200053029,0,07,000,00,2,8,02,A01
201200053029,0,07,000,00,2,8,02,B01
201200053030,0,07,000,00,2,4,02,A01
201200053030,0,07,000,00,2,1,02,D01
201200053030,0,07,000,00,2,4,02,B01
201200053030,0,07,000,00,2,4,02,C01
201200053031,0,07,000,00,2,7,12,A01
201200053031,0,33,000,00,2,8,01,B01
201200053032,1,07,000,00,2,3,03,Z01
201200053032,0,07,000,03,2,5,01,A01
201200053033,0,07,000,00,0,4,01,A01
201200053033,0,07,000,00,2,1,01,C01
201200053033,0,07,000,00,2,4,01,B01
201200053034,0,07,000,00,2,4,02,B01
201200053034,0,07,000,00,2,1,02,C01
201200053034,0,14,000,00,2,4,02,A01
201200053035,0,07,000,04,0,3,17,A01
201200053036,0,07,000,03,0,1,11,A01
201200053037,0,15,000,00,2,3,01,B01
201200053037,0,07,000,00,2,7,12,A01
201200053038,0,07,000,00,2,1,02,B01
201200053038,0,07,000,00,2,4,02,A01
201200053039,0,07,000,13,0,4,01,A01
201200053040,0,07,000,00,2,6,01,A01
201200053041,0,07,000,00,0,9,21,A01
201200053042,0,10,000,00,2,4,02,B01
201200053042,0,07,000,00,2,4,02,C01
201200053042,0,07,000,00,2,1,02,D01
201200053042,0,07,000,00,2,4,02,A01
201200053043,0,07,000,00,2,1,01,B01
201200053043,0,07,000,00,0,4,01,A01
201200053043,0,07,000,00,2,1,01,D01
201200053043,0,10,000,00,2,1,01,E01
201200053043,0,07,000,00,2,1,01,F02
201200053043,0,07,000,00,2,1,01,C01
201200053044,0,10,000,00,2,4,02,A01
201200053044,0,33,000,00,2,1,02,B01
201200053045,0,32,000,00,0,0,02,A01
201200053046,0,10,000,03,0,9,02,A01
201200053047,0,07,000,03,0,1,02,A01
201200053048,0,33,000,00,6,0,01,A01
201200053049,0,07,000,15,0,1,01,A01
201200053050,0,34,000,00,0,8,02,A01
201200053051,0,07,000,00,0,4,23,A01
201200053051,0,07,000,00,2,1,02,B01
201200053052,0,32,000,00,2,8,01,A01
201200053052,0,07,000,00,2,7,14,B01
201200053053,0,07,000,00,0,4,02,A01
201200053053,0,07,000,14,0,4,02,B01
201200053053,0,07,000,14,0,1,02,C01
201200053054,0,33,000,00,0,0,01,A01
201200053055,0,07,000,00,0,4,02,A01
201200053055,0,07,000,00,2,4,02,B01
201200053055,0,07,000,00,2,1,02,C01
201200053055,0,07,000,00,2,1,02,D01
201200053056,0,07,000,00,0,4,23,A01
201200053056,0,07,000,00,2,1,02,B01
201200053057,0,07,000,00,2,1,02,C01
201200053057,0,07,000,00,2,3,02,B01
201200053057,0,07,000,00,0,1,02,A01
201200053058,0,07,000,00,2,1,01,B01
201200053058,0,07,000,00,2,4,01,C01
201200053058,0,07,000,00,2,1,01,D01
201200053058,0,07,000,01,2,4,01,A01
201200053059,0,07,000,00,2,4,02,A01
201200053059,0,07,000,00,2,1,02,B01
201200053060,0,07,000,04,0,4,13,A01
201200053060,0,07,000,00,2,1,01,B01
201200053061,0,10,000,00,2,6,01,A01
201200053061,0,10,000,00,2,2,21,B01
201200053062,0,07,000,03,0,1,00,A01
201200053063,0,07,000,04,0,1,17,A01
201200053064,0,07,000,04,0,4,13,A01
201200053065,0,07,000,03,0,1,01,A01
201200053066,0,07,000,00,0,0,02,A01
201200053067,0,07,000,00,0,4,01,A01
201200053067,0,07,000,00,2,1,02,B01
201200053068,0,07,000,04,0,3,11,A01
201200053069,0,07,000,05,0,1,01,A01
201200053070,0,07,000,03,0,1,01,A01
201200053071,0,07,000,00,2,2,02,B01
201200053071,0,07,000,00,2,1,02,A01
201200053072,0,07,000,00,0,4,02,A01
201200053072,0,07,000,00,2,1,02,B01
201200053073,0,07,000,00,0,4,00,A01
201200053073,0,07,000,00,2,1,02,B01
201200053074,0,15,000,00,2,2,01,B01
201200053074,0,07,000,00,2,8,01,A01
201200053075,0,10,000,00,2,1,02,C01
201200053075,0,07,000,00,2,1,02,B01
201200053075,0,10,000,00,2,4,01,A01
201200053076,0,07,000,04,0,3,13,A01
201200053077,0,14,000,16,0,7,01,A01
201200053078,0,07,000,00,0,9,02,A01
201200053079,0,14,000,00,2,3,02,B01
201200053079,0,07,000,00,2,5,02,A01
201200053080,0,07,000,03,0,7,00,A01
201200053081,0,33,000,04,0,3,01,A01
201200053082,0,07,000,00,0,9,00,A01
201200053083,0,07,000,00,0,5,01,A01
201200053083,0,07,000,00,2,3,00,B01
201200053084,0,14,000,00,2,4,01,A01
201200053084,0,10,000,00,2,1,02,B01
201200053085,0,07,000,00,2,1,02,C01
201200053085,0,07,000,00,2,4,02,B01
201200053085,0,07,000,00,0,4,02,A01
201200053086,0,31,000,00,0,8,01,B01
201200053086,0,07,000,00,2,2,12,A01
201200053087,0,07,000,00,2,4,23,B01
201200053087,0,07,000,00,2,1,01,C01
201200053087,0,07,000,00,0,9,21,A01
201200053088,0,07,000,00,2,1,02,D01
201200053088,0,07,000,00,2,4,02,A01
201200053088,0,07,000,00,2,4,02,C01
201200053088,0,07,000,00,2,4,02,B01
201200053089,0,17,000,13,2,2,12,A01
201200053089,0,32,000,00,2,8,01,B01
201200053090,0,07,000,03,0,1,02,A01
201200053091,0,33,000,00,0,8,00,A01
201200053091,0,07,000,00,0,0,00,T01
201200053092,0,07,000,00,2,4,02,A01
201200053092,0,07,000,00,2,1,02,B01
201200053093,0,07,000,00,2,1,02,B01
201200053093,0,07,000,00,0,4,02,A01
201200053094,0,07,000,06,2,8,01,A01
201200053094,0,14,000,00,2,7,12,B01
201200053095,0,15,000,00,2,5,09,B01
201200053095,0,33,000,00,2,5,02,A01
201200053096,0,07,000,00,0,4,01,A01
201200053096,0,07,000,00,2,1,02,C01
201200053096,0,07,000,00,2,1,02,D01
201200053096,0,10,000,00,2,4,02,B01
201200053097,0,07,000,00,2,1,02,E01
201200053097,0,07,000,00,0,4,02,C01
201200053097,0,07,000,00,2,2,02,B01
201200053097,0,07,000,00,2,4,02,D01
201200053097,0,07,000,00,2,8,02,A01
201200053098,0,33,000,00,0,1,02,A01
201200053099,0,07,000,04,0,3,01,A01
201200053100,0,07,000,00,0,3,00,A01
201200053101,0,07,000,00,2,1,02,C01
201200053101,0,07,000,00,0,4,02,A01
201200053101,0,07,000,00,2,4,02,B01
201200053102,0,10,000,00,0,4,01,A01
201200053102,0,07,000,00,2,1,02,B01
201200053103,0,07,000,00,0,0,00,A01
201200053104,0,07,000,00,2,1,02,C01
201200053104,0,07,000,00,0,4,23,A01
201200053104,0,07,000,00,2,4,23,B01
201200053105,0,10,000,03,2,6,02,A01
201200053105,0,10,000,00,2,2,02,B01
201200053106,0,10,000,00,2,1,01,B01
201200053106,0,10,000,03,0,1,13,A01
201200053107,0,07,000,10,0,8,00,A01
201200053108,1,07,000,00,2,2,00,Z01
201200053108,0,07,000,00,0,2,01,A01
201200053108,0,07,000,00,2,2,01,B01
201200053109,0,32,000,16,0,7,16,A01
201200053110,0,07,000,00,2,4,02,B01
201200053110,0,07,000,00,2,4,02,A01
201200053110,0,07,000,00,2,1,02,C01
201200053110,0,07,000,00,2,1,02,D01
201200053111,0,34,000,16,0,7,01,A01
201200053112,0,07,000,00,2,4,02,A01
201200053112,0,07,000,01,0,1,02,C01
201200053112,0,07,000,00,2,4,02,B01