Num_Acc,senc,catv,occutc,obs,obsm,choc,manv,num_veh
201200053430,1,99,000,00,0,0,00,Z01
201200053431,1,07,000,00,0,0,00,Z01
201200053431,0,07,000,00,2,4,02,A01
201200053432,0,07,000,00,0,4,01,A01
201200053432,0,07,000,00,2,1,00,B01
201200053433,0,07,000,14,0,1,02,A01
201200053433,0,07,000,01,0,1,02,C01
201200053433,0,31,000,01,0,1,02,B01
201200053434,0,07,000,00,2,1,00,B01
201200053434,0,07,000,00,0,4,01,A01
201200053435,1,15,000,00,2,3,00,Z01
201200053435,0,07,000,04,2,5,00,A01
201200053436,0,33,000,04,0,1,01,A01
201200053437,0,07,000,00,0,4,02,A01
201200053437,0,32,000,00,2,1,02,B01
201200053438,0,33,000,03,0,7,00,A01
201200053439,0,07,000,00,2,4,02,A01
201200053439,0,32,000,00,2,1,02,B01
201200053440,0,07,000,03,2,5,12,A01
201200053440,0,07,000,03,2,3,01,B01
201200053441,0,10,000,01,0,2,01,B01
201200053441,0,07,000,00,0,6,24,A01
201200053442,0,10,000,08,0,9,01,A01
201200053443,0,07,000,00,0,9,00,A01
201200053444,0,07,000,00,1,3,01,C01
201200053445,0,07,000,14,0,2,02,C01
201200053445,0,07,000,00,1,3,21,B01
201200053446,0,07,000,04,2,3,01,A01
201200053447,0,31,000,00,2,7,17,A01
201200053447,0,07,000,00,0,6,11,B01
201200053448,0,07,000,04,0,4,01,A01
201200053449,0,07,000,00,2,4,02,A01
201200053449,0,07,000,00,2,1,02,B01
201200053450,0,07,000,00,0,4,01,A01
201200053450,0,07,000,00,2,1,17,C01
201200053450,0,07,000,00,0,0,02,B01
201200053451,0,07,000,04,0,7,01,A01
201200053452,0,07,000,00,2,1,02,B01
201200053452,0,07,000,00,0,4,02,A01
201200053453,0,07,000,00,9,1,01,A01
201200053454,1,07,000,00,2,1,02,Z01
201200053454,0,07,000,04,0,4,02,A01
201200053455,0,07,000,00,0,1,01,A01
201200053456,0,07,000,00,2,1,14,B01
201200053456,0,07,000,00,0,4,23,A01
201200053457,0,33,000,00,9,1,01,A01
201200053458,0,07,000,00,2,4,23,A01
201200053458,0,07,000,00,2,1,02,B01
201200053459,0,07,000,00,2,4,02,A01
201200053459,0,07,000,00,2,1,02,B01
201200053460,0,07,000,00,2,8,15,A01
201200053460,0,33,000,00,2,1,17,B01
201200053461,0,32,000,00,2,2,18,A01
201200053461,0,07,000,00,2,7,16,B01
201200053462,0,07,000,00,2,2,01,B01
201200053462,0,33,000,00,2,1,01,A01
201200053463,0,13,000,00,2,7,16,B01
201200053463,0,33,000,00,2,8,18,A01
201200053464,0,32,000,00,2,1,01,B01
201200053464,0,07,000,00,2,8,15,A01
201200053465,0,33,000,14,0,0,13,A01
201200053466,0,30,000,00,2,0,18,A01
201200053466,0,07,000,00,0,0,16,B01
201200053467,0,07,000,00,0,6,23,A01
201200053467,0,14,000,00,0,2,01,B01
201200053468,0,07,000,00,2,2,14,A01
201200053468,0,32,000,00,2,3,01,B01
201200053469,0,07,000,00,1,2,15,A01
201200053470,0,33,000,00,2,1,02,A01
201200053470,0,32,000,00,2,4,23,B01
201200053470,0,07,000,00,2,6,23,C01
201200053471,0,07,000,00,1,3,01,A01
201200053472,0,30,000,00,2,8,13,A01
201200053472,0,32,000,00,2,8,01,B01
201200053473,0,34,000,00,1,1,01,A01
201200053474,0,07,000,00,2,3,13,A01
201200053474,0,30,000,00,2,0,03,B01
201200053475,0,07,000,11,2,2,14,A01
201200053475,0,32,000,00,2,3,01,B01
201200053476,0,10,000,00,2,1,15,A01
201200053476,0,32,000,00,2,8,01,B01
201200053477,0,01,000,00,2,1,01,A01
201200053477,1,07,000,00,2,1,14,Z01
201200053478,0,07,000,00,1,1,01,A01
201200053479,0,07,000,00,2,8,01,B01
201200053479,0,07,000,00,2,2,13,A01
201200053480,0,07,000,00,1,6,04,A01
201200053481,0,07,000,00,2,2,01,B01
201200053481,0,34,000,00,2,5,15,A01
201200053482,1,07,000,00,1,0,01,Z01
201200053483,0,07,000,00,1,2,15,A01
201200053484,0,07,000,00,2,6,23,A01
201200053484,0,34,000,14,2,1,01,B01
201200053485,0,07,000,00,0,4,02,B01
201200053485,0,10,000,00,2,1,02,A01
201200053486,0,01,000,00,1,1,01,A01
201200053487,0,07,000,00,0,0,22,A01
201200053487,0,32,000,00,0,0,18,B01
201200053488,0,01,000,00,0,0,07,A01
201200053489,0,33,000,00,2,2,17,A01
201200053489,0,07,000,00,2,3,13,B01
201200053490,0,07,000,00,2,3,13,A01
201200053490,0,33,000,00,2,7,01,B01
201200053491,0,31,000,00,2,2,01,A01
201200053491,1,07,000,00,2,0,13,Z01
201200053492,0,10,000,00,1,3,15,A01
201200053493,0,07,000,14,0,0,01,A01
201200053494,0,07,000,00,1,1,15,A01
201200053495,0,07,000,00,0,6,01,B01
201200053495,0,07,000,00,0,7,01,C01
201200053495,0,30,000,00,2,1,03,A01
201200053496,0,32,000,00,0,7,02,B01
201200053496,0,07,000,01,0,2,14,A01
201200053497,0,30,000,00,2,3,01,B01
201200053497,0,07,000,00,2,2,11,A01
201200053498,0,31,000,00,0,8,01,A01
201200053499,0,07,000,00,1,1,15,A01
201200053500,0,07,000,00,2,3,15,A01
201200053500,0,34,000,00,2,2,01,B01
201200053501,0,07,000,00,1,2,01,A01
201200053502,0,07,000,14,0,1,13,A01
201200053503,0,01,000,00,1,1,01,A01
201200053504,0,01,000,00,2,1,02,A01
201200053504,0,07,000,00,2,6,23,B01
201200053505,0,34,000,00,1,1,01,A01
201200053506,0,02,000,00,1,1,01,A01
201200053507,0,32,000,00,2,1,23,B01
201200053507,0,07,000,00,2,1,02,A01
201200053507,0,10,000,00,2,6,23,C01
201200053508,0,31,000,00,1,1,01,A01
201200053509,0,07,000,00,1,1,15,A01
201200053510,0,32,000,00,2,8,01,A01
201200053511,0,32,000,00,2,2,01,A01
201200053511,1,07,000,00,2,0,01,Z01
201200053512,0,32,000,00,2,1,01,B01
201200053512,0,07,000,00,2,3,15,A01
201200053513,0,07,000,00,2,3,23,B01
201200053513,0,31,000,00,2,1,03,A01
201200053513,0,07,000,00,2,5,23,C01
201200053514,0,07,000,00,1,4,04,A01
201200053515,0,34,000,00,2,8,01,B01
201200053515,0,10,000,00,2,7,16,A01
201200053516,0,07,000,00,1,6,04,A01
201200053517,0,34,000,00,2,7,17,B01
201200053517,0,07,000,00,2,3,15,A01
201200053518,0,32,000,00,2,1,02,A01
201200053518,0,07,000,00,0,4,23,B01
201200053519,0,33,000,00,0,8,01,A01
201200053520,0,07,000,00,1,1,16,A01
201200053521,0,32,000,00,0,3,18,B01
201200053521,0,07,000,00,0,5,16,A01
201200053522,0,07,000,00,0,8,01,A01
201200053522,0,02,000,00,2,1,01,B01
201200053523,0,07,000,00,0,7,22,B01
201200053523,0,01,000,01,0,1,18,A01
201200053524,0,32,000,00,0,0,18,A01
201200053524,0,07,000,00,0,5,16,B01
201200053525,1,07,000,00,1,8,01,A01
201200053526,2,33,000,00,0,8,03,A01
201200053526,0,07,000,00,0,4,23,B01
201200053527,0,13,000,00,1,7,16,A01
201200053528,1,07,000,00,1,0,01,Z01
201200053529,0,07,000,00,0,0,13,A01
201200053529,0,34,000,00,0,4,01,B01
201200053530,0,10,000,00,2,0,09,A01
201200053530,0,34,000,00,2,8,01,B01
201200053531,0,07,000,00,1,1,07,A01
201200053532,0,07,000,00,2,2,01,B01
201200053532,0,30,000,00,2,1,01,A01
201200053533,0,32,000,00,2,4,01,B01
201200053533,0,07,000,00,2,2,01,A01
201200053534,0,33,000,01,2,9,02,A01
201200053534,0,07,000,00,2,6,23,B01
201200053535,0,33,000,00,0,0,01,A01
201200053536,0,01,000,00,2,1,01,B01
201200053536,0,07,000,00,2,3,15,A01
201200053537,0,30,000,00,2,1,01,B01
201200053537,0,07,000,00,2,5,15,A01
201200053538,0,32,000,00,2,1,02,A01
201200053538,0,07,000,00,2,6,23,B01
201200053539,1,07,000,00,1,0,15,Z01
201200053540,0,01,000,00,2,2,01,B01
201200053540,0,07,000,00,2,2,22,A01
201200053541,0,07,000,00,2,4,23,A01
201200053541,0,01,000,00,2,1,02,B01
201200053542,0,07,000,00,2,1,02,A01
201200053542,0,31,000,00,0,4,02,B01
201200053543,0,30,000,00,2,8,12,A01
201200053543,0,01,000,00,2,7,01,B01
201200053544,0,30,000,00,0,0,01,A01
201200053545,0,07,000,00,2,5,01,C01
201200053545,0,07,000,00,2,0,13,A01
201200053545,0,30,000,00,2,7,03,B01
201200053546,0,07,000,00,1,3,01,A01
201200053547,0,30,000,00,2,1,01,B01
201200053547,0,33,000,00,2,8,15,A01
201200053548,0,37,000,00,1,7,01,A01
201200053549,0,10,000,00,2,7,16,A01
201200053549,0,33,000,00,2,8,07,B01
201200053550,0,01,000,00,2,3,07,B01
201200053550,0,07,000,00,2,2,16,A01
201200053551,0,07,000,00,2,1,15,A01
201200053551,0,30,000,00,2,8,01,B01
201200053552,0,07,000,01,0,2,15,A01
201200053553,0,33,000,00,2,7,02,B01
201200053553,0,14,000,06,2,1,02,A01
201200053554,0,32,000,00,0,1,01,A01
201200053555,0,01,000,00,0,0,01,A01
201200053556,0,32,000,00,1,3,01,A01
201200053557,0,32,000,00,2,7,21,A01
201200053558,0,02,000,00,0,8,01,B01
201200053558,0,07,000,00,0,2,16,A01
201200053559,0,02,000,00,0,8,01,A01
201200053560,0,07,000,00,2,8,07,B01
201200053560,0,07,000,00,2,7,16,A01
201200053561,0,07,000,00,1,2,01,A01
201200053562,0,34,000,00,0,7,01,A01
201200053563,0,01,000,08,0,1,01,A01
201200053564,0,07,000,00,2,1,02,A01
201200053564,0,07,000,00,2,4,02,B01
201200053565,0,07,000,00,2,0,16,B01
201200053565,0,30,000,12,2,1,18,A01
201200053566,0,10,000,00,2,8,15,B01
201200053566,0,33,000,00,2,1,17,A01
201200053567,0,07,000,00,2,1,15,B01
201200053567,0,30,000,00,2,7,01,A01
201200053568,0,32,000,00,2,7,03,A01
201200053568,0,07,000,00,2,7,23,B01
201200053568,0,07,000,00,2,7,23,C01
201200053569,0,01,000,15,0,1,01,A01
201200053570,0,01,000,00,2,1,07,A01
201200053570,0,07,000,00,2,3,15,B01
201200053571,0,01,000,00,2,1,07,B01
201200053571,0,07,000,00,2,4,16,A01
201200053572,0,07,000,00,2,1,01,A01
201200053572,0,32,000,00,0,0,23,B01
201200053573,0,30,000,01,2,8,02,A01
201200053574,0,07,000,00,0,2,01,B01
201200053574,0,34,000,00,0,2,13,A01
201200053575,0,33,000,00,1,2,17,A01
201200053576,0,02,000,00,2,0,21,A01
201200053577,1,13,000,00,0,0,02,Z01
201200053577,0,33,000,00,0,0,02,A01
201200053578,0,10,000,00,1,5,04,A01
201200053579,0,07,000,00,1,4,04,A01
201200053580,1,07,000,00,2,0,02,Z01
201200053580,0,30,000,00,2,5,02,A01
201200053581,0,33,000,00,0,4,23,B01
201200053581,0,07,000,14,0,1,01,A01
201200053582,0,02,000,00,0,0,15,A01
201200053583,0,07,000,00,2,1,15,A01
201200053583,0,32,000,00,2,8,01,B01
201200053584,0,33,000,00,2,7,12,A01
201200053584,0,34,000,00,2,3,07,B01
201200053585,0,34,000,00,2,1,01,B01
201200053585,0,07,000,00,2,2,01,A01
201200053586,1,34,000,00,1,0,01,Z01
201200053587,0,01,000,00,1,0,01,A01
201200053588,0,32,000,00,2,5,17,B01
201200053588,0,07,000,00,2,3,15,A01
201200053589,0,07,000,00,2,4,02,B01
201200053589,0,07,000,00,2,1,02,A01
201200053589,0,07,000,00,2,4,02,C01
201200053590,0,31,000,14,0,2,14,A01
201200053591,0,07,000,00,0,1,04,A01
201200053592,0,33,000,00,2,8,01,A01
201200053592,0,02,000,00,2,4,17,B01
201200053593,0,14,000,00,1,3,15,A01
201200053594,0,32,000,14,0,2,01,A01
201200053595,0,07,000,00,0,7,07,A01
201200053595,0,01,000,00,0,8,07,B01
201200053596,0,07,000,00,2,7,16,A01
201200053596,0,33,000,00,2,8,18,B01
201200053597,0,07,000,00,2,6,22,A01
201200053597,0,30,000,00,2,2,17,B01
201200053598,0,07,000,00,2,6,01,B01
201200053598,0,07,000,00,2,1,01,A01
201200053599,0,31,000,00,0,0,01,A01
201200053599,0,37,001,00,9,1,01,B01
201200053600,0,32,000,00,2,1,01,B01
201200053600,0,32,000,00,2,1,01,A01
201200053601,0,32,000,00,2,0,01,A01
201200053601,0,07,000,00,2,0,13,B01
201200053602,0,32,000,00,1,1,17,A01
201200053603,0,07,000,00,2,3,02,A01
201200053603,0,30,000,00,2,4,16,B01
201200053604,0,10,000,00,1,3,01,A01
201200053605,0,32,000,00,2,7,18,B01
201200053605,0,07,000,00,2,7,22,A01
201200053606,0,34,000,00,2,3,02,A01
201200053606,0,07,000,00,2,5,02,B01
201200053607,1,07,000,00,2,0,02,Z01
201200053607,0,32,000,00,2,4,23,A01
201200053608,0,33,000,14,0,1,13,A01
201200053609,0,10,000,00,2,4,23,B01
201200053609,0,07,000,00,2,1,02,A01
201200053610,0,07,000,00,2,7,01,B01
201200053610,0,32,000,00,2,1,01,A01
201200053611,0,32,000,14,0,3,14,A01
201200053612,0,32,000,00,2,1,01,A01
201200053612,0,10,000,00,2,3,01,B01
201200053613,0,01,000,00,1,7,16,A01
201200053614,0,32,000,14,0,1,13,A01
201200053615,0,32,000,00,2,0,01,A01
201200053615,1,07,000,00,2,0,15,Z01
201200053616,0,10,000,00,1,6,04,A01
201200053617,0,07,000,00,1,3,07,A01
201200053618,0,30,000,12,0,0,13,A01
201200053619,0,30,000,00,1,0,01,A01
201200053620,0,37,001,00,1,2,16,A01
201200053621,0,10,000,00,1,5,04,A01
201200053622,0,10,000,00,2,2,01,A01
201200053622,0,32,000,00,2,8,01,B01
201200053623,0,10,000,00,1,6,04,A01
201200053624,0,07,000,00,2,3,01,A01
201200053624,0,33,000,00,2,2,01,B01
201200053625,0,07,000,00,2,1,01,A01
201200053625,0,34,000,00,2,7,01,B01
201200053626,0,31,000,00,2,7,17,A01
201200053626,0,07,000,00,2,3,13,B01
201200053627,0,07,000,00,2,7,01,A01
201200053627,0,34,000,00,2,1,01,B01
201200053628,0,07,000,00,1,1,15,A01
201200053629,0,37,000,00,1,7,01,A01
201200053630,0,10,000,00,1,3,15,A01
201200053631,0,33,000,00,1,1,01,A01
201200053632,0,34,000,00,2,1,01,A01
201200053632,0,07,000,00,2,6,01,B01
201200053633,0,30,000,00,2,8,01,A01
201200053633,1,07,000,00,2,7,17,Z01
201200053634,0,07,000,00,2,0,01,A01
201200053634,0,34,000,00,2,0,17,B01
201200053635,0,10,000,00,1,4,04,A01
201200053636,0,07,000,00,9,1,09,B01
201200053636,0,01,000,00,2,1,05,A01
201200053637,0,07,000,00,1,2,07,A01
201200053638,0,07,000,00,0,6,13,A01
201200053638,0,02,000,00,2,2,17,B01
201200053639,0,30,000,00,2,8,01,B01
201200053639,0,07,000,00,2,2,16,A01
201200053640,0,07,000,00,2,3,15,A01
201200053640,0,32,000,00,0,4,01,B01
201200053641,0,07,000,00,2,2,01,B01
201200053641,0,33,000,00,2,1,01,A01
201200053642,0,07,000,00,1,3,15,A01
201200053643,0,01,000,08,0,2,14,A01
201200053644,0,30,000,00,0,8,01,A01
201200053645,0,07,000,00,1,6,04,A01
201200053646,0,10,000,00,2,7,01,A01
201200053646,0,32,000,00,2,1,01,B01
201200053647,0,01,000,00,0,1,01,A01
201200053647,1,07,000,01,0,0,01,B01
201200053648,0,01,000,00,0,0,16,A01
201200053649,0,10,000,00,1,4,04,A01
201200053650,0,32,000,00,2,3,15,A01
201200053650,0,07,000,00,2,2,01,B01
201200053651,0,30,000,08,0,0,01,A01
201200053652,0,07,000,00,2,1,01,A01
201200053652,0,07,000,00,2,3,01,B01
201200053653,0,34,000,12,0,0,21,A01
201200053654,0,07,000,00,2,3,09,B01
201200053654,0,34,000,00,2,7,17,A01
201200053655,0,31,000,00,2,8,01,B01
201200053655,0,07,000,00,2,6,23,C01
201200053655,0,02,000,00,2,1,01,A01
201200053656,0,33,000,00,0,0,01,A01
201200053657,0,31,000,00,2,8,01,B01
201200053657,0,07,000,00,2,2,17,A01
201200053658,0,07,000,00,2,3,02,A01
201200053658,0,10,000,00,2,5,02,B01
201200053659,0,33,000,00,2,2,17,B01
201200053659,0,10,000,00,2,3,13,A01
201200053660,0,10,000,00,1,5,04,A01
201200053661,1,30,000,00,0,5,07,Z01
201200053662,0,01,000,00,2,3,07,A01
201200053662,0,33,000,00,2,2,01,B01
201200053663,0,07,000,00,2,3,15,A01
201200053663,0,32,000,00,2,2,17,B01
201200053664,0,01,000,00,1,1,07,A01
201200053665,0,10,000,00,1,4,04,A01
201200053666,0,32,000,00,2,2,02,A01
201200053666,0,32,000,00,0,4,02,B01
201200053667,0,07,000,00,2,7,01,B01
201200053667,0,07,000,00,2,7,14,A01
201200053668,0,30,000,00,2,2,01,A01
201200053668,0,07,000,00,2,8,01,B01
201200053669,0,07,000,00,2,2,15,A01
201200053669,0,30,000,00,2,2,01,B01
201200053670,0,33,000,00,2,7,17,B01
201200053670,0,10,000,00,2,3,15,A01
201200053671,0,32,000,00,2,1,01,B01
201200053671,0,10,000,00,2,8,15,A01
201200053672,0,07,000,00,2,6,22,A01
201200053672,0,01,000,00,2,1,17,B01
201200053673,0,01,000,00,1,1,01,A01
201200053674,0,36,000,00,1,4,10,A01
201200053675,0,02,000,01,0,1,13,A01
201200053676,0,10,000,00,1,4,04,A01
201200053677,0,07,000,00,1,2,01,A01
201200053678,0,07,000,00,2,2,16,A01
201200053678,0,32,000,00,2,3,01,B01
201200053679,0,07,000,00,2,1,01,A01
201200053679,0,32,000,00,2,4,18,B01
201200053680,0,33,000,00,2,4,23,B01
201200053680,0,07,000,00,2,3,02,A01
201200053681,0,32,000,00,2,1,17,A01
201200053681,0,07,000,00,2,8,15,B01
201200053682,0,13,000,00,2,4,04,A01
201200053682,0,32,000,00,2,1,01,B01
201200053683,0,33,000,00,0,0,01,A01
201200053684,0,07,000,11,0,1,14,A01
201200053685,0,30,000,00,2,3,01,B01
201200053685,0,07,000,00,2,3,15,A01
201200053686,0,07,000,00,2,2,14,A01
201200053686,0,30,000,00,2,8,23,B01
201200053687,0,32,000,00,0,8,01,A01
201200053688,0,07,000,00,1,2,01,A01
201200053689,0,07,000,00,2,8,01,B01
201200053689,0,32,000,00,2,1,01,A01
201200053690,0,32,000,00,0,7,01,A01
201200053691,0,07,000,00,2,7,17,A01
201200053691,0,30,000,00,2,6,13,B01
201200053692,0,02,000,00,1,2,01,A01
201200053693,0,07,000,00,1,3,15,A01
201200053694,0,02,000,00,1,0,07,A01
201200053695,0,32,000,00,2,1,01,A01
201200053696,0,33,000,00,2,4,02,B01
201200053696,0,10,000,00,2,1,02,A01
201200053697,1,07,000,00,1,0,01,Z01
201200053698,0,30,000,12,0,1,14,A01
201200053699,0,07,000,00,2,5,22,A01
201200053699,0,34,000,00,2,1,18,B01
201200053700,0,07,000,01,1,1,15,A01
201200053701,0,31,000,00,2,8,07,A01
201200053701,0,07,000,00,2,1,01,B01
201200053702,0,07,000,00,2,2,15,A01
201200053702,0,34,000,00,2,3,01,B01
201200053703,0,30,000,00,2,0,07,A01
201200053703,0,10,000,00,2,2,16,B01
201200053704,1,07,000,00,2,2,16,B01
201200053704,0,32,000,00,2,1,18,A01
201200053705,0,01,000,00,2,7,15,A01
201200053705,0,32,000,00,2,3,15,B01
201200053706,1,07,000,00,1,0,13,Z01
201200053707,0,01,000,00,1,7,01,A01
201200053708,1,13,000,00,1,0,01,Z01
201200053709,0,31,000,00,2,0,02,B01
201200053709,0,10,000,00,2,4,04,A01
201200053710,0,07,000,00,1,1,01,A01
201200053711,0,32,000,00,2,1,01,B01
201200053711,0,10,000,00,2,7,01,A01
201200053712,0,07,000,00,1,2,01,A01
201200053713,0,01,000,00,0,0,01,A01
201200053714,0,10,000,00,2,3,13,B01
201200053714,0,32,000,00,2,2,05,A01
201200053715,0,32,000,00,2,0,18,A01
201200053715,0,30,000,00,2,0,01,B01
201200053716,0,37,000,00,9,5,14,B01
201200053716,0,30,000,00,2,8,18,A01
201200053717,0,34,000,00,0,4,23,B01
201200053717,0,32,000,00,0,1,01,A01
201200053718,0,32,000,00,2,1,17,A01
201200053718,0,07,000,00,2,3,15,B01
201200053719,0,07,000,00,1,1,15,A01
201200053720,0,07,000,00,2,3,10,A01
201200053720,0,34,000,00,2,2,01,B01
201200053721,1,10,000,00,1,2,01,Z01
201200053722,0,30,000,00,2,2,01,B01
201200053722,0,10,000,00,2,3,01,A01
201200053723,0,01,000,00,1,1,01,A01
201200053724,0,10,000,11,0,2,13,A01
201200053725,0,07,000,00,2,5,16,A01
201200053725,0,02,000,00,2,3,18,B01
201200053726,0,02,000,00,1,7,15,A01
201200053727,0,32,000,00,2,3,01,A01
201200053727,0,07,000,00,0,2,09,B01
201200053728,0,02,000,00,1,1,01,A01
201200053729,0,33,000,00,0,0,21,A01
201200053730,0,02,000,00,0,1,01,A01
201200053731,0,02,000,00,0,0,21,A01
201200053732,0,32,000,00,2,3,18,B01
201200053732,0,07,000,00,0,7,22,A01
201200053733,0,07,000,00,2,5,12,A01
201200053733,0,32,000,00,2,1,01,B01
201200053734,0,02,000,00,0,0,17,A01
201200053735,0,30,000,00,2,1,18,B01
201200053735,0,07,000,00,2,7,22,A01
201200053736,0,07,000,00,2,3,13,A01
201200053736,0,32,000,00,2,8,01,B01
201200053737,0,31,000,00,2,1,01,B01
201200053737,0,07,000,00,2,2,01,A01
201200053738,0,07,000,00,2,3,07,B01
201200053738,0,31,000,00,2,2,16,A01
201200053739,0,07,000,00,2,1,15,A01
201200053739,0,31,000,00,2,1,01,B01
201200053740,0,07,000,00,1,1,15,A01
201200053741,0,07,000,00,2,0,01,A01
201200053741,0,01,000,00,2,0,09,B01
201200053742,0,01,000,00,1,1,18,A01
201200053743,0,07,000,01,0,1,01,A01
201200053744,0,32,000,00,2,1,01,A01
201200053744,0,07,000,00,0,2,01,B01
201200053745,0,07,000,00,1,4,04,A01
201200053746,0,34,000,00,0,7,01,A01
201200053747,0,33,000,00,0,0,01,A01
201200053748,0,32,000,00,2,6,16,A01
201200053748,1,07,000,00,2,0,16,Z01
201200053748,0,07,000,00,2,2,16,B01
201200053749,1,07,000,00,0,5,16,A01
201200053749,0,01,000,00,2,1,01,B01
201200053750,0,01,000,00,2,2,12,A01
201200053750,0,07,000,00,2,3,01,B01
201200053751,0,30,000,00,1,0,01,A01
201200053752,0,02,000,00,0,7,01,A01
201200053753,0,07,000,00,2,3,10,A01
201200053753,0,02,000,00,2,1,17,B01
201200053754,0,01,000,00,1,1,01,A01
201200053755,0,02,000,00,2,5,14,A01
201200053755,0,01,000,00,2,3,01,B01
201200053756,1,32,000,00,1,0,15,Z01
201200053757,0,33,000,00,2,8,11,A01
201200053757,0,01,000,00,2,7,01,B01
201200053758,0,10,000,00,2,2,01,B01
201200053758,0,33,000,00,2,6,03,A01
201200053759,0,33,000,00,0,7,01,A01
201200053760,0,10,000,00,1,6,04,A01
201200053761,0,07,000,00,2,8,15,A01
201200053761,0,34,000,00,2,7,01,B01
201200053762,0,07,000,00,1,1,01,A01
201200053763,0,07,000,00,1,4,04,A01
201200053764,0,33,000,14,0,1,16,A01
201200053765,0,31,000,00,2,8,01,B01
201200053765,0,07,000,00,2,7,16,A01
201200053766,0,32,000,00,2,1,17,A01
201200053766,0,10,000,00,2,3,15,B01
201200053767,0,15,000,00,1,4,04,A01
201200053768,1,07,000,00,2,7,22,Z01
201200053768,0,01,000,00,2,1,01,A01
201200053769,0,07,000,00,2,5,02,B01
201200053769,0,32,000,00,2,1,02,A01
201200053770,1,34,000,00,1,0,01,Z01
201200053771,0,14,000,00,1,7,16,A01
201200053772,0,37,001,00,1,2,01,A01
201200053773,0,31,000,00,1,1,01,A01
201200053774,0,33,000,01,0,1,01,B01
201200053774,0,07,000,00,0,0,16,A01
201200053775,0,30,000,00,2,8,18,A01
201200053775,0,07,000,00,2,2,23,B01
201200053776,0,07,000,00,2,2,01,A01
201200053776,0,33,000,00,0,6,16,B01
201200053777,0,01,000,00,1,1,01,A01
201200053778,0,33,000,00,2,8,07,A01
201200053778,0,07,000,00,2,7,16,B01
201200053779,0,07,000,00,2,3,07,B01
201200053779,0,07,000,00,2,3,13,A01
201200053780,0,01,000,00,0,0,15,A01
201200053781,0,37,050,00,1,2,07,A01
201200053782,0,07,000,00,1,7,01,A01
201200053783,0,07,000,00,0,5,22,A01
201200053783,0,32,000,01,0,1,01,B01
201200053784,0,01,000,00,2,7,17,B01
201200053784,0,07,000,00,2,8,13,A01
201200053785,0,01,000,00,1,1,01,A01
201200053786,0,07,000,00,2,3,13,A01
201200053786,0,32,000,00,2,2,17,B01
201200053787,0,32,000,00,9,1,00,A01
201200053788,0,31,000,00,9,7,01,A01
201200053789,0,07,000,00,2,8,22,A01
201200053789,0,01,000,00,2,1,01,B01
201200053790,0,07,000,00,0,6,01,B01
201200053790,0,32,000,00,0,1,01,A01
201200053791,0,01,000,00,2,2,17,A01
201200053791,0,07,000,00,2,3,15,B01
201200053792,0,37,000,00,2,1,01,B01
201200053792,0,07,000,00,2,5,14,A01
201200053793,0,07,000,00,2,7,09,A01
201200053793,0,33,000,00,2,8,01,B01
201200053794,0,07,000,00,2,6,15,B01
201200053794,0,32,000,00,2,2,07,A01
201200053795,0,07,000,00,2,1,01,A01
201200053795,0,07,000,00,2,8,01,B01
201200053796,0,07,000,00,2,7,01,A01
201200053796,0,07,000,00,2,1,01,B01
201200053797,0,10,000,00,1,7,01,A01
201200053798,0,33,000,00,2,4,11,B01
201200053798,0,33,000,00,2,1,01,A01
201200053799,0,32,000,00,0,3,15,A01
201200053800,1,07,000,00,1,0,01,Z01
201200053801,0,30,000,00,2,8,18,A01
201200053801,0,01,000,00,2,5,07,B01
201200053802,0,01,000,00,2,2,15,B01
201200053802,0,30,000,00,2,0,17,A01
201200053803,0,33,000,00,1,2,01,A01
201200053804,0,33,000,00,0,8,01,A01
201200053805,0,07,000,00,2,2,01,A01
201200053805,0,30,000,00,2,4,01,B01
201200053806,0,07,000,00,2,2,15,A01
201200053806,0,01,000,00,2,4,15,B01
201200053807,0,10,000,00,2,8,15,B01
201200053807,0,31,000,00,2,3,01,A01
201200053808,0,07,000,00,2,2,16,A01
201200053808,0,07,000,00,2,3,07,B01
201200053809,0,07,000,00,2,2,16,A01
201200053809,0,07,000,00,2,3,07,B01
201200053810,0,02,000,00,1,1,17,A01
201200053811,0,32,000,00,1,3,07,A01
201200053812,0,07,000,00,1,4,04,A01
201200053813,0,07,000,00,2,3,01,B01
201200053813,0,10,000,00,2,2,01,A01
201200053814,0,07,000,14,0,1,13,A01
201200053815,0,07,000,00,1,8,01,A01
201200053816,0,07,000,00,1,1,15,A01
201200053817,0,01,000,00,0,8,05,A01
201200053818,0,37,040,01,0,7,17,B01
201200053818,0,07,000,00,2,8,22,A01
201200053819,0,07,000,00,1,1,15,A01
201200053820,0,02,000,00,0,7,01,A01
201200053821,0,07,000,00,0,8,01,A01
201200053821,0,30,000,00,0,1,01,C01
201200053821,0,33,000,01,0,1,01,B01
201200053822,0,01,000,00,2,0,13,A01
201200053822,0,01,000,00,2,7,01,B01
201200053823,0,01,000,00,2,4,07,B01
201200053823,0,10,000,00,2,3,15,A01
201200053824,0,07,000,00,2,2,01,A01
201200053824,0,33,000,00,0,5,01,B01
201200053825,0,30,000,00,1,1,05,A01
201200053826,0,02,000,00,0,7,16,A01
201200053827,0,01,000,00,0,0,01,A01
201200053828,0,07,000,00,1,1,15,A01
201200053829,0,01,000,00,0,0,21,A01
201200053830,0,07,000,00,2,4,23,C01
201200053830,0,07,000,00,2,1,02,A01