Num_Acc,senc,catv,occutc,obs,obsm,choc,manv,num_veh
201200053830,0,07,000,00,2,4,02,B01
201200053831,0,37,001,00,2,1,15,B01
201200053831,0,01,000,00,2,8,19,A01
201200053832,0,07,000,00,1,2,01,A01
201200053833,0,10,000,00,1,3,07,A01
201200053834,0,32,000,00,2,4,18,A01
201200053834,0,32,000,00,2,1,01,B01
201200053835,0,07,000,00,1,3,16,A01
201200053836,0,33,000,00,0,0,01,A01
201200053837,1,07,000,00,1,0,01,Z01
201200053838,0,33,000,00,1,1,17,A01
201200053839,0,31,000,11,0,8,13,A01
201200053840,0,30,000,00,2,1,01,A01
201200053840,0,07,000,00,2,2,10,B01
201200053841,0,10,000,00,1,3,15,A01
201200053842,0,07,000,00,2,7,14,A01
201200053842,0,01,000,00,2,8,01,B01
201200053843,0,34,000,00,0,8,21,A01
201200053844,0,07,000,00,1,3,04,A01
201200053845,0,32,000,01,1,3,01,A01
201200053846,0,33,000,00,0,3,01,A01
201200053847,0,07,000,00,2,8,11,A01
201200053847,0,33,000,00,2,7,01,B01
201200053848,0,34,000,00,0,0,21,A01
201200053849,0,10,000,00,2,7,11,A01
201200053849,0,02,000,00,2,2,17,B01
201200053850,0,32,000,11,0,1,01,A01
201200053851,0,30,000,00,2,1,08,A01
201200053851,0,01,000,00,0,3,15,B01
201200053852,0,32,000,00,2,7,17,A01
201200053852,0,07,000,00,2,3,15,B01
201200053853,0,07,000,00,1,8,15,A01
201200053854,0,02,000,00,0,7,01,A01
201200053855,0,02,000,00,1,3,07,A01
201200053856,0,02,000,00,1,1,01,A01
201200053857,0,07,000,01,2,2,01,A01
201200053857,0,10,000,01,2,1,01,B01
201200053858,0,31,000,00,0,0,03,A01
201200053859,0,07,000,14,0,0,13,A01
201200053860,0,02,000,00,2,1,01,A01
201200053860,0,07,000,00,2,6,01,B01
201200053861,0,33,000,00,2,2,02,A01
201200053861,0,10,000,00,2,5,02,B01
201200053862,0,34,000,00,2,7,01,B01
201200053862,0,10,000,00,2,8,15,A01
201200053863,1,07,000,00,1,4,04,Z01
201200053864,0,33,000,00,2,2,02,B01
201200053864,0,07,000,00,2,4,02,A01
201200053865,0,07,000,00,2,4,23,B01
201200053865,0,37,075,00,2,1,02,A01
201200053866,0,34,000,00,1,1,01,A01
201200053867,0,01,000,00,2,8,13,B01
201200053867,0,07,000,00,2,7,17,A01
201200053868,0,32,000,00,2,1,01,B01
201200053868,0,07,000,00,2,3,10,A01
201200053869,0,07,000,00,1,3,16,A01
201200053870,1,07,000,00,1,0,16,Z01
201200053871,0,32,000,00,0,0,01,A01
201200053872,0,10,000,00,2,8,16,A01
201200053872,0,01,000,00,2,1,01,B01
201200053873,0,34,000,00,0,3,23,B01
201200053873,0,07,000,00,0,2,01,A01
201200053874,0,07,000,00,2,2,01,A01
201200053874,0,32,000,00,2,3,01,B01
201200053875,0,02,000,00,2,8,05,A01
201200053875,0,07,000,00,2,8,15,B01
201200053876,0,07,000,00,2,2,16,B01
201200053876,0,33,000,00,2,8,07,A01
201200053877,0,33,000,00,2,1,02,A01
201200053877,0,37,001,00,2,6,23,B01
201200053878,0,01,000,00,1,1,01,A01
201200053879,0,07,000,00,2,8,22,A01
201200053879,0,01,000,00,2,7,01,B01
201200053880,0,32,000,01,2,7,17,B01
201200053880,0,07,000,00,2,8,11,A01
201200053881,0,37,001,00,2,2,15,B01
201200053881,0,01,000,00,2,3,01,A01
201200053882,0,01,000,00,1,7,01,A01
201200053883,0,34,000,00,2,2,01,B01
201200053883,0,01,000,00,2,3,19,A01
201200053884,0,07,000,00,1,5,04,A01
201200053885,0,33,000,00,1,1,01,A01
201200053886,0,07,000,00,2,3,01,B01
201200053886,0,34,000,00,2,1,01,A01
201200053887,0,10,000,00,1,4,04,A01
201200053888,0,33,000,01,2,7,13,A01
201200053888,0,07,000,00,2,4,23,B01
201200053889,0,07,000,00,2,2,01,A01
201200053889,0,32,000,00,2,1,01,B01
201200053890,0,33,000,00,2,6,13,B01
201200053890,0,07,000,00,2,2,01,A01
201200053891,0,01,000,00,2,8,13,B01
201200053891,0,07,000,00,2,7,01,A01
201200053892,0,07,000,01,0,2,14,A01
201200053893,0,07,000,00,1,4,04,A01
201200053894,0,01,000,00,1,1,17,A01
201200053895,0,02,000,00,0,0,01,A01
201200053896,0,33,000,00,2,2,17,B01
201200053896,0,07,000,00,2,3,13,A01
201200053897,0,31,000,00,2,8,01,B01
201200053897,0,10,000,00,2,7,16,A01
201200053898,1,07,000,00,1,0,01,Z01
201200053899,0,01,000,00,2,4,01,A01
201200053899,0,33,000,03,2,1,01,B01
201200053900,0,07,000,00,2,2,15,A01
201200053900,0,33,000,00,2,2,01,B01
201200053901,0,01,000,00,0,1,01,A01
201200053902,1,32,000,00,1,1,01,Z01
201200053903,0,07,000,00,1,2,16,A01
201200053904,0,07,000,00,0,8,15,B01
201200053904,0,33,000,00,2,8,17,A01
201200053905,0,07,000,00,1,1,16,A01
201200053906,0,07,000,11,0,1,13,A01
201200053907,0,01,000,00,2,1,01,B01
201200053907,0,07,000,00,2,3,22,A01
201200053908,0,07,000,00,2,1,02,A01
201200053908,0,30,000,00,2,4,02,B01
201200053909,0,07,000,00,0,2,07,A01
201200053910,0,07,000,00,1,2,01,A01
201200053911,1,37,000,00,2,2,07,A01
201200053911,0,01,000,00,2,3,07,B01
201200053912,0,07,000,00,1,2,01,A01
201200053913,1,02,000,00,1,1,00,A01
201200053914,0,01,000,00,0,4,07,B01
201200053914,1,30,000,00,0,0,07,Z01
201200053915,0,07,000,00,2,0,01,B01
201200053915,0,32,000,00,2,0,01,A01
201200053916,0,07,000,00,2,2,01,A01
201200053916,0,30,000,00,2,6,01,B01
201200053917,0,32,000,00,2,1,01,A01
201200053917,0,07,000,00,0,6,23,B01
201200053918,0,02,000,00,2,8,17,A01
201200053918,0,07,000,00,2,8,15,B01
201200053919,0,01,000,12,0,1,14,A01
201200053920,0,07,000,00,1,6,04,A01
201200053921,0,07,000,00,2,1,15,B01
201200053921,0,32,000,00,2,0,17,A01
201200053922,0,07,000,00,2,3,10,A01
201200053922,0,01,000,00,2,1,17,B01
201200053923,0,01,000,00,2,8,13,A01
201200053923,0,07,000,00,2,7,17,B01
201200053924,0,07,000,00,0,8,11,A01
201200053924,0,33,000,15,0,1,01,B01
201200053925,0,01,000,00,0,1,01,A01
201200053926,0,32,000,00,0,0,15,A01
201200053927,0,10,000,00,2,2,01,B01
201200053927,0,01,000,00,2,2,18,A01
201200053928,0,07,000,00,1,2,01,A01
201200053929,0,07,000,11,0,8,15,A01
201200053930,0,01,000,00,1,1,01,A01
201200053931,0,07,000,00,2,1,23,B01
201200053931,0,32,000,00,2,1,09,A01
201200053931,0,03,000,00,2,5,23,C01
201200053932,0,01,000,00,2,1,07,B01
201200053932,0,10,000,00,2,2,16,A01
201200053933,0,32,000,00,2,3,01,B01
201200053933,0,07,000,00,2,7,15,A01
201200053934,0,07,000,00,2,6,15,B01
201200053934,0,32,000,00,2,1,17,A01
201200053935,0,33,000,00,2,1,05,A01
201200053935,0,01,000,00,2,4,15,B01
201200053936,0,07,000,00,2,8,10,A01
201200053936,0,33,000,00,2,1,17,B01
201200053937,0,01,000,00,2,1,01,B01
201200053937,0,07,000,00,2,2,16,A01
201200053938,0,07,000,00,2,3,15,B01
201200053938,0,32,000,00,2,7,05,A01
201200053939,0,30,000,00,2,7,13,A01
201200053939,0,07,000,00,2,7,01,B01
201200053940,0,33,000,01,1,1,01,A01
201200053941,0,10,000,00,2,5,17,A01
201200053941,0,01,000,00,2,3,01,B01
201200053942,0,30,000,08,2,1,05,A01
201200053942,0,07,000,00,2,0,15,B01
201200053943,1,07,000,00,1,1,01,A01
201200053944,0,07,000,00,2,1,05,A01
201200053944,0,07,000,00,2,1,07,B01
201200053945,0,07,000,00,2,8,15,A01
201200053945,0,01,000,00,2,7,17,B01
201200053946,0,07,000,00,2,2,16,B01
201200053946,0,32,000,00,2,3,02,A01
201200053947,0,30,000,00,2,1,18,A01
201200053947,0,07,000,00,2,2,16,B01
201200053948,0,33,000,00,2,1,15,B01
201200053948,0,01,000,00,2,2,17,A01
201200053949,0,07,000,00,2,1,09,A01
201200053949,0,30,000,00,0,7,05,B01
201200053950,0,32,000,00,1,1,01,A01
201200053951,0,07,000,00,2,3,15,B01
201200053951,0,01,000,00,2,1,05,A01
201200053952,0,30,000,00,0,8,21,A01
201200053953,0,30,000,00,0,7,01,A01
201200053954,0,32,000,00,0,8,01,A01
201200053955,0,34,000,15,0,7,01,A01
201200053956,0,07,000,00,1,1,01,A01
201200053957,0,07,000,00,1,2,01,A01
201200053958,0,07,000,00,1,3,07,A01
201200053959,0,02,000,00,0,0,21,A01
201200053960,1,07,000,00,1,2,01,A01
201200053961,0,01,000,00,2,1,07,B01
201200053961,0,10,000,00,2,7,16,A01
201200053962,0,37,001,00,1,7,16,A01
201200053963,0,07,000,00,2,5,15,B01
201200053963,0,02,000,00,2,7,01,A01
201200053964,0,14,000,00,2,0,02,A01
201200053964,0,31,000,00,2,4,02,B01
201200053965,0,01,000,00,1,1,01,A01
201200053966,0,01,000,00,1,1,07,A01
201200053967,0,32,000,12,0,1,01,A01
201200053968,0,30,000,00,2,2,01,A01
201200053968,0,10,000,00,0,3,01,B01
201200053969,0,32,000,00,0,7,01,A01
201200053969,1,07,000,00,0,0,01,Z01
201200053970,0,07,000,01,2,3,01,B01
201200053970,0,07,000,00,2,1,01,A01
201200053971,0,30,000,00,1,0,01,A01
201200053972,0,33,000,00,1,2,15,A01
201200053973,0,07,000,00,0,3,22,A01
201200053973,0,01,000,01,0,1,07,B01
201200053974,0,30,000,09,0,2,16,A01
201200053975,0,30,000,00,0,0,01,A01
201200053976,0,10,000,08,2,7,01,A01
201200053976,0,10,000,00,2,1,01,B01
201200053977,0,07,000,09,0,2,01,A01
201200053978,1,07,000,00,0,0,15,Z01
201200053978,0,34,000,00,0,2,01,B01
201200053979,0,07,000,00,0,3,07,A01
201200053980,0,01,000,00,2,4,02,B01
201200053980,0,07,000,00,2,1,02,A01
201200053981,0,30,000,00,1,8,01,A01
201200053982,0,33,000,00,0,8,09,A01
201200053983,0,01,000,00,2,0,07,B01
201200053983,1,07,000,00,2,0,14,Z01
201200053983,0,01,000,00,2,0,07,A01
201200053984,0,07,000,00,2,1,02,A01
201200053984,0,07,000,00,2,4,02,B01
201200053985,0,10,000,00,2,1,23,A01
201200053985,0,33,000,00,2,4,02,B01
201200053986,0,01,000,00,2,0,01,A01
201200053986,0,14,000,00,2,0,16,B01
201200053987,0,07,000,00,2,3,15,A01
201200053987,0,34,000,00,2,2,15,B01
201200053988,0,30,000,00,2,2,15,B01
201200053988,0,07,000,00,2,8,15,A01
201200053989,0,14,000,00,1,2,16,A01
201200053990,0,30,000,00,2,1,01,B01
201200053990,0,07,000,00,2,8,15,A01
201200053991,0,33,000,00,1,1,01,A01
201200053992,0,02,000,00,2,1,01,A01
201200053992,0,07,000,00,2,5,23,B01
201200053993,0,07,000,00,1,4,04,A01
201200053994,0,07,000,00,2,2,01,A01
201200053994,0,01,000,00,2,1,01,B01
201200053995,0,07,000,00,2,7,15,A01
201200053995,0,32,000,00,2,1,01,B01
201200053996,0,07,000,00,2,5,09,A01
201200053996,0,32,000,00,2,3,01,B01
201200053997,0,07,000,00,2,2,16,A01
201200053997,0,01,000,00,2,1,07,B01
201200053998,0,20,000,08,0,8,16,A01
201200053999,0,33,000,00,2,8,01,A01
201200053999,0,07,000,00,2,7,01,B01
201200054000,0,02,000,00,1,2,17,A01
201200054001,1,32,000,00,0,0,23,Z01
201200054001,0,33,000,00,2,1,01,A01
201200054002,0,07,000,00,0,8,15,B01
201200054002,0,32,000,00,0,7,17,A01
201200054003,0,33,000,00,2,1,07,B01
201200054003,0,07,000,00,2,1,15,A01
201200054004,0,07,000,00,2,3,01,B01
201200054004,0,01,000,00,2,7,01,A01
201200054005,0,33,000,00,0,2,01,B01
201200054005,0,07,000,00,0,2,15,A01
201200054006,0,01,000,15,2,1,01,B01
201200054006,0,10,000,00,2,3,13,A01
201200054007,0,30,000,00,2,1,17,A01
201200054007,0,07,000,00,2,3,15,B01
201200054008,0,31,000,00,2,7,17,A01
201200054008,0,07,000,00,2,3,15,B01
201200054009,0,10,000,00,1,2,01,A01
201200054010,0,07,000,00,2,2,15,A01
201200054010,0,34,000,00,2,1,01,B01
201200054011,0,31,000,00,0,7,01,A01
201200054012,0,30,000,00,0,7,01,A01
201200054013,0,31,000,00,2,1,01,A01
201200054013,0,07,000,00,2,2,15,B01
201200054014,0,07,000,00,1,3,15,A01
201200054015,0,07,000,00,1,4,04,A01
201200054016,0,07,000,00,2,3,01,A01
201200054016,0,07,000,00,2,2,01,B01
201200054017,0,33,000,08,2,1,02,A01
201200054017,0,32,000,00,2,4,23,C01
201200054017,0,30,000,00,2,4,23,B01
201200054018,0,07,000,00,2,2,01,A01
201200054018,0,32,000,00,2,8,01,B01
201200054019,0,32,000,00,2,8,10,B01
201200054019,0,32,000,00,2,1,01,A01
201200054020,0,32,000,00,2,1,01,A01
201200054020,1,10,000,00,2,0,15,Z01
201200054021,0,07,000,08,1,4,04,A01
201200054022,0,34,000,01,2,7,17,A01
201200054022,0,17,000,00,0,3,15,B01
201200054023,0,01,000,00,2,8,01,B01
201200054023,0,07,000,00,2,7,16,A01
201200054024,0,32,000,00,1,8,01,A01
201200054025,0,01,000,00,2,7,19,B01
201200054025,0,10,000,00,2,1,01,A01
201200054026,0,07,000,00,2,6,01,A01
201200054026,0,32,000,00,2,2,15,B01
201200054027,0,30,000,00,1,3,02,A01
201200054028,0,07,000,00,0,5,01,A01
201200054029,0,37,015,00,0,5,01,A01
201200054030,0,02,000,00,0,3,03,A01
201200054030,0,07,000,00,0,5,23,B01
201200054031,0,07,000,00,1,3,15,A01
201200054032,0,01,000,00,2,8,19,B01
201200054032,0,34,000,00,2,1,01,A01
201200054033,0,07,000,00,2,3,15,B01
201200054033,0,31,000,00,2,7,01,A01
201200054034,0,10,000,00,1,1,15,A01
201200054035,0,14,000,00,1,1,15,A01
201200054036,0,14,000,00,2,5,14,A01
201200054036,0,01,000,00,2,3,01,B01
201200054037,0,31,000,00,2,1,18,A01
201200054037,0,07,000,00,2,7,22,B01
201200054038,0,07,000,11,0,1,13,A01
201200054039,0,33,000,11,0,1,14,A01
201200054040,0,07,000,00,2,3,07,B01
201200054040,0,34,000,00,2,7,16,A01
201200054041,0,32,000,00,2,0,01,A01
201200054041,0,32,000,00,2,8,01,B01
201200054042,0,30,000,14,0,9,11,A01
201200054043,0,01,000,00,2,1,07,A01
201200054043,0,33,000,00,2,2,01,B01
201200054044,0,07,000,00,1,3,15,A01
201200054045,0,10,000,00,2,6,02,B01
201200054045,0,37,010,00,2,2,07,A01
201200054046,0,32,000,00,0,0,21,A01
201200054047,0,01,000,00,2,8,07,B01
201200054047,0,07,000,00,2,7,17,A01
201200054048,0,07,000,00,2,7,16,A01
201200054048,0,02,000,00,2,8,01,B01
201200054049,0,07,000,00,2,3,15,A01
201200054049,0,32,000,00,2,2,17,B01
201200054050,0,33,000,00,2,3,01,B01
201200054050,0,07,000,00,2,3,15,A01
201200054051,0,30,000,00,2,1,01,B01
201200054051,0,07,000,00,2,7,22,A01
201200054052,0,07,000,00,2,1,02,A01
201200054052,0,07,000,00,2,4,02,B01
201200054053,0,10,000,00,2,3,15,A01
201200054053,0,33,000,00,2,1,05,B01
201200054054,0,07,000,00,2,3,01,B01
201200054054,0,07,000,00,2,2,10,A01
201200054055,0,32,000,00,2,1,17,B01
201200054055,0,07,000,00,2,3,09,A01
201200054056,0,07,000,00,2,1,01,B01
201200054056,0,07,000,00,2,2,01,A01
201200054057,0,01,000,00,1,2,01,A01
201200054058,0,07,000,00,2,4,02,B01
201200054058,0,07,000,00,2,1,02,A01
201200054059,0,07,000,00,0,5,16,B01
201200054059,0,30,000,12,2,1,18,A01
201200054060,0,07,000,00,2,4,23,B01
201200054060,0,01,000,00,2,1,02,A01
201200054061,0,01,000,00,2,7,17,A01
201200054061,0,07,000,00,2,8,01,B01
201200054062,0,07,000,00,2,2,09,A01
201200054062,0,32,000,00,2,6,01,B01
201200054063,0,01,000,00,0,4,15,B01
201200054063,0,07,000,00,9,3,01,A01
201200054064,0,07,000,00,2,2,10,A01
201200054064,0,33,000,00,2,1,01,B01
201200054065,0,30,000,00,0,7,01,A01
201200054066,0,30,000,00,2,1,16,A01
201200054066,0,07,000,00,2,2,07,B01
201200054067,0,07,000,00,2,3,02,A01
201200054067,0,32,000,00,2,5,23,B01
201200054068,0,07,000,00,9,3,10,B01
201200054068,0,01,000,00,2,3,01,A01
201200054069,0,01,000,00,2,3,01,B01
201200054069,0,07,000,00,2,7,14,A01
201200054070,0,32,000,00,1,2,01,A01
201200054071,0,33,000,00,2,3,14,A01
201200054071,0,07,000,00,0,8,01,B01
201200054072,0,07,000,00,2,8,15,B01
201200054072,0,30,000,00,2,7,17,A01
201200054073,0,30,000,10,0,3,07,A01
201200054074,0,07,000,00,0,4,23,B01
201200054074,0,07,000,00,2,1,01,A01
201200054075,0,31,000,00,0,0,01,A01
201200054076,0,07,000,00,0,4,23,A01
201200054076,0,02,000,00,2,7,01,B01
201200054077,0,07,000,00,1,3,01,A01
201200054078,0,03,000,00,0,3,01,A01
201200054079,0,02,000,00,2,1,17,B01
201200054079,0,10,000,00,2,7,15,A01
201200054080,1,02,000,00,1,1,01,Z01
201200054081,0,10,000,00,1,4,04,A01
201200054082,0,01,000,00,2,1,02,A01
201200054082,0,01,000,00,2,4,23,B01
201200054083,0,32,000,15,0,8,01,A01
201200054084,0,14,000,00,1,2,01,A01
201200054085,0,07,000,00,2,4,02,A01
201200054085,0,07,000,00,2,4,23,B01
201200054086,0,34,000,00,2,4,17,B01
201200054086,0,32,000,00,2,2,01,A01
201200054087,0,07,000,00,2,3,17,A01
201200054087,0,33,000,00,2,3,01,B01
201200054088,0,01,000,01,2,1,07,B01
201200054088,0,13,000,00,2,0,16,A01
201200054089,0,30,000,00,2,7,15,A01
201200054089,0,31,000,00,2,1,01,B01
201200054090,0,34,000,15,0,3,17,A01
201200054091,0,30,000,00,2,1,02,A01
201200054091,0,07,000,00,2,4,23,B01
201200054092,0,33,000,12,0,0,01,A01
201200054093,0,07,000,15,0,1,07,A01
201200054094,0,10,000,00,2,7,14,B01
201200054094,0,30,000,00,2,8,18,A01
201200054095,0,07,000,00,2,1,02,A01
201200054095,0,07,000,00,2,4,23,C01
201200054095,0,07,000,00,2,1,23,B01
201200054096,0,07,000,00,2,0,11,A01
201200054096,0,30,000,01,2,2,01,B01
201200054097,0,30,000,00,2,7,01,A01
201200054097,1,07,000,00,2,1,01,Z01
201200054098,1,07,000,00,0,0,01,A01
201200054099,1,07,000,00,2,0,15,Z01
201200054099,0,32,000,00,2,7,01,A01
201200054100,0,33,000,00,1,1,15,A01
201200054101,0,10,000,00,1,6,04,A01
201200054102,0,07,000,00,2,3,09,A01
201200054102,0,30,000,00,2,2,01,B01
201200054103,0,01,000,00,2,4,01,A01
201200054103,1,07,000,00,2,1,01,Z01
201200054104,0,01,000,00,1,1,01,A01
201200054105,0,07,000,00,1,2,15,A01
201200054106,0,02,000,00,2,1,01,A01
201200054106,0,07,000,00,2,2,01,B01
201200054107,0,33,000,00,2,3,17,B01
201200054107,0,07,000,00,2,3,15,A01
201200054108,0,32,000,00,0,0,01,A01
201200054109,0,31,000,00,0,1,01,A01
201200054110,0,07,000,00,2,8,22,A01
201200054110,0,01,000,00,2,1,01,B01
201200054111,0,30,000,00,1,1,01,A01
201200054112,0,10,000,11,0,1,14,A01
201200054113,0,01,000,00,2,8,13,A01
201200054113,0,01,000,00,2,7,17,B01
201200054114,0,32,000,00,2,6,01,B01
201200054114,0,10,000,00,2,2,14,A01
201200054115,0,33,000,01,2,1,01,A01
201200054115,0,07,000,00,2,8,09,B01
201200054116,0,33,000,00,2,1,02,A01
201200054116,0,32,000,00,2,5,02,B01
201200054117,0,07,000,00,0,4,23,B01
201200054117,0,01,000,00,2,1,01,A01
201200054118,0,01,000,00,2,6,19,A01
201200054118,0,34,000,00,2,1,01,B01
201200054119,0,10,000,00,2,7,14,A01
201200054119,0,30,000,00,2,1,01,B01
201200054120,0,01,000,00,1,1,01,A01
201200054121,1,07,000,00,1,0,07,Z01
201200054122,0,10,000,00,2,8,23,C01
201200054122,0,07,000,00,2,2,01,B01
201200054122,0,33,000,00,2,6,03,A01
201200054123,0,32,000,00,0,0,21,A01
201200054124,0,34,000,00,2,8,01,A01
201200054124,1,10,000,00,2,0,14,Z01
201200054125,0,32,000,00,0,0,21,A01
201200054126,0,30,000,00,0,0,01,A01
201200054127,0,07,000,00,2,3,15,A01
201200054127,0,33,000,00,2,1,01,B01
201200054128,0,32,000,08,2,5,01,B01
201200054128,0,07,000,00,2,1,01,A01
201200054129,0,01,000,00,2,8,13,B01
201200054129,0,37,020,00,2,7,17,A01
201200054130,0,02,000,00,2,0,21,A01
201200054131,0,10,000,00,2,1,01,A01
201200054131,0,07,000,00,2,1,01,B01
201200054132,0,07,000,00,1,1,01,A01
201200054133,0,07,000,00,2,3,15,A01
201200054133,0,32,000,00,2,7,01,B01
201200054134,0,33,000,00,1,3,01,A01
201200054135,0,33,000,00,1,2,01,A01
201200054136,0,32,000,00,0,7,01,A01
201200054137,0,07,000,00,0,3,15,A01
201200054137,0,33,000,00,2,1,17,B01
201200054138,0,07,000,00,2,1,07,B01
201200054138,0,07,000,00,0,2,01,A01
201200054139,0,10,000,00,2,8,15,A01
201200054139,0,33,000,00,2,1,17,B01
201200054140,0,07,000,00,2,3,15,B01
201200054140,0,01,000,00,2,1,17,A01
201200054141,0,07,000,01,1,1,01,A01
201200054142,0,33,000,01,5,1,01,A01
201200054143,0,30,000,00,2,6,01,A01
201200054143,1,07,000,00,2,0,01,Z01
201200054144,0,07,000,00,1,1,01,A01
201200054145,0,07,000,00,2,8,09,B01
201200054145,0,37,001,00,2,2,07,A01
201200054146,0,33,000,00,2,7,17,A01
201200054146,0,01,000,00,2,8,15,B01
201200054147,0,07,000,00,2,1,09,B01
201200054147,0,30,000,00,2,1,17,A01
201200054148,0,30,000,00,2,8,01,A01
201200054148,0,07,000,00,2,2,15,B01
201200054149,0,30,000,00,2,1,02,A01
201200054149,0,32,000,00,2,4,02,B01
201200054150,0,07,000,00,2,3,01,A01
201200054150,0,33,000,00,2,4,23,B01
201200054151,0,30,000,00,0,0,21,A01
201200054152,0,34,000,00,2,3,01,A01
201200054152,1,07,000,00,0,5,12,Z01
201200054153,0,07,000,00,1,2,01,A01
201200054154,0,02,000,01,0,7,01,A01
201200054155,0,30,000,00,1,2,01,A01
201200054156,0,34,000,00,2,1,01,B01
201200054156,0,07,000,00,2,2,15,A01
201200054157,0,33,000,02,0,8,01,A01
201200054158,0,07,000,00,2,3,15,A01
201200054158,0,32,000,00,2,1,01,B01
201200054159,0,07,000,00,2,2,23,B01
201200054159,0,07,000,07,2,3,02,A01
201200054160,0,07,000,00,1,1,01,A01
201200054161,0,07,000,00,1,2,01,A01
201200054162,0,10,000,00,2,3,16,B01
201200054162,0,32,000,00,2,2,01,A01
201200054163,0,32,000,00,2,5,07,B01
201200054163,0,07,000,00,2,3,15,A01
201200054164,0,32,000,00,0,8,21,A01
201200054165,0,32,000,00,0,7,21,A01
201200054166,0,37,010,00,2,3,07,B01
201200054166,0,07,000,00,2,2,16,A01
201200054167,0,07,000,15,2,6,07,B01
201200054167,0,37,002,00,2,2,07,A01
201200054168,0,30,000,00,2,7,17,B01
201200054168,0,07,000,00,2,8,13,A01
201200054169,0,07,000,00,0,1,15,B01
201200054169,0,01,000,00,0,1,05,A01
201200054170,0,07,000,00,0,3,16,A01
201200054170,0,30,000,00,0,1,01,B01
201200054171,0,32,000,00,2,8,18,A01
201200054171,0,07,000,00,2,7,16,B01
201200054172,0,33,000,00,2,1,01,B01
201200054172,0,07,000,00,2,8,15,A01
201200054173,0,32,000,00,0,7,01,A01
201200054174,0,33,000,00,1,1,01,A01
201200054175,0,34,000,00,0,0,01,A01
201200054176,0,07,000,00,1,3,13,A01
201200054177,0,10,000,00,0,3,01,A01
201200054177,0,01,000,00,2,1,16,B01
201200054178,0,07,000,00,2,8,15,B01
201200054178,0,02,000,00,2,1,17,A01
201200054179,0,10,000,00,1,0,01,A01
201200054180,0,07,000,00,2,2,16,A01
201200054180,0,01,000,00,2,6,01,B01
201200054181,0,10,000,00,2,6,23,B01
201200054181,0,01,000,00,2,1,02,A01
201200054182,0,10,000,00,1,2,16,A01
201200054183,0,31,000,00,2,3,01,B01
201200054183,0,07,000,00,2,5,16,A01
201200054184,0,01,000,00,2,6,19,A01
201200054184,0,07,000,00,2,1,01,B01
201200054185,0,07,000,00,1,6,04,A01
201200054186,0,07,000,00,1,1,01,A01
201200054187,0,07,000,00,1,3,01,A01
201200054188,0,07,000,00,2,8,15,B01
201200054188,0,34,000,00,2,1,17,A01
201200054189,0,33,000,00,0,8,01,A01
201200054190,0,07,000,00,2,2,16,A01
201200054190,0,01,000,00,2,1,07,B01
201200054191,0,32,000,00,0,7,01,A01
201200054192,0,30,000,00,2,1,01,A01
201200054192,1,10,000,00,2,0,15,Z01
201200054193,0,07,000,00,1,2,07,A01
201200054194,0,07,000,00,0,3,01,A01
201200054195,0,07,000,00,2,2,16,A01
201200054195,0,01,000,00,2,1,07,B01
201200054196,0,07,000,00,1,2,01,A01
201200054197,0,30,000,00,2,1,17,A01
201200054197,0,34,000,00,2,3,01,B01
201200054198,0,33,000,00,0,0,21,A01
201200054199,0,10,000,00,2,1,02,A01
201200054199,0,10,000,00,2,4,23,B01
201200054200,0,07,000,00,1,8,15,A01
201200054201,0,32,000,08,0,3,13,A01
201200054202,0,32,000,00,1,2,01,A01
201200054203,0,10,000,00,2,3,22,A01
201200054203,0,01,000,00,2,2,01,B01
201200054204,0,10,000,00,1,0,01,A01
201200054205,1,07,000,00,2,0,02,Z01
201200054205,1,01,000,00,2,0,02,A01
201200054206,0,10,000,00,1,4,04,A01
201200054207,0,30,000,00,2,1,01,B01
201200054207,0,10,000,00,2,8,09,A01
201200054208,0,30,000,00,2,1,01,A01
201200054208,1,30,000,00,2,0,14,Z01
201200054209,0,30,000,00,1,1,01,A01
201200054210,0,07,000,09,0,2,21,A01
201200054211,0,10,000,00,2,3,13,A01
201200054211,0,33,000,00,2,7,01,B01
201200054212,0,32,000,00,2,1,01,B01
201200054212,0,07,000,00,2,5,09,A01
201200054213,0,07,000,00,1,2,01,A01
201200054214,0,33,000,14,0,1,01,A01
201200054215,0,32,000,00,2,8,18,B01
201200054215,0,37,001,00,2,5,16,A01
201200054216,0,32,000,00,2,4,02,B01
201200054216,0,07,000,00,2,1,15,A01
201200054217,0,07,000,00,2,7,01,B01
201200054217,0,31,000,00,2,3,17,A01
201200054218,0,30,000,00,0,7,01,A01
201200054219,0,33,000,00,2,1,01,A01
201200054219,0,33,000,00,2,4,14,B01
201200054220,0,07,000,00,2,1,16,A01
201200054220,0,33,000,00,2,4,18,B01
201200054221,0,07,000,00,2,1,02,A01
201200054221,0,32,000,00,2,4,23,B01
201200054222,0,01,000,00,2,7,07,A01
201200054222,0,07,000,00,2,8,01,B01
201200054223,0,07,000,00,1,4,04,A01
201200054224,0,01,000,00,2,1,15,A01
201200054224,0,30,000,00,2,1,01,B01
201200054224,0,07,000,00,2,1,15,C01
201200054225,0,02,000,00,0,2,01,A01
201200054226,0,07,000,00,2,3,16,A01
201200054226,0,01,000,00,2,3,19,B01
201200054227,0,33,000,00,2,5,07,A01
201200054227,0,07,000,00,2,5,23,B01
201200054228,0,31,000,00,2,7,17,A01
201200054228,0,07,000,00,2,1,01,B01
201200054229,0,10,000,00,2,2,16,B01