Num_Acc,senc,catv,occutc,obs,obsm,choc,manv,num_veh
201200054229,0,32,000,00,2,8,18,A01
201200054230,0,34,000,00,2,1,01,B01
201200054230,0,07,000,00,2,6,01,A01
201200054231,0,10,000,11,0,1,21,A01
201200054232,0,30,000,00,1,1,01,A01
201200054233,0,07,000,00,1,2,01,A01
201200054234,0,30,000,00,1,1,21,A01
201200054235,0,01,000,00,0,0,01,A01
201200054236,0,07,000,00,2,6,01,B01
201200054236,0,07,000,00,2,1,01,A01
201200054237,0,34,000,08,0,1,21,A01
201200054238,0,02,000,00,1,2,01,A01
201200054239,0,07,000,00,2,4,23,B01
201200054239,0,07,000,00,2,1,02,A01
201200054240,0,01,000,01,0,0,21,A01
201200054241,0,30,000,00,0,0,15,B01
201200054241,0,07,000,00,2,2,01,A01
201200054242,0,01,000,00,0,0,21,A01
201200054243,0,07,000,00,2,2,12,A01
201200054243,0,30,000,00,2,8,01,B01
201200054244,0,07,000,00,2,2,22,A01
201200054244,0,01,000,01,0,0,01,B01
201200054245,0,32,000,14,0,1,01,A01
201200054246,0,32,000,00,1,1,01,A01
201200054247,0,07,000,00,2,3,15,A01
201200054247,0,02,000,00,2,1,01,B01
201200054248,0,32,000,00,2,0,18,A01
201200054249,0,33,000,01,0,1,11,A01
201200054250,0,37,030,00,1,2,08,A01
201200054251,0,07,000,00,2,3,13,A01
201200054251,0,30,000,00,2,7,17,B01
201200054252,0,30,000,00,2,3,18,A01
201200054252,0,10,000,00,2,7,16,B01
201200054253,0,10,000,00,1,4,04,A01
201200054254,1,07,000,00,1,0,04,Z01
201200054255,0,07,000,00,1,2,01,A01
201200054256,0,07,000,00,1,5,08,A01
201200054257,0,02,000,00,2,8,18,A01
201200054257,0,07,000,00,2,7,01,B01
201200054258,0,30,000,12,2,0,13,A01
201200054259,0,07,000,00,2,8,22,A01
201200054259,0,01,000,00,2,1,01,B01
201200054260,0,31,000,00,2,2,17,A01
201200054260,0,07,000,00,2,3,20,B01
201200054261,0,30,000,00,0,0,01,A01
201200054262,0,07,000,00,1,5,01,A01
201200054263,0,10,000,00,2,3,01,A01
201200054263,0,30,000,00,2,1,13,B01
201200054264,0,02,000,00,2,2,15,A01
201200054264,0,02,000,00,2,1,01,B01
201200054265,0,32,000,00,0,0,01,A01
201200054266,0,32,000,00,2,1,01,B01
201200054266,0,10,000,00,2,7,10,A01
201200054267,0,07,000,00,2,6,23,B01
201200054267,0,02,000,00,2,1,02,A01
201200054268,0,01,000,00,0,0,07,A01
201200054269,0,32,000,00,2,8,01,B01
201200054269,0,07,000,00,2,8,15,A01
201200054270,0,07,000,00,2,6,02,B01
201200054270,0,01,000,00,2,6,02,A01
201200054271,0,32,000,00,2,1,23,A01
201200054271,0,32,000,00,2,4,02,B01
201200054272,0,01,000,00,1,3,01,A01
201200054273,0,07,000,00,2,1,15,A01
201200054273,0,02,000,00,2,1,01,B01
201200054274,0,01,000,00,2,1,01,A01
201200054274,0,07,000,00,2,3,01,B01
201200054275,0,10,000,00,1,1,15,A01
201200054276,0,10,000,00,2,2,15,A01
201200054276,0,33,000,00,2,1,01,B01
201200054277,0,07,000,00,1,2,07,A01
201200054278,0,30,000,00,2,1,01,A01
201200054278,0,07,000,00,2,3,01,B01
201200054279,0,33,000,00,1,1,01,A01
201200054280,0,07,000,00,2,0,01,B01
201200054280,0,01,000,00,2,0,16,A01
201200054281,0,30,000,00,0,0,01,A01
201200054282,0,07,000,00,1,3,01,A01
201200054283,0,02,000,00,0,0,01,A01
201200054284,0,07,000,00,2,4,16,B01
201200054284,0,31,000,00,2,8,01,A01
201200054285,0,07,000,00,1,4,04,A01
201200054286,0,02,000,00,1,1,17,A01
201200054287,0,01,000,00,1,7,05,A01
201200054288,0,07,000,00,1,1,01,A01
201200054289,0,07,000,00,2,8,15,B01
201200054289,0,30,000,00,2,1,05,A01
201200054290,0,33,000,01,0,1,14,A01
201200054291,0,01,000,00,0,0,01,A01
201200054292,0,34,000,00,1,1,01,A01
201200054293,0,02,000,00,0,0,16,A01
201200054294,0,32,000,00,0,3,01,B01
201200054294,0,07,000,00,2,3,15,A01
201200054295,0,32,000,00,0,3,01,A01
201200054296,0,01,000,00,1,2,05,A01
201200054297,1,07,000,00,2,3,04,Z01
201200054297,0,31,000,00,2,2,23,A01
201200054298,0,07,000,00,2,2,15,A01
201200054298,0,01,000,00,2,1,01,B01
201200054299,0,07,000,00,1,3,01,A01
201200054300,0,02,000,00,2,1,15,A01
201200054300,0,32,000,00,2,1,01,B01
201200054301,0,37,025,00,2,2,07,B01
201200054301,0,07,000,00,2,2,15,A01
201200054302,0,31,000,00,0,8,01,A01
201200054303,0,01,000,00,2,6,07,B01
201200054303,0,37,003,00,2,7,07,A01
201200054304,0,07,000,09,0,2,01,A01
201200054305,0,07,000,00,1,1,07,A01
201200054306,0,07,000,00,2,1,01,A01
201200054306,0,07,000,08,2,7,01,B01
201200054307,0,07,000,00,2,6,15,B01
201200054307,0,02,000,00,2,6,02,A01
201200054308,0,07,000,00,2,3,15,B01
201200054308,0,32,000,00,2,1,17,A01
201200054309,0,02,000,00,2,1,01,B01
201200054309,0,07,000,00,2,6,10,A01
201200054310,0,32,000,00,0,2,21,A01
201200054311,0,30,000,12,2,2,05,A01
201200054311,0,07,000,00,2,3,15,B01
201200054312,1,07,000,00,1,1,01,Z01
201200054313,0,07,000,00,1,1,15,A01
201200054314,0,02,000,00,1,0,01,A01
201200054315,0,07,000,00,1,3,07,A01
201200054316,0,34,000,00,2,5,17,A01
201200054316,0,07,000,00,2,3,15,B01
201200054317,0,10,000,00,2,8,22,A01
201200054317,0,01,000,00,2,8,01,B01
201200054318,0,07,000,00,2,1,01,A01
201200054318,0,07,000,00,2,8,01,B01
201200054319,0,33,000,08,2,7,17,B01
201200054319,0,07,000,00,2,8,22,A01
201200054320,0,32,000,00,1,1,01,A01
201200054321,0,30,000,00,2,4,23,B01
201200054321,0,07,000,00,2,2,02,A01
201200054322,0,32,000,00,2,3,18,A01
201200054322,0,07,000,00,2,2,16,B01
201200054323,0,07,000,00,1,1,01,A01
201200054324,0,01,000,00,2,8,08,A01
201200054324,0,32,000,00,0,0,01,B01
201200054325,0,07,000,00,2,1,01,A01
201200054325,0,34,000,00,2,4,23,B01
201200054326,0,34,000,01,0,1,01,B01
201200054326,0,15,000,00,0,4,23,A01
201200054327,0,07,000,00,1,3,01,A01
201200054328,0,32,000,00,0,4,01,B01
201200054328,0,37,001,00,0,6,01,C01
201200054328,0,07,000,00,2,1,01,A01
201200054329,0,33,000,00,2,1,01,A01
201200054329,0,07,000,00,2,6,01,B01
201200054330,0,10,000,00,2,7,16,B01
201200054330,0,34,000,00,2,8,07,A01
201200054331,0,34,000,01,2,3,01,B01
201200054331,0,07,000,00,2,3,22,A01
201200054332,0,37,000,00,1,0,07,A01
201200054333,0,32,000,00,1,8,01,A01
201200054334,0,01,000,00,2,8,07,B01
201200054334,0,07,000,00,2,7,14,A01
201200054335,0,02,000,01,0,3,01,A01
201200054336,0,07,000,00,2,5,01,A01
201200054336,0,07,000,00,2,3,01,B01
201200054337,0,07,000,00,1,1,15,A01
201200054338,0,32,000,00,1,1,01,A01
201200054339,0,34,000,00,2,8,03,A01
201200054339,0,13,000,00,2,7,13,B01
201200054340,0,07,000,00,2,2,16,A01
201200054340,0,32,000,00,2,1,18,B01
201200054341,0,33,000,00,0,7,01,A01
201200054342,0,07,000,00,1,0,15,A01
201200054343,0,32,000,00,2,1,02,A01
201200054343,0,07,000,00,2,4,02,B01
201200054344,0,02,000,14,0,1,01,A01
201200054345,0,07,000,00,1,1,01,A01
201200054346,0,07,000,01,0,2,01,A01
201200054347,0,07,000,00,0,8,22,A01
201200054347,0,01,000,01,0,1,01,B01
201200054348,0,07,000,00,0,5,16,A01
201200054348,0,32,000,00,2,3,15,B01
201200054349,0,07,000,00,1,1,15,A01
201200054350,0,30,000,00,2,0,21,A01
201200054351,0,01,000,01,1,8,01,A01
201200054352,0,07,000,00,2,6,23,B01
201200054352,0,30,000,00,2,1,01,A01
201200054353,0,34,000,01,0,3,21,A01
201200054354,0,32,000,00,2,0,01,B01
201200054354,0,32,000,00,2,0,09,A01
201200054355,0,10,000,00,1,3,01,A01
201200054356,0,32,000,00,0,8,15,A01
201200054357,0,07,000,00,1,7,01,A01
201200054358,0,32,000,00,0,0,01,A01
201200054359,0,34,000,00,0,1,01,A01
201200054360,0,34,000,00,2,7,01,A01
201200054360,0,10,000,00,2,8,15,B01
201200054361,0,07,000,07,0,1,13,A01
201200054362,0,03,000,00,2,2,16,A01
201200054362,0,34,000,00,2,3,01,B01
201200054363,0,34,000,00,2,1,01,B01
201200054363,0,07,000,00,2,2,10,A01
201200054364,0,07,000,01,0,1,13,A01
201200054365,0,37,000,00,1,2,07,A01
201200054366,0,07,000,00,1,6,04,A01
201200054367,0,34,000,00,2,0,08,A01
201200054367,0,07,000,00,2,0,15,B01
201200054368,0,02,000,00,2,0,01,B01
201200054368,0,07,000,00,2,0,22,A01
201200054369,0,30,000,00,2,0,05,A01
201200054369,0,07,000,00,2,3,15,B01
201200054370,0,07,000,00,1,6,04,A01
201200054371,0,02,000,00,1,1,01,A01
201200054372,0,07,000,00,2,0,15,A01
201200054372,0,32,000,00,2,0,01,B01
201200054373,1,31,000,00,1,1,16,Z01
201200054374,0,07,000,00,2,1,16,A01
201200054374,0,30,000,00,0,4,23,B01
201200054375,0,07,000,00,2,3,18,A01
201200054375,0,31,000,00,2,5,01,B01
201200054376,0,33,000,00,2,0,01,B01
201200054376,0,07,000,00,0,0,11,A01
201200054377,0,07,000,00,0,1,15,A01
201200054377,0,01,000,00,0,7,23,B01
201200054378,0,07,000,00,1,8,01,A01
201200054379,2,02,000,00,0,0,01,Z01
201200054380,0,07,000,00,2,3,15,A01
201200054380,0,33,000,00,2,3,01,B01
201200054381,0,02,000,00,2,1,02,A01
201200054381,0,07,000,00,2,4,23,B01
201200054382,0,30,000,01,0,1,13,B01
201200054382,0,07,000,00,0,6,24,A01
201200054383,0,01,000,01,0,1,01,B01
201200054383,0,07,000,00,0,8,22,A01
201200054384,0,01,000,00,2,2,11,A01
201200054384,0,34,000,00,2,3,01,B01
201200054385,0,07,000,00,2,6,22,A01
201200054385,0,07,000,00,2,2,23,C01
201200054385,0,33,000,00,2,8,03,B01
201200054386,0,32,000,00,2,2,17,A01
201200054386,0,01,000,00,2,4,15,B01
201200054387,0,10,000,00,2,6,22,A01
201200054387,0,01,000,00,2,2,07,B01
201200054388,0,07,000,00,2,7,22,A01
201200054388,0,31,000,15,2,1,18,B01
201200054389,0,33,000,00,0,8,01,A01
201200054389,1,02,000,00,2,0,11,Z01
201200054390,0,33,000,00,2,6,02,B01
201200054390,0,07,000,00,2,5,02,A01
201200054391,0,30,000,11,2,8,05,A01
201200054391,0,07,000,00,2,8,01,B01
201200054392,0,07,000,01,0,1,01,B01
201200054392,0,32,000,01,0,0,15,A01
201200054393,0,30,000,12,0,2,01,A01
201200054394,0,07,000,00,2,6,04,A01
201200054394,0,32,000,00,2,1,09,B01
201200054395,0,07,000,00,1,2,17,A01
201200054396,0,32,000,00,0,0,01,A01
201200054397,0,10,000,00,2,1,01,B01
201200054397,0,02,000,00,2,2,15,A01
201200054398,0,02,000,00,1,8,01,A01
201200054399,0,07,000,08,0,1,13,A01
201200054400,0,32,000,00,1,2,01,A01
201200054401,0,01,000,00,0,1,14,A01
201200054402,0,02,000,00,2,1,02,A01
201200054402,0,32,000,00,2,0,02,B01
201200054403,0,07,000,00,2,8,09,B01
201200054403,0,33,000,00,2,7,17,A01
201200054404,0,07,000,00,2,2,01,A01
201200054404,0,07,000,00,2,3,01,B01
201200054405,0,01,000,00,0,0,01,A01
201200054406,0,07,000,00,1,1,01,A01
201200054407,0,07,000,00,2,3,15,A01
201200054407,0,33,000,04,2,7,01,B01
201200054408,0,32,000,00,2,1,02,A01
201200054408,0,07,000,00,2,6,02,B01
201200054409,0,30,000,00,2,3,17,A01
201200054409,0,01,000,00,2,3,05,B01
201200054410,0,34,000,00,2,4,01,C01
201200054410,0,07,000,00,2,3,22,A01
201200054410,0,14,000,00,2,2,01,B01
201200054411,0,07,000,00,1,1,15,A01
201200054412,0,34,000,00,2,1,02,A01
201200054412,0,07,000,00,2,4,23,B01
201200054413,0,07,000,00,2,2,15,A01
201200054413,0,30,000,00,2,3,01,B01
201200054414,0,07,000,00,1,3,01,A01
201200054415,0,02,000,00,1,2,01,A01
201200054416,0,37,010,00,2,6,01,B01
201200054416,0,14,000,00,2,2,11,A01
201200054417,0,07,000,00,1,3,01,A01
201200054418,0,34,000,00,1,7,15,A01
201200054419,0,13,000,00,2,8,15,B01
201200054419,0,32,000,00,0,8,17,A01
201200054420,0,01,000,00,2,1,01,B01
201200054420,0,07,000,00,2,8,22,A01
201200054421,0,34,000,00,1,2,01,A01
201200054422,0,07,000,00,2,4,15,A01
201200054422,0,30,000,00,2,1,01,B01
201200054423,0,02,000,00,1,2,01,A01
201200054424,0,07,000,00,1,1,15,A01
201200054425,0,30,000,00,0,1,01,B01
201200054425,0,07,000,00,0,7,01,A01
201200054426,0,07,000,00,1,4,04,A01
201200054427,0,10,000,00,2,8,13,B01
201200054427,0,02,000,00,2,7,17,A01
201200054428,0,30,000,12,0,8,21,A01
201200054429,0,32,000,00,2,1,17,A01
201200054429,0,07,000,00,2,3,10,B01
201200054430,1,07,000,00,1,3,16,Z01
201200054431,0,32,000,01,1,2,01,A01
201200054432,0,33,000,00,9,1,01,A01
201200054433,0,31,000,00,2,0,21,A01
201200054434,0,32,000,00,1,1,17,A01
201200054435,0,02,000,00,0,2,01,A01
201200054436,0,02,000,01,0,2,01,A01
201200054437,0,07,000,00,1,2,01,A01
201200054438,0,31,000,14,0,1,17,A01
201200054438,0,38,061,00,2,3,15,B01
201200054439,0,07,000,00,1,2,01,A01
201200054440,0,07,000,14,2,1,01,A01
201200054440,0,07,000,00,0,6,23,B01
201200054441,0,07,000,00,0,0,15,A01
201200054441,0,30,000,00,0,0,01,B01
201200054442,0,33,000,00,2,6,23,B01
201200054442,0,07,000,00,2,6,01,A01
201200054443,0,07,000,00,0,2,00,A01
201200054443,0,33,000,00,2,1,01,B01
201200054444,0,07,000,00,1,1,01,A01
201200054445,0,01,000,00,1,4,01,A01
201200054446,0,33,000,00,2,2,13,A01
201200054446,0,01,000,00,2,8,01,B01
201200054447,0,07,000,00,2,8,01,B01
201200054447,0,30,000,00,2,8,17,A01
201200054448,0,32,000,07,0,0,17,A01
201200054449,0,32,000,00,1,1,01,A01
201200054450,0,07,000,00,1,2,07,A01
201200054451,0,07,000,00,2,3,01,B01
201200054451,0,07,000,11,2,3,14,A01
201200054452,0,07,000,00,2,7,07,B01
201200054452,0,07,000,00,2,7,01,A01
201200054453,0,07,000,00,2,1,02,A01
201200054453,0,01,000,00,2,4,15,C01
201200054453,0,07,000,00,2,6,02,B01
201200054454,0,02,000,00,2,8,16,A01
201200054454,0,07,000,00,2,5,01,B01
201200054455,0,33,000,00,2,8,17,A01
201200054455,0,07,000,00,2,3,15,B01
201200054456,0,07,000,00,2,3,15,B01
201200054456,0,30,000,00,2,1,05,A01
201200054457,0,30,000,12,0,7,14,A01
201200054458,0,31,000,00,1,8,17,A01
201200054459,0,02,000,00,0,4,01,A01
201200054460,0,32,000,00,0,0,01,A01
201200054461,0,07,000,00,2,1,01,B01
201200054461,0,32,000,00,2,7,01,A01
201200054462,0,07,000,00,1,4,04,A01
201200054463,0,10,000,00,2,4,02,B01
201200054463,0,01,000,00,2,1,02,A01
201200054464,0,07,000,00,2,3,15,B01
201200054464,0,30,000,00,2,5,17,A01
201200054465,0,32,000,00,2,8,01,A01
201200054465,0,13,000,00,2,6,15,B01
201200054466,0,01,000,12,0,1,01,A01
201200054467,0,37,000,01,2,3,01,B01
201200054467,0,07,000,00,2,1,01,A01
201200054468,0,30,000,00,2,2,01,B01
201200054468,0,03,000,00,2,5,15,A01
201200054469,0,30,000,14,0,0,01,A01
201200054470,0,07,000,00,1,8,16,A01
201200054471,0,07,000,00,2,0,15,B01
201200054471,0,32,000,00,2,0,17,A01
201200054472,0,32,000,00,2,8,01,B01
201200054472,0,07,000,00,2,8,09,A01
201200054473,0,32,000,00,2,4,23,B01
201200054473,0,07,000,00,2,1,02,A01
201200054474,0,32,000,00,0,0,15,A01
201200054475,0,33,000,00,2,2,16,A01
201200054475,0,10,000,00,2,8,01,B01
201200054476,0,02,000,00,2,1,01,A01
201200054476,0,33,000,00,2,8,01,B01
201200054477,0,32,000,00,2,8,01,B01
201200054477,0,07,000,00,2,1,01,A01
201200054478,0,07,000,00,1,6,04,A01
201200054479,0,07,000,00,1,3,01,A01
201200054480,0,10,000,00,2,8,15,A01
201200054480,0,34,000,00,2,7,17,B01
201200054481,0,01,000,00,2,8,01,B01
201200054481,0,10,000,00,2,2,16,A01
201200054482,0,30,000,00,2,3,11,A01
201200054482,0,30,000,00,2,1,01,B01
201200054483,0,07,000,00,1,1,08,A01
201200054484,0,30,000,00,2,7,18,A01
201200054484,0,07,000,00,2,7,01,B01
201200054485,0,37,000,00,0,0,01,A01
201200054486,0,01,000,00,2,1,01,B01
201200054486,0,07,000,00,2,3,22,A01
201200054487,0,34,000,00,2,1,18,A01
201200054487,0,07,000,00,2,2,16,B01
201200054488,0,37,001,00,2,6,02,B01
201200054488,0,31,000,00,2,1,02,A01
201200054489,0,07,000,00,2,6,01,C01
201200054489,0,32,000,00,2,1,13,B01
201200054489,0,30,000,00,2,0,17,A01
201200054490,0,01,000,00,1,0,01,A01
201200054491,0,32,000,00,1,1,01,A01
201200054492,0,07,000,00,9,5,22,B01
201200054492,0,01,000,00,2,3,18,A01
201200054493,0,01,000,00,0,0,07,A01
201200054494,0,30,000,00,2,2,17,A01
201200054494,0,07,000,00,2,3,15,B01
201200054495,0,32,000,00,0,2,11,B01
201200054495,0,07,000,00,0,8,03,A01
201200054496,0,30,000,00,0,7,01,A01
201200054497,0,33,000,00,1,8,01,A01
201200054498,0,07,000,00,2,7,10,A01
201200054498,0,02,000,00,2,1,01,B01
201200054499,0,30,000,00,0,7,01,A01
201200054500,0,01,000,00,2,8,13,A01
201200054500,0,07,000,00,2,2,01,B01
201200054501,0,07,000,00,2,0,01,B01
201200054501,0,07,000,00,2,0,09,A01
201200054502,0,07,000,02,2,2,15,A01
201200054502,0,07,000,00,2,3,07,B01
201200054503,0,07,000,00,0,5,12,A01
201200054503,0,02,000,00,2,1,18,B01
201200054504,0,07,000,00,2,4,23,A01
201200054504,0,30,000,00,2,1,01,B01
201200054505,0,07,000,00,2,1,15,A01
201200054505,0,32,000,00,2,1,01,B01
201200054506,0,07,000,01,0,2,14,A01
201200054507,0,07,000,00,1,8,01,A01
201200054508,0,01,000,00,2,5,19,A01
201200054508,0,07,000,00,9,3,01,B01
201200054509,0,07,000,11,0,1,01,A01
201200054510,0,07,000,00,1,3,15,A01
201200054511,0,07,000,00,2,3,23,C01
201200054511,0,07,000,00,2,7,15,A01
201200054511,0,07,000,00,2,1,01,B01
201200054512,0,34,000,00,2,1,01,B01
201200054512,0,07,000,00,0,5,12,A01
201200054513,0,07,000,00,2,7,16,A01
201200054513,0,02,000,00,0,3,01,B01
201200054514,0,07,000,14,2,7,22,A01
201200054514,0,01,000,14,0,1,18,B01
201200054515,0,07,000,00,2,2,16,B01
201200054515,0,02,000,00,2,7,15,A01
201200054516,0,32,000,00,2,8,01,B01
201200054516,0,07,000,00,2,2,16,A01
201200054517,0,32,000,02,0,7,14,A01
201200054518,0,30,000,00,9,7,21,A01
201200054519,0,30,000,00,1,1,01,A01
201200054520,0,07,000,00,2,8,15,A01
201200054520,0,33,000,00,2,8,02,B01
201200054521,0,10,000,11,0,3,15,A01
201200054522,0,07,000,00,2,2,10,A01
201200054522,0,30,000,00,2,3,01,B01
201200054523,0,07,000,00,1,4,04,A01
201200054524,0,02,000,00,1,7,01,A01
201200054525,0,02,000,00,2,1,17,B01
201200054525,0,38,003,00,2,3,15,A01
201200054526,0,34,000,12,0,2,14,A01
201200054527,0,07,000,00,2,4,02,B01
201200054527,0,07,000,00,2,1,02,A01
201200054528,0,07,000,00,2,3,02,A01
201200054528,0,33,000,00,2,0,02,B01
201200054529,0,34,000,00,2,3,01,A01
201200054529,0,07,000,00,2,2,01,B01
201200054530,0,07,000,00,2,7,22,B01
201200054530,0,34,000,00,2,1,18,A01
201200054531,0,07,000,00,1,2,01,A01
201200054532,0,07,000,00,2,6,13,A01
201200054532,0,01,000,00,2,7,14,B01
201200054533,0,32,000,00,0,8,01,A01
201200054534,0,02,000,00,0,0,21,A01
201200054535,0,02,000,00,2,0,02,B01
201200054535,0,07,000,00,0,4,01,A01
201200054536,0,32,000,00,0,3,01,A01
201200054537,0,07,000,00,1,7,01,A01
201200054538,0,30,000,00,0,0,21,A01
201200054539,0,07,000,00,0,0,01,A01
201200054539,0,30,000,00,2,7,16,B01
201200054539,0,02,000,00,2,8,01,C01
201200054540,0,33,000,00,2,7,01,B01
201200054540,0,02,000,00,2,8,11,A01
201200054541,0,07,000,00,1,7,16,A01
201200054542,0,07,000,00,2,2,02,A01
201200054542,0,01,000,00,2,4,02,B01
201200054543,0,10,000,00,2,5,16,B01
201200054543,0,01,000,00,2,3,01,A01
201200054544,0,32,000,00,0,0,17,A01
201200054545,0,33,000,00,2,7,01,B01
201200054545,0,07,000,00,2,3,13,A01
201200054546,0,07,000,00,2,8,15,A01
201200054546,0,33,000,00,2,8,01,B01
201200054547,1,14,000,00,9,7,14,Z01
201200054547,0,01,000,00,2,8,01,B01
201200054548,0,07,000,11,0,1,16,A01
201200054549,0,30,000,00,1,1,01,A01
201200054550,0,01,000,00,2,2,17,B01
201200054550,0,07,000,00,2,3,13,A01
201200054551,0,07,000,00,2,6,23,A01
201200054551,1,07,000,00,2,1,02,Z01
201200054552,0,07,000,00,1,2,01,A01
201200054553,0,34,000,00,2,1,01,A01
201200054554,1,07,000,01,1,0,16,Z01
201200054555,0,33,000,00,1,1,01,A01
201200054556,0,07,000,00,1,3,01,A01
201200054557,1,34,000,00,1,0,07,Z01
201200054558,0,07,000,00,2,5,01,A01
201200054558,0,34,000,00,2,1,01,B01
201200054559,0,33,000,00,2,1,02,A01
201200054559,0,02,000,00,2,4,16,B01
201200054560,0,02,000,00,0,7,01,A01
201200054561,0,34,000,00,0,7,21,A01
201200054562,1,37,001,00,2,8,13,Z01
201200054562,0,30,000,00,2,2,23,A01
201200054563,0,07,000,00,2,1,01,B01
201200054563,0,07,000,00,2,1,15,A01
201200054564,0,33,000,00,0,4,01,B01
201200054564,0,33,000,00,2,1,01,A01
201200054565,0,07,000,00,1,1,01,A01
201200054566,0,30,000,00,2,1,01,A01
201200054566,0,07,000,00,2,3,01,B01
201200054567,0,32,000,00,0,8,01,A01
201200054568,0,07,000,08,1,1,01,A01
201200054569,0,07,000,00,0,4,23,B01
201200054569,0,07,000,00,2,1,01,A01
201200054570,1,07,000,00,2,3,15,B01
201200054570,0,02,000,00,0,7,01,A01
201200054571,0,33,000,00,0,4,23,B01
201200054571,0,07,000,00,2,2,01,A01
201200054572,0,01,000,00,2,3,16,B01
201200054572,0,07,000,00,9,7,01,A01
201200054573,0,33,000,00,2,1,01,A01
201200054573,0,07,000,00,2,5,15,B01
201200054574,0,07,000,00,0,7,16,B01
201200054574,0,33,000,00,2,7,07,A01
201200054575,0,10,000,00,2,6,23,B01
201200054575,0,02,000,00,2,1,01,A01
201200054576,0,07,000,00,1,1,01,A01
201200054577,0,07,000,00,0,0,11,B01
201200054577,0,34,000,00,0,0,17,A01
201200054578,0,10,000,00,1,2,15,A01
201200054579,0,07,000,00,1,2,15,A01
201200054580,0,07,000,00,2,8,11,A01
201200054580,0,32,000,00,2,2,01,B01
201200054581,0,07,000,00,1,2,01,A01
201200054582,0,07,000,00,2,1,01,B01
201200054582,0,07,000,00,2,8,01,A01
201200054583,0,32,000,00,0,5,01,A01
201200054584,0,07,000,00,2,3,09,A01
201200054584,0,32,000,00,2,5,01,B01
201200054585,0,02,000,00,1,1,16,A01
201200054586,0,32,000,00,2,1,02,A01
201200054586,0,07,000,00,2,4,02,B01
201200054587,0,32,000,00,2,2,01,B01
201200054587,0,10,000,00,2,3,10,A01
201200054588,0,02,000,01,0,1,18,B01
201200054588,0,07,000,00,2,5,22,A01
201200054589,0,34,000,00,1,2,01,A01
201200054590,0,32,000,00,2,3,01,C01
201200054590,0,32,000,00,2,1,01,B01
201200054590,0,07,000,00,2,2,15,A01
201200054591,0,07,000,00,1,1,01,A01
201200054592,0,38,001,00,2,7,01,A01
201200054592,0,07,000,00,2,1,01,B01
201200054593,0,10,000,00,2,3,15,A01
201200054593,0,32,000,00,2,5,01,B01
201200054594,1,07,000,00,2,0,01,Z01
201200054594,0,32,000,00,2,8,16,A01
201200054595,0,10,000,00,2,5,23,B01
201200054595,0,30,000,00,2,1,01,A01
201200054596,0,32,000,00,0,8,01,A01
201200054597,0,07,000,00,2,1,01,A01
201200054597,0,32,000,00,2,8,01,B01
201200054598,0,07,000,00,1,4,04,A01
201200054599,0,30,000,00,2,8,01,A01
201200054599,1,07,000,00,2,0,15,Z01
201200054600,0,07,000,08,2,1,01,B01
201200054600,0,07,000,08,2,5,01,A01
201200054601,0,31,000,00,2,1,02,A01
201200054601,0,07,000,00,2,5,23,B01
201200054602,0,10,000,00,1,8,18,A01
201200054603,0,07,000,00,2,1,01,B01
201200054603,0,07,000,00,2,1,01,A01
201200054604,0,32,000,12,0,1,13,A01
201200054605,1,07,000,00,2,5,02,B01
201200054605,0,30,000,00,2,7,02,A01
201200054606,0,07,000,00,1,1,01,A01
201200054607,0,31,000,00,2,1,01,B01
201200054607,0,31,000,00,2,7,15,A01
201200054608,1,07,000,00,2,8,17,Z01
201200054608,0,01,000,00,2,3,07,A01
201200054609,0,07,000,00,1,2,17,A01
201200054610,0,32,000,00,0,8,21,A01
201200054611,0,07,000,00,1,1,01,A01
201200054612,0,07,000,02,0,2,13,A01
201200054613,0,07,000,00,2,2,15,A01
201200054613,0,30,000,00,2,3,01,B01
201200054614,0,07,000,00,2,5,02,B01
201200054614,0,02,000,00,2,8,02,A01
201200054615,0,30,000,00,2,6,01,B01
201200054615,0,07,000,00,2,3,01,A01
201200054616,0,34,000,00,0,8,01,A01
201200054617,0,07,000,00,1,2,15,A01
201200054618,0,07,000,00,2,3,13,A01
201200054618,0,34,000,00,2,7,17,B01
201200054619,0,02,000,00,2,2,17,B01
201200054619,0,10,000,00,2,8,15,A01
201200054620,0,34,000,00,1,7,01,A01
201200054621,0,01,000,11,0,1,13,A01
201200054622,0,34,000,00,2,1,01,B01
201200054622,0,07,000,00,2,3,10,A01
201200054623,0,07,000,00,2,1,02,A01
201200054623,0,07,000,00,2,4,23,B01
201200054624,0,32,000,11,0,1,01,A01
201200054625,0,30,000,00,0,7,01,A01
201200054626,0,07,000,00,2,3,10,A01
201200054626,0,33,000,01,2,9,01,B01
201200054627,0,32,000,00,0,8,01,A01
201200054628,0,07,000,00,2,7,10,A01
201200054628,0,33,000,00,2,1,01,B01
201200054629,0,07,000,00,0,5,22,A01
201200054629,0,01,000,01,0,3,01,B01
201200054630,0,07,000,00,2,7,15,B01
201200054630,0,32,000,00,2,1,01,A01
201200054631,0,07,000,00,2,2,15,A01
201200054631,0,33,000,00,2,1,01,B01
201200054632,0,01,000,00,2,3,15,A01
201200054632,0,14,000,00,2,2,01,B01
201200054633,0,07,000,00,0,6,01,B01
201200054633,0,33,000,00,0,1,01,A01
201200054634,0,07,000,00,1,4,16,A01
201200054635,0,30,000,00,2,1,01,A01
201200054635,0,30,000,00,0,4,01,B01
201200054636,0,07,000,00,1,4,04,A01