Num_Acc,senc,catv,occutc,obs,obsm,choc,manv,num_veh
201200054637,0,07,000,00,2,2,12,A01
201200054637,0,34,000,00,2,6,01,B01
201200054638,0,07,000,00,1,1,15,A01
201200054639,0,07,000,00,2,5,02,B01
201200054639,0,37,020,00,2,3,02,A01
201200054640,0,07,000,00,1,8,15,A01
201200054641,0,07,000,00,2,3,09,A01
201200054641,0,32,000,00,2,1,01,B01
201200054642,0,02,000,00,0,0,16,A01
201200054643,0,32,000,00,0,1,09,A01
201200054644,0,07,000,00,2,3,01,B01
201200054644,0,01,000,00,2,1,01,A01
201200054645,0,07,000,00,2,7,22,B01
201200054645,0,32,000,01,0,8,18,A01
201200054646,0,07,000,00,2,0,16,A01
201200054646,0,07,000,00,2,1,01,B01
201200054647,1,37,000,00,0,5,15,Z01
201200054647,0,34,000,00,2,3,23,A01
201200054648,1,07,000,00,1,1,01,Z01
201200054649,0,01,000,00,0,0,01,A01
201200054650,0,32,000,00,2,1,18,A01
201200054650,0,07,000,00,2,5,01,B01
201200054651,0,07,000,00,2,4,23,A01
201200054651,1,07,000,00,2,0,02,Z01
201200054652,0,01,000,00,2,8,23,B01
201200054652,0,07,000,00,2,7,16,A01
201200054653,0,07,000,00,2,7,01,A01
201200054653,0,33,000,00,2,2,01,B01
201200054654,0,07,000,00,2,1,02,A01
201200054654,0,07,000,00,2,4,23,C01
201200054654,0,03,000,00,2,4,02,B01
201200054655,0,34,000,01,0,1,01,A01
201200054656,0,07,000,00,2,3,23,B01
201200054656,0,32,000,00,2,1,01,A01
201200054657,0,02,000,00,2,1,01,B01
201200054657,0,10,000,00,2,6,04,A01
201200054658,1,07,000,00,1,2,05,Z01
201200054659,0,34,000,00,2,2,17,A01
201200054659,0,10,000,00,2,8,15,B01
201200054660,1,32,000,00,1,1,01,Z01
201200054661,0,30,000,12,0,0,14,A01
201200054662,0,30,000,00,2,3,18,B01
201200054662,0,07,000,00,2,5,16,A01
201200054663,0,32,000,12,0,0,13,A01
201200054664,0,10,000,00,2,8,01,B01
201200054664,0,33,000,00,2,1,01,A01
201200054665,0,30,000,00,2,1,05,A01
201200054665,0,07,000,00,2,3,15,B01
201200054666,0,33,000,00,2,7,01,B01
201200054666,0,07,000,00,2,8,13,A01
201200054667,2,07,000,00,2,1,01,A01
201200054667,0,07,000,00,2,4,23,B01
201200054668,0,07,000,00,2,3,10,A01
201200054668,0,32,000,00,2,2,17,B01
201200054669,0,34,000,06,1,1,01,A01
201200054670,0,30,000,00,0,0,15,A01
201200054671,0,07,000,00,2,4,23,A01
201200054671,0,37,000,00,2,1,02,C01
201200054671,0,37,000,00,2,1,02,B01
201200054672,0,10,000,00,2,1,02,A01
201200054672,0,07,000,00,2,4,02,B01
201200054673,0,30,000,00,2,8,01,B01
201200054673,0,10,000,00,2,3,15,A01
201200054674,0,07,000,00,2,1,07,A01
201200054674,0,07,000,00,2,4,07,B01
201200054675,0,07,000,00,2,2,17,A01
201200054675,0,07,000,00,2,3,10,B01
201200054676,0,32,000,00,2,1,01,B01
201200054676,0,07,000,00,2,8,09,A01
201200054677,0,07,000,00,1,2,01,A01
201200054678,0,34,000,00,2,4,23,B01
201200054678,0,07,000,00,2,2,13,A01
201200054679,0,07,000,00,2,1,01,B01
201200054679,0,33,000,00,2,1,15,A01
201200054680,0,30,000,00,1,1,01,A01
201200054681,0,07,000,07,0,1,15,A01
201200054682,0,32,000,00,2,8,13,A01
201200054682,0,07,000,00,2,7,01,B01
201200054683,0,07,000,00,2,3,10,A01
201200054683,0,32,000,00,2,1,01,B01
201200054684,0,07,000,00,1,2,11,A01
201200054685,0,03,000,00,1,3,01,A01
201200054686,0,32,000,00,2,5,23,B01
201200054686,0,34,000,00,2,3,02,A01
201200054687,0,07,000,00,2,1,02,A01
201200054687,0,07,000,00,2,4,23,C01
201200054687,0,07,000,00,2,4,23,B01
201200054687,0,07,000,00,2,4,23,D01
201200054688,0,02,000,00,1,1,01,A01
201200054689,0,07,000,00,2,2,01,B01
201200054689,0,02,000,00,2,3,01,A01
201200054690,0,07,000,00,1,2,01,A01
201200054691,0,30,000,00,2,0,23,D01
201200054691,0,07,000,00,2,2,01,C01
201200054691,0,07,000,00,2,8,01,B01
201200054691,0,07,000,07,2,1,15,A01
201200054692,0,07,000,00,2,1,02,A01
201200054692,0,07,000,00,2,4,23,B01
201200054693,0,10,000,00,1,3,01,A01
201200054694,0,37,010,00,2,7,01,B01
201200054694,0,07,000,00,2,8,22,A01
201200054695,0,01,000,00,2,8,01,B01
201200054695,0,07,000,00,2,2,17,A01
201200054696,0,33,000,00,1,1,01,A01
201200054697,0,33,000,00,1,7,01,A01
201200054698,0,07,000,00,2,3,15,B01
201200054698,0,33,000,00,2,1,01,A01
201200054699,0,33,000,00,2,9,01,B01
201200054699,0,07,000,00,2,7,01,A01
201200054700,0,01,000,00,0,0,01,A01
201200054701,0,07,000,00,2,1,15,A01
201200054701,0,31,000,00,2,3,01,B01
201200054702,0,32,000,01,0,1,01,A01
201200054703,0,32,000,00,2,0,01,A01
201200054703,1,10,000,00,2,0,01,Z01
201200054704,0,10,000,00,1,3,04,A01
201200054705,0,30,000,00,2,1,01,B01
201200054705,0,07,000,00,2,3,22,A01
201200054706,0,32,000,00,2,6,15,B01
201200054706,0,07,000,00,2,3,01,A01
201200054707,0,07,000,00,1,7,04,A01
201200054708,0,30,000,00,2,2,18,B01
201200054708,0,07,000,00,2,7,22,A01
201200054709,0,07,000,00,1,1,01,A01
201200054710,0,07,000,00,1,2,01,A01
201200054711,0,01,000,00,1,1,07,A01
201200054712,0,07,000,00,2,4,02,B01
201200054712,0,07,000,00,2,1,02,A01
201200054713,0,07,000,00,2,1,02,A01
201200054713,0,33,000,00,2,4,23,B01
201200054714,0,32,000,00,2,2,11,A01
201200054714,0,07,000,00,2,2,01,B01
201200054715,0,07,000,00,2,3,02,A01
201200054715,0,31,000,00,2,5,23,B01
201200054716,0,01,000,00,0,3,21,A01
201200054716,0,07,000,00,0,2,23,B01
201200054717,0,32,000,00,1,1,01,A01
201200054718,0,31,000,00,2,8,01,B01
201200054718,0,07,000,00,2,7,14,A01
201200054719,0,30,000,00,0,7,01,A01
201200054720,0,01,000,00,0,4,01,B01
201200054720,0,30,000,00,0,8,14,A01
201200054720,0,01,000,00,0,4,01,C01
201200054721,0,07,000,00,2,3,15,B01
201200054721,0,32,000,00,2,2,17,A01
201200054722,0,33,000,00,0,8,17,A01
201200054723,0,07,000,00,2,7,16,A01
201200054723,0,32,000,00,2,8,01,B01
201200054724,0,07,000,06,0,2,14,A01
201200054725,0,07,000,00,2,5,22,B01
201200054725,0,30,000,01,2,8,18,A01
201200054726,1,07,000,00,1,4,04,Z01
201200054727,0,01,000,00,2,2,01,A01
201200054727,0,07,000,00,2,8,22,B01
201200054728,0,07,000,00,2,8,13,A01
201200054728,0,30,000,00,2,2,17,B01
201200054729,0,33,000,00,2,1,17,A01
201200054729,0,01,000,00,0,4,13,B01
201200054730,0,07,000,00,1,1,15,A01
201200054731,0,32,000,00,0,0,01,A01
201200054732,0,07,000,00,1,2,01,A01
201200054733,0,34,000,14,0,1,01,A01
201200054734,0,32,000,00,0,7,01,A01
201200054735,0,07,000,00,2,3,16,B01
201200054735,0,07,000,08,2,1,01,A01
201200054736,0,01,000,00,0,1,01,B01
201200054736,0,07,000,00,0,8,22,A01
201200054737,0,38,002,00,2,3,15,A01
201200054737,0,30,000,11,0,5,01,B01
201200054738,1,07,000,00,1,1,01,Z01
201200054739,0,07,000,00,2,1,01,A01
201200054739,0,07,000,00,2,4,01,B01
201200054740,0,07,000,00,0,5,12,A01
201200054740,0,32,000,00,2,3,01,B01
201200054741,0,07,000,00,1,3,01,A01
201200054742,0,02,000,00,0,8,15,A01
201200054743,0,34,000,00,9,7,01,B01
201200054743,0,10,000,06,2,1,01,A01
201200054744,0,07,000,00,2,3,13,A01
201200054744,0,32,000,00,2,7,17,B01
201200054745,0,07,000,00,2,7,14,A01
201200054745,0,33,000,00,2,8,01,B01
201200054746,0,02,000,00,0,8,01,A01
201200054747,0,02,000,14,0,1,21,A01
201200054748,0,32,000,00,2,0,21,A01
201200054749,0,33,000,00,1,8,02,A01
201200054750,0,07,000,00,2,2,16,A01
201200054750,0,02,000,00,2,3,07,B01
201200054751,0,02,000,01,0,2,18,A01
201200054751,0,07,000,00,2,0,22,B01
201200054752,1,07,000,00,0,0,00,Z01
201200054753,0,07,000,00,2,3,15,A01
201200054753,0,33,000,00,2,3,01,B01
201200054754,0,13,000,00,1,1,01,A01
201200054755,0,32,000,00,2,2,01,B01
201200054755,0,10,000,00,2,3,15,A01
201200054756,1,07,000,00,2,1,02,Z01
201200054756,0,07,000,00,2,4,15,A01
201200054757,0,33,000,00,2,7,01,B01
201200054757,0,07,000,00,2,1,11,A01
201200054758,0,02,000,00,0,0,21,A01
201200054759,0,32,000,00,1,0,01,A01
201200054760,0,01,000,00,2,1,01,B01
201200054760,0,10,000,00,2,8,22,A01
201200054761,0,30,000,00,0,2,21,A01
201200054762,0,07,000,01,2,1,01,B01
201200054762,0,07,000,00,2,4,04,A01
201200054763,1,07,000,00,2,2,01,Z01
201200054763,0,30,000,00,2,6,18,A01
201200054764,0,34,000,00,2,7,01,A01
201200054765,0,30,000,00,2,5,01,A01
201200054765,0,07,000,00,2,2,01,B01
201200054766,0,07,000,00,2,1,02,A01
201200054766,0,07,000,00,2,4,23,B01
201200054767,0,07,000,00,2,2,02,A01
201200054767,0,07,000,00,2,6,23,B01
201200054768,2,30,000,00,1,1,01,Z01
201200054769,0,07,000,01,2,4,24,B01
201200054769,0,13,000,00,2,1,02,A01
201200054770,0,30,000,00,2,1,01,A01
201200054770,0,31,000,00,2,8,15,B01
201200054771,0,07,000,00,2,8,01,B01
201200054771,0,02,000,00,2,1,01,A01
201200054772,0,07,000,00,2,0,10,A01
201200054772,0,30,000,00,2,0,01,B01
201200054773,0,07,000,00,1,1,16,A01
201200054774,0,07,000,00,2,7,01,A01
201200054774,0,30,000,00,2,8,16,B01
201200054775,0,33,000,00,2,1,02,A01
201200054775,0,07,000,00,2,4,23,B01
201200054776,0,07,000,00,2,6,10,A01
201200054776,0,32,000,00,2,1,01,B01
201200054777,0,07,000,00,2,0,15,B01
201200054777,0,32,000,00,2,1,17,A01
201200054778,0,34,000,00,2,4,23,B01
201200054778,0,34,000,00,2,1,02,A01
201200054779,0,07,000,00,2,6,16,B01
201200054779,0,34,000,00,2,1,15,A01
201200054780,0,33,000,00,2,8,01,B01
201200054780,0,07,000,00,2,2,01,A01
201200054781,0,32,000,00,1,1,01,A01
201200054782,0,33,000,00,2,1,01,B01
201200054782,0,07,000,00,2,7,01,A01
201200054783,0,10,000,00,1,6,01,A01
201200054784,0,32,000,00,2,5,17,A01
201200054784,0,10,000,00,2,3,01,B01
201200054785,0,07,000,00,2,1,01,A01
201200054785,0,01,000,00,2,8,01,B01
201200054786,0,07,000,00,1,6,04,A01
201200054787,0,33,000,00,0,0,21,A01
201200054788,0,32,000,00,2,1,10,A01
201200054789,0,07,000,02,2,2,14,A01
201200054789,0,15,000,00,2,8,01,B01
201200054790,0,32,000,00,0,3,01,A01
201200054791,0,32,000,00,0,7,01,A01
201200054792,0,07,000,00,2,2,01,A01
201200054792,0,33,000,00,2,7,01,B01
201200054793,0,32,000,00,2,1,01,A01
201200054793,0,32,000,00,2,8,15,B01
201200054794,0,07,000,00,1,0,01,A01
201200054795,0,07,000,00,2,4,16,A01
201200054795,0,01,000,00,2,7,01,B01
201200054796,0,07,000,00,2,4,23,B01
201200054796,0,07,000,00,2,1,02,A01
201200054797,0,07,000,07,0,8,14,A01
201200054798,0,07,000,11,0,3,13,A01
201200054799,0,33,000,00,2,0,02,B01
201200054799,0,33,000,00,2,1,02,A01
201200054800,0,33,000,00,1,1,01,A01
201200054801,0,07,000,00,2,2,22,A01
201200054801,0,01,000,00,2,1,18,B01
201200054802,0,07,000,00,1,1,16,A01
201200054803,0,32,000,00,2,1,18,A01
201200054803,0,07,000,00,2,2,16,B01
201200054804,0,32,000,00,2,3,01,B01
201200054804,0,07,000,00,2,2,09,A01
201200054805,1,07,000,00,2,7,14,Z01
201200054805,0,31,000,00,2,8,01,A01
201200054806,0,07,000,00,2,2,02,A01
201200054806,0,07,000,00,2,6,02,B01
201200054806,0,32,000,00,2,0,01,C01
201200054807,0,07,000,00,2,6,01,B01
201200054807,0,33,000,00,2,1,01,A01
201200054808,0,32,000,00,0,7,01,A01
201200054809,0,30,000,00,0,0,01,A01
201200054810,0,07,000,00,2,2,01,B01
201200054810,0,01,000,00,2,8,13,A01
201200054811,0,30,000,00,2,1,17,A01
201200054811,0,07,000,00,2,3,15,B01
201200054812,0,07,000,00,1,2,15,A01
201200054813,0,07,000,11,0,2,01,A01
201200054814,0,30,000,11,0,1,13,A01
201200054815,0,07,000,00,2,5,16,B01
201200054815,0,33,000,00,2,1,18,A01
201200054816,0,30,000,00,0,2,01,A01
201200054817,0,07,000,00,2,3,15,A01
201200054817,0,02,000,00,2,2,05,B01
201200054818,0,02,000,00,0,7,01,A01
201200054819,0,30,000,00,2,1,01,A01
201200054819,0,07,000,00,2,3,01,B01
201200054820,0,07,000,00,2,5,15,A01
201200054820,0,32,000,00,2,1,01,B01
201200054821,0,07,000,00,2,2,09,A01
201200054821,0,32,000,00,2,6,01,B01
201200054822,1,01,000,00,1,0,05,Z01
201200054823,0,32,000,00,2,1,01,A01
201200054823,0,07,000,00,2,1,01,B01
201200054824,0,07,000,00,2,1,01,C01
201200054824,0,33,000,00,2,1,02,A01
201200054824,0,07,000,00,2,4,23,B01
201200054825,0,07,000,00,0,8,15,A01
201200054825,0,30,000,00,2,7,17,B01
201200054826,0,07,000,00,2,1,01,A01
201200054826,0,07,000,00,2,8,16,B01
201200054827,0,37,000,00,2,1,01,B01
201200054827,0,32,000,00,2,0,21,C01
201200054827,0,07,000,00,0,4,16,A01
201200054828,0,07,000,00,2,1,01,A01
201200054828,0,07,000,00,2,4,23,B01
201200054829,0,31,000,00,2,7,01,A01
201200054829,0,07,000,00,2,1,15,B01
201200054830,0,10,000,00,2,6,11,A01
201200054830,0,34,000,00,2,1,01,B01
201200054831,1,07,000,00,2,0,02,Z01
201200054831,0,30,000,00,2,5,23,A01
201200054832,0,07,000,00,2,3,01,B01
201200054832,0,32,000,00,2,2,17,A01
201200054833,0,07,000,00,1,4,04,A01
201200054834,2,07,000,06,2,9,01,Z01
201200054834,0,07,000,01,2,1,16,A01
201200054835,0,10,000,00,1,2,01,A01
201200054836,0,07,000,00,2,2,01,B01
201200054836,0,07,000,00,2,3,11,A01
201200054837,0,34,000,00,2,7,17,A01
201200054837,0,07,000,00,2,8,15,B01
201200054838,0,07,000,00,2,1,01,B01
201200054838,0,02,000,00,2,1,15,A01
201200054839,0,07,000,00,2,2,01,A01
201200054839,0,32,000,00,2,8,01,B01
201200054840,0,30,000,00,2,7,01,A01
201200054840,1,07,000,00,2,0,14,Z01
201200054841,0,02,000,00,1,1,01,A01
201200054842,0,07,000,00,2,8,01,B01
201200054842,0,33,000,14,2,7,17,A01
201200054843,0,32,000,00,2,8,01,B01
201200054843,0,10,000,00,2,2,16,A01
201200054844,0,02,000,00,0,0,01,A01
201200054845,0,07,000,07,0,3,13,A01
201200054846,0,07,000,11,0,3,15,A01
201200054847,0,33,000,08,0,2,18,A01
201200054848,0,33,000,00,1,1,01,A01
201200054849,0,31,000,00,2,8,01,B01
201200054849,0,07,000,00,2,8,10,A01
201200054850,0,07,000,07,0,1,01,A01
201200054851,0,13,000,01,0,6,01,A01
201200054852,0,07,000,00,2,1,01,B01
201200054852,0,01,000,00,2,7,01,A01
201200054853,0,32,000,00,2,7,18,A01
201200054853,0,33,000,00,2,2,01,B01
201200054854,0,10,000,00,2,3,23,B01
201200054854,0,10,000,00,2,2,01,A01
201200054855,0,30,000,00,0,8,01,A01
201200054856,0,14,000,00,2,4,23,B01
201200054856,0,07,000,00,2,1,02,A01
201200054857,0,32,000,00,0,7,01,A01
201200054858,0,02,000,00,2,7,17,A01
201200054858,0,07,000,00,2,6,01,B01
201200054859,0,07,000,00,2,2,15,A01
201200054859,0,30,000,00,2,1,01,B01
201200054860,0,07,000,11,2,1,01,A01
201200054860,0,10,000,00,0,1,23,B01
201200054860,0,10,000,00,0,0,23,C01
201200054861,0,37,003,00,1,7,07,A01
201200054862,0,32,000,00,0,8,01,A01
201200054863,0,10,000,00,2,2,22,A01
201200054863,0,32,000,00,2,1,18,B01
201200054864,0,10,000,00,2,6,13,A01
201200054864,0,30,000,00,2,0,17,B01
201200054865,0,07,000,00,2,3,01,B01
201200054865,0,07,000,00,2,1,01,A01
201200054866,0,07,000,00,1,1,15,A01
201200054867,0,07,000,00,2,1,15,A01
201200054867,0,34,000,00,2,7,17,B01
201200054868,0,07,000,00,1,5,20,A01
201200054869,0,33,000,14,0,8,01,A01
201200054870,0,07,000,00,2,1,01,A01
201200054870,0,01,000,00,2,7,01,B01
201200054871,0,07,000,00,2,1,01,A01
201200054871,0,07,000,00,2,3,15,B01
201200054872,0,33,000,00,1,1,01,A01
201200054873,0,02,000,00,0,3,21,A01
201200054874,0,07,000,00,2,1,01,A01
201200054874,0,07,000,00,2,6,23,D01
201200054874,0,07,000,00,2,1,23,B01
201200054874,0,30,000,00,2,4,23,C01
201200054875,0,32,000,00,0,8,01,A01
201200054876,0,02,000,00,2,1,01,A01
201200054876,0,03,000,00,0,4,01,B01
201200054877,0,34,000,00,2,2,15,B01
201200054877,0,07,000,00,2,3,01,A01
201200054878,0,30,000,00,0,7,21,A01
201200054879,0,07,000,00,0,4,23,B01
201200054879,0,32,000,00,0,1,01,A01
201200054880,0,01,000,00,1,1,15,A01
201200054881,0,33,000,00,0,4,23,C01
201200054881,0,07,000,00,2,1,01,A01
201200054881,0,07,000,00,2,4,01,B01
201200054882,2,07,000,00,2,2,01,Z01
201200054882,0,07,000,00,2,3,01,A01
201200054882,0,14,000,00,2,3,01,B01
201200054883,0,07,000,00,2,1,01,A01
201200054883,0,07,000,00,2,6,07,B01
201200054884,0,01,000,00,2,1,05,A01
201200054884,0,07,000,00,2,3,01,B01
201200054885,0,33,000,00,2,0,01,A01
201200054886,0,34,000,00,1,1,01,A01
201200054887,0,32,000,00,0,0,01,A01
201200054888,0,31,000,00,2,3,01,A01
201200054888,0,07,000,00,2,2,01,B01
201200054889,0,31,000,00,1,1,01,A01
201200054890,0,07,000,00,2,6,01,A01
201200054890,0,07,000,00,2,6,01,B01
201200054891,0,07,000,00,2,3,15,B01
201200054891,0,30,000,00,2,2,17,A01
201200054892,0,30,000,00,2,7,21,A01
201200054893,0,07,000,00,2,2,01,A01
201200054893,0,32,000,00,2,1,01,B01
201200054894,0,07,000,00,1,5,04,A01
201200054895,0,01,000,00,1,1,01,A01
201200054896,0,02,000,00,1,1,01,A01
201200054897,0,07,000,00,2,2,02,A01
201200054897,0,02,000,00,2,6,15,B01
201200054898,0,07,000,00,2,1,02,A01
201200054898,0,32,000,00,2,4,23,B01
201200054899,0,30,000,00,0,7,01,A01
201200054900,0,07,000,00,1,0,01,A01
201200054901,0,33,000,00,2,2,17,B01
201200054901,0,01,000,00,2,8,15,A01
201200054902,0,34,000,00,1,2,01,A01
201200054903,1,07,000,00,0,0,01,Z01
201200054903,0,07,000,00,0,5,01,A01
201200054904,0,34,000,00,2,1,01,B01
201200054904,0,07,000,00,2,5,12,A01
201200054905,0,07,000,00,1,3,01,A01
201200054906,0,30,000,00,2,7,01,A01
201200054906,0,07,000,00,2,1,16,B01
201200054907,0,01,000,00,0,0,01,A01
201200054908,0,07,000,00,2,1,01,B01
201200054908,0,07,000,00,2,7,01,A01
201200054909,0,13,000,00,2,2,16,A01
201200054909,0,30,000,00,2,0,18,B01
201200054910,0,02,000,00,2,3,03,A01
201200054910,0,07,000,00,0,5,23,B01
201200054911,0,07,000,00,1,2,15,A01
201200054912,0,10,000,00,0,8,15,B01
201200054912,0,32,000,00,2,1,01,A01
201200054913,0,07,000,00,2,7,14,A01
201200054913,0,32,000,00,2,1,07,B01
201200054914,0,30,000,00,0,7,01,A01
201200054915,1,07,000,00,2,0,16,Z01
201200054915,0,33,000,00,2,3,01,A01
201200054916,0,02,000,14,0,3,13,A01
201200054917,0,07,000,00,2,8,01,A01
201200054917,0,07,000,00,2,3,01,B01
201200054918,0,14,000,00,2,7,16,B01
201200054918,0,30,000,00,2,8,01,A01
201200054919,0,07,000,00,0,0,16,B01
201200054919,0,30,000,00,0,7,18,A01
201200054920,0,07,000,00,1,1,01,A01
201200054921,0,07,000,00,2,2,01,B01
201200054921,0,07,000,00,2,3,10,A01
201200054922,0,32,000,00,0,8,01,A01
201200054923,0,02,000,00,2,8,17,A01
201200054923,0,07,000,00,2,4,15,B01
201200054924,2,07,000,00,2,1,02,Z01
201200054924,0,07,000,00,2,4,23,A01
201200054925,0,34,000,00,2,4,23,B01
201200054925,0,32,000,00,2,1,02,A01
201200054926,0,32,000,00,2,7,02,A01
201200054926,0,07,000,00,2,4,02,B01
201200054927,0,07,000,00,1,1,15,A01
201200054928,0,32,000,00,1,3,01,A01
201200054929,0,07,000,00,1,3,15,A01
201200054930,2,07,000,01,0,3,15,Z01
201200054931,0,07,000,00,2,4,23,A01
201200054931,0,07,000,00,2,1,02,B01
201200054932,0,02,000,00,0,6,01,A01
201200054933,0,07,000,00,2,3,01,A01
201200054933,0,07,000,14,2,5,15,B01
201200054934,0,01,000,00,0,0,01,A01
201200054935,0,07,000,01,0,1,15,A01
201200054936,0,10,000,00,2,1,10,A01
201200054937,0,32,000,00,2,7,01,B01
201200054937,0,07,000,00,2,3,01,A01
201200054938,0,33,000,00,2,1,17,A01
201200054938,0,07,000,00,2,8,15,B01
201200054939,0,07,000,00,2,3,13,B01
201200054939,0,31,000,00,2,7,15,A01
201200054940,0,34,000,00,1,7,17,A01
201200054941,0,07,000,00,2,3,13,A01
201200054941,0,33,000,00,2,2,01,B01
201200054942,0,07,000,00,2,3,01,B01
201200054942,0,07,000,00,2,2,01,A01
201200054943,0,31,000,00,1,0,01,A01
201200054944,0,07,000,00,2,2,15,A01
201200054944,0,34,000,00,2,1,01,B01
201200054945,0,30,000,00,2,1,02,A01
201200054945,0,07,000,00,2,5,23,B01
201200054946,1,07,000,00,1,0,01,Z01
201200054947,0,07,000,00,2,4,02,B01
201200054947,0,07,000,00,2,1,23,A01
201200054948,0,07,000,00,1,1,01,A01
201200054949,0,30,000,00,2,3,09,A01
201200054949,0,02,000,00,2,1,01,B01
201200054950,0,07,000,00,2,1,02,A01
201200054950,0,07,000,00,2,9,23,B01
201200054950,0,07,000,00,2,1,15,C01
201200054951,0,07,000,00,2,7,16,A01
201200054951,0,31,000,00,2,8,01,B01
201200054952,0,30,000,00,0,8,01,A01
201200054953,0,32,000,15,0,2,01,A01
201200054954,0,33,000,01,0,8,23,B01
201200054954,0,07,000,00,0,2,17,A01
201200054955,0,07,000,00,0,2,10,A01
201200054955,0,02,000,00,2,1,01,B01
201200054956,0,02,000,00,2,1,17,B01
201200054956,0,07,000,00,2,3,11,A01
201200054957,0,07,000,00,2,2,14,B01
201200054957,0,33,000,00,2,3,16,A01
201200054958,0,07,000,00,2,1,15,A01
201200054958,0,07,000,00,2,8,01,B01
201200054959,0,07,000,00,1,2,01,A01
201200054960,0,30,000,00,0,8,01,A01
201200054961,0,02,000,00,0,4,12,A01
201200054961,0,33,000,00,0,1,01,B01
201200054962,0,14,000,00,9,3,22,A01
201200054962,0,01,000,01,0,1,01,B01
201200054963,0,02,000,00,1,1,01,A01
201200054964,0,07,000,00,1,2,01,A01
201200054965,0,07,000,00,2,8,10,A01
201200054965,0,33,000,00,2,1,01,B01
201200054966,0,33,000,00,2,3,07,B01
201200054966,0,07,000,00,0,7,22,A01
201200054967,0,30,000,00,2,6,15,A01
201200054967,0,07,000,00,2,1,13,B01
201200054968,0,07,000,00,1,6,20,A01
201200054969,0,10,000,00,2,7,01,B01
201200054969,0,02,000,00,2,1,01,A01
201200054970,1,07,000,00,2,8,01,Z01
201200054970,0,30,000,00,2,8,01,A01
201200054971,0,30,000,00,0,0,14,A01
201200054972,0,07,000,00,2,6,15,B01
201200054972,0,30,000,00,2,1,02,A01
201200054973,0,32,000,00,0,8,01,A01
201200054974,0,32,000,00,2,7,01,B01
201200054974,0,07,000,00,2,0,11,A01
201200054975,0,10,000,00,2,3,22,A01
201200054975,0,01,000,00,2,1,01,B01
201200054976,0,07,000,00,1,3,18,A01
201200054977,0,34,000,00,2,3,07,B01
201200054977,0,07,000,00,2,2,16,A01
201200054978,0,07,000,12,0,1,16,A01
201200054979,0,32,000,00,2,3,17,A01
201200054979,2,07,000,00,2,6,13,Z01
201200054980,0,02,000,00,2,1,02,A01
201200054980,0,07,000,00,2,4,02,B01
201200054981,0,07,000,00,1,4,04,A01
201200054982,0,33,000,14,0,7,16,A01
201200054983,0,07,000,00,2,2,14,A01
201200054983,0,32,000,00,2,3,01,B01
201200054984,0,32,000,00,2,4,23,B01
201200054984,0,07,000,00,2,1,02,A01
201200054985,0,07,000,01,2,1,02,A01
201200054985,0,07,000,00,2,4,02,B01
201200054986,0,01,000,00,2,3,07,B01
201200054986,0,07,000,00,2,2,15,A01
201200054987,0,33,000,11,0,8,17,A01
201200054988,0,33,000,00,2,1,01,A01
201200054988,0,10,000,00,2,3,01,B01
201200054989,0,33,000,01,2,8,18,A01
201200054989,0,07,000,00,2,7,22,B01
201200054990,0,34,000,00,2,1,02,A01
201200054990,0,07,000,00,2,0,02,B01
201200054991,1,07,000,00,0,0,01,Z01
201200054992,0,07,000,00,2,3,15,A01
201200054992,0,34,000,00,2,7,17,B01
201200054993,0,33,000,00,2,6,01,B01
201200054993,0,07,000,00,2,1,01,A01
201200054994,0,10,000,00,1,4,04,A01
201200054995,0,07,000,00,2,8,22,A01
201200054995,0,01,000,00,2,7,17,B01
201200054996,0,07,000,00,1,1,16,A01
201200054997,0,34,000,00,1,1,01,A01
201200054998,0,07,000,00,1,3,15,A01
201200054999,0,37,001,00,1,5,16,A01
201200055000,0,07,000,00,2,2,02,A01
201200055000,0,30,000,00,2,6,02,B01
201200055001,0,32,000,01,0,7,14,A01
201200055002,0,10,000,00,2,1,02,A01
201200055002,0,07,000,00,2,4,02,B01
201200055003,0,32,000,00,2,1,01,B01
201200055003,0,07,000,00,2,2,15,A01
201200055004,0,37,000,00,1,2,07,A01
201200055005,0,07,000,00,2,2,01,A01
201200055005,0,33,000,00,0,4,01,B01
201200055006,0,07,000,00,2,3,01,A01
201200055006,0,32,000,00,2,6,15,B01
201200055007,0,07,000,00,2,5,15,B01
201200055007,0,30,000,00,2,1,01,A01
201200055008,0,07,000,00,1,1,01,A01
201200055009,0,07,000,00,1,6,04,A01
201200055010,0,07,000,00,2,1,01,A01
201200055010,0,10,000,00,2,7,01,B01
201200055011,0,32,000,00,1,1,01,A01
201200055012,0,33,000,00,2,3,07,A01
201200055012,0,07,000,00,2,2,16,B01
201200055013,0,07,000,08,2,3,17,B01
201200055013,0,07,000,01,2,7,15,A01
201200055014,0,14,000,00,1,6,16,A01
201200055015,0,33,000,00,2,7,01,B01
201200055015,0,37,001,00,2,3,11,A01
201200055016,0,02,000,00,1,0,07,A01
201200055017,0,13,000,00,2,1,02,A01
201200055017,0,10,000,00,2,4,23,B01
201200055018,0,32,000,00,1,1,01,A01
201200055019,0,01,000,00,2,8,01,B01
201200055019,0,32,000,00,2,7,01,A01
201200055020,0,10,000,00,1,4,04,A01
201200055021,0,07,000,15,0,1,13,A01
201200055022,0,07,000,00,1,1,01,A01
201200055023,0,38,000,00,1,0,01,A01
201200055024,1,07,000,00,1,1,01,Z01
201200055025,0,37,001,00,1,1,01,A01
201200055026,1,32,000,00,0,0,07,Z01