Num_Acc,senc,catv,occutc,obs,obsm,choc,manv,num_veh
201200055444,0,10,000,00,0,4,23,B01
201200055445,0,32,000,00,0,0,21,A01
201200055446,0,07,000,11,0,1,01,A01
201200055447,0,02,000,00,0,7,01,A01
201200055448,0,30,000,00,1,1,01,A01
201200055449,0,31,000,00,1,1,17,A01
201200055450,0,07,000,09,0,3,01,A01
201200055451,0,30,000,00,0,0,01,A01
201200055452,0,07,000,09,0,1,01,A01
201200055453,0,01,000,00,2,2,02,B01
201200055453,0,10,000,00,2,6,04,A01
201200055454,0,07,000,00,1,1,15,A01
201200055455,0,02,000,00,2,1,07,B01
201200055455,0,07,000,00,2,2,15,A01
201200055456,0,01,000,01,0,1,01,B01
201200055456,0,07,000,00,0,8,22,A01
201200055457,0,32,000,00,1,1,02,A01
201200055458,0,07,000,00,1,4,04,A01
201200055459,0,32,000,00,2,1,01,B01
201200055459,0,07,000,00,2,8,09,A01
201200055460,0,10,000,00,1,6,04,A01
201200055461,1,02,000,00,1,1,01,Z01
201200055462,0,30,000,00,2,1,01,A01
201200055462,0,07,000,00,2,5,04,B01
201200055463,0,07,000,00,1,3,01,A01
201200055464,0,07,000,00,1,1,01,A01
201200055465,0,07,000,00,2,2,16,A01
201200055465,0,32,000,00,2,3,18,B01
201200055466,0,32,000,00,0,0,01,A01
201200055467,0,01,000,00,2,1,02,A01
201200055467,0,07,000,00,2,4,23,B01
201200055468,0,32,000,00,2,2,21,A01
201200055468,0,37,001,00,2,3,23,B01
201200055469,0,32,000,00,2,6,01,A01
201200055469,1,07,000,00,2,1,01,Z01
201200055470,0,01,000,00,2,1,17,A01
201200055470,0,01,000,00,2,8,13,B01
201200055471,1,02,000,00,1,3,01,Z01
201200055472,0,07,000,00,2,1,15,B01
201200055472,0,32,000,00,2,1,01,A01
201200055473,0,02,000,00,2,1,01,A01
201200055473,0,07,000,00,2,3,15,B01
201200055474,0,07,000,00,2,1,01,A01
201200055474,0,34,000,00,2,4,23,B01
201200055475,0,32,000,00,0,2,01,B01
201200055475,0,30,000,00,0,1,01,A01
201200055476,0,07,000,00,2,3,09,A01
201200055476,0,32,000,00,2,1,01,B01
201200055477,0,32,000,14,0,8,11,A01
201200055478,0,07,000,00,2,8,15,A01
201200055478,0,32,000,00,2,1,01,B01
201200055479,0,10,000,00,2,8,15,B01
201200055479,0,31,000,00,2,7,17,A01
201200055480,0,31,000,00,2,1,01,B01
201200055480,0,07,000,00,2,2,15,A01
201200055481,0,07,000,00,2,2,16,A01
201200055481,0,01,000,00,2,3,01,B01
201200055482,0,01,000,00,1,0,07,A01
201200055483,0,07,000,00,2,3,15,A01
201200055483,0,32,000,00,2,8,01,B01
201200055484,0,07,000,00,1,2,01,A01
201200055485,0,07,000,00,2,8,01,B01
201200055485,0,07,000,00,2,1,01,A01
201200055485,0,07,000,00,2,1,01,C01
201200055486,0,10,000,00,1,1,01,A01
201200055487,0,07,000,00,2,4,23,B01
201200055487,0,32,000,00,2,1,02,A01
201200055488,0,37,000,00,1,0,01,A01
201200055489,0,31,000,00,0,7,01,A01
201200055490,0,31,000,00,0,1,01,A01
201200055491,0,02,000,00,1,1,01,A01
201200055492,0,37,020,00,1,2,07,A01
201200055493,0,33,000,00,1,3,01,A01
201200055494,0,32,000,00,2,1,01,B01
201200055494,0,01,000,00,0,4,11,A01
201200055495,0,34,000,00,1,1,01,A01
201200055496,0,32,000,00,2,1,02,A01
201200055496,0,14,000,00,2,5,23,B01
201200055497,0,10,000,00,2,2,15,B01
201200055497,0,33,000,00,2,1,01,A01
201200055498,0,32,000,00,2,7,07,B01
201200055498,0,32,000,00,2,6,09,A01
201200055499,0,32,000,00,2,1,01,B01
201200055499,0,07,000,00,2,8,09,A01
201200055500,0,10,000,00,1,1,09,A01
201200055501,0,32,000,00,0,8,01,A01
201200055502,1,30,000,00,1,1,01,Z01
201200055503,0,32,000,00,0,0,01,A01
201200055504,0,10,000,00,1,1,15,A01
201200055505,0,07,000,00,1,3,09,A01
201200055506,0,07,000,01,0,2,14,A01
201200055507,0,32,000,00,0,0,01,A01
201200055508,0,31,000,00,0,1,01,A01
201200055509,0,30,000,00,0,7,01,A01
201200055510,1,07,000,00,1,6,04,Z01
201200055511,0,32,000,00,2,3,01,A01
201200055511,1,07,000,00,2,0,12,Z01
201200055512,0,07,000,00,2,0,01,A01
201200055512,1,07,000,00,2,0,01,Z01
201200055513,0,07,000,00,2,6,10,B01
201200055513,0,30,000,00,2,7,17,A01
201200055514,0,32,000,01,2,2,01,A01
201200055514,1,07,000,00,2,8,13,Z01
201200055515,0,30,000,01,0,1,13,A01
201200055516,0,30,000,00,2,1,01,A01
201200055516,0,07,000,00,2,4,01,B01
201200055517,0,30,000,00,1,1,01,A01
201200055518,1,07,000,00,1,3,01,Z01
201200055519,0,30,000,00,2,8,01,A01
201200055519,1,07,000,00,2,1,01,Z01
201200055520,0,32,000,00,0,1,07,A01
201200055521,0,07,000,00,2,1,01,A01
201200055521,0,01,000,00,2,1,01,B01
201200055522,0,10,000,00,2,5,02,B01
201200055522,0,32,000,00,2,1,02,A01
201200055523,0,07,000,00,2,8,15,B01
201200055523,0,32,000,00,2,2,17,A01
201200055524,1,07,000,00,1,0,01,Z01
201200055525,0,30,000,00,1,1,01,A01
201200055526,0,32,000,00,2,1,01,A01
201200055526,0,10,000,00,2,8,01,B01
201200055527,0,07,000,00,1,2,01,A01
201200055528,0,32,000,00,2,2,17,A01
201200055528,0,07,000,00,2,3,05,B01
201200055529,0,37,030,01,0,7,17,A01
201200055529,0,07,000,02,2,3,22,B01
201200055530,0,30,000,00,1,1,01,A01
201200055531,0,10,000,00,0,0,15,A01
201200055532,0,30,000,00,1,1,17,A01
201200055533,0,02,000,00,2,1,01,A01
201200055533,0,07,000,00,0,5,23,B01
201200055534,0,10,000,00,1,2,01,A01
201200055535,0,32,000,00,2,2,17,B01
201200055535,0,07,000,00,0,3,11,A01
201200055536,0,33,000,00,0,7,01,A01
201200055537,0,07,000,00,2,2,01,A01
201200055537,0,30,000,00,2,6,01,B01
201200055538,0,33,000,00,2,8,01,B01
201200055538,0,07,000,00,2,2,16,A01
201200055539,0,01,000,00,0,1,01,A01
201200055540,0,32,000,00,0,0,01,A01
201200055541,0,32,000,00,1,1,01,A01
201200055542,0,30,000,00,2,1,01,B01
201200055542,0,07,000,00,2,2,15,A01
201200055543,0,07,000,00,2,2,02,A01
201200055543,0,32,000,00,2,0,02,B01
201200055544,0,01,000,00,2,8,01,B01
201200055544,0,07,000,00,2,8,22,A01
201200055545,0,07,000,00,2,2,01,A01
201200055545,0,32,000,00,2,1,01,B01
201200055546,0,30,000,00,0,9,01,A01
201200055547,0,03,000,00,2,3,15,A01
201200055547,0,32,000,00,2,2,01,B01
201200055548,0,32,000,14,0,3,17,A01
201200055549,0,07,000,00,2,3,15,A01
201200055549,0,07,000,00,2,7,17,B01
201200055550,0,07,000,00,2,7,22,A01
201200055550,0,34,000,00,2,1,18,B01
201200055551,0,37,001,00,1,2,01,A01
201200055552,1,07,000,00,2,7,16,Z01
201200055552,0,02,000,00,2,1,01,A01
201200055553,0,07,000,00,1,2,01,A01
201200055554,0,32,000,00,2,1,01,A01
201200055554,0,07,000,00,2,3,22,B01
201200055555,0,32,000,00,1,3,01,A01
201200055556,0,01,000,00,2,3,13,A01
201200055556,0,07,000,00,2,0,15,C01
201200055556,0,37,001,00,2,7,01,B01
201200055557,0,10,000,00,1,3,07,A01
201200055558,0,33,000,00,2,6,02,A01
201200055558,0,07,000,00,2,6,23,B01
201200055559,0,07,000,00,2,3,10,A01
201200055559,0,33,000,00,2,1,17,B01
201200055560,0,30,000,00,1,1,17,A01
201200055561,0,01,000,08,2,8,01,A01
201200055561,1,07,000,00,2,0,17,Z01
201200055562,0,32,000,00,2,2,01,B01
201200055562,0,07,000,00,2,3,10,A01
201200055563,1,07,000,00,1,1,16,Z01
201200055564,0,07,000,00,1,1,01,A01
201200055565,0,07,000,00,2,3,15,A01
201200055565,0,31,000,00,2,1,01,B01
201200055566,0,07,000,00,1,1,15,A01
201200055567,0,31,000,00,0,0,01,A01
201200055568,0,07,000,00,2,6,02,B01
201200055568,0,02,000,00,2,1,02,A01
201200055569,0,07,000,08,0,1,14,A01
201200055570,0,07,000,00,2,8,15,B01
201200055570,0,02,000,00,2,0,17,A01
201200055571,0,32,000,12,0,1,14,A01
201200055572,0,07,000,00,2,8,14,A01
201200055572,0,07,000,00,2,7,23,C01
201200055572,0,33,000,00,2,2,23,B01
201200055573,0,01,000,08,0,2,15,A01
201200055574,0,07,000,00,2,2,01,A01
201200055574,0,02,000,00,2,6,01,B01
201200055575,0,02,000,00,0,0,18,A01
201200055576,0,07,000,00,1,7,01,A01
201200055577,0,34,000,00,2,1,05,A01
201200055577,0,07,000,00,2,3,15,B01
201200055578,0,07,000,00,2,3,10,A01
201200055578,0,33,000,00,2,7,17,B01
201200055579,0,33,000,00,2,7,17,B01
201200055579,0,07,000,00,2,6,22,A01
201200055580,0,34,000,00,1,2,01,A01
201200055581,0,30,000,00,2,8,15,A01
201200055581,0,34,000,00,2,2,01,B01
201200055582,0,31,000,00,2,1,17,A01
201200055582,0,07,000,00,2,3,13,B01
201200055583,0,10,000,00,1,1,01,A01
201200055584,0,32,000,00,1,2,17,A01
201200055585,0,07,000,00,2,5,01,A01
201200055585,0,33,000,00,2,1,01,B01
201200055586,0,07,000,00,0,3,01,A01
201200055586,0,01,000,00,2,2,14,B01
201200055587,0,01,000,01,0,1,01,B01
201200055587,0,07,000,00,2,8,22,A01
201200055588,1,10,000,00,0,0,01,A01
201200055588,0,07,000,00,0,4,23,B01
201200055588,0,07,000,00,0,4,23,C01
201200055589,0,32,000,00,2,1,15,A01
201200055589,0,07,000,00,2,3,01,B01
201200055590,0,10,000,00,2,2,01,A01
201200055590,0,32,000,00,2,0,01,B01
201200055591,0,07,000,00,2,8,15,A01
201200055591,0,32,000,00,2,1,17,B01
201200055592,0,07,000,00,1,2,01,A01
201200055593,0,10,000,00,2,2,01,A01
201200055593,0,33,000,00,2,1,01,B01
201200055594,0,32,000,00,2,2,01,B01
201200055594,0,07,000,00,2,6,09,A01
201200055595,1,32,000,00,1,0,01,Z01
201200055596,0,32,000,00,2,1,01,A01
201200055596,0,07,000,00,2,3,01,B01
201200055597,0,32,000,00,2,4,23,B01
201200055597,0,10,000,00,2,1,02,A01
201200055598,0,30,000,00,2,8,01,B01
201200055598,0,02,000,00,2,0,11,A01
201200055599,0,30,000,00,1,1,01,A01
201200055600,0,30,000,00,2,1,09,A01
201200055600,0,30,000,00,2,2,01,B01
201200055601,0,07,000,00,2,2,01,A01
201200055601,0,30,000,00,2,9,01,B01
201200055602,0,10,000,00,2,4,23,B01
201200055602,0,30,000,00,2,1,01,A01
201200055603,0,34,000,00,2,1,01,B01
201200055603,0,32,000,00,2,7,15,A01
201200055604,0,07,000,00,2,8,11,A01
201200055604,0,34,000,00,2,7,05,B01
201200055605,0,32,000,00,2,2,17,B01
201200055605,0,07,000,00,2,3,10,A01
201200055606,0,01,000,00,0,0,01,A01
201200055607,0,01,000,00,0,0,01,A01
201200055608,0,31,000,00,2,5,17,B01
201200055608,0,07,000,00,2,3,13,A01
201200055609,0,31,000,00,2,1,01,B01
201200055609,0,31,000,00,2,1,01,A01
201200055610,0,10,000,00,2,3,15,A01
201200055610,0,32,000,00,2,1,01,B01
201200055611,0,10,000,00,1,8,15,A01
201200055612,0,32,000,00,1,1,01,A01
201200055613,0,02,000,00,1,0,01,A01
201200055614,1,07,000,00,2,7,16,A01
201200055614,0,30,000,00,2,7,18,B01
201200055615,1,30,000,00,1,0,01,Z01
201200055616,0,30,000,01,0,2,14,A01
201200055617,0,07,000,00,2,3,15,A01
201200055617,0,32,000,00,2,2,17,B01
201200055618,0,07,000,00,2,7,12,A01
201200055618,0,33,000,00,2,8,18,B01
201200055619,0,01,000,01,0,7,01,B01
201200055619,0,07,000,00,2,3,22,A01
201200055620,0,10,000,00,0,0,01,A01
201200055620,0,32,000,00,2,1,01,B01
201200055621,0,33,000,00,2,1,02,B01
201200055621,0,07,000,00,2,1,05,A01
201200055621,0,07,000,00,2,1,02,C01
201200055622,0,01,000,00,2,3,13,B01
201200055622,0,14,000,00,2,2,17,A01
201200055623,0,32,000,00,2,4,20,A01
201200055623,1,07,000,00,2,2,02,Z01
201200055624,0,02,000,01,2,0,17,A01
201200055624,0,07,000,00,2,0,01,B01
201200055625,0,01,000,00,2,1,01,B01
201200055625,0,07,000,00,2,3,22,A01
201200055626,0,34,000,00,0,8,17,A01
201200055627,0,32,000,00,2,1,17,A01
201200055627,0,07,000,00,2,6,15,B01
201200055628,0,01,000,01,2,1,18,B01
201200055628,0,07,000,00,2,1,15,A01
201200055629,0,01,000,00,2,1,01,A01
201200055629,0,07,000,00,2,2,15,B01
201200055630,0,33,000,00,1,3,18,A01
201200055631,0,07,000,00,1,4,04,A01
201200055632,0,01,000,00,0,0,01,A01
201200055633,0,07,000,00,1,2,01,A01
201200055634,0,02,000,01,0,1,18,A01
201200055635,0,37,010,00,2,8,13,A01
201200055635,0,31,000,00,2,2,23,B01
201200055635,0,07,000,00,2,2,23,C01
201200055636,0,30,000,00,1,1,01,A01
201200055637,1,34,000,00,1,7,01,Z01
201200055638,0,30,000,00,1,1,17,A01
201200055639,0,32,000,00,0,7,01,A01
201200055640,0,14,000,00,2,2,01,A01
201200055640,0,07,000,00,2,1,01,B01
201200055641,0,07,000,00,1,5,01,A01
201200055642,0,10,000,00,0,2,01,B01
201200055642,0,32,000,00,2,4,01,A01
201200055643,0,33,000,00,0,3,15,A01
201200055644,0,33,000,00,2,1,01,B01
201200055644,0,07,000,00,2,2,15,A01
201200055645,0,07,000,00,0,3,01,A01
201200055646,0,32,000,00,2,3,01,A01
201200055646,0,31,000,00,2,8,23,C01
201200055646,0,07,000,00,2,4,23,B01
201200055647,1,07,000,00,2,8,15,Z01
201200055647,0,32,000,00,2,5,01,A01
201200055648,0,32,000,00,2,1,02,A01
201200055648,0,32,000,00,2,4,23,B01
201200055649,0,01,000,00,2,8,01,B01
201200055649,0,07,000,00,2,1,15,A01
201200055650,0,01,000,00,2,8,01,B01
201200055650,0,07,000,00,2,2,01,A01
201200055651,0,10,000,00,1,2,01,A01
201200055652,0,07,000,00,2,8,15,A01
201200055652,0,33,000,00,2,1,01,B01
201200055653,0,07,000,00,2,3,16,B01
201200055653,0,01,000,00,2,1,01,A01
201200055654,0,07,000,00,2,3,09,A01
201200055654,0,01,000,00,2,1,01,B01
201200055655,1,07,000,00,1,7,01,Z01
201200055656,0,07,000,01,0,2,14,A01
201200055657,0,07,000,00,2,3,01,A01
201200055657,0,01,000,00,2,2,19,B01
201200055658,0,07,000,00,1,3,15,A01
201200055659,0,31,000,00,2,7,01,A01
201200055659,0,07,000,00,2,3,01,B01
201200055660,0,07,000,00,2,3,01,B01
201200055660,0,02,000,00,2,1,01,A01
201200055661,0,07,000,00,2,3,15,A01
201200055661,0,34,000,00,2,1,17,B01
201200055662,0,01,000,00,0,0,21,A01
201200055663,0,01,000,00,0,0,01,A01
201200055664,0,07,000,00,2,3,15,A01
201200055664,0,32,000,00,2,3,17,B01
201200055665,0,30,000,00,1,1,01,A01
201200055666,0,07,000,00,2,5,01,A01
201200055666,0,33,000,00,2,8,01,B01
201200055667,0,13,000,00,2,5,14,A01
201200055667,0,01,000,00,2,1,23,B01
201200055668,0,37,040,00,2,1,02,A01
201200055668,0,07,000,00,2,4,02,B01
201200055669,0,07,000,00,1,5,04,A01
201200055670,0,32,000,00,2,2,01,B01
201200055670,0,07,000,00,2,3,10,A01
201200055671,0,33,000,00,2,1,01,B01
201200055671,0,07,000,00,2,2,15,A01
201200055672,0,07,000,00,2,1,01,A01
201200055672,0,32,000,00,2,1,01,D01
201200055672,0,32,000,00,2,8,01,C01
201200055672,0,07,000,00,2,8,01,B01
201200055673,0,02,000,00,2,8,01,B01
201200055673,0,07,000,00,2,2,16,A01
201200055674,0,07,000,00,1,1,01,A01
201200055675,0,31,000,00,2,0,02,B01
201200055675,0,01,000,00,2,0,10,A01
201200055676,0,07,000,01,0,2,01,A01
201200055677,0,10,000,00,2,2,16,A01
201200055677,0,31,000,00,2,8,18,B01
201200055678,0,31,000,00,2,6,15,A01
201200055678,0,07,000,00,2,1,01,B01
201200055679,0,30,000,00,2,2,15,A01
201200055679,0,32,000,00,2,3,01,B01
201200055680,0,01,000,00,2,1,02,B01
201200055680,0,30,000,00,2,1,02,A01
201200055681,0,01,000,00,0,1,07,A01
201200055681,0,01,000,00,0,4,07,B01
201200055682,2,32,000,00,2,1,17,Z01
201200055682,0,30,000,00,2,8,15,A01
201200055683,0,07,000,00,0,3,09,A01
201200055683,0,32,000,00,2,1,01,B01
201200055684,0,07,000,00,2,3,09,B01
201200055684,0,32,000,00,2,2,01,A01
201200055685,0,07,000,00,1,4,04,A01
201200055686,0,07,000,00,2,1,02,A01
201200055686,0,01,000,00,2,4,23,B01
201200055687,1,01,000,00,1,1,01,Z01
201200055688,1,32,000,00,2,3,17,Z01
201200055688,0,01,000,00,2,8,15,A01
201200055689,0,07,000,00,1,2,01,A01
201200055690,0,31,000,00,2,1,01,B01
201200055690,0,07,000,00,2,2,09,A01
201200055691,0,30,000,00,2,1,17,A01
201200055691,0,07,000,00,2,3,01,B01
201200055692,0,07,000,00,2,8,09,A01
201200055692,0,30,000,01,2,1,01,B01
201200055693,0,10,000,00,1,1,01,A01
201200055694,0,31,000,00,0,2,01,A01
201200055695,0,07,000,00,2,3,22,B01
201200055695,0,01,000,01,0,1,01,A01
201200055696,0,32,000,00,1,7,01,A01
201200055697,0,32,000,00,2,1,01,B01
201200055697,0,07,000,00,2,7,15,A01
201200055698,0,10,000,00,2,8,01,B01
201200055698,0,33,000,00,2,2,17,A01
201200055699,0,07,000,00,2,1,01,A01
201200055699,0,07,000,00,2,3,01,B01
201200055700,0,07,000,00,2,3,09,A01
201200055700,0,34,000,00,2,1,01,B01
201200055701,0,07,000,00,2,4,23,C01
201200055701,0,07,000,00,2,1,01,A01
201200055701,0,07,000,00,2,4,23,B01
201200055702,0,07,000,00,1,1,15,A01
201200055703,0,32,000,00,2,2,17,B01
201200055703,0,07,000,00,2,3,15,A01
201200055704,0,07,000,00,2,3,22,A01
201200055704,0,01,000,01,0,1,01,B01
201200055705,0,02,000,00,0,2,21,A01
201200055706,0,32,000,00,1,1,01,A01
201200055707,1,30,000,00,1,0,01,Z01
201200055708,0,07,000,00,1,4,20,A01
201200055709,0,01,000,00,0,0,01,A01
201200055710,0,33,000,00,0,7,21,A01
201200055711,0,30,000,00,0,2,01,A01
201200055712,0,01,000,12,0,0,01,A01
201200055713,0,32,000,01,2,2,01,B01
201200055713,0,07,000,00,2,3,09,A01
201200055714,0,02,000,00,0,0,01,A01
201200055715,0,07,000,00,1,1,01,A01
201200055716,0,31,000,00,2,7,18,A01
201200055716,0,07,000,00,2,7,16,B01
201200055717,0,02,000,00,1,3,01,A01
201200055718,0,30,000,00,2,2,01,B01
201200055718,0,07,000,00,2,2,15,A01
201200055719,0,07,000,00,1,2,16,A01
201200055720,0,07,000,00,1,2,15,A01
201200055721,0,32,000,00,0,6,15,B01
201200055721,0,07,000,00,2,1,01,A01
201200055722,0,30,000,00,1,1,01,A01
201200055723,0,33,000,00,2,1,01,B01
201200055723,0,07,000,00,2,5,15,A01
201200055724,0,07,000,00,1,2,01,A01
201200055725,0,32,000,00,2,8,17,A01
201200055725,0,10,000,00,2,6,01,B01
201200055726,0,10,000,00,2,1,01,B01
201200055726,0,02,000,00,2,5,01,A01
201200055727,0,07,000,00,2,6,24,B01
201200055727,0,07,000,00,2,2,14,A01
201200055728,0,10,000,00,2,6,23,B01
201200055728,0,02,000,00,2,1,02,A01
201200055729,0,30,000,01,2,2,17,A01
201200055729,0,07,000,00,2,3,01,B01
201200055730,0,01,000,00,1,1,01,A01
201200055731,0,07,000,00,2,1,01,B01
201200055731,0,07,000,00,2,2,01,A01
201200055732,0,10,000,00,1,4,04,A01
201200055733,0,32,000,00,2,8,01,A01
201200055733,0,07,000,00,2,2,16,B01
201200055734,0,34,000,00,0,8,01,A01
201200055735,0,07,000,00,2,1,15,A01
201200055735,0,32,000,00,2,2,01,B01
201200055736,0,07,000,00,2,2,01,A01
201200055736,0,30,000,00,2,8,01,B01
201200055737,0,07,000,00,2,1,07,B01
201200055737,0,34,000,00,2,1,01,A01
201200055738,0,33,000,00,2,3,18,A01
201200055738,0,07,000,00,2,2,16,B01
201200055739,0,07,000,00,2,7,15,A01
201200055739,0,33,000,00,2,1,01,B01
201200055740,0,07,000,00,1,2,15,A01
201200055741,0,07,000,00,2,8,24,B01
201200055741,0,10,000,01,2,2,14,A01
201200055742,1,07,000,00,2,7,22,Z01
201200055742,0,01,000,00,2,1,01,A01
201200055743,0,07,000,00,2,4,15,B01
201200055743,0,32,000,00,2,1,17,A01
201200055744,1,07,000,00,2,0,22,Z01
201200055744,0,01,000,00,2,0,01,A01
201200055745,1,07,000,00,2,2,01,Z01
201200055745,0,32,000,00,2,1,01,A01
201200055746,0,07,000,00,2,2,01,B01
201200055746,0,34,000,00,2,1,07,A01
201200055747,0,07,000,00,1,3,18,A01
201200055748,0,02,000,00,1,2,16,A01
201200055749,0,32,000,00,2,1,01,B01
201200055749,0,10,000,00,2,3,10,A01
201200055750,0,33,000,00,1,1,01,A01
201200055751,0,01,000,00,2,1,01,B01
201200055751,0,07,000,00,2,8,22,A01
201200055752,0,31,000,00,2,5,02,A01
201200055752,0,07,000,00,2,5,02,B01
201200055753,0,07,000,00,1,4,04,A01
201200055754,0,07,000,00,1,1,01,A01
201200055755,1,07,000,00,2,7,16,Z01
201200055755,0,34,000,08,2,7,01,A01
201200055756,0,07,000,01,2,7,01,B01
201200055756,0,07,000,00,2,1,01,A01
201200055757,0,07,000,00,2,6,01,B01
201200055757,0,01,000,00,2,1,01,A01
201200055758,0,32,000,00,2,7,15,A01
201200055758,0,33,000,00,2,3,01,B01
201200055759,0,01,000,00,0,0,01,A01
201200055760,0,10,000,00,2,1,02,A01
201200055760,0,07,000,00,2,3,23,B01
201200055761,0,02,000,00,2,5,17,B01
201200055761,0,07,000,00,2,3,15,A01
201200055762,0,37,001,00,2,3,01,A01
201200055762,2,07,000,00,2,6,01,Z01
201200055763,0,14,000,00,2,5,02,B01
201200055763,0,32,000,00,2,3,02,A01
201200055764,0,32,000,00,0,2,01,A01
201200055765,0,07,000,00,2,8,01,C01
201200055765,0,30,000,00,2,3,17,A01
201200055765,0,07,000,00,2,8,01,B01
201200055766,0,31,000,00,2,7,17,A01
201200055766,0,07,000,00,2,2,15,B01
201200055767,0,07,000,00,0,3,15,B01
201200055767,0,02,000,00,2,1,17,A01
201200055768,0,32,000,00,2,4,23,B01
201200055768,0,30,000,00,2,1,02,A01
201200055769,0,07,000,00,2,5,16,A01
201200055769,1,07,000,00,2,0,02,Z01
201200055770,0,01,000,00,0,0,01,A01
201200055771,0,01,000,00,2,2,14,A01
201200055771,0,07,000,00,2,3,24,B01
201200055772,0,30,000,00,0,0,01,A01
201200055773,0,07,000,00,2,3,15,A01
201200055773,0,32,000,01,2,1,17,B01
201200055774,0,32,000,00,2,3,18,B01
201200055774,0,07,000,00,2,2,14,A01
201200055775,0,01,000,01,0,2,14,A01
201200055776,0,07,000,00,2,3,10,A01
201200055776,0,31,000,00,2,2,01,B01
201200055777,1,30,000,00,1,0,01,Z01
201200055778,0,01,000,00,2,0,21,A01
201200055779,0,07,000,00,2,2,12,A01
201200055779,0,01,000,00,2,3,01,B01
201200055780,0,33,000,00,2,7,03,B01
201200055780,0,32,000,00,2,8,11,A01
201200055780,0,07,000,00,2,4,01,C01
201200055781,0,02,000,00,0,8,01,A01
201200055782,0,07,000,00,0,4,01,C01
201200055782,0,07,000,00,2,4,01,B01
201200055782,0,07,000,00,2,1,01,A01
201200055783,0,07,000,01,2,6,10,A01
201200055783,0,02,000,00,2,2,01,B01
201200055784,0,01,000,00,0,1,21,A01
201200055785,0,07,000,00,2,2,02,A01
201200055785,0,01,000,00,2,4,23,B01
201200055786,0,14,000,00,2,7,16,A01
201200055786,0,01,000,00,2,1,01,B01
201200055787,0,10,000,00,2,5,01,A01
201200055787,0,07,000,00,2,1,01,B01
201200055788,0,07,000,00,1,8,01,A01
201200055789,0,32,000,00,0,7,01,A01
201200055790,0,34,000,00,2,1,17,A01
201200055790,0,07,000,00,2,6,13,B01
201200055791,0,01,000,00,2,1,01,A01
201200055791,0,10,000,00,2,2,01,B01
201200055792,0,30,000,00,2,5,02,A01
201200055792,0,07,000,00,2,6,02,B01
201200055793,0,10,000,00,1,4,04,A01
201200055794,0,32,000,00,2,1,01,B01
201200055794,0,38,001,00,2,8,15,A01
201200055795,0,07,000,00,2,4,23,B01
201200055795,0,30,000,00,2,1,02,A01
201200055796,0,33,000,00,1,3,15,A01
201200055797,0,07,000,00,1,2,01,A01
201200055798,0,32,000,00,0,0,21,A01
201200055799,0,30,000,00,2,0,21,A01
201200055800,1,33,000,00,1,0,01,Z01
201200055801,0,34,000,00,2,2,13,A01
201200055801,0,07,000,00,2,1,01,B01
201200055802,0,32,000,00,2,1,01,A01
201200055802,0,07,000,00,2,2,01,B01
201200055803,0,07,000,00,2,7,15,A01
201200055803,0,33,000,00,2,1,01,B01
201200055804,0,07,000,00,2,5,01,B01
201200055804,0,30,000,00,2,3,13,A01
201200055805,0,07,000,00,2,3,01,B01
201200055805,0,01,000,00,2,1,01,A01
201200055806,0,10,000,00,1,4,04,A01
201200055807,0,13,000,00,0,4,04,A01
201200055808,0,30,000,14,0,0,13,A01
201200055809,0,07,000,00,2,5,14,A01
201200055809,0,30,000,00,0,6,01,B01
201200055810,0,07,000,00,2,2,15,A01
201200055810,0,02,000,00,2,0,01,B01
201200055811,0,01,000,00,2,7,01,B01
201200055811,0,07,000,00,2,3,04,A01
201200055812,0,02,000,00,2,1,01,B01
201200055812,0,07,000,00,2,2,01,A01
201200055813,0,33,000,00,1,0,01,A01
201200055814,0,30,000,00,0,7,01,A01
201200055815,0,02,000,00,2,1,17,A01
201200055815,0,01,000,00,2,4,13,B01
201200055816,0,14,000,00,0,0,22,B01
201200055816,0,01,000,01,0,1,18,A01
201200055817,0,07,000,00,2,4,04,A01
201200055817,0,07,000,00,2,1,15,B01
201200055818,0,07,000,00,1,1,01,A01
201200055819,0,07,000,00,2,2,09,A01
201200055819,0,32,000,01,2,3,01,B01
201200055820,0,32,000,00,1,1,01,A01
201200055821,0,07,000,00,2,3,15,A01
201200055821,0,01,000,00,2,1,01,B01
201200055822,0,33,000,00,2,2,17,B01
201200055822,0,10,000,00,2,8,13,A01
201200055823,0,13,000,00,2,4,02,B01
201200055823,0,01,000,00,2,1,02,A01
201200055824,0,30,000,00,1,2,01,A01
201200055825,0,07,000,00,2,6,16,B01
201200055825,0,32,000,00,2,3,01,A01
201200055826,0,07,000,00,1,4,04,A01
201200055827,0,30,000,00,2,8,01,B01
201200055827,0,07,000,00,0,2,15,A01
201200055828,0,07,000,00,2,6,04,A01
201200055828,0,01,000,00,2,2,07,B01
201200055829,0,01,000,00,1,1,01,A01
201200055830,0,33,000,00,2,1,01,B01
201200055830,0,07,000,00,2,7,15,A01
201200055831,0,33,000,00,0,1,21,A01
201200055832,0,30,000,01,0,1,01,A01
201200055832,0,10,000,00,2,4,23,B01
201200055833,0,07,000,00,2,1,02,B01
201200055833,0,07,000,00,2,6,02,A01
201200055834,0,07,000,00,2,3,22,A01
201200055834,0,01,000,00,2,1,01,B01
201200055835,0,34,000,00,9,8,01,B01
201200055835,0,01,000,00,2,1,05,A01
201200055836,1,07,000,00,1,3,01,Z01
201200055837,0,30,000,00,0,3,01,A01