Num_Acc,senc,catv,occutc,obs,obsm,choc,manv,num_veh
201200055838,0,30,000,00,0,0,01,A01
201200055839,0,07,000,00,2,2,01,B01
201200055839,0,02,000,00,2,0,01,A01
201200055840,0,07,000,00,1,3,15,A01
201200055841,1,07,000,00,2,1,01,Z01
201200055841,0,33,000,00,2,4,23,A01
201200055842,0,07,000,00,1,3,15,A01
201200055843,0,32,000,00,0,0,21,A01
201200055844,0,01,000,12,0,1,14,A01
201200055845,0,07,000,00,2,8,10,A01
201200055845,0,30,000,00,2,1,01,B01
201200055846,0,34,000,00,1,1,01,A01
201200055847,1,30,000,00,2,2,17,Z01
201200055847,0,02,000,00,2,6,17,A01
201200055848,0,07,000,00,2,1,15,A01
201200055848,0,33,000,00,2,1,01,B01
201200055849,0,33,000,00,2,7,01,B01
201200055849,0,10,000,00,2,0,01,A01
201200055850,0,07,000,00,2,8,15,A01
201200055850,0,30,000,00,2,7,01,B01
201200055851,0,07,000,00,2,1,15,A01
201200055851,0,31,000,00,2,2,01,B01
201200055852,0,34,000,00,2,1,17,B01
201200055852,0,10,000,00,2,3,15,A01
201200055853,0,07,000,00,2,2,22,B01
201200055853,0,32,000,00,2,2,18,A01
201200055854,0,07,000,00,2,3,15,B01
201200055854,0,33,000,00,2,2,17,A01
201200055855,0,30,000,08,0,8,13,A01
201200055856,0,32,000,00,0,0,01,A01
201200055857,0,32,000,00,2,2,01,B01
201200055857,0,07,000,00,2,8,09,A01
201200055858,0,32,000,00,0,0,03,A01
201200055859,0,30,000,00,0,0,01,A01
201200055860,0,31,000,00,2,4,23,B01
201200055860,0,07,000,00,2,2,02,A01
201200055861,0,32,000,00,2,0,01,B01
201200055861,0,07,000,00,2,6,10,A01
201200055862,0,30,000,01,0,7,14,A01
201200055863,0,07,000,00,2,7,22,A01
201200055863,0,32,000,00,2,1,01,B01
201200055864,0,30,000,00,1,1,01,A01
201200055865,0,01,000,00,2,6,01,A01
201200055865,1,07,000,00,0,1,01,Z01
201200055866,0,07,000,00,2,8,15,B01
201200055866,0,34,000,00,2,3,17,A01
201200055867,0,02,000,09,0,1,01,A01
201200055868,0,33,000,00,1,1,01,A01
201200055869,0,30,000,00,0,0,01,A01
201200055870,0,33,000,00,1,1,01,A01
201200055871,0,33,000,00,2,0,21,A01
201200055872,0,02,000,00,0,8,01,A01
201200055872,1,34,000,00,2,2,17,Z01
201200055873,0,07,000,00,0,3,10,A01
201200055873,0,33,000,00,2,1,01,B01
201200055874,0,32,000,00,0,0,21,A01
201200055875,0,32,000,00,2,1,01,A01
201200055875,0,07,000,00,0,9,15,C01
201200055875,0,32,000,00,2,1,23,B01
201200055876,0,32,000,00,2,8,17,B01
201200055876,0,01,000,00,0,8,15,A01
201200055877,0,30,000,08,0,1,13,A01
201200055878,0,10,000,00,2,3,10,A01
201200055878,0,02,000,00,2,0,01,B01
201200055879,0,30,000,00,0,0,01,A01
201200055880,0,02,000,15,9,1,07,A01
201200055881,1,30,000,00,1,1,01,Z01
201200055882,0,07,000,00,1,1,01,A01
201200055883,0,07,000,00,2,1,02,A01
201200055883,0,07,000,00,2,4,02,B01
201200055884,0,30,000,00,1,1,01,A01
201200055885,0,07,000,00,1,4,04,A01
201200055886,0,10,000,00,2,3,10,A01
201200055886,0,32,000,00,2,3,01,B01
201200055887,0,07,000,00,2,4,23,B01
201200055887,0,07,000,00,2,1,02,A01
201200055888,0,01,000,00,2,6,01,A01
201200055888,1,07,000,00,2,0,14,Z01
201200055889,0,32,000,00,2,4,02,A01
201200055889,0,07,000,00,2,4,23,B01
201200055890,0,10,000,00,2,7,15,A01
201200055890,0,32,000,00,2,1,01,B01
201200055891,0,30,000,00,2,1,01,A01
201200055891,1,07,000,00,2,0,15,Z01
201200055892,0,30,000,00,2,3,17,B01
201200055892,0,30,000,00,2,8,17,A01
201200055893,1,01,000,00,1,2,01,Z01
201200055894,0,30,000,00,2,3,01,B01
201200055894,0,07,000,00,2,2,10,A01
201200055895,0,02,000,00,2,5,05,A01
201200055895,0,07,000,00,2,3,15,B01
201200055896,0,02,000,00,2,2,17,B01
201200055896,0,10,000,00,2,7,13,A01
201200055897,0,10,000,00,1,1,01,A01
201200055898,0,33,000,00,1,1,05,A01
201200055899,0,30,000,08,0,1,13,A01
201200055900,0,32,000,00,0,8,21,A01
201200055901,0,07,000,00,0,7,23,C01
201200055901,0,30,000,00,2,7,01,B01
201200055901,0,07,000,00,2,8,22,A01
201200055902,0,34,000,00,0,8,20,A01
201200055903,0,02,000,00,2,4,17,B01
201200055903,0,07,000,00,2,3,02,A01
201200055904,0,07,000,00,2,2,10,A01
201200055904,0,30,000,00,2,3,01,B01
201200055905,0,07,000,00,1,3,01,A01
201200055906,0,32,000,00,2,7,17,A01
201200055906,0,10,000,00,2,3,15,B01
201200055907,0,30,000,00,2,1,01,B01
201200055907,0,33,000,00,2,7,01,A01
201200055908,0,02,000,00,2,1,01,A01
201200055908,0,07,000,00,2,8,16,B01
201200055909,0,07,000,00,2,3,22,A01
201200055909,0,30,000,00,2,1,01,B01
201200055910,0,30,000,00,2,1,13,A01
201200055910,0,07,000,00,2,3,01,B01
201200055911,0,07,000,01,2,1,01,A01
201200055912,0,32,000,00,0,0,21,A01
201200055913,0,02,000,00,2,1,01,A01
201200055913,0,01,000,00,2,2,09,B01
201200055914,0,30,000,00,1,1,01,A01
201200055915,0,07,000,00,2,1,15,A01
201200055915,0,34,000,00,2,3,01,B01
201200055916,0,30,000,00,1,1,01,A01
201200055917,0,34,000,00,2,2,01,B01
201200055917,0,07,000,00,0,3,09,A01
201200055918,0,07,000,00,2,3,01,B01
201200055918,0,01,000,00,2,1,01,A01
201200055919,0,07,000,00,2,1,01,B01
201200055919,0,07,000,00,2,4,13,A01
201200055920,0,33,000,00,2,4,23,B01
201200055920,0,07,000,00,2,1,02,A01
201200055921,0,07,000,11,0,1,14,A01
201200055922,0,07,000,00,1,3,15,A01
201200055923,0,07,000,00,1,7,01,A01
201200055924,0,10,000,00,2,7,09,A01
201200055924,0,34,000,00,2,1,01,B01
201200055925,0,30,000,00,2,4,01,A01
201200055925,1,07,000,00,2,1,17,Z01
201200055926,0,34,000,00,2,1,01,B01
201200055926,0,07,000,00,2,5,15,A01
201200055927,0,30,000,00,2,1,17,A01
201200055927,0,07,000,00,2,3,01,B01
201200055928,0,07,000,00,1,1,01,A01
201200055929,0,32,000,00,2,1,01,B01
201200055929,0,10,000,00,2,2,09,A01
201200055930,0,32,000,00,2,0,21,A01
201200055931,0,07,000,00,1,3,01,A01
201200055932,0,07,000,00,0,4,01,B01
201200055932,0,07,000,00,2,1,23,A01
201200055933,0,33,000,00,1,2,01,A01
201200055934,0,07,000,00,2,1,01,A01
201200055934,0,10,000,00,2,7,15,B01
201200055935,0,07,000,00,1,1,16,A01
201200055936,0,32,000,00,1,1,15,A01
201200055937,0,33,000,00,2,8,21,A01
201200055938,0,02,000,00,1,0,01,A01
201200055939,1,07,000,00,2,0,13,A01
201200055939,0,07,000,00,2,7,17,B01
201200055940,0,07,000,00,2,3,13,B01
201200055940,0,33,000,00,2,4,17,A01
201200055941,0,34,000,00,0,8,01,A01
201200055942,0,07,000,00,2,8,09,B01
201200055942,0,32,000,00,2,1,01,A01
201200055943,0,33,000,00,0,0,01,A01
201200055944,0,30,000,00,1,1,01,A01
201200055945,0,07,000,00,2,6,24,B01
201200055945,0,32,000,01,0,1,01,A01
201200055946,0,07,000,00,1,1,01,A01
201200055947,0,07,000,14,0,1,01,A01
201200055947,0,10,000,00,0,4,23,B01
201200055948,0,07,000,00,2,2,23,B01
201200055948,0,07,000,00,2,2,13,A01
201200055949,0,30,000,00,0,8,21,A01
201200055950,0,07,000,00,2,7,09,A01
201200055950,0,32,000,00,2,3,01,B01
201200055951,0,07,000,00,1,1,15,A01
201200055952,0,07,000,00,2,3,15,B01
201200055952,0,32,000,00,2,8,17,A01
201200055953,0,33,000,00,1,8,07,A01
201200055954,0,07,000,00,2,3,15,A01
201200055954,0,32,000,00,2,2,17,B01
201200055955,0,32,000,00,2,1,18,A01
201200055955,0,07,000,00,2,7,16,B01
201200055956,0,33,000,14,2,8,21,A01
201200055957,0,07,000,00,1,2,01,A01
201200055958,0,07,000,00,2,9,02,B01
201200055958,0,07,000,00,2,4,02,C01
201200055958,0,07,000,00,2,1,02,A01
201200055959,0,01,000,00,2,1,01,B01
201200055959,0,07,000,00,2,3,22,A01
201200055960,0,32,000,00,0,0,21,A01
201200055961,0,07,000,00,1,2,01,A01
201200055962,0,33,000,00,0,3,01,A01
201200055963,0,01,000,00,2,1,07,B01
201200055963,0,10,000,00,2,8,22,A01
201200055964,0,30,000,00,1,2,01,A01
201200055965,0,33,000,00,0,7,01,A01
201200055966,0,33,000,00,0,1,01,A01
201200055967,0,01,000,00,2,1,02,B01
201200055967,0,01,000,00,2,1,13,A01
201200055968,0,33,000,00,2,1,01,B01
201200055968,0,07,000,00,2,5,15,A01
201200055969,0,02,000,00,2,1,17,A01
201200055969,1,07,000,00,2,0,01,Z01
201200055970,0,07,000,00,1,2,01,A01
201200055971,0,31,000,01,0,1,18,A01
201200055972,0,32,000,00,0,0,21,A01
201200055973,0,07,000,00,2,7,16,A01
201200055973,0,37,000,00,2,1,07,B01
201200055974,0,31,000,00,2,3,01,B01
201200055974,0,07,000,00,2,7,14,A01
201200055975,0,30,000,00,2,8,01,A01
201200055975,1,07,000,00,2,0,13,Z01
201200055976,0,07,000,00,2,7,01,B01
201200055976,0,30,000,00,2,8,13,A01
201200055977,0,33,000,00,2,2,01,B01
201200055977,0,07,000,00,2,6,10,A01
201200055978,0,10,000,00,2,1,02,A01
201200055978,0,07,000,00,2,4,23,B01
201200055979,0,07,000,00,2,3,09,A01
201200055979,0,02,000,00,2,1,01,B01
201200055980,0,01,000,00,2,1,18,B01
201200055980,0,10,000,00,2,7,22,A01
201200055981,0,37,001,00,1,3,01,A01
201200055982,0,07,000,00,1,1,01,A01
201200055983,0,30,000,00,2,1,01,B01
201200055983,0,07,000,00,2,1,15,A01
201200055984,0,37,001,00,2,2,01,B01
201200055984,0,07,000,00,2,8,01,A01
201200055985,0,07,000,00,2,6,02,B01
201200055985,0,07,000,00,2,2,02,A01
201200055986,0,10,000,00,2,1,02,A01
201200055986,0,07,000,00,2,4,23,B01
201200055987,0,15,000,00,2,1,12,A01
201200055987,0,07,000,00,2,3,01,B01
201200055987,0,34,000,00,2,7,01,C01
201200055988,0,33,000,00,2,1,01,A01
201200055988,0,07,000,00,2,3,17,B01
201200055989,0,02,000,00,1,1,01,A01
201200055990,0,07,000,00,2,6,23,C01
201200055990,0,07,000,00,0,4,23,B01
201200055990,2,10,000,00,2,1,02,Z01
201200055990,0,07,000,00,2,4,02,A01
201200055991,0,07,000,00,2,4,02,B01
201200055991,0,07,000,00,2,1,02,A01
201200055992,0,07,000,00,2,6,13,A01
201200055992,0,33,000,00,2,7,01,B01
201200055993,0,07,000,00,1,2,15,A01
201200055994,0,30,000,00,2,2,17,A01
201200055994,0,07,000,00,2,1,15,B01
201200055995,0,07,000,00,2,1,01,A01
201200055995,0,01,000,00,2,1,01,B01
201200055996,0,07,000,00,2,8,10,A01
201200055996,0,13,000,00,2,2,01,B01
201200055997,0,07,000,00,1,2,01,A01
201200055998,0,07,000,01,0,2,01,A01
201200055999,0,07,000,09,0,2,15,A01
201200056000,0,07,000,00,2,1,11,B01
201200056000,0,01,000,00,2,1,05,A01
201200056001,0,07,000,00,2,6,23,A01
201200056001,2,07,000,00,2,2,01,Z01
201200056002,0,30,000,00,2,3,01,A01
201200056002,0,10,000,00,2,2,16,B01
201200056003,0,33,000,00,0,0,09,A01
201200056004,0,10,000,00,2,1,01,A01
201200056004,0,07,000,00,2,8,15,B01
201200056005,0,33,000,00,2,4,23,A01
201200056005,1,07,000,00,2,1,02,Z01
201200056006,0,32,000,00,2,1,01,B01
201200056006,0,07,000,00,2,3,09,A01
201200056007,0,07,000,01,9,2,01,A01
201200056007,0,01,000,01,2,8,13,B01
201200056008,0,33,000,00,2,8,01,B01
201200056008,0,07,000,00,2,2,01,A01
201200056009,0,03,000,00,1,4,04,A01
201200056010,0,33,000,00,1,2,16,A01
201200056011,0,07,000,00,2,1,01,A01
201200056011,0,31,000,00,2,1,01,B01
201200056012,0,31,000,00,0,0,01,A01
201200056013,0,07,000,00,2,1,23,B01
201200056013,0,07,000,00,2,1,01,A01
201200056013,0,07,000,00,2,1,23,C01
201200056013,0,07,000,00,2,1,01,D01
201200056014,0,32,000,00,2,7,01,B01
201200056014,0,07,000,00,0,8,10,A01
201200056015,0,32,000,00,2,1,17,B01
201200056015,0,07,000,00,2,3,09,A01
201200056016,0,07,000,00,2,5,13,A01
201200056016,0,07,000,04,2,5,01,B01
201200056017,0,07,000,00,2,2,01,A01
201200056017,0,33,000,00,2,8,01,B01
201200056018,0,30,000,00,0,0,01,A01
201200056019,0,33,000,00,1,1,01,A01
201200056020,0,02,000,00,0,2,01,A01
201200056021,0,34,000,00,1,2,16,A01
201200056022,0,07,000,00,1,6,04,A01
201200056023,0,07,000,00,2,1,09,A01
201200056023,0,31,000,00,2,7,17,B01
201200056024,0,07,000,00,2,3,11,A01
201200056024,0,32,000,00,2,1,17,B01
201200056025,0,34,000,00,2,1,01,B01
201200056025,0,07,000,15,2,8,09,A01
201200056026,0,34,000,00,2,3,01,B01
201200056026,0,07,000,00,2,7,12,A01
201200056027,0,30,000,00,2,1,01,B01
201200056027,0,07,000,00,2,2,15,A01
201200056028,0,07,000,00,2,8,15,B01
201200056028,0,30,000,00,2,1,17,A01
201200056029,0,37,000,00,1,2,01,A01
201200056030,0,34,000,00,0,7,01,A01
201200056031,0,07,000,00,2,3,22,A01
201200056031,0,01,000,00,2,1,01,B01
201200056032,0,30,000,00,0,8,01,A01
201200056033,0,01,000,00,0,0,01,A01
201200056034,0,02,000,00,1,3,01,A01
201200056035,0,10,000,00,2,4,07,B01
201200056035,0,13,000,00,2,1,07,A01
201200056036,0,32,000,00,2,7,01,A01
201200056036,0,07,000,00,2,6,23,B01
201200056037,0,07,000,00,2,1,01,B01
201200056037,0,30,000,00,2,1,15,A01
201200056038,0,07,000,00,1,5,01,A01
201200056039,0,37,003,00,2,2,01,B01
201200056039,0,07,000,01,2,6,18,A01
201200056040,0,02,000,00,2,0,05,A01
201200056041,0,07,000,00,2,7,15,B01
201200056041,0,32,000,00,2,3,01,A01
201200056042,0,07,000,00,0,6,23,B01
201200056042,0,01,000,00,2,2,01,A01
201200056043,0,07,000,00,2,1,09,A01
201200056043,0,01,000,00,2,8,05,B01
201200056044,0,32,000,00,0,7,01,A01
201200056045,0,30,000,00,2,2,01,A01
201200056045,1,07,000,00,2,3,15,Z01
201200056046,0,07,000,00,2,8,15,A01
201200056046,0,02,000,00,2,7,17,B01
201200056047,0,07,000,00,2,1,02,A01
201200056047,0,07,000,00,2,4,02,B01
201200056048,0,32,000,00,2,1,01,B01
201200056048,0,07,000,00,2,1,15,A01
201200056049,0,33,000,00,2,7,01,A01
201200056049,0,07,000,00,2,1,15,B01
201200056050,0,07,000,08,0,1,13,A01
201200056051,0,01,000,00,2,4,01,A01
201200056051,0,07,000,00,2,2,07,B01
201200056052,0,07,000,00,2,2,01,A01
201200056052,0,07,000,00,2,3,01,B01
201200056053,0,01,000,00,2,1,01,B01
201200056053,0,07,000,00,2,7,16,A01
201200056054,0,30,000,00,2,3,09,A01
201200056054,0,37,096,00,2,0,01,B01
201200056055,0,01,000,00,2,4,13,A01
201200056055,0,32,000,00,2,2,01,B01
201200056056,0,07,000,00,2,1,02,A01
201200056056,0,07,000,00,2,4,23,B01
201200056057,0,33,000,01,2,7,17,B01
201200056057,0,07,000,00,2,1,09,A01
201200056058,0,30,000,00,2,1,01,B01
201200056058,0,07,000,00,2,1,15,A01
201200056058,0,07,000,00,2,8,01,C01
201200056059,0,33,000,00,2,6,18,A01
201200056059,0,07,000,00,2,2,22,B01
201200056060,0,33,000,00,1,1,01,A01
201200056061,0,01,000,00,2,1,01,B01
201200056061,0,01,000,00,2,1,13,A01
201200056062,0,32,000,00,2,0,01,B01
201200056062,0,01,000,00,2,0,19,A01
201200056063,0,07,000,00,2,3,09,A01
201200056063,0,32,000,00,2,1,01,B01
201200056064,0,30,000,00,0,0,01,A01
201200056065,0,33,000,00,2,1,01,B01
201200056065,0,07,000,00,2,7,15,A01
201200056066,1,07,000,00,1,3,01,Z01
201200056067,0,07,000,00,2,3,10,A01
201200056067,0,32,000,00,2,8,01,B01
201200056068,0,32,000,00,2,7,17,B01
201200056068,0,07,000,00,2,8,13,A01
201200056069,0,34,000,00,2,1,02,A01
201200056069,0,07,000,00,2,4,02,B01
201200056070,0,07,000,00,2,2,01,B01
201200056070,0,01,000,00,2,3,01,A01
201200056071,0,30,000,14,0,8,01,A01
201200056072,0,07,000,00,1,6,04,A01
201200056073,0,01,000,00,1,7,01,A01
201200056074,0,33,000,00,0,8,01,A01
201200056075,0,07,000,00,2,5,15,A01
201200056075,0,01,000,00,2,1,01,B01
201200056076,0,07,000,00,2,6,02,B01
201200056076,0,07,000,00,2,2,02,A01
201200056077,0,07,000,00,2,7,15,B01
201200056077,0,30,000,00,2,1,01,A01
201200056078,0,07,000,00,2,8,11,A01
201200056078,0,34,000,00,2,7,01,B01
201200056079,1,07,000,00,2,8,13,Z01
201200056079,0,32,000,00,2,7,01,A01
201200056080,0,07,000,15,0,7,01,A01
201200056081,0,07,000,00,2,2,14,A01
201200056081,0,07,000,00,2,6,24,B01
201200056082,0,07,000,00,1,2,01,A01
201200056083,0,30,000,08,0,1,01,A01
201200056084,0,34,000,00,2,1,15,A01
201200056084,0,01,000,00,2,8,01,B01
201200056085,0,32,000,00,2,1,01,A01
201200056085,0,07,000,00,0,6,10,B01
201200056086,0,32,000,00,2,6,01,B01
201200056086,1,07,000,00,0,0,12,Z01
201200056087,0,07,000,00,1,3,16,A01
201200056088,0,07,000,01,0,2,14,A01
201200056089,0,07,000,00,1,4,20,A01
201200056090,0,07,000,00,2,3,10,A01
201200056090,0,30,000,00,2,1,17,B01
201200056091,1,13,000,00,2,1,15,Z01
201200056091,0,30,000,00,2,6,01,A01
201200056092,0,32,000,00,2,1,17,B01
201200056092,0,10,000,00,2,3,15,A01
201200056093,0,07,000,00,2,8,22,A01
201200056093,0,01,000,00,2,7,01,B01
201200056094,0,10,000,00,1,4,04,A01
201200056095,0,07,000,00,0,7,00,B01
201200056095,0,07,000,00,0,1,00,A01
201200056096,0,32,000,00,2,3,03,A01
201200056096,0,07,000,00,2,8,01,B01
201200056097,0,07,000,00,1,1,01,A01
201200056098,0,01,000,00,0,0,07,A01
201200056099,0,07,000,00,2,1,01,B01
201200056099,0,01,000,00,2,1,05,A01
201200056100,0,02,000,14,0,1,14,A01
201200056101,0,07,000,00,2,9,02,A01
201200056101,0,07,000,00,2,4,23,C01
201200056101,0,33,000,00,2,1,02,B01
201200056102,0,10,000,00,2,8,15,B01
201200056102,0,32,000,00,2,7,17,A01
201200056103,0,10,000,00,2,1,02,A01
201200056103,0,07,000,00,2,4,02,B01
201200056104,0,30,000,00,2,8,01,A01
201200056104,0,07,000,00,2,1,15,B01
201200056105,0,02,000,12,0,2,14,A01
201200056106,0,31,000,00,2,3,01,A01
201200056106,1,07,000,00,2,1,15,Z01
201200056107,0,33,000,01,2,6,01,B01
201200056107,0,07,000,00,2,2,10,A01
201200056108,0,07,000,00,1,1,01,A01
201200056109,0,01,000,12,2,8,02,B01
201200056109,0,07,000,12,0,3,02,A01
201200056110,0,32,000,00,2,7,01,A01
201200056110,0,32,000,00,2,3,01,B01
201200056111,0,07,000,00,2,1,01,A01
201200056111,0,07,000,00,2,8,01,B01
201200056112,0,07,000,00,0,0,22,A01
201200056112,0,01,000,00,0,5,01,B01
201200056113,0,07,000,00,2,8,15,B01
201200056113,0,30,000,00,2,2,17,A01
201200056114,0,32,000,00,1,2,17,A01
201200056115,0,07,000,00,2,1,01,A01
201200056115,0,01,000,00,2,4,01,B01
201200056116,0,10,000,15,0,1,01,A01
201200056117,0,31,000,00,2,7,17,B01
201200056117,0,07,000,00,2,3,13,A01
201200056118,0,01,000,00,2,8,01,B01
201200056118,0,07,000,00,2,1,15,A01
201200056119,1,37,001,00,1,7,07,Z01
201200056120,0,07,000,00,2,3,01,B01
201200056120,0,07,000,00,2,2,01,A01
201200056121,0,07,000,00,2,2,15,A01
201200056121,0,07,000,00,0,3,01,B01
201200056122,0,30,000,00,0,1,17,B01
201200056122,0,07,000,00,0,3,19,A01
201200056123,0,30,000,00,2,3,10,A01
201200056123,0,31,000,00,2,1,01,B01
201200056124,0,07,000,00,1,2,09,A01
201200056125,0,07,000,00,2,8,11,A01
201200056125,0,34,000,00,2,2,01,B01
201200056126,0,07,000,00,1,8,15,A01
201200056127,0,32,000,00,2,8,03,B01
201200056127,0,07,000,00,2,5,12,A01
201200056128,0,02,000,00,0,0,01,A01
201200056129,0,10,000,00,1,6,20,A01
201200056130,0,01,000,00,1,1,01,A01
201200056131,0,10,000,00,0,8,11,A01
201200056131,0,32,000,00,2,8,17,B01
201200056132,0,10,000,00,1,4,04,A01
201200056133,0,33,000,08,2,1,01,B01
201200056133,0,07,000,00,2,3,15,A01
201200056134,2,07,000,08,0,1,13,Z01
201200056135,0,02,000,15,0,3,13,A01
201200056136,0,07,000,00,1,1,01,A01
201200056137,0,07,000,00,2,5,22,A01
201200056137,0,01,000,00,2,1,01,B01
201200056138,0,30,000,00,2,5,15,A01
201200056138,0,07,000,00,2,2,01,B01
201200056139,0,07,000,00,2,3,09,A01
201200056139,0,30,000,00,2,1,17,B01
201200056140,0,07,000,00,2,5,23,C01
201200056140,0,07,000,00,2,8,22,A01
201200056140,0,30,000,00,2,1,03,B01
201200056141,0,33,000,00,1,1,01,A01
201200056142,0,01,000,00,2,7,01,B01
201200056142,0,10,000,00,2,5,14,A01
201200056143,0,02,000,00,2,1,01,B01
201200056143,0,30,000,00,2,8,01,A01
201200056144,0,02,000,00,1,0,17,A01
201200056145,0,32,000,00,0,0,01,A01
201200056146,0,07,000,00,2,2,01,A01
201200056146,0,07,000,00,2,3,01,B01
201200056147,0,31,000,00,1,1,01,A01
201200056148,0,32,000,00,2,1,02,A01
201200056148,0,07,000,00,2,4,23,B01
201200056149,0,02,000,12,0,7,01,A01
201200056150,1,07,000,00,2,0,01,Z01
201200056150,0,01,000,00,2,7,15,A01
201200056151,0,07,000,00,2,3,15,A01
201200056151,0,01,000,00,2,1,01,B01
201200056152,0,07,000,00,2,4,23,B01
201200056152,0,10,000,00,2,1,02,A01
201200056153,0,30,000,00,0,8,01,A01
201200056154,0,32,000,00,2,6,01,B01
201200056154,0,07,000,00,2,2,12,A01
201200056155,0,34,000,00,1,7,17,A01
201200056156,0,33,000,00,0,0,01,A01
201200056157,0,01,000,00,2,0,02,B01
201200056157,0,01,000,00,2,0,02,A01
201200056158,0,32,000,00,1,2,01,A01
201200056159,0,07,000,00,1,4,01,A01
201200056160,0,02,000,00,1,1,01,A01
201200056161,0,07,000,00,2,4,23,B01
201200056161,0,07,000,00,2,1,02,A01
201200056162,0,07,000,00,2,4,23,C01
201200056162,0,14,000,00,2,1,02,A01
201200056162,0,07,000,00,2,4,23,B01
201200056163,0,07,000,00,2,5,15,A01
201200056163,0,30,000,00,2,1,01,B01
201200056164,0,07,000,00,2,1,15,A01
201200056164,0,01,000,00,2,1,01,B01
201200056165,0,07,000,00,1,1,01,A01
201200056166,0,10,000,08,0,2,14,A01
201200056167,0,07,000,00,2,6,01,A01
201200056167,0,07,000,00,2,3,01,B01
201200056168,0,07,000,00,2,8,10,B01
201200056168,0,34,000,00,2,1,17,A01
201200056169,0,30,000,00,2,1,18,A01
201200056169,0,07,000,00,2,2,16,B01
201200056170,0,32,000,00,2,5,17,A01
201200056170,0,10,000,00,2,3,15,B01
201200056171,0,34,000,01,1,1,01,A01
201200056172,0,34,000,00,2,2,17,A01
201200056172,0,07,000,00,2,3,15,B01
201200056173,0,07,000,00,1,1,01,A01
201200056174,0,07,000,00,2,1,10,A01
201200056174,0,30,000,00,2,1,01,B01
201200056175,0,07,000,00,2,7,16,B01
201200056175,0,32,000,00,2,3,18,A01
201200056176,0,37,001,00,1,5,01,A01
201200056177,0,07,000,00,2,4,02,B01
201200056177,0,10,000,00,2,1,14,A01
201200056177,0,07,000,00,2,4,02,C01
201200056178,0,32,000,00,2,4,23,B01
201200056178,0,07,000,00,2,2,02,A01
201200056179,0,35,000,15,0,2,14,A01
201200056180,0,07,000,00,2,2,15,A01
201200056180,0,01,000,00,2,8,01,B01
201200056181,0,07,000,00,2,0,13,A01
201200056181,0,32,000,00,2,8,17,B01
201200056182,0,33,000,01,0,2,01,A01
201200056183,0,30,000,00,0,0,01,A01
201200056184,0,07,000,00,2,1,02,A01
201200056184,0,07,000,00,2,4,23,B01
201200056185,0,07,000,00,2,3,15,A01
201200056185,0,33,000,00,2,8,01,B01
201200056186,0,32,000,00,2,1,17,A01
201200056186,0,07,000,00,2,3,13,B01
201200056187,0,30,000,01,0,1,14,A01
201200056188,0,01,000,00,2,3,23,B01
201200056188,0,07,000,00,2,3,13,A01
201200056189,0,01,000,00,2,5,01,B01
201200056189,0,07,000,00,2,5,15,A01
201200056190,0,30,000,00,2,1,01,A01
201200056190,0,07,000,00,2,3,10,B01
201200056191,0,32,000,14,0,7,13,A01
201200056192,0,10,000,00,2,8,22,A01
201200056192,0,01,000,00,2,1,01,B01
201200056193,0,07,000,00,2,8,09,A01
201200056193,0,30,000,00,2,7,01,B01
201200056194,0,07,000,00,2,2,01,A01
201200056194,0,31,000,00,2,6,01,B01
201200056195,0,01,000,00,1,2,01,A01
201200056196,0,32,000,00,2,4,01,B01
201200056196,0,07,000,00,0,5,01,C01
201200056196,0,31,000,00,2,6,01,A01
201200056197,0,07,000,09,0,1,01,A01
201200056198,0,07,000,00,1,1,01,A01
201200056199,0,07,000,00,1,1,01,A01
201200056200,0,32,000,00,0,1,01,A01
201200056201,0,07,000,01,0,2,14,A01
201200056202,0,07,000,14,0,3,13,A01
201200056203,0,30,000,00,2,7,01,B01
201200056203,0,07,000,00,2,3,13,A01
201200056204,0,07,000,00,2,1,15,A01
201200056204,0,33,000,01,2,1,01,B01
201200056205,0,03,000,00,2,9,02,A01
201200056205,1,07,000,00,2,0,02,Z01
201200056206,0,07,000,00,1,3,01,A01
201200056207,0,32,000,00,2,1,01,B01
201200056207,0,07,000,00,2,4,10,A01
201200056208,0,30,000,00,2,1,17,B01
201200056208,0,10,000,00,2,3,10,A01
201200056209,0,33,000,00,2,1,01,B01
201200056209,0,07,000,00,2,2,15,A01
201200056210,0,10,000,00,1,4,04,A01
201200056211,0,01,000,00,0,7,01,A01
201200056212,0,07,000,00,2,7,17,A01
201200056212,0,07,000,00,2,3,22,B01
201200056213,0,07,000,00,2,1,01,A01
201200056213,0,01,000,00,2,7,19,B01
201200056214,0,02,000,00,2,1,02,A01
201200056214,0,07,000,00,2,4,23,B01
201200056215,0,01,000,00,2,1,01,B01
201200056215,0,10,000,00,2,2,15,A01
201200056216,0,07,000,00,2,4,02,B01
201200056216,0,10,000,00,2,1,02,A01
201200056217,0,32,000,00,2,1,02,A01
201200056217,0,07,000,00,2,4,02,B01
201200056218,0,01,000,00,2,7,19,B01
201200056218,0,07,000,00,2,1,01,A01
201200056219,0,07,000,00,2,3,04,A01
201200056219,0,32,000,00,2,1,01,B01
201200056220,0,30,000,01,0,8,13,A01
201200056221,0,07,000,00,2,0,09,A01
201200056221,0,30,000,00,2,1,01,B01
201200056222,0,30,000,14,0,1,01,A01
201200056223,0,07,000,00,1,1,17,A01
201200056224,1,07,000,00,1,0,16,Z01
201200056225,0,32,000,00,2,8,01,B01
201200056225,0,07,000,00,2,2,16,A01