Num_Acc,senc,catv,occutc,obs,obsm,choc,manv,num_veh
201200056226,0,32,000,00,0,0,01,A01
201200056227,0,07,000,00,1,0,04,A01
201200056228,0,07,000,00,1,1,01,A01
201200056229,0,07,000,00,1,3,01,A01
201200056230,0,07,000,00,2,2,01,A01
201200056230,0,07,000,00,2,4,23,B01
201200056231,0,07,000,00,2,2,15,A01
201200056231,0,33,000,00,2,2,01,B01
201200056232,0,32,000,00,1,1,01,A01
201200056233,0,07,000,00,2,2,15,A01
201200056233,0,02,000,00,2,1,01,B01
201200056234,0,07,000,00,2,1,15,A01
201200056234,0,30,000,00,2,3,01,B01
201200056235,0,34,000,00,1,1,01,A01
201200056236,0,01,000,00,1,1,01,A01
201200056237,0,33,000,08,2,1,17,B01
201200056237,0,07,000,00,2,3,15,A01
201200056238,0,33,000,00,2,3,03,A01
201200056238,0,10,000,00,2,2,01,B01
201200056239,0,01,000,00,2,0,01,B01
201200056239,0,07,000,00,2,3,09,A01
201200056240,0,07,000,00,2,4,23,B01
201200056240,0,07,000,00,2,1,02,A01
201200056240,0,10,000,00,2,4,23,C01
201200056241,0,33,000,00,1,1,21,A01
201200056242,0,33,000,00,0,0,01,A01
201200056243,0,32,000,00,2,5,17,B01
201200056243,0,07,000,00,2,3,15,A01
201200056244,0,07,000,01,0,9,14,A01
201200056245,0,07,000,00,2,5,01,B01
201200056245,0,34,000,00,2,3,18,A01
201200056246,0,07,000,00,2,4,01,B01
201200056246,0,03,000,00,2,1,23,A01
201200056247,0,07,000,00,2,1,15,B01
201200056247,0,01,000,00,2,1,09,A01
201200056248,0,30,000,00,2,1,01,A01
201200056248,0,07,000,00,0,5,23,B01
201200056249,0,13,000,00,1,3,15,A01
201200056250,0,38,001,00,1,2,20,A01
201200056251,0,33,000,00,2,8,01,B01
201200056251,0,07,000,00,2,3,15,A01
201200056252,0,01,000,00,2,7,17,B01
201200056252,0,07,000,00,9,3,13,A01
201200056253,0,10,000,00,2,5,17,A01
201200056253,0,01,000,00,2,3,01,B01
201200056254,0,07,000,00,2,3,23,B01
201200056254,0,32,000,07,2,1,17,A01
201200056255,0,32,000,00,2,3,18,A01
201200056255,0,07,000,00,2,5,14,B01
201200056256,0,07,000,00,2,9,01,B01
201200056256,0,07,000,00,2,4,01,C01
201200056256,0,07,000,00,2,1,01,A01
201200056257,0,34,000,00,1,7,01,A01
201200056258,0,07,000,00,1,5,20,A01
201200056259,0,32,000,00,2,1,01,B01
201200056259,0,07,000,00,2,1,15,A01
201200056260,0,02,000,00,2,1,17,A01
201200056260,0,07,000,00,2,3,15,B01
201200056261,0,07,000,00,2,2,02,A01
201200056261,0,07,000,00,2,6,23,B01
201200056262,0,34,000,00,2,3,11,A01
201200056262,0,07,000,00,2,2,12,B01
201200056263,0,07,000,00,0,1,02,A01
201200056264,0,32,000,00,0,7,00,A01
201200056265,0,07,000,00,1,1,01,A01
201200056266,0,10,000,00,1,1,17,A01
201200056267,0,30,000,00,2,1,17,A01
201200056267,0,07,000,00,2,3,09,B01
201200056268,0,33,000,00,1,1,01,A01
201200056269,0,31,000,00,2,2,17,B01
201200056269,0,07,000,00,2,1,09,A01
201200056270,0,32,000,00,2,1,07,A01
201200056270,0,07,000,00,2,2,01,B01
201200056271,0,07,000,00,0,4,01,C01
201200056271,0,07,000,00,2,9,23,B01
201200056271,2,07,000,00,2,1,01,A01
201200056272,0,10,000,00,1,2,01,A01
201200056273,0,07,000,00,1,4,04,A01
201200056274,0,32,000,00,2,1,02,A01
201200056274,0,07,000,00,2,6,15,C01
201200056274,0,33,000,00,2,3,02,B01
201200056275,0,30,000,00,0,0,01,A01
201200056276,0,30,000,00,0,0,01,A01
201200056277,0,01,000,00,1,1,01,A01
201200056278,0,30,000,00,2,1,01,B01
201200056278,0,07,000,00,2,2,15,A01
201200056279,0,30,000,00,0,0,01,A01
201200056280,0,32,000,00,2,1,01,A01
201200056280,0,07,000,00,2,3,15,B01
201200056281,0,07,000,00,1,0,04,A01
201200056282,0,07,000,00,2,3,13,A01
201200056282,0,33,000,00,2,1,17,B01
201200056283,0,32,000,00,2,3,01,B01
201200056283,0,32,000,00,2,3,15,A01
201200056284,0,07,000,00,1,0,01,A01
201200056285,0,07,000,00,2,2,20,A01
201200056285,0,02,000,00,2,1,17,B01
201200056286,0,32,000,00,2,3,18,A01
201200056286,0,10,000,00,2,7,16,B01
201200056287,0,07,000,00,2,1,02,A01
201200056287,0,07,000,00,2,4,23,B01
201200056288,0,07,000,00,2,3,15,A01
201200056288,0,32,000,00,2,2,17,B01
201200056289,0,10,000,00,2,3,15,B01
201200056289,0,07,000,00,2,3,01,A01
201200056290,0,02,000,00,2,2,15,A01
201200056290,0,07,000,00,0,4,15,B01
201200056291,0,07,000,00,2,4,23,B01
201200056291,0,07,000,00,2,2,01,A01
201200056292,0,07,000,00,2,1,15,A01
201200056292,0,30,000,00,2,1,01,B01
201200056293,0,33,000,00,0,8,01,A01
201200056294,0,07,000,01,0,4,04,A01
201200056295,0,02,000,00,0,8,01,A01
201200056296,0,32,000,00,2,7,01,B01
201200056296,0,07,000,00,2,1,10,A01
201200056297,0,01,000,00,0,0,21,A01
201200056298,0,07,000,00,2,5,02,B01
201200056298,0,07,000,00,2,3,02,A01
201200056299,0,32,000,00,1,2,01,A01
201200056300,0,30,000,00,1,1,01,A01
201200056301,0,33,000,00,1,1,17,A01
201200056302,0,07,000,00,2,8,22,A01
201200056302,0,34,000,00,2,1,03,B01
201200056302,0,07,000,00,2,7,23,C01
201200056303,0,07,000,00,2,6,15,A01
201200056303,0,32,000,00,2,7,01,B01
201200056304,0,33,000,00,0,8,01,A01
201200056305,0,34,000,00,2,1,01,B01
201200056305,0,01,000,00,2,4,17,A01
201200056306,0,07,000,00,1,0,01,A01
201200056307,0,07,000,00,2,7,01,B01
201200056307,0,07,000,00,2,1,01,A01
201200056308,0,07,000,00,2,3,13,A01
201200056308,0,32,000,00,2,5,17,B01
201200056309,0,07,000,00,2,3,10,A01
201200056309,0,34,000,00,2,7,17,B01
201200056310,0,07,000,00,2,1,01,A01
201200056310,0,01,000,00,2,7,01,B01
201200056311,0,07,000,00,2,2,16,B01
201200056311,0,01,000,00,2,1,01,A01
201200056312,0,02,000,02,0,1,14,A01
201200056313,0,07,000,00,2,2,15,A01
201200056313,0,30,000,00,2,1,01,B01
201200056314,0,07,000,00,9,3,15,A01
201200056314,0,02,000,00,2,1,01,B01
201200056315,0,07,000,00,2,2,15,A01
201200056316,0,07,000,00,2,3,16,A01
201200056316,0,07,000,00,2,5,23,B01
201200056317,0,32,000,00,0,7,01,A01
201200056318,0,37,001,00,0,6,23,C01
201200056318,0,01,000,00,2,4,17,B01
201200056318,0,07,000,01,0,2,01,A01
201200056319,0,07,000,00,1,3,15,A01
201200056320,0,32,000,00,0,0,23,B01
201200056320,0,30,000,00,9,8,01,A01
201200056321,0,33,000,00,0,8,01,A01
201200056322,0,30,000,00,1,8,01,A01
201200056323,1,07,000,00,1,1,01,Z01
201200056324,0,02,000,00,2,4,13,A01
201200056324,0,07,000,00,2,3,01,B01
201200056325,0,07,000,00,2,4,23,B01
201200056325,0,07,000,00,2,1,01,A01
201200056325,0,07,000,00,0,4,23,C01
201200056326,0,01,000,00,1,1,01,A01
201200056327,0,33,000,00,2,8,17,A01
201200056327,0,03,000,00,2,3,15,B01
201200056328,0,33,000,01,2,8,16,A01
201200056328,0,07,000,00,2,7,14,B01
201200056329,0,07,000,00,1,1,01,A01
201200056330,0,02,000,00,2,1,01,A01
201200056330,0,07,000,00,2,8,15,B01
201200056331,0,07,000,00,1,0,15,A01
201200056332,0,10,000,00,2,3,10,A01
201200056332,0,33,000,00,2,7,17,B01
201200056333,0,07,000,08,0,1,14,A01
201200056334,0,07,000,00,1,6,04,A01
201200056335,0,07,000,00,2,2,17,A01
201200056335,0,01,000,00,2,8,19,B01
201200056336,0,32,000,00,2,1,17,B01
201200056336,0,07,000,00,2,3,15,A01
201200056337,0,07,000,00,2,6,23,B01
201200056337,0,34,000,00,2,1,02,A01
201200056338,0,33,000,00,2,1,17,A01
201200056338,0,07,000,00,2,3,09,B01
201200056339,0,30,000,00,2,1,01,B01
201200056339,0,07,000,00,2,2,01,A01
201200056340,0,32,000,00,2,7,01,A01
201200056340,1,07,000,00,2,0,14,Z01
201200056341,0,07,000,00,2,1,01,B01
201200056341,0,07,000,00,2,5,01,A01
201200056342,0,07,000,00,1,2,01,A01
201200056343,0,07,000,00,2,7,01,A01
201200056343,0,31,000,00,2,1,01,B01
201200056344,0,10,000,00,1,7,01,A01
201200056345,0,07,000,00,2,6,10,A01
201200056345,0,33,000,00,2,1,01,B01
201200056346,0,30,000,00,2,3,01,B01
201200056346,0,07,000,00,2,2,16,A01
201200056347,0,07,000,00,2,4,16,A01
201200056347,1,07,000,00,2,1,02,Z01
201200056348,0,07,000,00,2,3,01,B01
201200056348,0,30,000,00,2,2,01,A01
201200056349,0,33,000,00,2,3,01,A01
201200056349,1,07,000,00,2,0,14,Z01
201200056350,0,10,000,00,2,3,02,A01
201200056350,0,30,000,00,2,4,02,B01
201200056351,0,07,000,00,2,6,02,B01
201200056351,0,33,000,00,2,1,02,A01
201200056352,0,07,000,00,2,8,15,A01
201200056352,0,32,000,00,2,1,17,B01
201200056353,0,34,000,00,1,1,01,A01
201200056354,0,07,000,00,1,0,01,A01
201200056355,0,07,000,00,0,4,23,B01
201200056355,0,07,000,00,2,1,01,A01
201200056356,0,07,000,00,2,5,16,A01
201200056356,0,37,000,00,2,3,07,B01
201200056357,0,33,000,00,2,3,01,B01
201200056357,0,07,000,00,2,2,15,A01
201200056358,1,32,000,00,1,1,01,Z01
201200056359,0,10,000,00,2,0,09,A01
201200056359,0,32,000,00,2,0,01,B01
201200056360,0,34,000,00,2,1,01,B01
201200056360,0,07,000,00,2,3,10,A01
201200056361,0,02,000,00,2,0,01,A01
201200056361,0,07,000,00,2,0,01,B01
201200056362,0,34,000,00,1,1,17,A01
201200056363,0,07,000,00,2,1,02,A01
201200056363,0,03,000,00,2,4,23,B01
201200056364,0,01,000,00,1,1,01,A01
201200056365,0,07,000,00,2,1,02,A01
201200056365,0,07,000,00,2,4,02,B01
201200056366,0,07,000,00,2,4,02,B01
201200056366,0,07,000,00,2,1,02,A01
201200056367,0,07,000,00,2,2,01,A01
201200056367,0,34,000,00,2,1,01,B01
201200056368,0,07,000,14,0,2,13,A01
201200056369,1,33,000,00,1,0,15,Z01
201200056370,0,32,000,00,2,0,01,A01
201200056370,0,07,000,00,2,3,01,B01
201200056371,0,33,000,00,2,1,01,A01
201200056371,0,10,000,00,2,4,12,B01
201200056372,0,07,000,00,2,5,01,A01
201200056372,0,33,000,00,2,1,01,B01
201200056373,0,02,000,00,2,1,02,A01
201200056373,0,07,000,00,2,6,15,B01
201200056374,0,30,000,00,1,1,01,A01
201200056375,0,07,000,00,1,2,01,A01
201200056376,1,07,000,00,1,1,01,Z01
201200056377,0,37,000,01,1,2,13,A01
201200056378,0,32,000,00,1,1,01,A01
201200056379,0,37,000,00,0,0,01,A01
201200056380,0,07,000,00,2,2,22,A01
201200056380,0,32,000,00,2,8,03,B01
201200056380,0,07,000,00,2,6,01,C01
201200056381,0,07,000,00,2,8,09,A01
201200056381,0,32,000,00,2,1,01,B01
201200056382,0,37,000,00,1,7,15,A01
201200056383,0,07,000,00,2,1,10,A01
201200056383,0,07,000,00,2,6,01,B01
201200056384,0,33,000,00,0,0,15,A01
201200056385,0,10,000,00,1,1,15,A01
201200056386,0,34,000,01,0,1,01,A01
201200056387,0,33,000,00,2,1,01,A01
201200056387,0,07,000,00,0,4,23,B01
201200056388,0,02,000,00,2,3,01,A01
201200056388,0,07,000,00,0,4,23,B01
201200056389,0,07,000,00,1,2,15,A01
201200056390,0,07,000,00,0,4,23,B01
201200056390,0,37,005,00,0,1,01,A01
201200056391,0,07,000,00,9,3,15,A01
201200056391,0,01,000,00,2,4,07,B01
201200056392,0,07,000,00,1,1,07,A01
201200056393,0,01,000,00,1,8,01,A01
201200056394,0,07,000,00,2,1,15,B01
201200056394,0,07,000,08,2,8,01,A01
201200056395,0,07,000,00,2,1,02,A01
201200056395,0,07,000,00,2,5,23,B01
201200056396,0,02,000,00,0,0,01,A01
201200056397,0,07,000,00,2,5,23,B01
201200056397,0,34,000,01,2,1,01,A01
201200056398,0,34,000,00,1,1,01,A01
201200056399,0,02,000,00,2,1,05,A01
201200056399,0,07,000,00,2,3,01,B01
201200056400,0,01,000,00,2,3,01,B01
201200056400,0,10,000,00,2,2,01,A01
201200056401,0,07,000,00,2,2,12,A01
201200056401,0,02,000,00,2,3,01,B01
201200056402,0,34,000,00,1,1,01,A01
201200056403,0,07,000,00,2,1,02,A01
201200056403,0,07,000,00,2,4,02,B01
201200056404,0,07,000,00,2,4,23,B01
201200056404,0,07,000,00,2,1,01,A01
201200056405,0,34,000,01,0,1,14,A01
201200056406,2,07,000,00,1,1,01,Z01
201200056407,0,34,000,00,2,5,02,A01
201200056407,0,07,000,00,2,1,23,B01
201200056408,0,01,000,00,2,1,02,B01
201200056408,0,10,000,00,2,4,04,A01
201200056409,0,01,000,00,0,0,01,A01
201200056410,0,32,000,00,2,7,01,B01
201200056410,0,10,000,00,2,2,09,A01
201200056411,0,07,000,00,2,1,02,A01
201200056411,0,07,000,00,2,4,23,B01
201200056412,0,37,000,00,2,2,07,A01
201200056412,0,07,000,00,2,8,22,B01
201200056413,0,07,000,00,2,1,15,A01
201200056413,0,01,000,00,2,1,01,B01
201200056414,0,07,000,00,2,1,15,A01
201200056414,0,37,002,00,2,3,07,B01
201200056415,0,07,000,00,2,7,15,A01
201200056415,0,30,000,00,2,1,01,B01
201200056416,0,33,000,00,2,1,01,B01
201200056416,0,01,000,00,2,1,01,A01
201200056417,0,07,000,00,2,1,15,A01
201200056417,0,30,000,00,2,1,01,B01
201200056418,0,01,000,00,2,7,07,B01
201200056418,0,07,000,00,2,3,16,A01
201200056419,0,07,000,15,0,2,14,A01
201200056420,0,30,000,00,2,2,15,A01
201200056420,0,37,016,00,2,8,15,B01
201200056421,0,32,000,00,2,1,01,C01
201200056421,0,07,000,00,2,0,09,A01
201200056421,0,10,000,00,2,4,13,B01
201200056422,0,07,000,00,1,6,04,A01
201200056423,0,31,000,00,1,1,01,A01
201200056424,0,07,000,11,0,1,14,A01
201200056425,0,30,000,00,2,1,05,A01
201200056425,0,07,000,00,2,8,15,B01
201200056426,0,07,000,00,2,5,17,A01
201200056426,0,01,000,00,2,0,01,B01
201200056427,0,32,000,00,1,1,01,A01
201200056428,1,07,000,00,1,3,01,Z01
201200056429,0,02,000,00,2,1,01,B01
201200056429,0,07,000,00,2,2,15,A01
201200056430,0,07,000,00,9,3,13,A01
201200056430,0,30,000,00,2,2,17,B01
201200056431,0,30,000,00,1,2,17,A01
201200056432,0,37,001,00,1,3,01,A01
201200056433,0,33,000,14,2,8,14,A01
201200056434,0,07,000,00,2,0,15,A01
201200056434,0,30,000,00,2,0,01,B01
201200056435,0,32,000,09,0,1,01,A01
201200056436,0,07,000,00,1,7,01,A01
201200056437,0,07,000,00,2,2,15,A01
201200056437,0,30,000,00,2,1,01,B01
201200056438,0,07,000,00,2,2,15,A01
201200056438,0,31,000,00,2,3,01,B01
201200056439,0,32,000,00,2,8,01,B01
201200056439,0,07,000,00,0,2,10,A01
201200056440,0,01,000,12,0,1,14,A01
201200056441,0,07,000,00,1,3,15,A01
201200056442,0,10,000,00,2,7,22,A01
201200056442,0,30,000,00,2,3,18,B01
201200056443,0,10,000,00,1,1,15,A01
201200056444,0,01,000,00,2,1,01,B01
201200056444,0,07,000,00,2,8,22,A01
201200056445,1,07,000,00,1,0,01,Z01
201200056446,0,10,000,00,2,1,01,A01
201200056446,0,33,000,00,0,4,01,B01
201200056447,0,30,000,00,2,1,02,B01
201200056447,0,07,000,00,2,4,04,A01
201200056448,0,37,000,00,1,2,07,A01
201200056449,0,07,000,00,1,3,01,A01
201200056450,0,33,000,00,2,4,18,B01
201200056450,0,07,000,00,2,1,01,A01
201200056451,0,31,000,00,2,7,01,B01
201200056451,0,07,000,00,2,5,15,A01
201200056452,1,07,000,00,1,1,16,Z01
201200056453,0,01,000,00,1,1,01,A01
201200056454,0,07,000,00,1,2,16,A01
201200056455,0,07,000,00,2,5,15,A01
201200056455,0,32,000,00,2,3,01,B01
201200056456,0,07,000,00,1,3,16,A01
201200056457,0,31,000,00,2,3,01,B01
201200056457,0,07,000,00,2,2,15,A01
201200056458,0,30,000,00,2,2,13,A01
201200056458,0,07,000,00,2,6,17,B01
201200056459,0,13,000,00,2,8,22,A01
201200056459,0,01,000,00,2,7,01,B01
201200056460,0,02,000,00,0,0,21,A01
201200056461,0,33,000,00,2,1,01,B01
201200056461,0,10,000,00,2,1,09,A01
201200056462,0,10,000,00,2,3,22,A01
201200056462,0,01,000,00,2,7,01,B01
201200056463,0,32,000,00,2,2,13,A01
201200056463,0,07,000,00,2,3,17,B01
201200056464,0,30,000,00,1,1,18,A01
201200056465,0,30,000,00,1,1,01,A01
201200056466,0,10,000,00,2,1,02,A01
201200056466,0,07,000,00,2,4,02,B01
201200056467,0,07,000,00,1,2,01,A01
201200056468,0,07,000,01,0,1,13,A01
201200056469,1,07,000,00,2,2,14,Z01
201200056469,0,30,000,00,2,8,01,A01
201200056470,0,07,000,00,2,1,15,A01
201200056470,0,34,000,00,2,8,01,B01
201200056471,0,07,000,00,2,1,15,A01
201200056471,0,07,000,00,2,4,15,B01
201200056472,0,31,000,01,0,1,14,A01
201200056473,0,07,000,00,2,4,02,A01
201200056473,0,07,000,00,2,1,02,B01
201200056474,0,07,000,00,1,0,15,A01
201200056475,0,07,000,00,1,7,01,A01
201200056476,1,07,000,00,2,6,14,Z01
201200056476,0,33,000,00,2,7,01,A01
201200056477,0,13,000,00,1,1,01,A01
201200056478,2,30,000,00,2,3,13,Z01
201200056478,0,01,000,00,2,8,01,A01
201200056479,0,30,000,00,0,8,01,A01
201200056480,0,10,000,01,0,7,11,A01
201200056481,0,30,000,00,2,1,01,A01
201200056481,0,10,000,00,2,6,16,B01
201200056482,0,07,000,00,2,3,16,A01
201200056482,0,37,000,08,2,3,01,B01
201200056483,0,07,000,00,1,3,01,A01
201200056484,0,01,000,00,2,2,17,B01
201200056484,0,01,000,00,2,3,15,A01
201200056485,0,07,000,00,2,1,01,A01
201200056485,0,07,000,00,2,3,01,B01
201200056486,0,07,000,00,1,1,01,A01
201200056487,0,13,000,00,2,3,10,B01
201200056487,0,30,000,00,2,1,17,A01
201200056488,0,07,000,00,2,6,09,A01
201200056488,0,34,000,00,2,1,01,B01
201200056489,0,07,000,00,1,2,01,A01
201200056490,0,07,000,01,0,3,13,A01
201200056491,0,07,000,00,2,0,09,A01
201200056491,0,30,000,12,0,0,01,B01
201200056492,0,34,000,00,0,1,01,A01
201200056492,0,07,000,00,0,3,09,B01
201200056493,0,01,000,00,2,8,18,A01
201200056493,0,15,000,00,2,7,01,B01
201200056494,0,32,000,00,2,3,01,B01
201200056494,0,07,000,00,2,3,15,A01
201200056495,0,32,000,00,2,1,01,A01
201200056495,0,07,000,00,2,5,23,C01
201200056495,0,07,000,00,2,5,23,B01
201200056496,0,07,000,00,2,4,01,B01
201200056496,0,07,000,00,2,4,01,A01
201200056496,1,07,000,00,2,1,01,Z01
201200056497,0,07,000,00,1,1,15,A01
201200056498,0,07,000,00,0,7,15,A01
201200056498,0,34,000,00,2,3,01,B01
201200056499,0,02,000,00,0,7,02,A01
201200056500,0,33,000,00,2,7,17,B01
201200056500,0,14,000,00,2,8,15,A01
201200056501,0,33,000,00,1,0,17,A01
201200056502,0,10,000,00,2,2,01,B01
201200056502,0,30,000,00,2,3,11,A01
201200056503,0,31,000,00,4,3,17,A01
201200056503,0,10,000,00,2,8,01,B01
201200056504,1,10,000,00,1,1,01,Z01
201200056505,0,07,000,00,2,1,01,A01
201200056505,0,07,000,00,2,4,23,B01
201200056506,0,10,000,00,2,4,23,C01
201200056506,0,07,000,00,2,4,23,B01
201200056506,0,07,000,00,2,0,02,A01
201200056507,0,02,000,00,2,1,07,A01
201200056507,0,07,000,00,2,7,16,B01
201200056508,1,30,000,00,2,1,18,Z01
201200056508,0,30,000,00,2,7,16,A01
201200056509,0,01,000,00,2,2,15,A01
201200056509,0,07,000,00,2,3,01,B01
201200056510,0,07,000,00,2,1,15,A01
201200056510,0,34,000,00,2,1,01,B01
201200056511,0,32,000,00,2,7,01,B01
201200056511,0,07,000,00,2,8,11,A01
201200056512,0,10,000,00,2,4,01,A01
201200056512,0,07,000,00,2,4,23,B01
201200056513,0,13,000,00,1,6,09,A01
201200056514,0,37,006,00,1,2,07,A01
201200056515,0,10,000,00,2,1,15,A01
201200056515,0,07,000,00,2,3,01,B01
201200056516,0,34,000,00,1,3,01,A01
201200056517,0,07,000,00,2,7,01,B01
201200056517,0,10,000,00,2,3,11,A01
201200056517,0,38,001,00,2,6,23,C01
201200056518,0,07,000,00,1,3,16,A01
201200056518,0,07,000,00,2,1,16,B01
201200056519,0,07,000,11,0,3,01,A01
201200056520,0,32,000,00,9,0,21,A01
201200056521,0,32,000,01,0,8,01,A01
201200056522,0,07,000,00,2,1,01,B01
201200056522,0,07,000,00,2,7,01,A01
201200056523,0,32,000,00,2,2,03,A01
201200056523,0,07,000,00,0,5,01,C01
201200056523,0,07,000,00,0,0,01,B01
201200056524,0,07,000,00,0,3,09,A01
201200056524,0,34,000,00,2,2,17,B01
201200056525,0,07,000,00,0,0,15,A01
201200056526,0,07,000,00,2,8,15,B01
201200056526,0,32,000,00,2,1,17,A01
201200056527,0,32,000,00,2,3,11,A01
201200056527,0,30,000,00,2,2,17,B01
201200056528,0,07,000,00,0,2,22,B01
201200056528,0,32,000,00,2,8,18,A01
201200056529,0,07,000,00,2,4,23,B01
201200056529,0,07,000,00,2,1,01,A01
201200056529,0,07,000,00,2,4,23,C01
201200056530,0,07,000,00,2,8,09,A01
201200056530,0,32,000,00,2,1,01,B01
201200056531,0,07,000,00,1,1,01,A01
201200056532,0,34,000,12,0,1,01,A01
201200056533,0,02,000,00,2,7,17,A01
201200056533,0,07,000,00,2,8,15,B01
201200056534,0,10,000,00,0,2,16,A01
201200056534,0,30,000,00,2,8,18,B01
201200056535,0,30,000,00,2,2,01,A01
201200056535,0,07,000,00,2,3,09,B01
201200056536,0,07,000,00,1,2,01,A01
201200056537,0,07,000,00,2,7,16,B01
201200056537,0,30,000,00,2,3,07,A01
201200056538,0,07,000,00,1,8,15,A01
201200056539,0,07,000,01,0,3,01,A01
201200056540,0,07,000,00,2,6,13,A01
201200056540,0,32,000,00,2,2,01,B01
201200056541,1,07,000,00,0,0,00,Z01
201200056542,1,07,000,01,1,2,01,Z01
201200056543,0,01,000,00,1,1,01,A01
201200056544,0,07,000,00,1,3,01,A01
201200056545,0,01,000,00,2,4,02,B01
201200056545,0,10,000,00,2,4,02,A01
201200056546,0,07,000,00,2,5,15,A01
201200056546,0,33,000,00,2,3,01,B01
201200056547,0,07,000,00,2,5,23,C01
201200056547,0,10,000,00,2,1,02,A01
201200056547,0,30,000,00,2,4,02,B01
201200056548,0,07,000,00,2,1,02,A01
201200056548,0,10,000,00,2,4,23,B01
201200056549,0,32,000,00,1,1,01,A01
201200056550,0,32,000,00,2,0,02,A01
201200056550,0,14,000,00,2,6,02,B01
201200056551,0,37,001,00,2,1,23,B01
201200056551,0,07,000,00,2,3,07,A01
201200056552,0,07,000,00,2,3,15,B01
201200056552,0,33,000,00,2,1,17,A01
201200056553,0,07,000,00,1,1,01,A01
201200056554,0,07,000,00,2,3,15,A01
201200056554,0,31,000,00,2,5,17,B01
201200056555,0,01,000,00,2,2,01,B01
201200056555,0,14,000,00,2,5,17,A01
201200056556,0,33,000,00,2,1,01,B01
201200056556,2,07,000,00,2,2,01,A01
201200056557,0,07,000,00,1,7,01,A01
201200056558,0,07,000,14,0,3,15,A01
201200056559,0,34,000,00,2,1,01,A01
201200056559,0,07,000,00,2,1,15,B01
201200056560,0,07,000,00,2,1,02,A01
201200056560,0,07,000,00,2,4,23,B01
201200056560,0,10,000,00,2,4,23,C01
201200056561,0,37,005,00,2,3,15,A01
201200056561,0,33,000,00,2,8,01,B01
201200056562,0,07,000,00,2,5,17,A01
201200056562,0,34,000,00,2,2,17,B01
201200056563,0,07,000,00,2,1,15,A01
201200056563,0,07,000,00,2,4,23,B01
201200056564,1,01,000,00,1,1,01,Z01
201200056565,0,30,000,00,2,8,01,B01
201200056565,0,07,000,00,2,2,15,A01
201200056566,0,32,000,00,2,1,23,B01
201200056566,0,07,000,00,2,1,15,A01
201200056567,0,10,000,00,2,1,01,B01
201200056567,0,10,000,01,2,5,01,A01
201200056568,0,07,000,01,0,2,13,A01
201200056569,0,02,000,00,2,1,01,B01
201200056569,0,07,000,00,2,1,15,A01
201200056570,0,01,000,00,1,0,05,A01
201200056571,0,32,000,07,0,0,13,A01
201200056572,0,07,000,00,1,2,01,A01
201200056573,0,10,000,11,0,1,15,A01
201200056574,0,30,000,14,0,3,01,A01
201200056575,0,07,000,00,1,2,01,A01
201200056576,0,33,000,00,1,1,01,A01
201200056577,0,07,000,00,1,2,07,A01
201200056578,0,07,000,00,1,3,01,A01
201200056579,0,07,000,00,2,1,01,A01
201200056579,0,10,000,00,2,8,05,B01
201200056580,0,07,000,00,1,1,15,A01
201200056581,0,30,000,11,0,1,13,A01
201200056582,0,07,000,00,2,3,24,A01
201200056582,0,32,000,00,2,1,18,B01
201200056583,0,07,000,00,2,5,23,B01
201200056583,0,07,000,00,2,1,02,A01
201200056584,1,07,000,00,2,2,01,A01
201200056584,1,07,000,00,2,0,01,Z01
201200056585,0,33,000,00,0,0,01,A01
201200056586,0,07,000,01,2,3,16,B01
201200056586,0,10,000,00,2,2,01,A01
201200056587,0,30,000,12,0,3,13,A01
201200056588,0,31,000,00,2,1,01,B01
201200056588,0,07,000,00,2,5,15,A01
201200056589,0,32,000,00,1,1,01,A01
201200056590,0,30,000,00,2,7,17,B01
201200056590,0,07,000,00,2,3,13,A01
201200056591,0,33,000,00,2,1,07,A01
201200056591,0,02,000,00,2,5,16,B01
201200056592,0,31,000,03,0,0,00,A01
201200056593,0,07,000,00,1,2,01,A01
201200056594,0,33,000,00,2,6,15,B01
201200056594,0,30,000,00,2,1,01,A01
201200056595,0,07,000,00,2,2,14,A01
201200056595,0,33,000,00,2,0,23,B01
201200056596,0,37,001,00,1,2,01,A01
201200056597,0,34,000,00,1,1,17,A01
201200056598,0,07,000,00,2,1,02,A01
201200056598,0,07,000,00,2,4,02,B01
201200056599,0,30,000,00,2,8,01,B01
201200056599,0,07,000,00,2,2,15,A01
201200056600,0,07,000,00,2,8,22,A01
201200056600,0,01,000,00,2,1,01,B01
201200056601,0,32,000,00,2,5,17,B01
201200056601,0,07,000,00,2,2,01,A01
201200056602,1,07,000,00,2,3,13,Z01
201200056602,0,02,000,00,2,7,01,A01
201200056603,0,01,000,00,1,1,01,A01
201200056604,0,07,000,00,2,5,12,B01
201200056604,0,30,000,00,2,3,18,A01
201200056605,0,32,000,00,1,1,17,A01
201200056606,0,07,000,00,2,4,17,A01
201200056606,0,37,020,00,2,1,07,B01
201200056607,0,07,000,00,1,2,01,A01
201200056608,0,07,000,00,1,2,01,A01
201200056609,0,07,000,01,2,9,10,A01
201200056609,0,07,000,00,2,3,17,B01
201200056610,0,07,000,00,2,3,15,B01
201200056610,0,32,000,00,2,1,05,A01
201200056611,0,10,000,00,2,3,09,B01
201200056611,0,01,000,00,2,1,01,A01
201200056612,0,01,000,00,1,1,01,A01
201200056613,0,33,000,12,0,0,21,A01
201200056614,0,01,000,00,1,1,01,A01
201200056615,0,34,000,00,2,2,17,B01