Num_Acc,senc,catv,occutc,obs,obsm,choc,manv,num_veh
201200058185,0,32,000,00,2,1,01,A01
201200058186,0,07,000,00,2,3,15,B01
201200058186,0,32,000,00,2,7,05,A01
201200058187,1,02,000,00,1,0,01,Z01
201200058188,0,07,000,00,1,2,01,A01
201200058189,0,33,000,00,2,1,02,A01
201200058189,0,07,000,00,2,5,02,B01
201200058190,0,07,000,00,2,3,04,A01
201200058190,0,30,000,00,2,1,01,B01
201200058191,0,07,000,00,1,2,16,A01
201200058192,0,33,000,00,2,9,18,A01
201200058192,0,07,000,00,2,5,16,B01
201200058193,0,07,000,00,1,2,01,A01
201200058194,0,30,000,00,0,7,23,B01
201200058194,0,07,000,00,0,8,15,A01
201200058195,0,07,000,00,2,8,01,B01
201200058195,0,31,000,00,2,1,01,A01
201200058196,0,10,000,00,2,3,01,A01
201200058196,0,01,000,00,2,8,09,B01
201200058197,0,30,000,14,0,0,17,A01
201200058198,0,07,000,00,2,1,15,B01
201200058198,0,32,000,00,2,7,17,A01
201200058199,0,01,000,00,2,2,07,B01
201200058199,0,10,000,00,2,8,22,A01
201200058200,0,07,000,00,2,3,10,A01
201200058200,0,31,000,00,2,2,17,B01
201200058201,0,10,000,00,1,3,01,A01
201200058202,0,33,000,00,2,2,16,A01
201200058202,0,07,000,00,2,3,01,B01
201200058203,0,32,000,00,2,5,15,B01
201200058203,0,01,000,00,2,1,07,A01
201200058204,0,07,000,00,1,3,15,A01
201200058205,0,01,000,00,0,4,01,B01
201200058205,0,07,000,00,9,1,01,A01
201200058206,0,07,000,00,2,7,15,A01
201200058206,0,33,000,00,2,1,01,B01
201200058207,0,02,000,00,2,2,18,A01
201200058207,0,10,000,00,2,3,15,B01
201200058208,0,01,000,00,2,7,15,A01
201200058208,0,34,000,00,2,1,01,B01
201200058209,0,33,000,00,2,5,17,A01
201200058209,0,07,000,00,2,8,23,B01
201200058210,0,34,000,00,0,7,01,B01
201200058210,0,07,000,00,0,8,09,A01
201200058211,0,07,000,00,2,2,16,A01
201200058211,0,32,000,00,2,8,18,B01
201200058212,1,07,000,00,2,0,22,Z01
201200058212,0,33,000,00,2,2,01,A01
201200058213,0,31,000,00,2,7,17,B01
201200058213,0,07,000,00,2,8,15,A01
201200058214,0,07,000,00,2,8,01,A01
201200058214,1,07,000,00,2,1,01,Z01
201200058215,0,30,000,00,2,1,18,A01
201200058215,0,07,000,00,2,3,15,B01
201200058216,0,07,000,00,2,5,02,B01
201200058216,0,07,000,00,2,3,02,A01
201200058217,0,33,000,00,2,1,01,A01
201200058217,0,02,000,00,2,1,05,B01
201200058218,0,32,000,00,2,2,01,B01
201200058218,0,07,000,00,2,3,01,A01
201200058219,0,07,000,00,1,1,01,A01
201200058220,0,33,000,00,2,7,01,B01
201200058220,0,10,000,00,2,1,01,A01
201200058221,0,32,000,00,1,2,17,A01
201200058222,0,10,000,00,2,2,01,A01
201200058222,0,33,000,00,2,6,01,B01
201200058223,0,32,000,00,2,1,01,A01
201200058223,0,10,000,00,2,2,15,B01
201200058224,0,07,000,00,2,6,01,B01
201200058224,0,02,000,00,2,2,15,A01
201200058225,0,30,000,14,2,1,01,A01
201200058226,0,32,000,00,2,1,02,A01
201200058226,0,10,000,00,2,4,02,B01
201200058227,0,32,000,00,0,8,01,A01
201200058228,0,32,000,00,2,1,17,B01
201200058228,0,07,000,00,2,1,15,A01
201200058229,0,07,000,00,1,8,01,A01
201200058230,0,07,000,00,2,3,15,B01
201200058230,0,30,000,00,2,1,17,A01
201200058231,0,07,000,00,2,1,02,A01
201200058231,0,07,000,00,2,4,02,B01
201200058231,0,07,000,00,2,4,02,C01
201200058232,0,30,000,00,2,0,21,A01
201200058233,0,01,000,00,2,1,17,B01
201200058233,0,07,000,00,2,8,15,A01
201200058234,0,34,000,00,0,0,01,A01
201200058235,0,31,000,00,2,1,01,A01
201200058235,1,07,000,00,2,0,15,Z01
201200058236,0,10,000,00,1,4,04,A01
201200058237,0,31,000,00,0,8,01,A01
201200058238,0,07,000,00,2,1,02,A01
201200058238,0,07,000,00,2,4,02,B01
201200058239,0,07,000,00,2,3,01,A01
201200058239,0,07,000,00,2,1,15,B01
201200058240,0,07,000,00,2,3,15,A01
201200058240,0,32,000,01,2,1,01,B01
201200058241,0,32,000,01,0,1,13,A01
201200058242,0,10,000,00,1,4,04,A01
201200058243,0,30,000,00,1,1,07,A01
201200058244,0,10,000,00,2,2,16,A01
201200058244,0,33,000,01,2,6,18,B01
201200058245,0,07,000,00,2,8,22,A01
201200058245,0,01,000,00,2,1,01,B01
201200058246,0,07,000,00,1,1,01,A01
201200058247,0,10,000,00,0,4,01,B01
201200058247,0,07,000,00,2,1,01,A01
201200058248,0,07,000,00,0,0,15,A01
201200058248,0,32,000,00,2,0,17,B01
201200058249,0,07,000,01,0,2,00,A01
201200058250,0,07,000,00,1,2,16,A01
201200058251,0,02,000,00,2,2,15,B01
201200058251,0,07,000,00,2,1,01,A01
201200058252,0,07,000,00,0,8,15,B01
201200058252,0,32,000,00,2,1,17,A01
201200058253,0,07,000,00,2,3,09,A01
201200058253,0,33,000,00,2,7,01,B01
201200058254,0,01,000,11,2,8,15,A01
201200058254,0,02,000,00,2,1,17,B01
201200058255,0,10,000,00,2,4,02,B01
201200058255,0,07,000,00,2,1,02,A01
201200058256,0,07,000,00,2,3,15,B01
201200058256,0,32,000,00,2,1,17,A01
201200058257,0,30,000,00,2,1,03,A01
201200058257,1,07,000,00,0,0,15,Z01
201200058258,0,10,000,09,0,3,01,A01
201200058259,0,32,000,00,2,1,01,A01
201200058259,0,07,000,00,0,6,13,B01
201200058260,0,07,000,00,2,8,15,A01
201200058260,0,34,000,00,2,2,17,B01
201200058261,0,02,000,00,0,0,21,A01
201200058262,0,30,000,00,2,8,01,A01
201200058262,0,10,000,00,0,3,23,B01
201200058263,0,33,000,00,1,1,17,A01
201200058264,0,07,000,00,2,1,01,A01
201200058264,0,34,000,00,2,8,01,B01
201200058265,0,38,001,00,2,5,16,A01
201200058265,0,01,000,00,2,8,18,B01
201200058266,0,07,000,00,1,3,01,A01
201200058267,0,07,000,00,9,7,01,A01
201200058267,0,32,000,00,2,1,01,B01
201200058268,0,33,000,00,2,1,01,B01
201200058268,0,10,000,00,2,5,04,A01
201200058269,0,07,000,00,2,1,01,B01
201200058269,0,02,000,00,2,7,01,A01
201200058270,0,07,000,00,2,4,01,A01
201200058270,0,01,000,00,0,4,23,B01
201200058271,0,32,000,00,2,1,17,A01
201200058271,0,07,000,00,2,3,15,B01
201200058272,0,07,000,00,2,8,01,B01
201200058272,0,07,000,00,2,1,01,C01
201200058272,0,07,000,01,2,1,05,A01
201200058273,0,30,000,00,2,3,07,B01
201200058273,0,07,000,00,2,2,16,A01
201200058274,0,07,000,00,2,2,11,B01
201200058274,0,32,000,00,0,6,01,A01
201200058275,0,07,000,00,2,3,15,A01
201200058275,0,34,000,00,2,1,17,B01
201200058276,0,07,000,00,1,2,01,A01
201200058277,0,07,000,00,2,2,01,A01
201200058277,0,34,000,00,2,8,01,B01
201200058278,0,30,000,00,0,1,01,B01
201200058278,0,10,000,00,0,2,01,A01
201200058279,0,30,000,01,2,1,18,B01
201200058279,0,07,000,00,2,0,22,A01
201200058280,0,30,000,00,1,1,01,A01
201200058281,0,30,000,00,0,0,01,A01
201200058282,0,30,000,00,2,1,01,A01
201200058282,0,07,000,00,0,5,23,B01
201200058283,0,32,000,00,1,1,01,A01
201200058284,0,32,000,00,2,2,07,A01
201200058284,0,10,000,00,2,3,24,B01
201200058285,2,07,000,00,2,1,01,W01
201200058285,1,07,000,00,2,8,16,Z01
201200058285,0,02,000,00,2,9,16,A01
201200058286,0,33,000,00,2,8,21,A01
201200058286,0,07,000,00,2,3,01,B01
201200058287,0,07,000,00,0,4,01,B01
201200058287,0,10,000,00,2,1,01,A01
201200058288,0,07,000,00,1,3,16,A01
201200058289,0,01,000,00,1,0,17,A01
201200058290,1,02,000,00,1,1,01,Z01
201200058291,0,07,000,00,1,7,01,A01
201200058292,0,30,000,00,1,1,17,A01
201200058293,0,33,000,00,1,1,01,A01
201200058294,0,07,000,00,1,3,01,A01
201200058295,0,10,000,00,2,3,15,B01
201200058295,0,32,000,00,2,3,17,A01
201200058296,0,07,000,00,2,3,14,A01
201200058296,0,30,000,00,2,1,07,B01
201200058297,0,07,000,00,0,8,01,A01
201200058298,0,07,000,00,1,2,01,A01
201200058299,0,32,000,00,2,1,15,A01
201200058299,0,07,000,00,2,3,01,B01
201200058300,0,02,000,14,0,2,16,A01
201200058301,0,07,000,00,1,1,01,A01
201200058302,0,33,000,00,2,2,03,B01
201200058302,0,07,000,00,2,3,11,A01
201200058303,0,33,000,00,0,7,01,A01
201200058303,0,37,001,00,2,1,23,B01
201200058304,0,32,000,00,2,4,23,A01
201200058304,0,07,000,00,0,4,20,B01
201200058305,0,07,000,00,2,8,15,B01
201200058305,0,32,000,00,2,7,17,A01
201200058306,0,34,000,00,2,2,01,A01
201200058306,0,07,000,01,2,6,01,B01
201200058307,0,34,000,00,0,8,01,A01
201200058308,0,07,000,00,1,1,01,A01
201200058309,0,07,000,00,2,6,09,A01
201200058309,0,32,000,00,2,1,01,B01
201200058310,0,07,000,00,1,1,10,A01
201200058311,0,32,000,00,1,1,17,A01
201200058312,0,07,000,00,2,0,14,A01
201200058312,0,34,000,00,2,0,01,B01
201200058313,0,31,000,00,2,2,01,B01
201200058313,0,10,000,00,2,1,01,A01
201200058314,0,33,000,00,1,1,17,A01
201200058315,0,01,000,00,1,1,07,A01
201200058316,0,07,000,00,2,2,23,C01
201200058316,0,32,000,00,2,4,03,A01
201200058316,0,07,000,00,2,3,23,B01
201200058317,0,07,000,00,2,3,07,B01
201200058317,0,07,000,00,2,2,15,A01
201200058318,0,07,000,00,2,1,02,A01
201200058318,0,02,000,00,2,4,23,B01
201200058319,0,33,000,00,2,2,01,A01
201200058319,0,32,000,00,2,3,15,B01
201200058320,1,37,001,00,1,1,01,Z01
201200058321,0,31,000,00,0,0,21,A01
201200058322,0,31,000,00,2,4,23,B01
201200058322,0,02,000,01,2,1,02,A01
201200058323,0,07,000,00,2,8,13,A01
201200058323,0,32,000,00,2,7,17,B01
201200058324,0,31,000,00,2,1,17,B01
201200058324,0,07,000,00,2,8,15,A01
201200058325,0,02,000,00,0,1,07,B01
201200058325,0,10,000,00,0,2,16,A01
201200058326,0,30,000,00,1,1,01,A01
201200058327,0,33,000,00,2,1,01,B01
201200058327,0,10,000,00,2,1,15,A01
201200058328,0,32,000,00,1,1,01,A01
201200058329,0,01,000,00,2,8,13,A01
201200058329,0,07,000,00,2,7,17,B01
201200058330,0,33,000,00,2,0,01,A01
201200058331,0,32,000,14,0,2,01,A01
201200058332,0,07,000,00,2,3,01,B01
201200058332,0,07,000,00,2,2,01,A01
201200058333,0,30,000,00,2,1,01,B01
201200058333,0,07,000,00,2,2,15,A01
201200058334,0,07,000,00,1,4,04,A01
201200058335,0,34,000,00,2,8,18,B01
201200058335,0,07,000,00,2,5,22,A01
201200058336,0,07,000,00,1,7,16,A01
201200058337,0,07,000,00,1,1,07,A01
201200058338,0,07,000,00,2,3,01,A01
201200058338,0,07,000,00,2,7,01,B01
201200058339,0,31,000,00,2,3,15,B01
201200058339,0,07,000,00,2,2,01,A01
201200058340,0,33,000,00,1,3,18,A01
201200058341,0,37,069,00,2,3,01,A01
201200058341,0,32,000,00,2,2,01,B01
201200058342,0,33,000,08,2,8,03,A01
201200058342,0,10,000,00,2,2,16,B01
201200058343,0,07,000,09,0,2,21,A01
201200058344,2,34,000,00,1,1,01,Z01
201200058345,0,07,000,00,2,2,15,B01
201200058345,0,33,000,00,2,8,13,A01
201200058346,0,07,000,00,2,7,10,A01
201200058346,0,32,000,00,2,1,01,B01
201200058347,0,10,000,00,1,3,01,A01
201200058348,0,07,000,00,0,3,01,A01
201200058349,0,30,000,00,2,1,01,A01
201200058349,0,07,000,00,0,5,01,B01
201200058350,0,33,000,00,1,3,17,A01
201200058351,0,07,000,00,1,2,01,A01
201200058352,0,07,000,00,2,1,01,B01
201200058352,0,02,000,00,2,2,01,A01
201200058353,0,33,000,12,0,1,01,A01
201200058354,0,10,000,00,9,4,04,A01
201200058354,0,01,000,00,2,7,07,B01
201200058355,1,07,000,00,0,0,01,A01
201200058356,0,07,000,14,0,3,01,A01
201200058357,0,15,000,00,2,1,24,B01
201200058357,0,07,000,01,0,1,01,A01
201200058358,0,30,000,00,1,1,01,A01
201200058359,0,10,000,00,1,1,15,A01
201200058360,0,32,000,00,0,1,01,A01
201200058361,0,32,000,00,0,0,01,A01
201200058362,0,07,000,14,0,2,01,A01
201200058363,0,07,000,00,2,3,10,A01
201200058363,0,02,000,00,2,2,17,B01
201200058364,0,10,000,00,2,7,10,A01
201200058364,0,34,000,00,2,1,01,B01
201200058365,0,32,000,00,2,7,01,A01
201200058365,0,07,000,00,2,2,15,B01
201200058366,0,07,000,01,0,3,13,A01
201200058367,2,33,000,00,1,0,05,Z01
201200058368,0,31,000,00,2,1,17,A01
201200058368,0,07,000,00,2,3,10,B01
201200058369,0,33,000,00,2,1,01,B01
201200058369,0,07,000,00,2,5,15,A01
201200058370,0,07,000,00,1,4,20,A01
201200058371,0,32,000,00,0,7,01,A01
201200058372,1,10,000,00,1,0,15,Z01
201200058373,1,31,000,00,1,1,03,Z01
201200058374,0,07,000,00,2,7,22,A01
201200058374,0,30,000,00,2,8,18,B01
201200058375,0,07,000,00,1,2,01,A01
201200058376,0,07,000,00,2,4,15,B01
201200058376,0,34,000,00,2,1,02,A01
201200058377,0,34,000,00,2,1,01,B01
201200058377,0,07,000,00,2,2,15,A01
201200058378,1,07,000,00,1,0,01,Z01
201200058379,0,02,000,00,1,1,15,A01
201200058380,0,07,000,00,1,1,01,A01
201200058381,0,07,000,00,1,2,01,A01
201200058382,0,07,000,00,2,7,15,A01
201200058382,0,37,001,00,2,1,01,B01
201200058383,0,38,000,00,1,2,01,A01
201200058384,0,32,000,00,2,6,01,A01
201200058384,0,07,000,00,2,3,09,B01
201200058385,0,01,000,00,2,7,01,B01
201200058385,0,07,000,00,2,3,10,A01
201200058386,0,01,000,00,2,3,01,A01
201200058386,1,10,000,00,2,0,14,Z01
201200058387,0,07,000,00,1,7,04,A01
201200058388,0,07,000,00,1,1,15,A01
201200058389,0,33,000,00,2,2,03,A01
201200058389,0,07,000,00,0,7,01,C01
201200058389,0,07,000,00,0,3,01,B01
201200058390,0,07,000,11,0,1,14,A01
201200058391,0,07,000,00,1,1,01,A01
201200058392,1,30,000,00,1,0,17,Z01
201200058393,0,33,000,00,1,2,01,A01
201200058394,0,32,000,00,2,1,01,B01
201200058394,1,33,000,00,2,0,01,Z01
201200058394,0,10,000,00,2,3,16,A01
201200058395,1,02,000,00,1,0,01,Z01
201200058396,0,07,000,00,2,3,15,A01
201200058396,0,33,000,00,2,1,17,B01
201200058397,0,07,000,00,1,1,01,A01
201200058398,0,07,000,00,2,2,15,A01
201200058398,0,33,000,00,2,8,01,B01
201200058399,0,33,000,00,2,2,17,B01
201200058399,0,07,000,00,2,3,13,A01
201200058400,0,10,000,00,2,3,09,A01
201200058400,0,30,000,00,2,1,01,B01
201200058401,0,30,000,11,0,1,17,A01
201200058402,0,30,000,00,2,1,01,A01
201200058402,0,07,000,00,2,3,01,B01
201200058403,0,02,000,00,2,1,01,B01
201200058403,0,07,000,00,2,4,16,A01
201200058404,0,07,000,00,2,1,02,B01
201200058404,0,07,000,00,2,4,02,A01
201200058405,0,01,000,00,2,1,01,B01
201200058405,0,07,000,00,2,2,16,A01
201200058406,0,07,000,00,1,1,16,A01
201200058407,0,07,000,00,1,1,01,A01
201200058408,0,07,000,00,1,1,15,A01
201200058409,0,37,000,00,1,5,01,A01
201200058410,1,32,000,00,1,8,07,A01
201200058411,0,07,000,00,1,2,01,A01
201200058412,0,33,000,00,2,7,17,B01
201200058412,0,07,000,00,2,8,15,A01
201200058413,0,32,000,00,2,2,17,A01
201200058413,0,07,000,00,2,3,15,B01
201200058414,0,13,000,00,2,3,01,B01
201200058414,0,33,000,00,2,7,01,A01
201200058415,0,07,000,00,2,3,16,A01
201200058415,0,30,000,00,2,3,01,B01
201200058416,0,33,000,15,2,3,01,B01
201200058416,0,07,000,00,2,7,12,A01
201200058417,0,31,000,00,2,1,01,A01
201200058417,1,07,000,00,2,2,01,Z01
201200058418,0,32,000,00,1,3,01,A01
201200058419,1,07,000,00,2,0,01,Z01
201200058419,0,02,000,00,2,8,01,A01
201200058420,0,07,000,00,2,3,15,B01
201200058420,0,02,000,00,2,1,17,A01
201200058421,0,07,000,00,1,8,07,A01
201200058422,0,33,000,00,2,1,01,B01
201200058422,0,07,000,00,2,3,09,A01
201200058423,0,07,000,00,2,3,13,A01
201200058423,0,07,000,00,2,3,23,B01
201200058424,0,07,000,00,2,2,14,A01
201200058424,0,30,000,00,2,3,01,B01
201200058425,0,07,000,00,2,8,01,A01
201200058425,0,07,000,00,2,1,01,B01
201200058426,0,07,000,00,2,0,02,D01
201200058426,0,07,000,00,2,9,02,B01
201200058426,0,07,000,00,2,4,02,E01
201200058426,0,07,000,00,2,1,02,A01
201200058426,0,07,000,00,2,9,02,C01
201200058427,0,07,000,00,2,7,01,B01
201200058427,0,30,000,00,2,8,13,A01
201200058428,0,07,000,00,2,8,18,A01
201200058428,0,14,000,00,2,1,01,B01
201200058429,0,07,000,00,2,9,01,B01
201200058429,0,07,000,00,2,9,01,A01
201200058430,0,32,000,00,2,3,16,A01
201200058430,1,07,000,00,2,1,01,Z01
201200058431,0,07,000,00,1,2,01,A01
201200058432,0,33,000,00,2,7,17,B01
201200058432,0,07,000,00,0,3,15,A01
201200058433,0,07,000,00,1,2,01,A01
201200058434,0,07,000,00,0,0,01,A01
201200058435,0,32,000,00,2,1,17,A01
201200058435,1,07,000,00,2,8,15,Z01
201200058436,0,38,049,00,2,2,07,B01
201200058436,0,07,000,00,2,3,22,A01
201200058437,0,07,000,00,2,8,10,A01
201200058437,0,30,000,00,2,2,01,B01
201200058438,1,07,000,00,1,1,01,Z01
201200058439,0,07,000,00,1,1,15,A01
201200058440,0,07,000,00,1,3,01,A01
201200058441,0,07,000,00,2,1,02,A01
201200058441,0,07,000,00,2,4,23,B01
201200058442,0,33,000,00,2,2,17,B01
201200058442,0,07,000,00,2,3,10,A01
201200058443,0,34,000,00,2,7,01,A01
201200058443,1,07,000,00,2,3,13,Z01
201200058444,0,07,000,00,1,1,15,A01
201200058445,0,07,000,00,1,3,01,A01
201200058446,0,33,000,01,2,9,01,A01
201200058446,1,07,000,00,2,0,17,Z01
201200058447,0,07,000,00,2,8,01,B01
201200058447,0,07,000,00,2,2,07,A01
201200058448,0,10,000,00,2,7,22,A01
201200058448,0,01,000,00,2,1,01,B01
201200058449,0,13,000,00,2,0,01,A01
201200058449,0,32,000,00,2,1,01,C01
201200058449,0,07,000,00,2,4,01,B01
201200058450,0,07,000,00,2,3,02,A01
201200058450,0,07,000,00,2,4,23,B01
201200058451,0,07,000,00,2,2,16,B01
201200058451,0,33,000,00,2,3,18,A01
201200058452,0,33,000,00,2,1,01,A01
201200058452,2,07,000,00,2,2,15,Z01
201200058453,0,32,000,00,1,1,01,A01
201200058454,0,07,000,00,1,3,01,A01
201200058455,0,33,000,00,2,3,13,A01
201200058455,0,07,000,00,2,3,01,B01
201200058456,0,02,000,00,2,5,05,A01
201200058456,0,07,000,00,2,3,13,B01
201200058457,0,32,000,00,2,3,18,A01
201200058457,0,07,000,00,2,2,16,B01
201200058458,0,07,000,00,1,3,15,A01
201200058459,0,07,000,00,0,5,01,A01
201200058459,0,31,000,00,0,8,01,B01
201200058460,0,07,000,00,1,3,20,A01
201200058461,1,07,000,00,2,8,13,Z01
201200058461,0,33,000,00,2,8,01,A01
201200058461,0,07,000,00,2,3,23,B01
201200058462,0,10,000,00,2,4,04,A01
201200058462,0,01,000,00,2,1,01,B01
201200058463,0,33,000,00,2,1,01,B01
201200058463,0,07,000,00,2,5,01,A01
201200058464,2,10,000,00,1,4,04,A01
201200058465,0,07,000,00,2,1,01,A01
201200058465,0,07,000,00,2,4,01,B01
201200058466,0,13,000,00,2,2,02,B01
201200058466,0,32,000,00,2,8,23,A01
201200058467,0,10,000,00,1,3,01,A01
201200058468,0,30,000,00,1,1,01,A01
201200058469,1,30,000,00,2,1,13,Z01
201200058469,0,01,000,00,2,4,01,A01
201200058470,0,07,000,00,2,3,15,A01
201200058470,0,32,000,00,2,6,01,B01
201200058471,0,07,000,00,1,5,04,A01
201200058472,0,07,000,00,1,2,01,A01
201200058473,0,33,000,00,2,4,02,B01
201200058473,0,07,000,00,2,1,02,A01
201200058474,0,07,000,00,1,6,01,A01
201200058475,0,10,000,00,2,8,09,B01
201200058475,0,32,000,00,2,2,01,A01
201200058476,0,33,000,00,1,3,01,A01
201200058477,0,32,000,00,2,7,17,B01
201200058477,0,07,000,00,2,7,13,A01
201200058478,0,07,000,00,1,3,01,A01
201200058479,0,10,000,00,1,2,01,A01
201200058480,0,32,000,00,1,1,01,A01
201200058481,0,33,000,00,1,0,01,A01
201200058482,0,07,000,00,2,1,13,A01
201200058482,0,32,000,00,2,7,15,B01
201200058483,0,07,000,00,2,3,15,A01
201200058483,0,33,000,00,2,7,17,B01
201200058484,0,32,000,00,2,4,16,B01
201200058484,0,07,000,00,2,3,16,A01
201200058485,0,34,000,00,1,1,01,A01
201200058486,0,07,000,00,2,6,14,A01
201200058486,0,07,000,00,2,1,01,B01
201200058487,0,10,000,00,2,2,16,A01
201200058487,0,02,000,00,2,3,07,B01
201200058488,0,07,000,00,1,7,01,A01
201200058489,0,32,000,00,2,8,16,B01
201200058489,0,07,000,00,2,7,16,A01
201200058489,0,07,000,00,0,0,11,C01
201200058490,0,37,025,00,1,5,09,A01
201200058491,0,02,000,00,0,2,17,B01
201200058491,0,07,000,00,0,0,15,A01
201200058492,0,38,001,00,0,7,16,A01
201200058493,0,07,000,00,2,7,01,A01
201200058493,0,07,000,00,2,9,01,B01
201200058494,0,07,000,00,1,2,04,A01
201200058495,0,07,000,00,0,1,01,A01
201200058495,0,07,000,00,0,4,23,B01
201200058496,0,07,000,00,2,2,17,A01
201200058497,0,33,000,00,2,2,01,B01
201200058497,0,07,000,00,2,1,01,A01
201200058498,0,07,000,01,0,3,16,A01
201200058499,0,07,000,00,1,2,01,A01
201200058500,0,07,000,00,2,1,01,B01
201200058500,0,07,000,00,2,3,01,A01
201200058501,0,07,000,00,1,3,01,A01
201200058502,0,07,000,00,1,4,04,A01
201200058503,0,07,000,00,2,3,15,A01
201200058503,0,01,000,00,2,4,19,B01
201200058504,0,01,000,00,2,3,01,B01
201200058504,0,07,000,00,2,7,14,A01
201200058505,0,37,000,00,0,0,21,A01
201200058506,0,07,000,00,2,0,10,A01
201200058506,0,32,000,00,2,3,01,B01
201200058507,0,10,000,00,1,2,16,A01
201200058508,0,02,000,00,2,1,17,A01
201200058508,0,07,000,00,2,3,15,B01
201200058509,0,14,000,00,1,2,01,A01
201200058510,0,07,000,00,2,8,01,B01
201200058510,0,07,000,01,2,3,15,A01
201200058511,0,07,000,00,1,3,01,A01
201200058512,0,07,000,00,1,1,01,A01
201200058513,0,07,000,00,1,1,01,A01
201200058514,0,07,000,00,2,3,15,A01
201200058514,0,32,000,00,2,7,17,B01
201200058515,0,07,000,00,2,3,01,A01
201200058515,0,33,000,00,2,2,17,B01
201200058516,0,34,000,00,2,8,01,B01
201200058516,0,07,000,00,2,7,14,A01
201200058517,0,07,000,00,2,1,01,B01
201200058517,0,30,000,00,2,7,01,A01
201200058518,0,07,000,00,2,2,10,A01
201200058518,0,32,000,00,2,3,01,B01
201200058519,0,01,000,12,1,3,13,A01
201200058520,0,07,000,00,1,1,01,A01
201200058521,1,10,000,00,1,4,04,Z01
201200058522,0,07,000,00,1,2,01,A01
201200058523,0,07,000,00,2,8,22,A01
201200058523,0,02,000,00,2,8,17,B01
201200058524,0,01,000,00,0,1,21,A01
201200058525,0,02,000,00,0,0,07,A01
201200058526,0,07,000,00,2,3,15,A01
201200058526,0,32,000,00,2,8,01,B01
201200058527,0,32,000,00,2,1,01,A01
201200058527,0,07,000,00,2,5,01,B01
201200058528,0,33,000,00,2,1,01,B01
201200058528,0,07,000,00,2,3,10,A01
201200058529,0,14,000,00,1,5,04,A01
201200058530,1,07,000,15,0,2,14,Z01
201200058531,0,34,000,00,2,1,02,A01
201200058531,0,07,000,00,2,4,23,B01
201200058532,0,34,000,00,2,3,01,A01
201200058532,1,07,000,00,2,0,01,Z01
201200058533,0,33,000,00,2,2,15,A01
201200058533,0,30,000,00,2,7,01,B01
201200058534,0,07,000,00,2,1,01,B01
201200058534,0,07,000,01,2,7,01,A01
201200058535,0,07,000,00,1,2,01,A01
201200058536,0,07,000,00,2,1,01,A01
201200058536,0,07,000,08,2,8,01,B01
201200058537,0,07,000,00,1,3,15,A01
201200058538,0,30,000,00,1,2,01,A01
201200058539,0,10,000,00,1,6,15,A01
201200058540,0,32,000,00,2,7,01,A01
201200058540,1,02,000,00,2,3,10,Z01
201200058541,0,33,000,00,2,6,01,A01
201200058541,0,07,000,00,2,2,23,B01
201200058541,1,07,000,00,2,0,16,Z01
201200058542,0,13,000,00,1,1,01,A01
201200058543,1,07,000,00,2,4,02,Z01
201200058543,0,07,000,00,2,4,23,A01
201200058543,0,07,000,00,2,4,23,B01
201200058544,0,38,000,00,1,1,01,A01
201200058545,0,33,000,00,2,7,01,B01
201200058545,0,07,000,00,2,3,01,A01
201200058546,1,07,000,00,2,1,02,Z01
201200058546,0,32,000,00,2,4,23,A01
201200058547,0,07,000,00,2,1,01,A01
201200058547,0,07,000,06,2,3,01,B01
201200058548,1,07,000,00,1,7,15,Z01
201200058549,0,10,000,00,1,8,01,A01
201200058550,1,07,000,00,2,2,02,Z01
201200058550,0,01,000,00,2,8,02,A01
201200058551,0,07,000,00,1,3,01,A01
201200058552,0,07,000,14,0,1,01,A01
201200058553,0,07,000,00,2,2,16,B01
201200058553,0,30,000,00,2,8,18,A01
201200058554,0,30,000,00,2,4,23,B01
201200058554,1,07,000,00,2,1,01,Z01
201200058555,0,07,000,00,2,3,01,A01
201200058555,0,30,000,00,2,7,01,B01
201200058556,0,37,000,00,1,2,01,A01
201200058557,1,07,000,00,1,1,01,Z01
201200058558,0,07,000,00,1,6,20,A01
201200058559,0,02,000,00,1,1,01,A01
201200058560,0,02,000,00,2,1,17,A01
201200058560,0,07,000,00,2,3,10,B01
201200058561,0,07,000,14,0,9,14,A01
201200058562,0,33,000,00,2,3,01,B01
201200058562,0,07,000,00,2,1,01,A01
201200058563,0,02,000,00,0,0,07,B01
201200058563,0,07,000,00,0,1,15,A01
201200058564,0,32,000,00,1,1,07,A01
201200058565,0,07,000,00,0,1,23,A01
201200058565,0,07,000,00,0,4,01,B01
201200058566,0,07,000,01,0,1,13,A01
201200058567,0,07,000,00,2,6,02,A01
201200058567,1,07,000,00,2,1,02,Z01
201200058568,0,30,000,00,2,5,16,A01
201200058568,0,01,000,00,2,3,01,B01
201200058569,0,32,000,00,1,1,01,A01
201200058570,0,30,000,00,0,3,01,A01
201200058571,0,31,000,00,2,7,17,B01
201200058571,0,07,000,00,2,8,10,A01
201200058572,0,30,000,00,2,8,01,A01
201200058572,1,10,000,00,0,0,12,Z01
201200058573,0,07,000,00,2,8,01,B01
201200058573,0,01,000,00,2,1,05,A01
201200058574,0,10,000,00,2,1,02,A01
201200058574,0,07,000,00,2,4,23,B01
201200058575,0,07,000,00,2,2,01,A01
201200058575,0,10,000,00,2,3,01,B01
201200058576,0,07,000,00,2,8,01,B01
201200058576,0,30,000,00,2,7,17,A01
201200058577,0,33,000,00,2,7,01,A01
201200058577,0,10,000,00,2,3,01,B01