Num_Acc,senc,catv,occutc,obs,obsm,choc,manv,num_veh
201200058578,0,30,000,00,2,1,17,B01
201200058578,0,07,000,00,2,8,15,A01
201200058579,0,07,000,00,1,1,01,A01
201200058580,0,01,000,00,2,1,02,A01
201200058580,0,07,000,00,2,5,23,B01
201200058581,0,10,000,00,1,2,16,A01
201200058582,0,07,000,00,2,3,10,A01
201200058582,0,32,000,00,2,1,17,B01
201200058583,0,33,000,00,2,2,17,B01
201200058583,0,10,000,00,2,3,10,A01
201200058584,2,07,000,00,2,3,13,Z01
201200058584,0,30,000,00,2,7,17,A01
201200058585,0,07,000,00,2,2,01,A01
201200058585,0,07,000,08,2,5,15,B01
201200058586,1,30,000,00,1,3,01,Z01
201200058587,0,32,000,00,2,6,16,A01
201200058587,0,07,000,00,2,1,15,B01
201200058588,0,07,000,00,2,6,10,A01
201200058588,0,30,000,00,2,1,17,B01
201200058589,0,02,000,00,1,1,01,A01
201200058590,0,07,000,00,2,4,23,B01
201200058590,0,07,000,00,2,1,02,A01
201200058591,0,30,000,00,2,7,17,B01
201200058591,0,07,000,00,2,8,15,A01
201200058592,0,37,030,00,2,6,03,B01
201200058592,0,30,000,00,2,5,17,A01
201200058593,1,33,000,00,1,0,01,A01
201200058594,0,10,000,00,2,8,13,A01
201200058594,0,32,000,00,2,2,17,B01
201200058595,0,31,000,00,1,1,01,A01
201200058596,0,32,000,00,1,3,01,A01
201200058597,0,07,000,00,1,1,01,A01
201200058598,0,07,000,00,0,7,15,A01
201200058598,0,07,000,00,2,3,01,C01
201200058598,0,33,000,00,2,4,01,B01
201200058599,0,32,000,00,2,8,18,A01
201200058599,1,01,000,00,2,7,14,B01
201200058600,0,07,000,00,1,0,05,A01
201200058601,0,13,000,00,2,4,04,A01
201200058601,0,34,000,00,2,1,23,B01
201200058602,0,07,000,00,2,6,15,A01
201200058602,0,02,000,00,2,1,17,B01
201200058603,0,33,000,00,2,1,01,A01
201200058603,0,07,000,00,2,6,01,B01
201200058604,0,14,000,00,1,2,01,A01
201200058605,0,30,000,00,2,2,01,B01
201200058605,0,10,000,00,2,3,09,A01
201200058606,0,07,000,06,0,1,01,A01
201200058607,0,07,000,00,1,1,01,A01
201200058608,0,31,000,00,2,1,02,A01
201200058608,0,07,000,00,2,5,02,B01
201200058609,0,02,000,00,1,2,01,A01
201200058610,0,07,000,00,2,3,01,B01
201200058610,0,32,000,00,2,1,01,A01
201200058611,0,07,000,00,2,8,15,A01
201200058611,0,32,000,00,2,7,17,B01
201200058612,0,07,000,00,1,3,15,A01
201200058613,0,38,050,01,1,5,04,A01
201200058614,0,10,000,00,1,1,01,A01
201200058615,0,32,000,00,2,1,17,A01
201200058615,0,07,000,00,2,3,15,B01
201200058616,0,10,000,00,2,3,15,A01
201200058616,0,30,000,00,2,3,01,B01
201200058617,0,07,000,00,2,3,10,A01
201200058617,0,02,000,00,2,1,05,B01
201200058618,0,10,000,00,2,3,01,A01
201200058618,0,32,000,00,2,1,13,B01
201200058619,0,30,000,15,2,1,01,B01
201200058619,0,07,000,00,2,7,09,A01
201200058620,0,10,000,00,2,2,01,A01
201200058620,0,30,000,00,2,1,01,B01
201200058621,0,32,000,00,2,4,23,B01
201200058621,0,10,000,14,2,3,01,C01
201200058621,0,07,000,00,2,7,23,A01
201200058622,0,33,000,00,2,3,01,B01
201200058622,0,07,000,00,2,2,01,A01
201200058623,0,07,000,00,2,2,07,A01
201200058623,0,33,000,00,2,5,16,B01
201200058624,0,07,000,08,0,1,01,A01
201200058625,0,32,000,00,2,4,23,B01
201200058625,0,10,000,00,2,2,16,A01
201200058626,0,33,000,00,1,1,01,A01
201200058627,0,30,000,00,2,1,17,A01
201200058627,0,33,000,00,2,4,15,B01
201200058628,0,07,000,00,1,8,15,A01
201200058629,2,10,000,00,2,1,02,Z01
201200058629,0,07,000,00,2,4,23,A01
201200058630,0,30,000,00,2,2,01,B01
201200058630,0,10,000,00,2,3,10,A01
201200058631,0,37,001,00,2,7,11,B01
201200058631,0,32,000,00,2,8,01,A01
201200058632,0,01,000,00,2,8,19,B01
201200058632,0,10,000,00,2,3,17,A01
201200058633,0,01,000,00,0,1,01,A01
201200058634,1,07,000,00,2,5,14,Z01
201200058634,0,30,000,00,2,3,01,A01
201200058635,1,07,000,00,0,0,01,A01
201200058636,0,02,000,00,0,0,15,A01
201200058637,0,07,000,00,1,1,01,A01
201200058638,0,07,000,00,2,3,09,A01
201200058638,0,01,000,00,2,1,01,B01
201200058639,0,07,000,00,2,1,01,C01
201200058639,0,07,000,00,2,4,23,A01
201200058639,0,07,000,00,2,9,23,B01
201200058640,0,07,000,00,2,6,10,A01
201200058640,0,33,000,00,2,2,17,B01
201200058641,0,32,000,00,0,7,01,A01
201200058641,0,07,000,00,0,3,23,B01
201200058642,0,37,001,00,2,3,15,A01
201200058642,0,32,000,00,2,3,01,B01
201200058643,0,02,000,00,0,2,01,B01
201200058643,0,13,000,00,2,3,13,A01
201200058644,0,07,000,00,0,1,01,A01
201200058644,0,32,000,00,0,1,01,B01
201200058645,0,07,000,00,2,1,01,A01
201200058645,0,31,000,00,0,4,23,B01
201200058646,0,31,000,00,0,3,01,A01
201200058646,1,30,000,00,0,0,01,Z01
201200058647,0,33,000,00,2,8,01,B01
201200058647,0,07,000,00,2,2,16,A01
201200058648,0,10,000,00,2,6,15,B01
201200058648,0,32,000,00,2,1,01,A01
201200058649,0,13,000,00,2,2,16,A01
201200058650,0,37,001,00,2,1,13,A01
201200058650,0,07,000,00,2,1,01,B01
201200058651,0,10,000,00,2,3,13,A01
201200058651,0,02,000,00,2,7,23,B01
201200058652,0,32,000,00,0,0,15,A01
201200058653,0,34,000,14,1,1,17,A01
201200058654,0,32,000,00,2,8,07,B01
201200058654,0,10,000,00,2,7,15,A01
201200058655,0,32,000,00,1,2,01,A01
201200058656,0,38,001,00,1,2,01,A01
201200058657,0,07,000,00,1,0,01,A01
201200058658,0,07,000,14,0,3,13,A01
201200058659,0,07,000,00,1,3,01,A01
201200058660,0,32,000,00,2,7,01,B01
201200058660,0,07,000,00,2,6,05,A01
201200058661,0,32,000,00,1,1,01,A01
201200058662,0,07,000,00,1,3,04,A01
201200058663,0,07,000,00,0,3,15,A01
201200058663,0,34,000,00,0,3,17,B01
201200058664,0,07,000,00,2,4,02,B01
201200058664,0,07,000,00,2,1,02,A01
201200058665,0,32,000,00,2,1,01,A01
201200058665,0,07,000,00,2,3,15,B01
201200058666,0,07,000,11,0,3,13,A01
201200058667,0,01,000,00,2,0,01,B01
201200058667,0,07,000,00,2,0,09,A01
201200058668,1,07,000,00,1,0,01,Z01
201200058669,0,33,000,00,1,1,01,A01
201200058670,0,07,000,00,1,1,01,A01
201200058671,0,07,000,00,0,8,10,A01
201200058671,0,33,000,00,2,1,17,B01
201200058672,0,07,000,00,1,3,15,A01
201200058673,0,33,000,00,2,1,01,B01
201200058673,0,07,000,00,2,2,10,A01
201200058674,0,10,000,00,1,3,15,A01
201200058675,0,07,000,00,1,1,01,A01
201200058676,0,07,000,00,2,7,15,B01
201200058676,0,32,000,00,2,1,01,A01
201200058677,0,07,000,14,0,1,01,A01
201200058678,0,07,000,00,0,7,16,A01
201200058678,0,30,000,00,0,1,07,B01
201200058679,0,07,000,00,0,5,17,A01
201200058679,0,32,000,00,2,1,15,B01
201200058680,1,30,000,00,1,1,01,Z01
201200058681,0,07,000,04,0,1,13,A01
201200058682,1,31,000,00,1,1,01,Z01
201200058683,0,30,000,00,0,0,21,A01
201200058684,0,33,000,00,2,4,15,A01
201200058684,0,37,001,00,2,3,07,B01
201200058685,0,30,000,00,1,1,07,A01
201200058686,0,07,000,00,2,5,15,A01
201200058686,0,01,000,00,2,1,01,B01
201200058687,0,07,000,00,1,7,01,A01
201200058688,0,07,000,15,0,1,01,A01
201200058689,0,07,000,00,2,2,01,A01
201200058689,0,07,000,00,2,1,15,B01
201200058690,0,07,000,00,1,2,01,A01
201200058691,0,32,000,00,1,0,01,A01
201200058692,0,07,000,00,1,1,01,A01
201200058693,0,07,000,00,2,3,01,A01
201200058693,0,07,000,00,2,5,23,B01
201200058694,0,07,000,00,2,1,05,A01
201200058694,0,07,000,00,2,1,01,B01
201200058695,0,07,000,00,2,1,01,B01
201200058695,0,07,000,00,2,1,01,A01
201200058696,0,07,000,00,1,3,01,A01
201200058697,0,07,000,00,2,2,01,A01
201200058698,0,07,000,00,0,1,01,A01
201200058698,0,33,000,00,2,8,01,B01
201200058699,0,02,000,00,2,3,01,A01
201200058699,1,07,000,00,2,0,12,Z01
201200058700,0,32,000,00,2,7,01,A01
201200058700,0,07,000,00,2,1,10,B01
201200058701,0,02,000,00,1,6,01,A01
201200058702,0,07,000,00,1,4,04,A01
201200058703,0,32,000,00,0,0,07,A01
201200058704,0,07,000,00,2,3,13,A01
201200058704,0,32,000,00,2,7,01,B01
201200058705,0,07,000,00,2,1,01,A01
201200058705,0,07,000,08,2,7,01,B01
201200058706,0,07,000,00,1,7,01,A01
201200058707,0,07,000,00,1,7,16,A01
201200058708,0,10,000,00,1,1,10,A01
201200058709,0,02,000,00,1,1,01,A01
201200058710,1,10,000,00,2,1,02,Z01
201200058710,0,07,000,00,2,4,23,A01
201200058711,0,07,000,00,2,2,01,B01
201200058711,0,10,000,15,2,8,15,A01
201200058712,0,13,000,00,2,2,15,A01
201200058712,0,07,000,00,2,3,15,B01
201200058713,0,07,000,00,1,1,01,A01
201200058714,0,07,000,00,1,2,01,A01
201200058715,0,37,000,00,1,7,16,A01
201200058716,0,02,000,00,2,1,17,A01
201200058716,0,07,000,00,2,5,15,B01
201200058717,0,07,000,11,0,3,15,A01
201200058718,0,32,000,00,1,1,17,A01
201200058719,0,07,000,00,1,1,15,A01
201200058720,0,10,000,00,1,3,01,A01
201200058721,0,31,000,00,1,1,01,A01
201200058722,0,07,000,00,1,2,01,A01
201200058723,0,07,000,00,1,1,17,A01
201200058724,0,07,000,00,2,3,09,A01
201200058724,0,32,000,00,2,1,01,B01
201200058725,1,07,000,00,2,1,01,A01
201200058725,0,03,000,00,2,6,01,B01
201200058726,0,33,000,00,2,1,01,A01
201200058726,0,07,000,00,2,3,01,B01
201200058727,0,32,000,00,1,1,01,A01
201200058728,0,07,000,11,0,7,15,A01
201200058729,0,07,000,00,1,3,01,A01
201200058730,0,30,000,00,2,1,05,B01
201200058730,0,07,000,00,2,2,15,A01
201200058731,0,10,000,00,2,3,16,A01
201200058731,0,01,000,00,2,1,01,B01
201200058732,0,07,000,00,2,6,02,B01
201200058732,0,07,000,00,2,2,02,A01
201200058733,1,07,000,00,1,0,01,Z01
201200058734,0,10,000,00,2,5,01,A01
201200058734,0,32,000,00,2,1,01,B01
201200058735,0,07,000,00,1,1,01,A01
201200058736,0,02,000,02,0,3,00,A01
201200058737,0,07,000,00,2,8,01,A01
201200058737,0,07,000,00,2,2,15,B01
201200058738,0,33,000,00,2,8,01,A01
201200058738,0,10,000,00,2,5,01,B01
201200058739,0,07,000,00,1,2,01,A01
201200058740,0,32,000,00,2,7,17,B01
201200058740,0,07,000,00,2,8,13,A01
201200058741,0,07,000,00,1,7,01,A01
201200058742,0,10,000,00,2,1,02,A01
201200058742,0,07,000,00,2,4,23,B01
201200058743,0,10,000,00,2,7,22,B01
201200058743,0,32,000,00,2,3,18,A01
201200058744,0,10,000,00,1,5,04,A01
201200058745,0,32,000,00,2,3,01,A01
201200058745,0,07,000,00,2,6,23,B01
201200058746,0,33,000,00,2,1,01,A01
201200058746,0,01,000,00,2,8,19,B01
201200058747,0,07,000,00,2,4,23,B01
201200058747,0,07,000,00,2,3,02,A01
201200058748,0,07,000,00,1,7,01,A01
201200058749,0,30,000,00,2,1,19,A01
201200058749,0,07,000,00,2,2,01,B01
201200058750,0,02,000,00,0,8,01,A01
201200058751,0,07,000,01,1,1,01,A01
201200058752,0,30,000,00,1,0,01,A01
201200058753,0,02,000,00,2,3,05,A01
201200058753,0,30,000,00,2,1,15,B01
201200058754,0,30,000,00,2,2,17,B01
201200058754,0,10,000,00,2,6,10,A01
201200058755,0,07,000,00,2,2,16,B01
201200058755,0,33,000,00,2,3,18,A01
201200058756,1,07,000,00,2,3,09,Z01
201200058756,0,34,000,00,2,2,01,B01
201200058757,0,07,000,00,1,1,01,A01
201200058758,0,02,000,00,2,7,01,A01
201200058758,0,07,000,00,2,3,16,B01
201200058759,0,10,000,00,1,0,01,A01
201200058760,0,30,000,00,0,7,15,A01
201200058761,0,30,000,15,2,1,17,B01
201200058761,0,07,000,00,2,6,10,A01
201200058762,1,07,000,00,2,7,15,Z01
201200058762,0,01,000,00,2,8,01,A01
201200058763,0,07,000,00,2,5,23,C01
201200058763,0,02,000,00,2,5,23,B01
201200058763,0,35,000,00,2,0,18,A01
201200058764,0,32,000,00,2,2,02,A01
201200058764,0,07,000,00,2,3,04,B01
201200058765,0,07,000,00,2,1,02,A01
201200058765,0,07,000,00,2,1,23,B01
201200058765,0,07,000,00,2,6,01,C01
201200058766,0,34,000,00,1,3,17,A01
201200058767,0,07,000,00,2,5,15,B01
201200058767,0,33,000,00,2,1,01,A01
201200058768,0,07,000,00,1,1,01,A01
201200058769,0,31,000,00,0,1,01,A01
201200058770,0,07,000,00,2,3,01,B01
201200058770,0,07,000,00,2,2,01,A01
201200058771,0,07,000,00,1,1,01,A01
201200058772,1,07,000,00,1,0,01,Z01
201200058773,0,10,000,00,1,3,15,A01
201200058774,0,10,000,00,1,2,01,A01
201200058775,0,07,000,00,1,3,16,A01
201200058776,0,33,000,00,0,0,01,A01
201200058777,0,31,000,00,0,0,21,A01
201200058778,0,07,000,00,2,2,02,A01
201200058778,0,10,000,00,2,6,02,B01
201200058779,0,07,000,00,2,1,02,A01
201200058779,0,07,000,00,2,4,02,B01
201200058780,0,07,000,00,1,2,01,A01
201200058781,0,07,000,00,2,0,02,B01
201200058781,0,07,000,00,2,0,23,A01
201200058782,0,30,000,00,1,0,17,A01
201200058783,0,02,000,00,0,0,01,A01
201200058784,0,02,000,00,2,7,01,A01
201200058784,1,07,000,00,2,8,13,Z01
201200058785,0,07,000,06,0,1,21,A01
201200058786,0,01,000,00,2,3,01,B01
201200058786,0,07,000,00,2,2,17,A01
201200058787,0,02,000,00,2,1,02,A01
201200058787,0,07,000,00,2,4,23,B01
201200058788,0,07,000,00,1,2,01,A01
201200058789,1,01,000,00,2,1,18,B01
201200058789,0,07,000,00,2,5,16,A01
201200058790,1,30,000,01,0,1,13,A01
201200058791,0,01,000,00,2,3,15,B01
201200058791,0,10,000,00,9,2,01,A01
201200058792,0,07,000,01,1,3,13,A01
201200058793,0,32,000,00,2,1,01,B01
201200058793,0,07,000,00,2,7,15,A01
201200058794,0,32,000,00,1,1,01,A01
201200058795,0,03,000,01,0,2,01,A01
201200058796,0,30,000,00,0,8,01,A01
201200058797,0,30,000,00,2,1,01,B01
201200058797,0,02,000,00,2,1,01,A01
201200058798,0,32,000,00,2,7,15,A01
201200058799,0,33,000,00,2,1,01,A01
201200058799,0,13,000,00,2,4,15,B01
201200058800,0,10,000,00,2,6,23,B01
201200058800,0,02,000,00,2,1,02,A01
201200058801,0,07,000,00,1,3,01,A01
201200058802,0,10,000,00,1,2,01,A01
201200058803,0,30,000,00,9,0,01,A01
201200058804,0,33,000,00,2,0,21,A01
201200058805,0,07,000,00,1,1,15,A01
201200058806,0,07,000,00,2,8,01,B01
201200058806,0,07,000,00,2,1,01,A01
201200058807,0,33,000,00,2,3,01,B01
201200058807,0,01,000,01,2,2,19,A01
201200058808,0,32,000,00,1,3,01,A01
201200058809,0,07,000,00,1,3,01,A01
201200058810,1,07,000,00,0,4,23,Z01
201200058810,0,30,000,00,0,1,01,A01
201200058811,0,02,000,00,2,1,00,B01
201200058811,0,07,000,00,2,5,00,A01
201200058812,0,30,000,00,1,1,01,A01
201200058813,0,07,000,00,1,3,00,A01
201200058814,0,30,000,00,2,7,17,B01
201200058814,0,07,000,00,2,8,15,A01
201200058815,0,32,000,00,2,1,15,A01
201200058815,0,07,000,00,2,8,01,B01
201200058816,0,07,000,00,2,3,01,A01
201200058816,0,34,000,00,0,4,23,B01
201200058817,0,07,000,00,2,3,01,B01
201200058817,0,32,000,00,2,1,21,A01
201200058818,0,32,000,00,2,7,17,B01
201200058818,0,07,000,00,2,2,15,A01
201200058819,0,32,000,00,2,7,17,A01
201200058819,0,15,000,00,2,8,13,B01
201200058820,0,33,000,00,0,7,01,B01
201200058820,0,07,000,00,0,1,01,A01
201200058821,0,07,000,00,2,2,15,B01
201200058821,0,32,000,00,2,8,16,A01
201200058822,0,07,000,01,0,2,14,A01
201200058823,0,01,000,00,2,1,01,B01
201200058823,0,10,000,00,2,2,16,A01
201200058824,0,07,000,00,2,3,01,B01
201200058824,1,02,000,00,2,1,14,A01
201200058825,0,10,000,00,1,0,04,A01
201200058826,0,30,000,00,0,7,15,A01
201200058827,0,10,000,00,2,4,23,A01
201200058827,1,07,000,00,2,1,02,Z01
201200058827,0,07,000,00,2,4,23,B01
201200058828,0,07,000,00,9,2,01,A01
201200058828,0,01,000,00,0,7,01,B01
201200058829,0,07,000,00,0,6,23,B01
201200058829,0,07,000,00,2,2,07,A01
201200058830,0,07,000,00,1,1,16,A01
201200058831,0,33,000,00,1,1,01,A01
201200058832,0,34,000,00,2,8,01,A01
201200058832,0,07,000,00,2,1,01,B01
201200058833,0,07,000,00,2,2,15,A01
201200058833,0,01,000,00,2,1,01,B01
201200058834,0,07,000,00,1,1,01,A01
201200058835,0,34,000,00,0,0,16,A01
201200058836,0,07,000,00,1,4,04,A01
201200058837,0,07,000,00,1,2,01,A01
201200058838,0,07,000,00,2,3,16,B01
201200058838,0,33,000,00,2,1,13,A01
201200058839,0,07,000,00,1,3,15,A01
201200058840,0,07,000,00,2,8,10,A01
201200058840,0,32,000,00,2,8,01,B01
201200058841,1,32,000,00,1,0,01,Z01
201200058842,0,33,000,00,2,8,17,A01
201200058842,0,10,000,00,2,0,10,B01
201200058843,0,07,000,00,2,1,02,A01
201200058843,0,10,000,00,2,3,23,B01
201200058843,0,07,000,00,2,4,23,C01
201200058844,0,07,000,00,1,3,01,A01
201200058845,0,32,000,00,0,2,01,A01
201200058846,0,32,000,00,2,7,18,A01
201200058846,0,07,000,00,2,7,23,B01
201200058847,0,07,000,00,2,7,16,A01
201200058847,0,30,000,00,2,1,18,B01
201200058848,0,07,000,08,0,3,15,A01
201200058849,0,33,000,00,2,1,01,B01
201200058849,0,07,000,00,2,3,16,A01
201200058850,0,07,000,00,2,3,01,A01
201200058850,0,07,000,00,2,2,01,B01
201200058851,1,07,000,00,1,1,01,Z01
201200058852,0,07,000,00,1,1,01,A01
201200058853,0,30,000,00,2,8,01,A01
201200058853,1,07,000,00,2,7,17,Z01
201200058854,1,07,000,00,1,1,01,Z01
201200058855,0,07,000,00,2,5,02,A01
201200058855,1,30,000,00,2,1,02,Z01
201200058856,0,30,000,00,1,3,01,A01
201200058857,0,07,000,00,0,3,01,A01
201200058858,0,07,000,00,2,3,09,A01
201200058858,0,02,000,00,2,1,01,B01
201200058859,0,01,000,00,2,1,09,A01
201200058859,0,33,000,00,2,1,01,B01
201200058860,0,10,000,00,2,3,15,A01
201200058860,0,31,000,00,2,2,17,B01
201200058861,0,10,000,00,1,3,01,A01
201200058862,0,07,000,00,2,2,01,A01
201200058862,0,33,000,00,2,8,01,B01
201200058863,1,02,000,00,1,1,01,Z01
201200058864,0,33,000,00,2,7,01,A01
201200058864,0,10,000,00,2,1,09,B01
201200058865,1,01,000,00,1,1,01,A01
201200058866,0,14,000,08,1,5,04,A01
201200058867,0,32,000,08,0,1,14,A01
201200058868,0,07,000,00,2,8,01,B01
201200058868,0,30,000,00,2,1,15,A01
201200058869,0,02,000,00,2,2,01,B01
201200058869,0,07,000,00,2,3,09,A01
201200058870,0,07,000,00,2,1,02,A01
201200058870,0,10,000,00,2,4,02,B01
201200058871,1,02,000,00,2,1,01,Z01
201200058871,0,07,000,00,2,2,16,A01
201200058872,0,07,000,00,2,3,10,A01
201200058872,0,30,000,00,2,7,01,B01
201200058873,0,07,000,14,2,3,15,B01
201200058873,0,07,000,00,2,2,01,A01
201200058874,1,10,000,00,1,1,15,Z01
201200058875,0,34,000,00,2,1,16,A01
201200058875,0,07,000,00,2,3,01,B01
201200058876,0,30,000,00,2,3,01,A01
201200058876,1,17,000,00,2,0,14,Z01
201200058877,0,10,000,00,2,5,10,A01
201200058877,0,02,000,00,2,1,01,B01
201200058878,0,01,000,00,2,8,15,B01
201200058878,0,02,000,00,2,1,17,A01
201200058879,0,07,000,00,1,1,01,A01
201200058880,0,07,000,00,0,2,01,A01
201200058881,0,34,000,01,2,1,01,B01
201200058881,0,07,000,00,2,7,09,A01
201200058882,0,32,000,14,0,8,14,A01
201200058883,0,02,000,01,0,1,14,A01
201200058884,0,32,000,14,0,7,01,A01
201200058885,0,30,000,00,2,4,23,B01
201200058885,0,34,000,14,2,1,02,A01
201200058886,0,07,000,00,2,2,12,A01
201200058886,0,33,000,00,2,7,01,B01
201200058887,0,32,000,00,2,3,01,B01
201200058887,0,07,000,00,2,2,15,A01
201200058888,0,07,000,00,1,3,01,A01
201200058889,0,07,000,00,1,1,01,A01
201200058890,1,07,000,00,1,2,16,Z01
201200058891,0,07,000,00,2,3,13,A01
201200058891,0,32,000,00,2,1,01,B01
201200058892,0,07,000,00,2,3,15,A01
201200058892,0,30,000,00,2,2,17,B01
201200058893,1,07,000,00,2,3,01,Z01
201200058893,0,07,000,00,2,2,01,A01
201200058894,0,33,000,01,0,1,14,A01
201200058895,0,02,000,00,2,2,17,A01
201200058895,0,07,000,00,2,1,09,B01
201200058896,0,07,000,00,2,3,10,A01
201200058896,0,33,000,00,2,1,17,B01
201200058897,0,31,000,00,1,1,01,A01
201200058898,2,07,000,00,1,4,04,A01
201200058899,0,30,000,00,0,8,17,A01
201200058900,0,30,000,00,1,1,02,A01
201200058901,0,01,000,00,2,6,19,B01
201200058901,0,07,000,00,9,2,01,A01
201200058902,0,10,000,00,1,3,01,A01
201200058903,0,32,000,00,1,1,01,A01
201200058904,0,07,000,00,2,2,01,A01
201200058904,0,07,000,00,2,3,01,B01
201200058905,0,01,000,00,0,0,01,A01
201200058906,0,31,000,00,2,1,02,A01
201200058906,0,07,000,00,2,3,01,C01
201200058906,0,07,000,00,2,6,02,B01
201200058907,0,07,000,00,1,5,20,A01
201200058908,0,07,000,00,2,0,12,A01
201200058908,0,30,000,00,2,0,07,B01
201200058909,0,07,000,15,1,1,01,A01
201200058910,0,07,000,00,1,4,04,A01
201200058911,0,01,000,00,2,0,02,A01
201200058911,1,30,000,00,2,0,02,Z01
201200058912,0,38,013,00,1,1,01,A01
201200058913,0,07,000,00,0,8,11,A01
201200058913,0,32,000,00,0,7,01,B01
201200058914,0,07,000,00,0,2,15,A01
201200058914,0,33,000,00,0,1,01,B01
201200058915,0,30,000,00,2,1,02,A01
201200058915,0,10,000,00,2,4,02,B01
201200058916,0,07,000,00,2,1,15,A01
201200058916,0,02,000,00,2,1,01,B01
201200058917,0,07,000,00,2,3,15,A01
201200058917,0,01,000,00,2,2,17,B01
201200058918,0,30,000,00,1,1,15,A01
201200058919,0,07,000,02,0,1,01,A01
201200058920,0,07,000,00,1,1,15,A01
201200058921,0,30,000,00,1,1,17,A01
201200058922,0,10,000,00,2,1,01,A01
201200058922,0,07,000,00,0,4,15,B01
201200058923,0,07,000,00,0,2,01,B01
201200058923,0,02,000,00,2,0,03,A01
201200058923,0,10,000,00,0,8,01,C01
201200058924,0,33,000,00,0,3,01,A01
201200058925,0,33,000,00,2,1,17,A01
201200058925,0,10,000,00,2,1,01,B01
201200058926,0,33,000,00,2,1,17,B01
201200058926,0,07,000,00,2,2,15,A01
201200058927,0,07,000,00,1,5,01,A01
201200058928,1,30,000,00,1,0,05,Z01
201200058929,0,07,000,00,2,0,13,B01
201200058929,0,30,000,00,2,6,01,A01
201200058930,0,07,000,00,2,8,10,A01
201200058930,0,33,000,00,2,1,17,B01
201200058931,1,30,000,00,1,0,01,Z01
201200058932,0,32,000,01,0,8,07,A01
201200058933,0,07,000,00,1,3,01,A01
201200058934,0,07,000,00,1,2,01,A01
201200058935,0,07,000,00,1,5,16,A01
201200058936,0,07,000,00,2,3,09,A01
201200058936,0,30,000,00,2,1,01,B01
201200058937,0,01,000,00,2,1,01,B01
201200058937,0,07,000,00,2,0,04,A01
201200058938,0,30,000,00,2,3,18,A01
201200058938,0,07,000,00,2,7,16,B01
201200058939,0,10,000,00,1,4,04,A01
201200058940,0,31,000,00,1,1,01,A01
201200058941,0,02,000,00,2,1,17,A01
201200058941,0,07,000,00,2,3,15,B01
201200058942,0,07,000,00,1,2,01,A01
201200058943,0,31,000,00,2,8,18,B01
201200058943,0,07,000,00,2,2,16,A01
201200058944,0,07,000,00,0,6,01,B01
201200058944,0,07,000,00,0,1,01,A01
201200058945,0,02,000,00,0,0,01,A01
201200058946,0,07,000,00,2,6,10,A01
201200058946,0,01,000,00,2,1,07,B01
201200058947,0,07,000,00,1,3,15,A01
201200058948,0,30,000,00,0,0,01,A01
201200058948,1,07,000,00,0,0,01,Z01
201200058949,0,07,000,00,0,7,15,A01
201200058949,0,32,000,00,0,1,16,B01
201200058950,0,07,000,00,1,0,01,A01
201200058951,0,07,000,00,2,2,01,A01
201200058951,0,32,000,00,0,1,01,B01
201200058952,0,10,000,00,1,2,01,A01
201200058953,0,07,000,00,2,1,02,A01
201200058953,0,07,000,00,2,4,02,B01
201200058954,0,07,000,00,1,1,12,A01
201200058955,0,32,000,00,1,1,17,A01
201200058956,0,10,000,00,2,3,10,A01
201200058956,0,32,000,00,2,1,01,B01
201200058957,0,07,000,00,2,5,22,B01
201200058957,0,32,000,00,2,1,18,A01
201200058958,0,31,000,00,2,1,02,A01
201200058958,0,10,000,00,2,4,02,B01
201200058959,0,30,000,00,2,5,01,A01
201200058959,1,07,000,00,2,2,01,Z01
201200058960,0,02,000,00,2,3,01,A01
201200058960,0,07,000,00,2,7,16,B01
201200058961,0,30,000,00,1,0,01,A01
201200058962,0,10,000,01,0,2,14,A01
201200058963,0,07,000,00,1,1,01,A01
201200058964,0,10,000,00,1,0,15,A01
201200058965,0,07,000,00,2,8,22,A01
201200058965,0,02,000,00,2,2,17,B01
201200058966,0,07,000,00,2,2,23,B01
201200058966,0,32,000,00,2,2,02,A01
201200058967,0,02,000,00,2,3,13,A01
201200058967,0,30,000,00,2,3,01,B01
201200058968,0,07,000,00,2,2,16,A01
201200058968,0,30,000,00,2,1,18,B01
201200058969,0,07,000,00,2,2,15,A01
201200058969,0,01,000,00,2,1,01,B01
201200058970,0,34,000,00,2,2,01,B01
201200058970,0,07,000,00,0,6,15,A01
201200058971,0,07,000,00,2,2,23,B01
201200058971,0,10,000,00,2,1,01,A01
201200058972,0,07,000,00,1,5,16,A01
201200058973,0,07,000,04,0,3,13,A01
201200058974,0,33,000,00,2,7,01,B01
201200058974,0,30,000,00,2,1,01,A01
201200058975,0,34,000,00,2,1,01,A01
201200058975,0,07,000,00,2,3,09,B01
201200058976,0,07,000,00,2,8,01,C01
201200058976,0,30,000,00,2,3,05,B01
201200058976,0,07,000,00,2,3,01,A01
201200058977,0,07,000,00,2,3,15,B01
201200058977,0,30,000,00,2,3,05,A01
201200058978,0,07,000,00,1,3,15,A01
201200058979,0,33,000,15,2,3,02,A01
201200058979,0,07,000,00,2,7,23,B01
201200058980,0,07,000,00,2,3,13,A01
201200058980,0,34,000,00,2,1,17,B01
201200058981,0,02,000,00,2,1,17,A01
201200058981,0,07,000,00,2,6,15,B01
201200058982,0,14,000,00,2,2,01,A01
201200058982,0,10,000,00,2,8,01,B01
201200058983,0,30,000,00,2,1,01,B01
201200058983,0,07,000,00,2,3,15,A01
201200058984,0,07,000,00,1,0,01,A01