Num_Acc,senc,catv,occutc,obs,obsm,choc,manv,num_veh
201200059394,0,07,000,00,2,2,15,B01
201200059395,0,07,000,00,1,2,07,A01
201200059396,0,07,000,00,1,7,01,A01
201200059397,0,07,000,06,0,1,01,A01
201200059398,0,33,000,00,2,1,01,B01
201200059398,0,07,000,00,2,7,12,A01
201200059399,0,34,000,00,1,1,17,A01
201200059400,0,33,000,01,1,1,01,A01
201200059401,0,33,000,00,1,3,01,A01
201200059402,0,07,000,11,0,2,01,A01
201200059403,0,07,000,00,1,2,01,A01
201200059404,0,10,000,00,2,5,23,B01
201200059404,0,33,000,00,2,2,02,A01
201200059405,0,07,000,07,0,3,14,A01
201200059406,0,07,000,00,2,2,15,A01
201200059406,0,33,000,00,2,1,01,B01
201200059407,0,14,000,00,1,6,04,A01
201200059408,0,10,000,01,1,6,04,A01
201200059409,0,10,000,00,2,1,01,A01
201200059409,0,07,000,00,2,7,01,B01
201200059410,0,34,000,00,1,1,01,A01
201200059411,0,37,000,00,1,3,07,A01
201200059412,0,07,000,08,2,3,15,A01
201200059412,0,07,000,00,2,3,01,B01
201200059413,0,07,000,00,2,2,01,A01
201200059413,0,37,001,00,2,3,01,B01
201200059414,0,07,000,00,1,3,01,A01
201200059415,0,07,000,00,1,7,01,A01
201200059416,0,07,000,00,2,3,10,A01
201200059416,0,30,000,00,2,1,01,B01
201200059417,0,33,000,00,2,7,01,B01
201200059417,0,10,000,00,2,8,13,A01
201200059418,0,07,000,01,2,1,02,A01
201200059418,0,07,000,00,2,6,02,B01
201200059419,0,37,000,00,1,2,08,A01
201200059420,0,07,000,00,2,7,01,A01
201200059420,0,31,000,00,2,8,13,B01
201200059421,0,07,000,00,2,3,01,A01
201200059421,0,03,000,00,2,2,01,B01
201200059422,0,30,000,00,2,2,17,B01
201200059422,0,07,000,00,2,6,01,C01
201200059422,0,10,000,00,2,3,11,A01
201200059423,1,07,000,00,1,1,01,Z01
201200059424,0,33,000,00,0,7,01,A01
201200059425,0,07,000,00,2,3,15,A01
201200059425,0,30,000,08,2,2,01,B01
201200059426,0,10,000,09,2,7,01,B01
201200059426,0,07,000,00,2,1,01,A01
201200059427,0,07,000,04,0,8,14,A01
201200059428,0,31,000,12,0,7,14,A01
201200059429,0,07,000,00,1,4,04,A01
201200059430,0,07,000,00,1,2,01,A01
201200059431,0,13,000,00,1,2,16,A01
201200059432,0,31,000,00,2,8,17,A01
201200059432,0,33,000,00,2,1,01,B01
201200059433,0,07,000,00,0,4,09,A01
201200059433,0,30,000,00,2,1,01,B01
201200059434,0,33,000,00,0,0,01,A01
201200059435,0,30,000,01,1,2,01,A01
201200059436,0,37,001,00,2,5,01,B01
201200059436,0,02,000,00,2,1,01,A01
201200059437,0,07,000,11,0,3,15,A01
201200059438,0,07,000,00,2,1,15,A01
201200059438,0,33,000,00,2,8,01,B01
201200059439,0,32,000,00,2,1,01,B01
201200059439,0,07,000,00,2,2,12,A01
201200059440,0,10,000,00,2,6,23,B01
201200059440,0,30,000,00,2,7,02,A01
201200059441,0,07,000,00,1,1,01,A01
201200059442,0,07,000,00,2,8,01,B01
201200059442,0,32,000,00,2,1,01,A01
201200059443,0,07,000,00,2,3,10,A01
201200059443,0,33,000,01,2,1,01,B01
201200059444,0,10,000,00,1,4,04,A01
201200059445,0,02,000,00,2,1,05,A01
201200059445,0,07,000,00,2,3,01,B01
201200059446,0,07,000,00,2,3,15,A01
201200059446,0,32,000,02,2,1,01,B01
201200059447,0,07,000,00,1,2,15,A01
201200059448,0,32,000,00,2,1,01,B01
201200059448,0,07,000,00,2,1,10,A01
201200059449,0,07,000,00,2,2,01,A01
201200059449,0,30,000,00,2,8,01,B01
201200059450,0,01,000,01,2,7,17,B01
201200059450,0,10,000,00,2,8,22,A01
201200059451,0,07,000,00,2,4,01,D01
201200059451,0,33,000,00,2,6,03,C01
201200059451,0,31,000,00,2,3,03,A01
201200059451,0,10,000,00,2,5,01,B01
201200059452,0,33,000,00,2,1,07,A01
201200059452,0,07,000,00,2,7,01,B01
201200059453,0,31,000,00,2,8,01,A01
201200059453,0,07,000,00,2,2,01,B01
201200059454,0,33,000,00,2,1,01,B01
201200059454,0,07,000,00,2,5,12,A01
201200059455,0,07,000,00,2,5,01,B01
201200059455,0,31,000,00,2,1,01,A01
201200059455,0,07,000,00,2,8,01,C01
201200059456,0,07,000,00,0,4,23,A01
201200059456,0,07,000,00,2,1,01,D01
201200059456,0,07,000,00,2,4,23,B01
201200059456,0,07,000,00,2,2,01,C01
201200059457,0,33,000,01,2,5,05,A01
201200059457,0,07,000,08,2,1,01,B01
201200059458,0,33,000,00,2,1,03,A01
201200059458,0,31,000,00,2,8,11,B01
201200059459,0,07,000,00,2,3,15,A01
201200059459,0,33,000,01,2,1,17,B01
201200059460,0,31,000,08,0,1,13,A01
201200059461,0,01,000,00,2,8,01,B01
201200059461,0,10,000,00,2,7,17,A01
201200059462,0,10,000,00,1,3,05,A01
201200059463,0,33,000,00,2,1,12,A01
201200059463,0,07,000,00,2,5,01,B01
201200059464,0,32,000,00,0,7,21,A01
201200059465,0,10,000,00,2,3,01,A01
201200059465,0,33,000,00,2,1,01,B01
201200059466,0,07,000,00,1,6,04,A01
201200059467,0,07,000,00,2,1,01,B01
201200059467,0,07,000,00,2,5,01,A01
201200059468,0,07,000,00,2,6,12,A01
201200059468,0,32,000,00,2,1,01,B01
201200059469,0,33,000,03,0,1,12,A01
201200059470,0,07,000,12,2,2,01,A01
201200059470,0,07,000,12,2,3,15,B01
201200059471,0,33,000,00,1,1,01,A01
201200059472,0,07,000,00,2,1,01,B01
201200059472,0,30,000,00,2,7,01,A01
201200059473,0,10,000,00,2,3,13,A01
201200059473,0,30,000,00,2,7,17,B01
201200059474,0,07,000,00,2,8,13,A01
201200059474,0,38,023,00,2,2,01,B01
201200059475,0,07,000,00,2,5,22,B01
201200059475,0,30,000,01,2,3,18,A01
201200059476,0,33,000,04,0,2,13,A01
201200059477,0,07,000,00,2,3,15,A01
201200059477,0,30,000,00,2,1,17,B01
201200059478,0,10,000,01,1,1,05,A01
201200059479,0,32,000,12,0,1,14,A01
201200059480,0,01,000,00,1,1,16,A01
201200059481,0,33,000,00,2,1,15,A01
201200059481,0,07,000,00,2,6,01,B01
201200059482,0,07,000,02,0,2,14,A01
201200059483,0,07,000,00,2,5,16,A01
201200059483,0,33,000,00,2,1,01,B01
201200059484,0,32,000,01,0,1,16,A01
201200059485,0,37,002,00,1,2,01,A01
201200059486,0,10,000,00,2,3,07,B01
201200059486,0,38,001,00,2,7,16,A01
201200059487,0,32,000,00,2,7,01,B01
201200059487,0,07,000,00,2,4,01,D01
201200059487,0,07,000,00,2,8,13,A01
201200059487,0,10,000,00,2,4,01,C01
201200059488,0,37,001,00,1,8,15,A01
201200059489,0,30,000,12,0,7,14,A01
201200059490,0,07,000,00,2,2,01,C01
201200059490,0,07,000,00,2,1,11,A01
201200059490,0,07,000,04,2,4,01,B01
201200059490,0,07,000,00,2,4,01,D01
201200059491,0,14,000,00,2,2,16,B01
201200059491,0,01,000,00,2,3,01,A01
201200059492,0,31,000,00,1,2,01,A01
201200059493,0,37,001,00,1,2,07,A01
201200059494,0,33,000,00,1,1,01,A01
201200059495,0,30,000,00,0,8,01,A01
201200059496,0,07,000,00,1,4,04,A01
201200059497,0,30,000,00,2,1,17,B01
201200059497,0,07,000,00,2,3,09,A01
201200059498,0,30,000,00,2,1,01,B01
201200059498,0,07,000,00,2,2,15,A01
201200059499,0,07,000,00,1,2,01,A01
201200059500,0,32,000,00,2,2,17,B01
201200059500,0,07,000,00,2,8,22,A01
201200059501,0,02,000,00,1,1,01,A01
201200059502,0,14,000,00,2,1,01,A01
201200059502,0,31,000,00,2,0,18,B01
201200059503,0,07,000,00,2,1,02,A01
201200059503,0,10,000,00,2,4,23,B01
201200059504,0,37,001,00,1,3,01,A01
201200059505,0,32,000,00,1,1,03,A01
201200059506,0,07,000,00,2,4,23,C01
201200059506,0,07,000,00,2,1,02,A01
201200059506,0,07,000,00,2,4,23,B01
201200059507,0,01,000,00,2,6,15,B01
201200059507,0,10,000,00,2,3,01,A01
201200059508,0,07,000,00,2,2,01,A01
201200059508,0,34,000,00,2,1,01,B01
201200059509,1,33,000,00,1,1,01,Z01
201200059510,0,10,000,00,2,3,01,B01
201200059510,0,33,000,00,2,8,01,A01
201200059511,0,33,000,01,2,7,01,B01
201200059511,0,07,000,00,2,8,13,A01
201200059512,0,10,000,00,2,1,14,A01
201200059512,0,01,000,00,2,8,01,B01
201200059513,0,02,000,00,1,1,17,A01
201200059514,0,10,000,00,1,3,01,A01
201200059515,0,32,000,00,2,1,01,B01
201200059515,0,07,000,00,2,6,01,A01
201200059516,0,33,000,00,1,7,17,A01
201200059517,0,01,000,00,2,0,16,B01
201200059517,0,38,015,00,2,7,16,A01
201200059518,0,07,000,00,2,2,01,A01
201200059518,0,33,000,00,2,6,01,B01
201200059519,0,33,000,15,2,1,01,B01
201200059519,0,01,000,00,2,8,15,A01
201200059520,0,07,000,00,2,2,15,A01
201200059520,0,30,000,00,2,1,01,B01
201200059521,0,07,000,08,1,3,05,A01
201200059522,0,32,000,00,2,7,17,B01
201200059522,0,07,000,00,2,3,13,A01
201200059523,0,07,000,00,2,6,01,F01
201200059523,0,07,000,00,2,3,16,A01
201200059523,0,07,000,00,2,3,01,D01
201200059523,0,07,000,00,2,4,01,E01
201200059523,0,07,000,00,2,4,01,B01
201200059523,0,31,000,00,0,0,23,G01
201200059523,0,15,000,00,2,3,01,C01
201200059524,0,07,000,00,1,2,01,A01
201200059525,0,07,000,00,1,2,01,A01
201200059526,0,01,000,14,0,1,09,A01
201200059527,0,07,000,03,0,1,01,A01
201200059528,0,33,000,00,2,1,17,B01
201200059528,0,07,000,00,2,6,10,A01
201200059529,0,10,000,00,1,2,01,A01
201200059530,0,07,000,00,2,2,12,A01
201200059530,0,01,000,00,2,4,01,B01
201200059531,0,30,000,00,1,1,17,A01
201200059532,0,07,000,00,1,7,01,A01
201200059533,0,01,000,01,0,2,01,A01
201200059534,0,07,000,00,2,4,23,A01
201200059534,1,07,000,00,2,1,02,Z01
201200059535,0,33,000,00,2,8,01,B01
201200059535,0,07,000,00,2,7,13,A01
201200059536,0,02,000,00,0,0,01,A01
201200059537,0,07,000,00,2,3,15,B01
201200059537,0,33,000,08,2,9,17,A01
201200059538,0,01,000,00,1,1,01,A01
201200059539,0,07,000,00,2,6,01,B01
201200059539,0,33,000,00,2,1,03,A01
201200059540,0,33,000,11,0,2,14,A01
201200059541,0,02,000,00,2,4,02,A01
201200059541,1,07,000,00,2,1,02,Z01
201200059542,0,02,000,15,0,1,01,A01
201200059543,0,14,000,00,2,4,01,B01
201200059543,0,07,000,00,2,8,11,C01
201200059543,0,10,000,00,2,1,01,A01
201200059544,0,02,000,12,0,1,01,A01
201200059545,0,07,000,00,1,3,01,A01
201200059546,0,07,000,00,2,1,01,C01
201200059546,0,07,000,00,2,6,01,B01
201200059546,0,14,000,00,2,2,12,A01
201200059547,0,30,000,15,0,1,01,A01
201200059548,0,13,000,00,2,4,23,D01
201200059548,0,10,000,00,2,5,23,B01
201200059548,0,10,000,00,2,3,23,C01
201200059548,0,07,000,00,2,3,01,A01
201200059549,0,07,000,00,1,8,01,A01
201200059550,0,37,090,00,1,2,08,A01
201200059551,0,33,000,00,1,1,01,A01
201200059552,0,38,001,00,2,7,16,A01
201200059552,0,01,000,00,2,1,01,B01
201200059553,0,07,000,00,1,3,01,A01
201200059554,0,07,000,00,2,8,10,A01
201200059554,0,32,000,00,2,1,17,B01
201200059555,0,02,000,00,2,7,01,A01
201200059555,0,07,000,00,2,1,01,B01
201200059556,0,31,000,00,2,2,15,A01
201200059556,0,33,000,00,2,1,01,B01
201200059557,0,07,000,11,0,2,21,A01
201200059558,0,10,000,00,1,4,04,A01
201200059559,0,38,036,00,2,7,16,A01
201200059559,0,01,000,00,2,8,01,B01
201200059560,0,33,000,00,2,6,01,A01
201200059560,0,07,000,00,2,6,11,B01
201200059561,0,01,000,00,2,6,11,A01
201200059561,0,33,000,00,2,2,01,B01
201200059562,0,07,000,00,1,3,01,A01
201200059563,0,32,000,00,2,0,01,B01
201200059563,0,07,000,00,0,0,15,A01
201200059564,0,32,000,00,1,1,18,A01
201200059565,0,33,000,00,2,1,01,A01
201200059565,0,07,000,00,2,0,01,B01
201200059566,0,02,000,00,2,1,01,A01
201200059566,0,07,000,00,2,8,01,B01
201200059567,0,10,000,01,0,1,15,A01
201200059567,0,33,000,00,2,4,23,B01
201200059568,0,07,000,00,1,7,01,A01
201200059569,0,13,000,00,1,3,01,A01
201200059570,0,32,000,00,2,2,01,A01
201200059570,0,07,000,00,0,5,01,B01
201200059571,0,33,000,00,1,2,01,A01
201200059572,0,07,000,00,2,5,23,B01
201200059572,0,31,000,00,2,3,18,A01
201200059573,0,07,000,11,0,2,14,A01
201200059574,0,30,000,01,0,1,14,A01
201200059575,0,07,000,02,0,1,17,A01
201200059576,0,34,000,00,2,3,03,B01
201200059576,0,07,000,00,2,7,12,A01
201200059577,0,32,000,00,0,7,03,A01
201200059578,0,33,000,00,1,3,01,A01
201200059579,0,07,000,00,2,1,02,A01
201200059579,0,07,000,00,2,4,23,B01
201200059580,0,07,000,00,1,3,01,A01
201200059581,0,33,000,00,1,1,16,A01
201200059582,0,07,000,00,2,8,23,B01
201200059582,0,33,000,00,2,1,17,A01
201200059583,1,34,000,00,1,1,05,Z01
201200059584,0,07,000,00,2,7,10,A01
201200059584,0,02,000,00,2,1,01,B01
201200059585,0,31,000,00,1,1,07,A01
201200059586,1,07,000,00,1,2,14,Z01
201200059587,0,33,000,00,2,1,02,B01
201200059587,0,07,000,00,2,5,23,A01
201200059588,0,32,000,00,1,1,01,A01
201200059589,0,32,000,00,1,1,05,A01
201200059590,0,38,001,00,2,7,16,B01
201200059590,0,02,000,00,2,2,18,A01
201200059591,0,14,000,00,1,7,01,A01
201200059592,0,31,000,00,1,1,01,A01
201200059593,0,07,000,01,0,7,16,A01
201200059594,0,32,000,00,2,1,07,B01
201200059594,0,07,000,00,2,7,16,A01
201200059595,0,31,000,00,2,7,12,A01
201200059595,0,07,000,00,2,6,01,B01
201200059596,0,30,000,01,0,1,14,A01
201200059597,0,31,000,00,2,1,02,A01
201200059597,0,07,000,00,2,6,15,B01
201200059598,0,02,000,01,0,1,13,A01
201200059599,0,07,000,00,2,3,01,A01
201200059599,0,31,000,00,2,6,01,B01
201200059600,0,10,000,00,2,4,02,B01
201200059600,0,10,000,00,2,5,02,A01
201200059600,0,10,000,00,2,4,02,E01
201200059600,0,10,000,00,2,1,02,D01
201200059600,0,14,000,00,2,1,02,C01
201200059601,0,07,000,00,2,2,01,A01
201200059601,0,07,000,00,2,3,01,B01
201200059602,0,07,000,00,2,3,01,B01
201200059602,0,01,000,00,2,8,01,A01
201200059603,0,31,000,00,1,1,01,A01
201200059604,0,07,000,00,2,1,01,B01
201200059604,0,07,000,00,2,8,10,A01
201200059605,0,33,000,01,2,3,13,A01
201200059605,0,07,000,00,2,8,23,B01
201200059606,0,07,000,00,1,2,01,A01
201200059607,0,33,000,11,0,1,07,A01
201200059608,0,33,000,08,0,2,14,A01
201200059609,0,07,000,00,1,2,01,A01
201200059610,0,33,000,00,2,1,02,A01
201200059610,0,07,000,00,2,7,23,B01
201200059611,0,07,000,00,1,0,07,A01
201200059612,0,33,000,00,2,1,11,A01
201200059612,0,07,000,00,2,6,01,B01
201200059613,0,14,000,00,2,6,01,C01
201200059613,0,15,000,00,2,7,01,B01
201200059613,0,33,000,00,2,1,03,A01
201200059614,0,14,000,01,1,3,01,A01
201200059615,0,37,001,00,1,2,07,A01
201200059616,0,33,000,04,2,1,18,A01
201200059616,0,07,000,00,2,5,01,B01
201200059617,0,32,000,12,0,2,13,A01
201200059618,0,10,000,00,2,1,02,A01
201200059618,0,07,000,00,2,6,02,B01
201200059619,0,07,000,00,2,2,01,B01
201200059619,0,02,000,00,2,1,01,A01
201200059620,0,32,000,00,1,1,01,A01
201200059621,0,07,000,00,1,2,01,A01
201200059622,0,37,001,00,1,5,01,A01
201200059623,0,07,000,00,1,1,01,A01
201200059624,0,33,000,00,1,1,01,A01
201200059625,0,30,000,00,2,1,01,B01
201200059625,0,07,000,00,2,2,01,A01
201200059626,0,30,000,00,1,1,03,A01
201200059627,0,30,000,12,0,2,14,A01
201200059628,0,37,001,00,2,8,15,A01
201200059628,0,33,000,00,2,8,01,B01
201200059629,0,33,000,00,0,8,01,A01
201200059630,0,07,000,00,2,4,23,C01
201200059630,0,07,000,00,2,4,23,B01
201200059630,0,07,000,00,2,1,02,A01
201200059631,0,07,000,14,0,1,01,A01
201200059632,0,07,000,00,2,2,15,B01
201200059632,0,02,000,00,2,1,01,A01
201200059633,0,30,000,01,0,8,05,A01
201200059634,0,07,000,00,2,8,10,A01
201200059634,0,31,000,00,2,1,01,B01
201200059635,0,10,000,00,2,2,15,A01
201200059635,0,33,000,00,2,3,01,B01
201200059635,0,07,000,00,2,6,01,C01
201200059636,0,07,000,00,2,3,13,A01
201200059636,0,30,000,00,2,2,17,B01
201200059637,0,07,000,01,1,1,01,A01
201200059638,0,01,000,00,2,1,13,A01
201200059638,0,07,000,00,2,3,01,B01
201200059639,0,33,000,00,2,1,01,B01
201200059639,0,02,000,00,2,7,15,A01
201200059640,0,33,000,04,2,8,02,A01
201200059640,0,07,000,00,2,6,02,B01
201200059641,0,07,000,00,2,3,23,C01
201200059641,0,07,000,00,2,3,23,B01
201200059641,0,33,000,00,2,1,01,A01
201200059642,0,07,000,00,1,3,11,A01
201200059643,0,30,000,09,0,1,14,A01
201200059644,0,07,000,00,1,1,01,A01
201200059645,0,10,000,00,2,1,01,A01
201200059645,0,01,000,00,2,8,01,B01
201200059646,0,10,000,00,2,1,02,A01
201200059646,0,07,000,00,2,4,23,B01
201200059647,0,07,000,00,2,3,15,B01
201200059647,0,33,000,00,2,1,01,A01
201200059648,0,33,000,00,1,1,01,A01
201200059649,0,07,000,00,1,6,09,A01
201200059650,0,02,000,12,0,1,01,A01
201200059651,0,07,000,00,2,3,01,A01
201200059651,0,07,000,00,2,6,01,C01
201200059651,0,02,000,00,2,7,17,B01
201200059652,0,10,000,08,2,1,01,A01
201200059652,0,10,000,01,2,8,01,B01
201200059653,0,34,000,00,2,0,13,B01
201200059653,0,07,000,00,2,2,01,A01
201200059654,0,07,000,12,2,2,01,A01
201200059654,0,07,000,00,2,3,01,B01
201200059655,0,07,000,00,2,2,24,A01
201200059655,1,07,000,00,2,0,01,Z01
201200059656,0,31,000,00,2,3,02,A01
201200059656,0,07,000,00,2,7,23,B01
201200059657,0,10,000,06,1,1,14,A01
201200059658,0,14,000,00,1,1,01,A01
201200059659,0,01,000,00,2,7,16,B01
201200059659,0,10,000,00,9,8,12,A01
201200059660,0,07,000,00,1,3,01,A01
201200059661,0,33,000,01,2,2,14,A01
201200059661,0,10,000,00,2,2,01,B01
201200059662,0,32,000,00,2,1,01,B01
201200059662,0,14,000,00,2,7,01,A01
201200059663,0,07,000,00,2,3,15,A01
201200059663,0,30,000,00,2,8,01,B01
201200059664,0,02,000,00,2,1,17,A01
201200059664,0,07,000,00,2,3,01,B01
201200059665,0,01,000,00,1,2,01,A01
201200059666,0,07,000,00,2,1,01,A01
201200059666,0,30,000,00,2,8,01,B01
201200059667,0,32,000,00,2,1,01,B01
201200059667,0,07,000,00,2,6,01,A01
201200059668,0,02,000,12,0,1,13,A01
201200059669,0,07,000,01,2,1,01,A01
201200059669,0,07,000,00,2,3,01,B01
201200059670,0,07,000,00,2,5,01,C01
201200059670,0,33,000,00,2,1,03,A01
201200059670,0,33,000,00,2,6,12,B01
201200059671,0,07,000,00,2,8,10,A01
201200059671,0,31,000,00,2,1,01,B01
201200059672,0,30,000,01,0,1,01,A01
201200059673,0,07,000,00,2,3,01,B01
201200059673,0,02,000,00,2,1,01,A01
201200059674,0,07,000,00,2,3,15,A01
201200059674,0,31,000,00,2,6,01,B01
201200059675,0,31,000,11,0,9,13,A01
201200059676,0,32,000,01,0,8,17,A01
201200059677,0,30,000,00,2,1,18,A01
201200059677,0,07,000,00,2,2,16,B01
201200059678,0,33,000,00,2,1,01,B01
201200059678,0,07,000,00,2,4,10,A01
201200059679,0,32,000,00,0,3,01,A01
201200059680,0,31,000,00,2,8,01,B01
201200059680,0,31,000,00,2,7,01,C01
201200059680,0,07,000,00,2,3,09,A01
201200059681,0,07,000,00,2,5,02,B01
201200059681,0,33,000,00,2,1,02,A01
201200059682,0,34,000,00,1,1,01,A01
201200059683,0,07,000,00,2,8,02,A01
201200059683,0,34,000,00,2,1,02,B01
201200059684,0,14,000,00,2,0,01,A01
201200059684,0,01,000,00,2,1,01,B01
201200059685,0,07,000,00,2,1,01,A01
201200059685,0,07,000,15,2,2,01,B01
201200059686,0,01,000,00,2,1,01,A01
201200059686,0,07,000,00,2,3,09,B01
201200059687,0,07,000,00,2,8,01,B01
201200059687,0,07,000,00,2,2,15,A01
201200059688,0,33,000,00,1,1,17,A01
201200059689,0,07,000,11,2,9,13,A01
201200059690,0,10,000,00,2,5,01,C01
201200059690,0,31,000,00,2,7,03,A01
201200059690,0,33,000,00,2,1,11,B01
201200059691,1,07,000,00,1,1,01,Z01
201200059692,0,07,000,00,2,3,09,A01
201200059692,0,32,000,00,2,1,01,B01
201200059693,0,07,000,00,1,1,01,A01
201200059693,0,33,000,00,1,4,01,B01
201200059694,0,33,000,00,1,1,17,A01
201200059695,0,07,000,00,2,5,23,B01
201200059695,0,31,000,00,2,1,03,A01
201200059696,0,07,000,11,9,3,13,A01
201200059697,0,07,000,02,0,2,14,A01
201200059698,0,31,000,00,1,1,01,A01
201200059699,0,33,000,04,2,1,14,A01
201200059699,0,07,000,00,2,3,01,B01
201200059700,0,07,000,00,0,6,10,A01
201200059700,0,33,000,00,2,1,01,B01
201200059701,0,33,000,00,0,8,12,A01
201200059702,0,15,000,00,9,1,16,B01
201200059702,0,01,000,00,2,8,18,A01
201200059703,0,07,000,00,1,2,01,A01
201200059704,0,32,000,12,0,2,01,A01
201200059705,0,07,000,08,0,2,15,A01
201200059706,0,07,000,00,2,6,02,B01
201200059706,0,33,000,00,2,1,02,A01
201200059707,0,02,000,00,0,8,01,A01
201200059707,0,32,000,01,0,8,01,C01
201200059707,0,02,000,00,0,8,01,B01
201200059708,0,02,000,00,2,7,18,A01
201200059708,0,07,000,00,2,7,01,B01
201200059709,0,07,000,01,2,3,13,A01
201200059709,0,30,000,00,2,1,01,B01
201200059710,0,07,000,00,2,5,17,A01
201200059710,0,37,040,00,2,2,01,B01
201200059711,0,30,000,00,2,1,01,B01
201200059711,0,07,000,00,2,2,13,A01
201200059712,0,07,000,00,1,8,01,A01
201200059713,0,01,000,00,2,8,18,B01
201200059713,0,14,000,01,2,7,14,A01
201200059714,0,07,000,07,0,2,01,A01
201200059715,0,33,000,00,1,2,01,A01
201200059716,0,10,000,00,1,1,01,A01
201200059717,0,33,000,00,2,7,16,A01
201200059717,0,07,000,00,2,8,07,B01
201200059718,0,07,000,01,1,6,04,A01
201200059719,0,07,000,00,2,2,10,A01
201200059719,0,31,000,00,2,1,17,B01
201200059720,0,31,000,09,0,1,01,A01
201200059721,1,07,000,00,2,1,02,Z01
201200059721,0,01,000,00,2,4,16,A01
201200059722,0,10,000,00,1,2,01,A01
201200059723,0,07,000,00,2,1,07,A01
201200059723,0,02,000,00,2,8,01,B01
201200059724,0,33,000,00,2,1,03,B01
201200059724,0,07,000,00,2,2,12,A01
201200059725,0,33,000,00,2,8,01,B01
201200059725,0,07,000,00,2,2,16,A01
201200059726,0,10,000,00,2,1,01,A01
201200059726,0,07,000,00,2,4,23,B01
201200059727,0,34,000,00,2,1,01,B01
201200059727,0,07,000,00,2,5,10,A01
201200059728,0,07,000,00,2,6,01,B01
201200059728,0,07,000,00,2,2,01,A01
201200059729,0,07,000,00,2,3,15,B01
201200059729,0,34,000,00,2,1,01,A01
201200059730,0,33,000,00,0,0,01,A01
201200059731,0,07,000,00,1,2,01,A01
201200059732,0,14,000,00,1,7,01,A01
201200059733,0,02,000,00,2,8,23,B01
201200059733,0,33,000,00,0,7,01,A01
201200059734,0,07,000,00,1,3,01,A01
201200059735,0,07,000,00,1,4,04,A01
201200059736,0,07,000,00,2,6,01,C01
201200059736,0,33,000,00,2,3,03,A01
201200059736,0,07,000,00,2,7,01,D01
201200059736,0,07,000,00,2,2,12,B01
201200059737,0,07,000,00,2,2,05,A01
201200059737,0,32,000,00,2,3,01,B01
201200059738,0,33,000,00,2,1,17,A01
201200059738,0,07,000,00,2,3,09,B01
201200059739,0,30,000,00,0,1,01,A01
201200059740,0,38,000,00,1,5,05,A01
201200059741,0,07,000,00,2,4,23,B01
201200059741,0,07,000,00,2,1,02,A01
201200059741,0,07,000,00,2,4,23,C01
201200059742,0,14,000,00,1,2,01,A01
201200059743,0,37,000,00,1,2,01,A01
201200059744,0,07,000,12,0,2,14,A01
201200059745,0,32,000,00,2,1,01,B01
201200059745,0,07,000,00,2,2,01,A01
201200059746,0,07,000,00,2,1,01,B01
201200059746,0,32,000,00,2,1,01,A01
201200059747,0,10,000,00,2,8,15,B01
201200059747,0,33,000,00,2,7,05,A01
201200059748,0,01,000,00,1,1,01,A01
201200059749,0,07,000,00,2,0,01,B01
201200059749,0,30,000,00,2,1,13,A01
201200059750,0,07,000,00,2,7,01,A01
201200059750,0,07,000,00,2,1,01,B01
201200059751,0,10,000,00,9,1,16,A01
201200059751,0,01,000,00,2,8,01,B01
201200059752,0,33,000,00,0,1,01,A01
201200059753,0,30,000,12,0,1,01,A01
201200059754,0,07,000,00,2,7,01,A01
201200059754,0,33,000,00,2,8,13,B01
201200059755,0,32,000,00,2,1,02,A01
201200059755,0,07,000,00,2,4,23,B01
201200059756,0,37,001,00,2,5,07,C01
201200059756,0,07,000,00,2,0,22,A01
201200059756,0,01,000,00,2,0,07,B01
201200059757,0,33,000,15,0,3,13,A01
201200059758,0,02,000,14,0,7,14,A01
201200059759,0,14,000,00,1,3,16,A01
201200059760,0,31,000,00,1,2,17,A01
201200059761,0,07,000,00,2,6,02,B01
201200059761,0,31,000,00,2,1,02,A01
201200059762,0,37,000,00,1,3,01,A01
201200059763,0,07,000,00,2,8,01,A01
201200059763,0,32,000,00,2,1,01,B01
201200059764,0,07,000,00,2,3,15,A01
201200059764,0,33,000,00,2,3,01,B01
201200059765,0,31,000,12,0,7,14,A01
201200059766,0,07,000,00,2,6,15,A01
201200059766,0,33,000,00,2,1,05,B01
201200059766,0,31,000,00,2,8,01,C01
201200059767,0,32,000,00,0,0,01,A01
201200059768,0,32,000,00,2,0,18,B01
201200059768,0,10,000,00,2,0,01,A01
201200059769,0,07,000,00,2,1,17,B01
201200059769,0,07,000,00,2,8,10,A01
201200059770,0,32,000,00,2,1,01,B01
201200059770,0,07,000,00,2,8,10,A01
201200059771,0,07,000,06,0,1,13,A01
201200059772,0,07,000,00,1,3,01,A01
201200059773,0,07,000,00,2,2,01,A01
201200059773,0,33,000,00,2,3,01,B01
201200059774,0,30,000,00,2,1,01,B01
201200059774,0,07,000,00,2,3,15,A01
201200059775,0,07,000,00,1,7,01,A01
201200059776,0,07,000,00,2,3,09,A01
201200059776,0,33,000,00,2,7,01,B01
201200059777,0,07,000,00,1,8,01,A01
201200059778,0,10,000,00,1,4,04,A01
201200059779,0,07,000,00,2,2,01,A01
201200059779,0,13,000,00,2,3,01,C01
201200059779,0,31,000,00,2,7,01,B01
201200059780,0,10,000,00,1,7,16,A01
201200059781,0,02,000,00,1,1,16,A01
201200059782,0,07,000,00,1,8,15,A01
201200059783,0,07,000,01,1,2,01,A01
201200059784,0,37,001,00,1,3,15,A01