Num_Acc,senc,catv,occutc,obs,obsm,choc,manv,num_veh
201200060075,0,07,000,00,2,2,01,B01
201200060076,0,34,000,12,0,1,12,A01
201200060077,0,07,000,04,0,1,01,A01
201200060078,0,07,000,00,2,8,11,A01
201200060078,0,07,000,04,0,2,01,C01
201200060078,0,32,000,00,2,1,01,D01
201200060078,0,13,000,00,0,2,01,B01
201200060079,0,07,000,00,0,5,14,B01
201200060079,0,34,000,00,2,3,03,A01
201200060080,0,32,000,04,0,0,21,A01
201200060081,0,07,000,00,2,6,11,A01
201200060081,0,33,000,00,0,1,03,B01
201200060082,1,38,000,00,2,7,14,Z01
201200060082,0,33,000,00,2,8,03,A01
201200060083,0,14,000,00,2,5,01,A01
201200060083,0,32,000,00,0,8,09,B01
201200060084,0,31,000,00,0,0,01,A01
201200060085,0,07,000,00,0,3,01,B01
201200060085,0,07,000,04,2,7,12,A01
201200060086,0,10,000,00,2,4,01,C01
201200060086,0,07,000,00,2,1,01,A01
201200060086,0,07,000,00,2,4,01,B01
201200060087,1,07,000,00,0,0,01,Z01
201200060087,0,07,000,04,2,6,01,A01
201200060088,0,33,000,00,2,3,03,A01
201200060088,0,10,000,00,9,4,24,C01
201200060088,0,10,000,00,2,2,14,B01
201200060089,0,34,000,00,2,3,03,A01
201200060089,0,07,000,00,2,5,12,B01
201200060090,0,31,000,00,0,1,01,A01
201200060090,1,07,000,00,2,6,11,Z01
201200060091,0,31,000,00,2,8,03,A01
201200060091,0,10,000,00,0,5,01,B01
201200060092,0,10,000,04,2,1,01,A01
201200060092,0,07,000,00,0,4,23,B01
201200060093,2,07,000,00,2,0,01,Z01
201200060093,0,07,000,00,0,0,01,B01
201200060093,0,10,000,00,0,5,23,A01
201200060094,0,10,000,00,0,4,01,C01
201200060094,0,07,000,00,2,2,12,A01
201200060094,0,33,000,00,2,3,03,B01
201200060095,0,07,000,00,2,2,12,A01
201200060095,0,31,000,00,0,8,03,B01
201200060096,0,10,000,00,2,1,01,A01
201200060096,0,07,000,00,2,4,23,B01
201200060097,0,07,000,00,2,2,01,A01
201200060097,0,07,000,00,0,6,01,B01
201200060098,0,07,000,00,0,4,01,C01
201200060098,0,10,000,00,2,1,01,A01
201200060098,0,07,000,00,2,4,01,B01
201200060099,0,07,000,00,2,3,11,A01
201200060099,0,33,000,00,0,2,01,B01
201200060100,0,07,000,00,2,1,02,A01
201200060100,0,07,000,00,2,4,02,B01
201200060101,0,07,000,00,0,1,01,A01
201200060102,0,31,000,00,2,3,03,A01
201200060102,0,07,000,00,2,5,12,B01
201200060103,0,33,000,00,0,0,03,A01
201200060104,0,07,000,00,2,4,02,B01
201200060104,0,07,000,00,2,4,02,C01
201200060104,0,10,000,00,2,1,02,A01
201200060105,0,10,000,04,0,2,14,A01
201200060106,0,31,000,00,0,7,03,A01
201200060107,0,15,000,00,2,3,11,A01
201200060107,0,07,000,00,2,3,01,C01
201200060107,0,07,000,04,2,7,01,B01
201200060108,0,07,000,00,2,2,12,A01
201200060108,0,34,000,00,2,8,03,B01
201200060108,0,07,000,00,2,6,01,C01
201200060109,0,32,000,00,0,8,01,A01
201200060110,0,31,000,00,2,3,03,B01
201200060110,0,07,000,00,2,5,14,A01
201200060111,0,32,000,00,2,7,03,A01
201200060111,0,10,000,00,2,5,23,B01
201200060112,0,33,000,14,2,3,01,B01
201200060112,0,07,000,00,2,2,14,A01
201200060113,0,07,000,00,2,3,01,C01
201200060113,0,07,000,00,2,2,12,A01
201200060113,0,33,000,00,2,9,03,B01
201200060114,0,07,000,00,2,3,11,A01
201200060114,0,32,000,00,2,2,01,B01
201200060115,0,07,000,06,0,3,13,A01
201200060116,0,34,000,00,2,0,03,B01
201200060116,0,07,000,00,2,0,11,A01
201200060117,0,07,000,00,0,5,01,B01
201200060117,0,31,000,00,2,1,01,A01
201200060118,0,07,000,00,2,4,02,C01
201200060118,0,10,000,00,2,1,02,A01
201200060118,0,07,000,00,2,4,02,B01
201200060119,0,31,000,00,2,8,17,A01
201200060119,0,07,000,00,2,5,12,B01
201200060120,0,07,000,04,2,6,13,A01
201200060120,0,17,000,00,2,2,01,B01
201200060121,0,10,000,00,2,6,13,A01
201200060121,0,31,000,04,2,7,03,B01
201200060122,0,07,000,04,2,8,11,A01
201200060122,0,07,000,00,2,6,01,C01
201200060122,0,14,000,00,2,2,01,B01
201200060123,0,31,000,00,2,1,02,A01
201200060123,0,10,000,00,2,0,02,B01
201200060124,0,14,000,00,2,4,02,B01
201200060124,0,07,000,00,2,1,02,A01
201200060125,1,07,000,00,2,6,11,Z01
201200060125,0,33,000,00,2,2,03,A01
201200060126,0,32,000,00,2,3,01,A01
201200060126,0,07,000,00,2,5,12,B01
201200060127,0,13,000,00,2,6,11,A01
201200060127,0,34,000,04,2,7,01,B01
201200060128,0,07,000,00,2,6,11,A01
201200060128,0,33,000,00,2,2,03,B01
201200060129,0,33,000,00,2,1,03,B01
201200060129,0,07,000,00,2,2,12,A01
201200060129,0,07,000,00,2,6,01,C01
201200060129,0,38,001,00,2,4,23,D01
201200060130,0,07,000,00,2,1,02,A01
201200060130,0,33,000,00,2,4,02,B01
201200060131,1,07,000,00,2,5,14,Z01
201200060131,0,33,000,00,2,1,01,A01
201200060132,0,07,000,00,2,8,11,A01
201200060132,0,31,000,04,2,1,01,B01
201200060133,0,07,000,00,2,4,02,B01
201200060133,0,17,000,00,2,1,02,A01
201200060134,0,10,000,00,1,7,01,A01
201200060135,0,07,000,00,2,6,01,C01
201200060135,0,07,000,00,2,7,12,A01
201200060135,0,33,000,00,2,1,03,B01
201200060136,0,07,000,00,2,6,01,B01
201200060136,0,33,000,00,2,8,01,A01
201200060136,1,07,000,00,2,2,17,Z01
201200060137,0,07,000,00,2,6,11,A01
201200060137,0,07,000,04,2,2,01,B01
201200060138,0,07,000,00,2,8,01,B01
201200060138,0,33,000,00,2,7,17,A01
201200060139,0,07,000,00,0,6,01,C01
201200060139,0,07,000,00,0,0,12,A01
201200060139,0,31,000,00,2,1,03,B01
201200060140,0,07,000,00,2,1,02,A01
201200060140,0,07,000,00,2,4,23,D01
201200060140,0,10,000,00,2,4,23,B01
201200060140,0,07,000,00,2,4,23,C01
201200060141,0,33,000,00,0,4,03,B01
201200060141,0,07,000,00,0,5,01,C01
201200060141,0,32,000,00,2,1,11,A01
201200060142,0,07,000,04,0,1,14,A01
201200060143,0,07,000,00,2,7,01,B01
201200060143,0,33,000,00,2,3,11,A01
201200060144,0,34,000,00,2,3,03,A01
201200060144,0,07,000,00,2,5,01,B01
201200060145,1,07,000,00,2,8,11,Z01
201200060145,0,31,000,00,2,7,03,A01
201200060146,0,10,000,00,2,5,01,B01
201200060146,1,10,000,00,2,0,13,Z01
201200060146,0,33,000,00,2,1,03,A01
201200060147,0,07,000,00,2,6,01,A01
201200060147,1,17,000,00,2,2,16,Z01
201200060148,0,07,000,00,2,8,11,A01
201200060148,0,33,000,00,2,7,03,B01
201200060149,0,07,000,00,2,8,11,A01
201200060149,0,10,000,00,2,2,01,B01
201200060150,0,32,000,00,2,1,03,D01
201200060150,0,10,000,00,2,4,22,B01
201200060150,0,07,000,00,2,1,02,A01
201200060150,0,10,000,00,2,5,01,E01
201200060150,0,10,000,00,2,4,02,C01
201200060151,0,07,000,00,2,5,12,A01
201200060151,0,31,000,00,2,1,03,B01
201200060152,0,07,000,04,2,1,17,A01
201200060152,0,07,000,04,2,4,01,B01
201200060153,0,07,000,04,0,2,16,A01
201200060154,0,33,000,00,2,1,02,B01
201200060154,1,07,000,00,2,0,14,Z01
201200060154,0,31,000,00,2,4,02,A01
201200060155,0,31,000,00,2,3,03,B01
201200060155,0,07,000,00,2,5,12,A01
201200060156,0,07,000,00,2,2,12,A01
201200060156,0,32,000,00,2,3,01,B01
201200060157,0,10,000,04,2,3,13,A01
201200060157,0,07,000,00,2,4,02,C01
201200060157,0,07,000,00,2,5,02,B01
201200060158,0,07,000,00,2,5,12,A01
201200060158,0,32,000,00,2,3,01,B01
201200060159,0,33,000,00,2,7,03,B01
201200060159,0,07,000,00,2,8,11,A01
201200060160,1,14,000,00,2,0,12,Z01
201200060160,0,07,000,03,2,8,01,A01
201200060161,0,07,000,00,2,5,12,A01
201200060161,0,33,000,00,2,3,03,B01
201200060162,0,07,000,00,2,5,12,A01
201200060162,0,33,000,00,2,3,03,B01
201200060163,0,07,000,04,0,9,02,A01
201200060164,0,33,000,04,2,2,03,A01
201200060164,0,07,000,00,2,6,13,B01
201200060165,0,32,000,00,2,5,12,A01
201200060165,0,33,000,00,2,1,03,B01
201200060165,0,07,000,00,2,5,23,C01
201200060166,0,07,000,00,2,2,12,A01
201200060166,0,07,000,00,2,6,23,B01
201200060167,0,07,000,04,0,1,13,A01
201200060168,0,33,000,00,0,3,02,A01
201200060169,0,07,000,00,2,1,02,A01
201200060169,0,07,000,00,2,4,02,B01
201200060169,0,07,000,00,2,4,02,C01
201200060170,0,33,000,00,2,7,01,B01
201200060170,0,07,000,00,2,3,11,A01
201200060171,0,07,000,00,2,3,11,A01
201200060171,0,33,000,00,2,7,01,B01
201200060172,0,10,000,00,2,4,23,D02
201200060172,0,07,000,00,2,1,23,C01
201200060172,0,07,000,00,2,4,23,E01
201200060172,0,07,000,00,2,1,23,B01
201200060172,0,10,000,00,2,1,02,A01
201200060173,0,33,000,00,2,8,03,B01
201200060173,0,10,000,00,2,6,01,C01
201200060173,0,07,000,00,2,7,12,A01
201200060174,2,07,000,00,2,1,02,Z01
201200060174,0,07,000,00,2,4,02,A01
201200060175,0,07,000,04,2,5,01,B01
201200060175,0,10,000,00,2,3,11,A01
201200060176,0,33,000,00,0,8,03,A01
201200060177,0,07,000,00,2,5,02,B01
201200060177,0,33,000,00,2,1,02,A01
201200060178,2,07,000,04,2,8,14,Z01
201200060178,0,10,000,00,2,6,01,A01
201200060179,0,07,000,00,2,8,11,A01
201200060179,0,33,000,00,2,7,03,B01
201200060179,0,07,000,00,2,4,01,C01
201200060180,0,33,000,00,2,8,02,C01
201200060180,0,07,000,00,2,4,02,B01
201200060180,0,33,000,00,2,1,02,A01
201200060181,0,07,000,00,2,4,23,B01
201200060181,0,07,000,00,2,4,23,C01
201200060181,0,07,000,00,2,1,02,A01
201200060182,0,07,000,04,2,6,02,B01
201200060182,0,07,000,00,2,1,02,A01
201200060183,0,32,000,04,0,1,01,A01
201200060184,0,32,000,00,0,8,01,B01
201200060184,0,07,000,00,2,2,12,A01
201200060185,0,31,000,12,0,1,14,A01
201200060186,0,07,000,00,2,4,23,B01
201200060186,0,07,000,00,0,4,23,C01
201200060186,0,07,000,00,2,1,01,A01
201200060187,0,33,000,00,2,1,12,A01
201200060187,0,33,000,00,2,5,12,B01
201200060187,0,07,000,00,0,4,01,C01
201200060188,0,07,000,00,2,2,01,A01
201200060188,0,07,000,00,0,6,01,B01
201200060189,0,07,000,00,0,5,23,B01
201200060189,0,32,000,00,2,1,01,A01
201200060190,0,33,000,00,2,1,02,A01
201200060190,0,07,000,00,2,5,23,B01
201200060191,0,33,000,00,2,8,03,B01
201200060191,0,07,000,00,2,7,12,A01
201200060192,0,33,000,04,2,1,01,A01
201200060192,1,07,000,00,2,8,11,Z01
201200060193,0,33,000,04,2,1,02,A01
201200060193,0,07,000,00,2,8,02,B01
201200060193,0,10,000,00,2,6,02,C01
201200060193,0,07,000,00,2,4,02,D01
201200060194,0,31,000,04,0,1,13,A01
201200060195,0,07,000,00,2,1,02,A01
201200060195,0,07,000,00,2,4,02,B01
201200060195,0,07,000,00,2,4,02,C01
201200060196,0,31,000,00,2,4,02,B01
201200060196,0,10,000,00,2,1,02,A01
201200060197,0,07,000,00,2,5,12,B01
201200060197,0,33,000,00,2,3,03,A01
201200060198,0,33,000,00,2,3,03,A01
201200060198,0,07,000,00,2,5,12,B01
201200060199,0,15,000,00,2,2,12,A01
201200060199,0,07,000,00,2,6,01,B01
201200060199,0,07,000,04,2,2,01,C01
201200060200,0,10,000,00,2,0,12,B01
201200060200,0,32,000,00,2,0,03,A01
201200060201,0,33,000,00,2,2,12,A01
201200060201,0,10,000,00,2,6,23,B01
201200060202,0,07,000,00,2,5,12,A01
201200060202,0,33,000,00,2,5,03,B01
201200060203,0,33,000,04,2,4,02,B01
201200060203,0,33,000,04,2,1,02,A01
201200060204,0,33,000,00,0,7,01,A01
201200060205,0,07,000,00,0,0,11,B01
201200060205,0,33,000,00,0,0,01,A01
201200060206,0,31,000,00,0,0,01,A01
201200060207,0,32,000,00,0,0,01,A01
201200060208,0,36,000,00,2,1,01,A01
201200060209,0,07,000,00,0,6,11,B01
201200060209,0,07,000,00,0,2,01,C01
201200060209,0,33,000,00,2,2,03,A01
201200060210,0,07,000,04,0,2,01,A01
201200060211,0,33,000,00,2,7,03,B01
201200060211,0,07,000,00,2,8,11,A01
201200060212,0,33,000,00,2,1,03,A01
201200060212,0,10,000,00,2,4,12,B01
201200060213,0,33,000,00,2,3,01,B01
201200060213,0,07,000,00,2,5,12,A01
201200060214,0,07,000,00,2,1,01,E01
201200060214,0,07,000,00,2,4,01,B01
201200060214,0,07,000,00,2,1,01,A01
201200060214,0,07,000,00,2,4,01,C01
201200060214,0,07,000,00,0,4,01,D01
201200060215,0,07,000,00,0,6,01,B01
201200060215,0,33,000,00,2,1,03,A01
201200060216,0,33,000,00,2,3,03,B01
201200060216,0,07,000,00,0,7,12,A01
201200060217,0,07,000,00,2,1,02,A01
201200060217,0,07,000,00,2,4,02,B01
201200060217,0,07,000,00,2,4,02,C01
201200060217,0,33,000,00,2,1,02,D01
201200060218,0,07,000,00,2,1,02,A01
201200060218,0,07,000,00,2,4,02,B01
201200060219,0,07,000,00,2,2,12,A01
201200060219,0,31,000,00,2,3,01,B01
201200060220,0,33,000,00,0,0,01,A01
201200060221,0,31,000,00,2,2,02,B01
201200060221,0,07,000,00,2,5,02,D01
201200060221,0,07,000,00,2,4,23,E01
201200060221,0,07,000,00,2,3,11,A01
201200060221,0,07,000,00,2,4,02,C01
201200060222,0,33,000,00,2,8,03,A01
201200060222,0,10,000,00,2,2,12,B01
201200060223,0,07,000,00,2,4,02,B01
201200060223,0,07,000,00,2,1,02,A01
201200060224,0,07,000,04,0,1,14,A01
201200060225,0,33,000,00,0,7,03,A01
201200060226,0,33,000,00,2,5,01,B01
201200060226,0,33,000,00,2,3,13,A01
201200060227,0,07,000,00,2,6,12,A01
201200060227,0,33,000,00,2,4,03,C01
201200060227,0,33,000,00,2,1,03,B01
201200060228,0,32,000,00,2,1,02,A01
201200060228,0,07,000,00,2,6,23,B01
201200060229,0,33,000,00,2,2,01,B01
201200060229,0,07,000,00,2,6,11,A01
201200060230,2,07,000,00,2,2,13,Z01
201200060230,0,07,000,00,2,6,02,B01
201200060230,0,33,000,04,2,7,02,A01
201200060231,0,07,000,00,2,2,12,A01
201200060231,0,31,000,00,2,1,03,B01
201200060232,0,07,000,04,2,8,11,A01
201200060232,0,33,000,00,2,7,01,B01
201200060233,0,07,000,00,2,2,12,A01
201200060233,0,31,000,00,2,8,03,B01
201200060234,0,33,000,00,2,1,03,A01
201200060234,0,07,000,00,2,6,11,B01
201200060235,0,33,000,00,2,1,03,A01
201200060235,0,07,000,00,2,6,12,B01
201200060236,0,33,000,00,2,8,03,A01
201200060236,0,07,000,00,2,5,12,B01
201200060237,0,07,000,04,0,2,12,A01
201200060238,0,07,000,00,0,5,01,B01
201200060238,0,07,000,00,2,2,01,A01
201200060239,0,07,000,00,2,3,01,C01
201200060239,0,33,000,00,2,8,03,A01
201200060239,0,07,000,00,2,5,01,B01
201200060240,0,10,000,00,2,8,13,A01
201200060240,0,07,000,04,2,2,01,B01
201200060241,0,07,000,00,2,7,14,A01
201200060241,0,33,000,00,2,8,01,B01
201200060241,0,07,000,00,2,8,01,C01
201200060242,0,33,000,00,2,1,03,A01
201200060242,0,07,000,00,0,5,12,B01
201200060243,0,32,000,00,2,7,03,A01
201200060243,0,07,000,00,0,8,01,B01
201200060244,0,10,000,00,2,6,11,A01
201200060244,0,32,000,00,2,2,01,B01
201200060245,0,10,000,01,2,1,01,A01
201200060245,0,10,000,00,0,4,23,B01
201200060246,1,07,000,00,2,5,16,Z01
201200060246,0,07,000,04,2,3,01,A01
201200060247,0,33,000,00,2,0,03,A01
201200060247,1,07,000,00,2,0,11,Z01
201200060248,0,07,000,04,0,1,13,A01
201200060249,0,07,000,00,2,8,01,B01
201200060249,0,17,000,00,2,2,12,A01
201200060250,0,32,000,00,2,3,02,A01
201200060250,0,10,000,00,2,5,02,B01
201200060251,0,31,000,00,2,1,02,A01
201200060251,0,07,000,00,2,4,02,B01
201200060252,0,07,000,00,2,5,23,B01
201200060252,0,32,000,00,2,3,13,A01
201200060253,0,31,000,00,2,6,03,B01
201200060253,0,33,000,00,2,1,03,A01
201200060254,0,07,000,00,2,1,02,A01
201200060254,0,07,000,00,2,4,02,C01
201200060254,0,07,000,00,2,4,02,D01
201200060254,0,07,000,00,2,4,02,B01
201200060255,0,10,000,00,2,4,02,B01
201200060255,0,33,000,00,2,1,02,A01
201200060256,0,07,000,00,2,1,02,A01
201200060256,0,07,000,00,2,6,02,B01
201200060257,0,07,000,00,2,7,12,A01
201200060257,0,33,000,00,2,3,03,B01
201200060258,0,33,000,00,2,1,02,A01
201200060258,0,07,000,00,2,6,02,B01
201200060259,0,32,000,00,2,1,03,B01
201200060259,0,07,000,03,2,7,12,A01
201200060259,0,07,000,00,2,8,01,C01
201200060260,0,32,000,00,2,7,03,A01
201200060260,0,07,000,00,0,6,23,C01
201200060260,0,07,000,00,0,8,01,B01
201200060261,0,07,000,00,2,9,02,B01
201200060261,0,07,000,00,2,4,02,C01
201200060261,0,07,000,00,2,2,11,A01
201200060262,0,07,000,00,2,6,01,C01
201200060262,0,10,000,00,2,2,11,A01
201200060262,0,07,000,00,2,6,01,B01
201200060263,0,33,000,00,2,8,03,A01
201200060263,0,07,000,00,0,2,12,B01
201200060264,0,31,000,00,0,7,21,A01
201200060265,0,32,000,04,2,9,01,A01
201200060265,0,10,000,00,2,8,11,B01
201200060266,0,33,000,04,2,7,02,A01
201200060266,0,10,000,00,2,8,02,B01
201200060267,0,07,000,00,2,2,01,B01
201200060267,0,32,000,00,2,8,03,A01
201200060268,0,33,000,00,2,7,03,B01
201200060268,0,07,000,00,0,5,01,C01
201200060268,0,07,000,00,2,8,11,A01
201200060269,0,33,000,00,2,1,03,A01
201200060269,1,07,000,00,2,6,12,Z01
201200060270,0,33,000,00,2,8,03,B01
201200060270,0,07,000,00,2,5,12,A01
201200060271,0,10,000,00,2,2,12,A01
201200060271,0,33,000,00,2,3,03,B01
201200060272,0,07,000,00,0,8,01,B01
201200060272,0,15,000,00,2,1,12,A01
201200060273,0,07,000,00,2,0,01,B01
201200060273,0,33,000,00,2,1,03,A01
201200060274,0,32,000,00,2,2,03,A01
201200060274,0,07,000,00,2,6,23,B01
201200060275,0,07,000,04,2,1,13,A01
201200060275,0,10,000,04,2,0,01,B01
201200060276,0,33,000,00,0,7,01,A01
201200060277,0,31,000,00,0,7,01,A01
201200060278,0,07,000,00,2,6,11,A01
201200060278,0,32,000,00,0,2,01,B01
201200060279,0,33,000,00,2,4,02,A01
201200060279,1,07,000,00,2,0,02,Z01
201200060280,0,07,000,00,2,4,02,D01
201200060280,0,07,000,00,2,4,02,C01
201200060280,0,07,000,00,2,1,02,A01
201200060280,0,07,000,00,2,4,02,B01
201200060280,0,07,000,00,2,4,02,E01
201200060281,0,07,000,00,2,1,01,A01
201200060281,0,07,000,00,2,4,23,B01
201200060281,0,07,000,00,2,4,23,C01
201200060282,0,07,000,00,2,6,11,A01
201200060282,0,34,000,00,2,7,01,B01
201200060283,0,32,000,00,2,1,03,A01
201200060283,0,07,000,00,0,5,23,C01
201200060283,0,32,000,00,2,1,03,B01
201200060283,1,07,000,00,0,0,11,Z01
201200060284,0,07,000,00,2,1,02,A01
201200060284,0,07,000,00,2,4,02,C01
201200060284,0,07,000,00,2,4,02,B01
201200060285,0,10,000,00,2,4,02,C01
201200060285,0,07,000,00,2,1,02,A01
201200060285,0,07,000,00,2,4,02,B01
201200060286,0,31,000,00,2,2,12,A01
201200060286,0,07,000,00,2,8,23,C01
201200060286,0,07,000,00,2,5,23,D01
201200060286,0,33,000,00,2,8,01,B01
201200060287,0,31,000,00,2,8,03,A01
201200060287,0,07,000,00,0,3,01,C01
201200060287,0,10,000,00,0,7,01,B01
201200060288,0,33,000,00,0,0,03,A01
201200060289,0,07,000,00,2,6,01,B01
201200060289,0,32,000,00,0,4,12,D01
201200060289,0,10,000,00,2,5,01,C01
201200060289,0,10,000,00,2,2,01,A01
201200060290,0,32,000,00,0,8,01,A01
201200060291,0,07,000,00,2,8,01,B01
201200060291,0,34,000,00,2,1,14,A01
201200060292,0,07,000,00,2,3,01,B01
201200060292,0,33,000,00,2,0,14,A01
201200060293,0,33,000,00,0,0,02,A01
201200060294,0,31,000,00,2,8,01,A01
201200060294,0,07,000,00,0,5,01,B01
201200060295,0,07,000,00,2,3,11,A01
201200060295,0,33,000,00,0,2,01,B01
201200060296,0,31,000,05,0,1,12,A01
201200060297,0,07,000,00,0,2,01,C01
201200060297,0,33,000,00,0,0,03,A01
201200060297,0,07,000,00,0,6,01,D01
201200060297,0,33,000,00,2,1,11,B01
201200060298,0,07,000,00,0,4,01,C01
201200060298,0,07,000,00,0,4,01,D01
201200060298,0,10,000,01,0,1,12,A01
201200060298,0,07,000,00,2,6,01,B01
201200060299,0,34,000,00,0,8,01,A01
201200060300,0,07,000,00,2,6,01,A01
201200060300,0,07,000,00,0,2,01,B01
201200060301,0,07,000,00,2,1,23,B01
201200060301,0,07,000,00,0,4,23,C01
201200060301,0,10,000,00,2,1,12,A01
201200060302,0,31,000,00,2,2,01,B01
201200060302,0,07,000,00,2,6,13,A01
201200060303,0,15,000,00,2,2,12,A01
201200060303,0,07,000,04,2,6,01,B01
201200060304,1,07,000,00,0,6,11,Z01
201200060304,0,33,000,00,0,1,01,A01
201200060305,0,33,000,00,0,1,03,C01
201200060305,0,33,000,00,2,1,01,A01
201200060305,0,10,000,00,0,5,01,B01
201200060306,0,07,000,00,2,3,11,B01
201200060306,0,07,000,00,2,4,23,C01
201200060306,0,10,000,00,2,8,23,D01
201200060306,0,33,000,00,2,1,03,A01
201200060307,0,07,000,00,2,4,02,A01
201200060307,0,07,000,00,2,4,02,C01
201200060307,0,07,000,00,2,1,02,B01
201200060308,0,07,000,00,0,4,23,B01
201200060308,0,38,001,00,2,1,01,A01
201200060309,0,07,000,00,2,1,01,A01
201200060309,0,10,000,00,0,4,23,B01
201200060310,0,31,000,00,2,7,13,A01
201200060310,0,07,000,00,0,7,01,C01
201200060310,0,14,000,00,0,6,01,B01
201200060311,0,07,000,00,0,8,01,C01
201200060311,0,33,000,00,2,4,01,B01
201200060311,0,33,000,00,2,1,01,A01
201200060312,0,33,000,00,2,4,02,B01
201200060312,0,07,000,00,2,1,02,A01
201200060313,0,10,000,00,2,5,01,B01
201200060313,0,31,000,00,2,3,03,A01
201200060314,0,07,000,04,2,1,12,A01
201200060314,0,07,000,00,2,5,01,B01
201200060315,0,10,000,00,2,5,01,B01
201200060315,0,31,000,00,2,3,03,A01
201200060316,0,32,000,00,2,8,03,B01
201200060316,0,07,000,00,2,5,01,C01
201200060316,0,07,000,00,2,2,12,A01
201200060317,1,07,000,00,0,0,13,Z01
201200060317,0,33,000,00,2,7,01,A01
201200060318,0,31,000,00,0,1,03,B01
201200060318,0,07,000,00,2,6,11,A01
201200060319,0,33,000,00,0,8,01,A01
201200060320,0,34,000,00,2,3,03,A01
201200060320,0,07,000,00,2,7,01,B01
201200060321,0,34,000,00,2,8,01,B01
201200060321,0,07,000,00,2,5,12,A01
201200060322,0,07,000,00,2,8,11,A01
201200060322,0,31,000,00,2,7,01,B01
201200060323,0,33,000,00,0,0,21,A01
201200060324,0,33,000,00,2,1,03,A01
201200060324,0,33,000,00,0,4,03,B01
201200060324,0,07,000,00,0,5,01,C01
201200060325,0,32,000,00,0,7,00,A01
201200060326,0,33,000,00,0,0,02,A01
201200060327,0,07,000,04,0,7,01,A01
201200060328,0,07,000,00,2,4,02,B01
201200060328,0,07,000,00,2,1,02,A01
201200060329,0,33,000,04,0,8,21,A01
201200060330,0,07,000,00,2,3,13,A01
201200060330,0,07,000,00,2,5,02,B01
201200060330,0,33,000,00,2,1,02,C01
201200060331,1,07,000,00,2,5,02,Z01
201200060331,0,07,000,04,2,3,02,A01
201200060332,0,33,000,00,2,3,03,A01
201200060332,0,07,000,00,2,7,12,B01
201200060333,0,31,000,00,2,1,02,A01
201200060333,0,07,000,00,2,6,02,B01
201200060334,0,07,000,00,2,7,12,A01
201200060334,0,33,000,00,2,8,03,B01
201200060335,0,31,000,00,2,7,03,C01
201200060335,0,07,000,00,2,2,12,A01
201200060335,0,33,000,00,2,3,03,B01
201200060336,0,07,000,00,2,3,11,A01
201200060336,0,33,000,00,2,2,01,B01
201200060337,0,10,000,00,2,2,01,B01
201200060337,0,33,000,04,2,7,01,C01
201200060337,0,07,000,00,2,3,13,A01
201200060338,0,10,000,00,2,5,12,A01
201200060338,0,33,000,00,2,8,01,B01
201200060339,0,10,000,00,2,4,23,C01
201200060339,0,10,000,00,2,1,02,A01
201200060339,0,10,000,00,2,4,02,B01
201200060340,0,33,000,00,2,7,01,B01
201200060340,0,07,000,00,2,8,13,A01
201200060341,0,33,000,00,0,0,01,A01
201200060342,0,07,000,00,2,2,01,C01
201200060342,0,31,000,00,2,6,03,A01
201200060342,0,07,000,00,2,6,01,B01
201200060343,0,07,000,00,2,6,23,B01
201200060343,0,32,000,00,2,1,11,A01
201200060344,0,10,000,00,2,4,23,B01
201200060344,0,31,000,00,2,1,02,A01
201200060345,0,07,000,00,2,4,02,B01
201200060345,0,07,000,00,2,1,02,A01
201200060346,0,07,000,04,0,3,13,A01
201200060347,0,07,000,00,2,4,02,B01
201200060347,0,07,000,00,2,4,02,C01
201200060347,0,07,000,00,2,1,02,A01
201200060348,0,07,000,04,0,1,14,A01
201200060349,0,07,000,00,2,3,01,C01
201200060349,0,31,000,00,2,3,03,A01
201200060349,0,07,000,00,2,2,12,B01
201200060350,0,07,000,00,2,3,11,A01
201200060350,0,33,000,00,2,7,03,B01
201200060351,0,07,000,00,2,5,12,A01
201200060351,0,32,000,00,2,1,03,B01
201200060352,0,07,000,00,2,2,12,A01
201200060352,0,33,000,00,2,3,03,B01
201200060352,0,07,000,00,2,8,01,C01
201200060353,0,07,000,00,2,5,01,B01
201200060353,0,33,000,00,2,8,21,A01
201200060354,0,07,000,00,2,7,12,A01
201200060354,0,33,000,00,2,1,01,B01
201200060355,0,34,000,00,2,3,03,A01
201200060355,0,07,000,00,2,6,01,B01
201200060356,0,07,000,00,2,4,02,B01
201200060356,0,07,000,00,2,4,02,C01
201200060356,0,07,000,00,2,1,02,A01
201200060357,0,33,000,00,0,0,03,A01
201200060358,0,33,000,00,2,3,01,B01
201200060358,0,07,000,00,2,6,11,A01
201200060359,0,33,000,00,2,2,01,B01
201200060359,0,07,000,00,2,2,11,A01
201200060360,0,07,000,00,2,5,02,B01
201200060360,0,32,000,00,2,1,02,A01
201200060361,0,33,000,00,0,0,01,A01
201200060362,0,07,000,00,2,6,01,C01
201200060362,0,34,000,00,2,1,03,A01
201200060362,0,07,000,00,2,5,11,B01
201200060363,0,10,000,00,2,4,23,B01
201200060363,0,07,000,00,2,4,23,C01
201200060363,0,07,000,00,2,1,02,A01
201200060364,0,32,000,00,2,1,03,B01
201200060364,0,07,000,00,2,3,11,A01
201200060365,0,07,000,00,2,1,02,A01
201200060365,0,07,000,00,2,1,02,C01
201200060365,0,07,000,00,2,4,23,B01
201200060366,0,07,000,00,2,7,12,B01
201200060366,0,32,000,00,2,1,03,A01