Num_Acc,senc,catv,occutc,obs,obsm,choc,manv,num_veh
201200060727,1,07,000,00,1,0,05,A01
201200060728,0,02,000,00,2,4,14,B02
201200060728,0,07,000,00,2,3,01,A01
201200060729,0,07,000,00,0,9,01,A01
201200060730,0,10,000,00,0,4,24,B02
201200060730,0,01,000,01,0,1,01,A01
201200060731,0,07,000,00,2,3,13,A01
201200060731,0,07,000,00,2,3,01,B02
201200060732,0,31,000,00,1,1,13,A01
201200060733,0,31,000,00,1,1,01,A01
201200060734,0,31,000,00,2,1,01,A01
201200060734,2,31,000,00,2,1,01,B02
201200060735,0,02,000,00,2,7,17,A01
201200060735,0,07,000,00,2,8,01,B02
201200060736,0,07,000,00,9,3,15,A01
201200060736,0,01,000,00,2,1,01,B02
201200060737,0,07,000,00,1,4,04,A01
201200060738,0,07,000,00,2,3,15,A01
201200060738,0,34,000,00,2,1,01,B02
201200060739,0,07,000,00,2,1,01,A01
201200060739,0,02,000,00,2,4,03,B02
201200060740,0,07,000,00,2,3,15,A01
201200060740,0,33,000,00,2,1,01,B02
201200060741,0,07,000,03,0,2,01,A01
201200060742,0,10,000,00,2,1,02,A01
201200060742,0,33,000,00,2,4,01,B02
201200060743,0,33,000,16,0,8,03,A01
201200060743,0,10,000,00,0,0,12,B02
201200060744,0,07,000,00,2,4,17,A01
201200060744,0,07,000,00,2,1,17,B02
201200060745,0,07,000,00,1,2,01,A01
201200060746,0,01,000,00,2,4,01,B02
201200060746,0,07,000,00,2,1,14,A01
201200060747,0,10,000,00,1,2,01,A01
201200060748,0,30,000,00,2,1,01,A01
201200060748,0,30,000,00,2,1,05,B02
201200060749,0,07,000,00,1,1,01,A01
201200060750,0,07,000,01,1,3,01,A01
201200060751,0,07,000,00,0,0,23,D04
201200060751,0,07,000,00,0,8,01,C03
201200060751,0,07,000,00,0,7,17,B02
201200060751,0,07,000,00,1,1,14,A01
201200060752,0,10,000,00,9,3,01,A01
201200060752,0,01,000,00,2,1,13,B02
201200060753,0,30,000,00,1,1,01,A01
201200060754,0,07,000,00,1,1,01,A01
201200060755,0,07,000,00,2,1,13,A01
201200060755,0,07,000,00,0,6,01,B02
201200060755,0,07,000,00,0,1,01,C03
201200060756,0,07,000,04,0,2,01,A01
201200060757,0,02,000,12,0,0,01,A01
201200060758,0,10,000,00,1,3,19,A01
201200060759,0,01,000,00,2,1,01,A01
201200060759,0,07,000,00,2,1,01,B02
201200060760,0,31,000,00,2,1,02,A01
201200060760,0,10,000,00,2,4,02,B02
201200060761,0,01,000,01,0,7,14,A01
201200060761,0,07,000,00,9,8,00,B02
201200060762,0,38,000,00,2,3,01,A01
201200060762,0,07,000,00,2,3,13,B02
201200060763,0,10,000,00,1,2,00,A01
201200060764,0,10,000,00,2,1,01,A01
201200060764,0,21,000,00,2,4,01,B02
201200060765,0,33,000,04,0,2,01,A01
201200060766,0,07,000,00,2,3,02,A01
201200060766,0,01,000,00,2,7,02,B02
201200060767,0,01,000,00,0,6,01,A01
201200060768,0,07,000,00,2,8,15,B02
201200060768,0,33,000,00,2,1,17,A01
201200060769,0,07,000,00,2,3,01,A01
201200060769,0,34,000,00,2,1,13,B02
201200060770,0,07,000,00,0,0,00,A01
201200060771,0,07,000,00,0,0,00,A01
201200060772,0,07,000,00,2,1,00,B02
201200060772,0,31,000,00,2,1,19,A01
201200060773,0,30,000,00,1,1,02,A01
201200060774,0,07,000,00,1,0,04,A01
201200060775,0,33,000,00,0,8,01,A01
201200060776,0,07,000,00,2,8,11,A01
201200060776,0,03,000,00,2,3,01,B02
201200060777,0,07,000,00,1,1,01,A01
201200060778,0,10,000,00,2,1,15,A01
201200060778,0,01,000,00,2,1,01,B02
201200060779,0,30,000,00,0,7,00,A01
201200060780,0,30,000,00,0,8,01,A01
201200060781,0,07,000,00,2,1,15,A01
201200060781,0,30,000,00,2,1,01,B02
201200060782,0,07,000,00,0,4,23,A01
201200060782,0,07,000,00,2,1,01,D04
201200060782,0,07,000,00,0,4,23,C03
201200060782,0,07,000,00,0,4,23,B02
201200060783,0,07,000,00,2,5,01,A01
201200060783,0,31,000,00,2,3,03,B02
201200060784,0,30,000,00,2,2,05,A01
201200060784,0,07,000,00,2,2,01,B02
201200060785,0,07,000,00,0,9,02,A01
201200060786,0,30,000,08,0,1,01,A01
201200060787,0,07,000,00,0,5,01,A01
201200060787,0,02,000,00,2,1,01,B02
201200060788,0,07,000,00,9,8,11,A01
201200060788,0,01,000,00,2,2,17,B02
201200060789,0,07,000,00,0,4,02,A01
201200060789,0,33,000,00,2,1,02,D04
201200060789,0,07,000,00,2,1,02,B02
201200060789,0,07,000,00,2,1,02,C03
201200060790,0,07,000,00,0,1,17,A01
201200060790,0,07,000,00,0,1,00,B02
201200060791,0,07,000,00,2,5,01,A01
201200060791,0,07,000,00,0,3,01,B02
201200060792,0,07,000,00,2,3,01,B02
201200060792,0,07,000,00,2,3,01,A01
201200060793,0,07,000,00,2,1,01,A01
201200060793,0,07,000,00,2,5,01,B02
201200060794,0,07,000,06,0,7,01,A01
201200060795,0,07,000,00,2,1,01,C03
201200060795,0,07,000,00,2,1,13,A01
201200060795,0,32,000,00,2,1,21,B02
201200060796,0,02,000,00,2,1,13,A01
201200060796,0,01,000,00,2,1,01,B02
201200060797,0,07,000,02,0,1,01,A01
201200060798,0,33,000,15,0,1,14,A01
201200060799,1,07,000,00,1,2,01,A01
201200060800,0,07,000,00,2,1,15,A01
201200060800,0,33,000,00,2,1,01,B02
201200060801,0,07,000,00,9,3,17,A01
201200060801,0,01,000,00,2,1,00,B02
201200060802,0,33,000,00,2,1,01,A01
201200060802,0,10,000,00,2,7,15,B02
201200060803,0,07,000,00,1,1,01,A01
201200060804,0,07,000,00,1,1,01,A01
201200060805,0,33,000,00,2,1,01,A01
201200060805,0,07,000,00,2,3,19,B02
201200060806,0,10,000,00,1,8,01,A01
201200060807,1,07,000,00,1,1,01,A01
201200060808,0,10,000,00,2,3,05,A01
201200060808,0,07,000,00,2,3,01,B02
201200060809,0,07,000,00,1,7,01,A01
201200060810,0,38,000,00,2,1,01,A01
201200060810,0,30,000,00,2,7,01,B02
201200060811,0,01,000,00,2,4,01,A01
201200060812,0,02,000,00,2,1,01,B02
201200060812,0,07,000,00,2,5,15,A01
201200060813,0,33,000,00,2,1,01,A01
201200060813,0,07,000,00,0,6,01,B02
201200060814,0,30,000,00,1,1,01,A01
201200060815,0,07,000,00,1,0,01,A01
201200060816,0,02,000,00,2,1,13,B02
201200060816,0,07,000,00,2,3,01,A01
201200060817,0,07,000,00,2,4,02,B02
201200060817,0,30,000,00,2,1,02,A01
201200060818,0,10,000,06,2,1,02,A01
201200060818,0,07,000,00,0,4,01,B02
201200060819,0,32,000,00,0,7,01,A01
201200060820,0,30,000,00,2,1,17,B02
201200060820,0,07,000,00,2,1,01,A01
201200060821,0,33,000,00,2,7,05,B02
201200060821,0,07,000,00,2,3,01,A01
201200060822,0,07,000,06,0,1,01,A01
201200060823,0,36,000,15,0,2,01,A01
201200060824,0,01,000,10,0,1,01,A01
201200060825,0,33,000,00,0,1,17,A01
201200060826,0,33,000,06,2,9,13,A01
201200060826,0,07,000,00,2,3,01,B02
201200060827,0,07,000,00,1,3,01,A01
201200060828,1,30,000,00,1,1,17,A01
201200060829,0,10,000,00,2,3,01,B02
201200060829,0,02,000,00,2,1,13,A01
201200060830,0,07,000,00,1,3,01,A01
201200060831,0,33,000,00,1,2,21,A01
201200060832,0,30,000,00,2,1,01,B02
201200060832,0,07,000,00,0,2,15,A01
201200060833,0,10,000,00,1,2,13,A01
201200060834,0,07,000,00,2,1,01,B02
201200060834,0,03,000,00,2,1,13,A01
201200060835,0,07,000,00,2,2,15,A01
201200060835,0,07,000,00,2,1,01,B02
201200060836,0,07,000,00,2,1,13,A01
201200060836,0,01,000,00,2,1,01,B02
201200060837,0,07,000,00,1,2,01,A01
201200060838,0,31,000,00,0,7,01,A01
201200060839,0,30,000,00,0,0,01,A01
201200060840,0,10,000,00,1,2,01,A01
201200060841,0,30,000,06,0,1,00,A01
201200060842,0,10,000,00,1,3,01,A01
201200060843,0,10,000,00,2,3,15,A01
201200060843,0,30,000,00,2,1,01,B02
201200060844,0,07,000,06,0,1,01,A01
201200060845,0,10,000,00,1,5,01,A01
201200060846,0,07,000,00,1,3,01,A01
201200060847,0,02,000,00,2,1,01,A01
201200060847,0,07,000,00,2,2,15,B02
201200060848,0,07,000,00,2,3,01,C03
201200060848,0,07,000,00,2,3,15,A01
201200060848,0,07,000,00,2,8,01,B02
201200060849,0,33,000,08,0,1,00,A01
201200060850,0,31,000,13,0,1,01,A01
201200060851,0,07,000,01,0,7,01,A01
201200060851,0,07,000,00,0,4,24,B02
201200060852,0,30,000,00,2,1,01,A01
201200060852,0,10,000,00,2,3,01,B02
201200060853,0,07,000,00,2,3,01,A01
201200060853,0,30,000,00,2,8,01,B02
201200060854,0,07,000,00,1,7,01,A01
201200060855,0,32,000,00,1,1,21,A01
201200060856,0,07,000,13,1,9,04,A01
201200060857,0,07,000,00,1,3,01,A01
201200060858,2,07,000,00,1,7,01,A01
201200060859,0,07,000,00,2,3,01,A01
201200060859,0,30,000,00,2,3,01,B02
201200060860,0,30,000,00,1,1,05,A01
201200060861,0,30,000,00,2,5,01,A01
201200060861,0,10,000,00,2,2,01,B02
201200060862,0,30,000,14,0,7,01,A01
201200060862,2,10,000,14,2,1,00,B02
201200060863,0,07,000,00,2,7,09,A01
201200060863,0,33,000,01,2,1,17,B02
201200060864,0,07,000,00,1,1,01,A01
201200060865,0,31,000,06,0,7,17,A01
201200060866,0,31,000,00,1,2,01,A01
201200060867,0,31,000,00,5,1,19,A01
201200060868,0,07,000,00,2,2,15,A01
201200060868,0,30,000,00,2,1,01,B02
201200060869,0,34,000,00,2,8,01,B02
201200060869,0,10,000,00,2,1,19,A01
201200060870,0,07,000,00,2,2,01,A01
201200060870,0,01,000,00,2,1,19,B02
201200060871,0,30,000,00,2,2,17,B02
201200060871,0,10,000,00,2,8,15,A01
201200060872,0,07,000,00,2,3,01,B02
201200060872,0,07,000,00,2,3,01,A01
201200060873,0,07,000,00,2,1,01,A01
201200060873,0,30,000,00,2,1,13,B02
201200060874,0,07,000,02,0,9,01,A01
201200060875,0,07,000,02,0,1,13,A01
201200060876,0,31,000,00,2,6,01,A01
201200060877,0,07,000,00,2,1,00,B02
201200060877,0,07,000,00,2,8,00,A01
201200060878,0,07,000,00,2,1,15,A01
201200060878,0,32,000,00,2,8,01,B02
201200060879,0,07,000,14,0,1,01,A01
201200060880,0,07,000,00,1,2,01,A01
201200060881,0,07,000,12,0,0,01,A01
201200060882,0,07,000,00,2,2,15,A01
201200060882,0,33,000,00,2,1,01,B02
201200060883,0,34,000,00,0,4,01,A01
201200060883,0,07,000,00,2,1,02,B02
201200060884,0,32,000,10,0,1,01,A01
201200060885,0,10,000,00,2,2,02,A01
201200060885,0,01,000,00,0,4,02,B02
201200060886,0,07,000,06,0,1,01,A01
201200060887,0,33,000,00,2,1,19,B02
201200060887,0,07,000,00,2,2,01,A01
201200060888,0,33,000,00,2,1,02,B02
201200060888,0,07,000,00,2,6,02,A01
201200060889,0,07,000,00,2,3,01,A01
201200060889,0,32,000,00,2,1,19,B02
201200060890,0,07,000,13,0,1,01,A01
201200060891,0,33,000,12,0,7,01,A01
201200060892,0,07,000,04,0,1,01,A01
201200060893,0,33,000,00,2,1,01,B02
201200060893,0,14,000,00,2,5,01,A01
201200060894,0,10,000,00,1,2,01,A01
201200060895,0,10,000,00,2,1,01,A01
201200060895,0,03,000,00,2,3,01,B02
201200060896,0,30,000,00,2,7,00,B02
201200060896,0,07,000,00,2,8,11,A01
201200060897,0,07,000,00,1,1,01,A01
201200060898,0,07,000,08,0,7,01,A01
201200060899,0,33,000,08,0,0,01,A01
201200060900,0,07,000,00,1,0,24,A01
201200060901,0,30,000,14,0,0,01,A01
201200060902,0,07,000,00,2,2,01,A01
201200060902,0,02,000,00,2,8,19,B02
201200060903,0,07,000,00,1,7,00,A01
201200060904,0,07,000,12,0,4,01,A01
201200060904,0,31,000,12,2,1,01,B02
201200060905,1,07,000,00,1,1,01,A01
201200060906,0,10,000,00,2,7,13,A01
201200060906,0,30,000,00,2,1,15,B02
201200060907,0,02,000,00,2,1,17,A01
201200060907,0,02,000,00,2,1,01,B02
201200060908,0,07,000,00,2,5,15,A01
201200060908,0,30,000,00,2,1,01,B02
201200060909,0,07,000,00,2,3,01,B02
201200060909,0,07,000,00,2,1,13,A01
201200060910,0,07,000,00,2,3,15,A01
201200060910,0,32,000,00,2,7,17,B02
201200060911,0,10,000,00,2,6,17,A01
201200060911,0,37,000,02,2,2,17,B02
201200060912,0,07,000,00,1,1,01,A01
201200060913,0,07,000,00,1,3,01,A01
201200060914,0,10,000,00,2,7,17,A01
201200060914,0,01,000,00,0,0,02,B02
201200060915,0,30,000,00,0,1,01,B02
201200060915,0,07,000,00,0,6,16,A01
201200060916,0,33,000,06,9,1,01,A01
201200060917,0,07,000,00,0,3,19,A01
201200060917,0,31,000,00,0,1,01,B02
201200060918,0,30,000,00,0,2,00,B02
201200060918,0,31,000,00,0,1,00,A01
201200060918,0,07,000,00,0,3,09,C03
201200060919,0,30,000,00,2,7,13,B02
201200060919,0,07,000,00,2,2,01,A01
201200060920,0,30,000,00,2,8,18,B02
201200060920,0,07,000,00,2,7,16,A01
201200060921,0,07,000,00,1,2,01,A01
201200060922,0,32,000,00,0,1,01,B02
201200060922,0,07,000,00,0,3,10,A01
201200060923,0,01,000,00,2,1,19,A01
201200060923,0,10,000,00,0,7,01,B02
201200060924,0,07,000,00,2,6,24,B02
201200060924,0,10,000,01,0,2,01,A01
201200060925,0,07,000,00,9,3,01,A01
201200060925,0,01,000,00,2,6,01,B02
201200060926,0,07,000,13,0,7,01,A01
201200060927,0,07,000,00,0,4,02,B02
201200060927,0,31,000,00,2,1,02,A01
201200060928,0,07,000,00,2,2,15,A01
201200060928,0,02,000,00,2,1,01,B02
201200060929,0,07,000,00,2,7,04,B02
201200060929,0,07,000,00,2,3,01,A01
201200060930,0,07,000,00,0,4,16,A01
201200060930,0,30,000,00,2,1,01,B02
201200060931,0,07,000,00,0,8,21,A01
201200060932,0,30,000,00,2,0,02,A01
201200060933,0,30,000,00,2,8,15,B02
201200060933,0,07,000,00,2,1,01,A01
201200060934,0,07,000,00,1,3,01,A01
201200060935,0,32,000,00,0,0,01,A01
201200060936,0,07,000,00,2,6,01,A01
201200060936,0,07,000,00,0,1,01,B02
201200060937,0,07,000,00,2,2,19,A01
201200060937,0,33,000,00,2,3,01,B02
201200060938,0,07,000,00,0,4,15,A01
201200060938,0,07,000,00,0,1,01,B02
201200060939,0,07,000,00,2,3,01,C03
201200060939,0,10,000,00,2,5,23,A01
201200060939,0,15,000,00,2,3,01,B02
201200060940,0,07,000,00,2,3,05,A01
201200060940,0,01,000,00,2,0,01,G07
201200060940,0,01,000,00,2,0,01,E05
201200060940,0,01,000,00,2,0,01,D04
201200060940,0,01,000,00,2,0,01,L12
201200060940,0,01,000,00,2,0,01,C03
201200060940,0,01,000,00,2,0,01,J10
201200060940,0,01,000,00,2,0,01,F06
201200060940,0,01,000,00,2,0,01,K11
201200060940,0,01,000,00,2,0,01,H08
201200060940,0,01,000,00,2,0,01,I09
201200060940,0,01,000,00,2,0,01,B02
201200060941,0,01,000,00,2,1,01,A01
201200060941,0,07,000,00,2,3,16,B02
201200060942,0,33,000,00,2,1,01,A01
201200060942,0,07,000,00,2,5,15,B02
201200060943,0,33,000,00,1,1,01,A01
201200060944,0,31,000,00,2,1,01,B02
201200060944,0,07,000,00,2,2,15,A01
201200060945,0,30,000,00,1,1,01,A01
201200060946,0,30,000,01,0,1,21,A01
201200060947,0,01,000,00,2,1,01,A01
201200060947,0,07,000,00,2,3,01,B02
201200060948,0,07,000,00,2,3,00,B02
201200060948,0,07,000,00,2,3,02,A01
201200060949,0,10,000,00,2,3,15,B02
201200060949,0,33,000,00,2,2,17,A01
201200060950,0,31,000,00,2,8,01,A01
201200060950,0,10,000,00,2,7,15,B02
201200060951,0,07,000,00,1,3,14,A01
201200060952,0,07,000,00,2,8,01,B02
201200060952,0,33,000,00,2,1,13,A01
201200060953,0,07,000,00,2,3,01,A01
201200060953,0,01,000,00,2,6,01,B02
201200060954,0,07,000,00,2,1,15,A01
201200060954,0,07,000,00,2,1,01,B02
201200060955,0,07,000,00,2,2,13,B02
201200060955,0,33,000,00,2,1,01,A01
201200060956,0,07,000,00,2,3,00,B02
201200060956,0,07,000,00,2,3,13,A01
201200060957,0,07,000,00,2,7,01,A01
201200060957,0,31,000,00,2,8,01,B02
201200060958,0,01,000,00,2,3,11,A01
201200060958,0,02,000,00,2,7,01,B02
201200060959,0,07,000,06,0,1,01,A01
201200060960,0,30,000,00,2,1,01,D04
201200060960,0,30,000,00,2,1,01,E05
201200060960,0,30,000,00,2,4,02,B02
201200060960,0,30,000,00,2,1,01,A01
201200060960,0,30,000,00,2,1,01,C03
201200060961,0,30,000,00,2,1,00,B02
201200060961,0,07,000,00,2,3,01,A01
201200060962,0,30,000,00,2,1,01,A01
201200060962,0,10,000,00,2,3,15,B02
201200060963,0,01,000,00,2,8,15,B02
201200060963,0,14,000,00,9,1,01,A01
201200060964,0,07,000,00,2,3,01,B02
201200060964,0,07,000,00,2,3,17,A01
201200060965,0,07,000,03,0,2,14,A01
201200060966,0,30,000,00,0,7,01,A01
201200060967,0,07,000,00,2,2,15,A01
201200060967,0,33,000,00,2,7,03,B02
201200060968,0,33,000,00,2,1,01,B02
201200060968,0,07,000,00,9,3,19,A01
201200060969,0,30,000,00,2,1,05,B02
201200060969,0,10,000,00,2,2,01,A01
201200060970,0,33,000,00,0,0,00,A01
201200060971,0,37,000,00,1,3,01,A01
201200060972,0,01,000,00,2,1,15,A01
201200060972,0,01,000,00,2,1,01,B02
201200060973,0,07,000,16,0,9,01,A01
201200060974,0,07,000,00,0,3,21,A01
201200060974,0,07,000,00,0,0,00,C03
201200060974,0,30,000,00,2,1,13,B02
201200060975,0,07,000,00,1,3,01,A01
201200060976,0,07,000,16,0,3,17,A01
201200060977,0,30,000,14,0,0,01,A01
201200060978,0,14,000,00,2,1,13,A01
201200060978,0,14,000,00,2,1,01,B02
201200060978,0,14,000,00,2,1,01,C03
201200060979,0,30,000,00,2,1,01,A01
201200060979,0,07,000,00,2,1,00,B02
201200060980,0,07,000,13,0,5,01,A01
201200060981,0,33,000,00,1,2,01,A01
201200060982,0,07,000,00,1,1,01,A01
201200060983,0,31,000,03,0,1,01,A01
201200060984,0,07,000,13,0,1,01,A01
201200060985,0,14,000,00,0,0,00,B02
201200060986,0,07,000,00,2,2,13,A01
201200060986,0,07,000,00,2,3,01,B02
201200060987,0,33,000,00,2,1,13,A01
201200060987,0,07,000,00,2,3,01,B02
201200060988,0,07,000,00,2,7,12,B02
201200060988,0,30,000,00,2,7,01,A01
201200060989,0,07,000,03,0,2,00,A01
201200060990,0,07,000,00,2,7,13,A01
201200060990,0,07,000,00,2,1,01,B02
201200060991,0,30,000,00,2,1,17,B02
201200060991,0,10,000,00,2,3,01,A01
201200060992,0,07,000,00,2,1,01,A01
201200060992,0,07,000,00,2,1,01,B02
201200060993,0,07,000,00,1,1,01,A01
201200060994,0,07,000,00,2,1,15,A01
201200060994,0,02,000,00,2,1,01,B02
201200060995,0,07,000,00,2,1,01,D04
201200060995,0,07,000,00,2,1,01,C03
201200060995,0,07,000,00,2,1,01,B02
201200060995,0,07,000,00,2,1,01,A01
201200060996,0,33,000,00,2,1,17,A01
201200060996,0,10,000,00,2,8,15,B02
201200060997,0,10,000,00,9,2,09,A01
201200060997,0,01,000,00,2,6,09,B02
201200060998,0,30,000,00,2,4,01,A01
201200060998,0,13,000,00,2,7,15,B02
201200060999,0,07,000,00,1,1,00,A01
201200061000,0,07,000,00,2,2,13,A01
201200061000,0,07,000,00,2,2,01,B02
201200061001,0,30,000,02,0,1,00,A01
201200061002,0,07,000,00,2,1,13,A01
201200061002,0,07,000,00,2,1,01,B02
201200061003,0,07,000,00,1,3,01,A01
201200061004,0,31,000,00,2,1,00,A01
201200061004,0,07,000,00,2,3,15,B02
201200061005,0,07,000,13,0,1,01,A01
201200061006,0,07,000,04,2,5,11,A01
201200061006,0,31,000,05,2,1,02,B02
201200061007,0,07,000,00,2,4,01,A01
201200061007,0,33,000,00,2,1,01,B02
201200061008,0,07,000,00,1,6,01,A01
201200061009,0,10,000,00,0,0,01,A01
201200061010,0,31,000,13,0,1,01,A01
201200061011,0,07,000,13,0,2,01,A01
201200061012,0,07,000,00,2,3,01,A01
201200061012,0,33,000,00,2,1,19,B02
201200061013,0,14,000,03,2,3,01,A01
201200061013,0,07,000,00,2,6,01,B02
201200061014,0,07,000,13,0,1,13,A01
201200061015,0,07,000,00,1,1,01,A01
201200061016,0,07,000,00,2,4,23,A01
201200061016,0,01,000,01,0,1,02,B02
201200061016,0,01,000,01,0,1,02,C03
201200061017,0,33,000,00,2,7,17,A01
201200061017,0,07,000,00,0,6,01,B02
201200061018,0,07,000,00,2,1,13,A01
201200061018,0,07,000,00,2,1,01,B02
201200061019,0,07,000,00,2,6,10,A01
201200061019,0,31,000,00,2,1,01,B02
201200061020,0,34,000,12,0,8,01,A01
201200061021,0,07,000,13,0,2,01,A01
201200061022,0,07,000,03,2,1,17,A01
201200061022,0,07,000,00,2,8,13,B02
201200061023,0,07,000,00,2,3,13,A01
201200061023,0,07,000,00,2,3,01,B02
201200061023,0,07,000,00,2,1,01,C03
201200061023,0,07,000,00,2,2,01,D04
201200061024,0,07,000,01,1,8,01,A01
201200061024,0,07,000,00,2,1,01,B02
201200061025,0,10,000,00,0,1,13,A01
201200061025,0,10,000,00,0,2,01,B02
201200061026,0,33,000,00,2,4,20,A01
201200061026,0,33,000,00,2,1,02,B02
201200061027,0,01,000,00,2,4,01,B02
201200061028,0,07,000,00,2,1,01,A01
201200061028,0,07,000,00,2,3,15,B02
201200061029,0,35,000,00,0,9,01,A01
201200061030,0,07,000,00,2,2,11,A01
201200061030,0,02,000,00,2,1,01,B02
201200061031,0,31,000,00,2,1,01,A01
201200061031,0,21,000,00,0,8,19,B02
201200061032,0,07,000,00,0,3,00,A01
201200061032,0,07,000,00,0,1,00,B02
201200061033,0,07,000,00,2,1,17,A01
201200061033,0,07,000,00,2,1,01,B02
201200061033,0,07,000,00,0,6,01,C03
201200061034,0,07,000,00,2,2,12,A01
201200061034,0,01,000,00,2,4,01,B02
201200061035,0,37,001,00,2,3,01,A01
201200061035,0,30,000,00,2,3,05,B02
201200061036,0,33,000,00,2,3,11,A01
201200061036,0,07,000,00,2,8,01,B02
201200061037,0,10,000,13,0,2,01,A01
201200061038,0,07,000,13,0,3,13,A01
201200061039,0,14,000,13,0,2,11,A01
201200061040,0,10,000,00,2,3,01,A01
201200061040,0,30,000,00,2,1,05,B02
201200061041,0,07,000,00,2,1,05,B02
201200061041,0,07,000,01,2,1,01,C03
201200061042,0,07,000,00,2,2,20,A01
201200061042,0,31,000,00,2,1,01,B02
201200061043,0,33,000,00,2,1,01,A01
201200061043,0,07,000,00,2,6,15,B02
201200061044,0,10,000,00,1,3,01,A01
201200061045,0,34,000,00,2,1,13,A01
201200061045,0,01,000,00,2,1,01,B02
201200061046,0,07,000,00,2,2,13,A01
201200061046,0,07,000,00,2,3,01,B02
201200061047,0,10,000,00,2,3,13,A01
201200061047,0,30,000,00,2,3,13,B02
201200061048,0,07,000,00,2,1,13,A01
201200061048,0,10,000,00,2,3,01,B02
201200061049,0,34,000,00,2,1,02,A01
201200061049,0,33,000,00,0,4,02,B02
201200061049,0,07,000,00,0,6,00,C03
201200061050,0,07,000,00,2,2,15,A01
201200061050,0,01,000,00,2,1,01,B02
201200061050,0,01,000,00,2,1,01,C03
201200061050,0,01,000,00,2,1,01,D04
201200061051,0,07,000,00,1,4,04,A01
201200061052,0,07,000,00,2,2,13,A01
201200061052,0,07,000,00,2,5,13,B02
201200061052,0,07,000,00,2,3,01,C03
201200061053,0,07,000,00,2,6,15,A01
201200061053,2,32,000,00,0,0,00,B02
201200061054,0,33,000,00,2,3,18,A01
201200061054,0,07,000,00,2,2,12,B02
201200061054,0,07,000,00,9,4,02,C03
201200061055,0,07,000,00,2,7,13,A01
201200061055,0,07,000,00,2,1,00,B02
201200061056,0,07,000,00,2,2,14,A01
201200061056,0,07,000,00,0,6,01,B02
201200061057,0,21,000,00,2,1,01,B02
201200061057,0,07,000,00,2,1,11,A01
201200061058,0,30,000,00,2,7,17,A01
201200061058,0,07,000,00,0,3,15,B02
201200061059,0,07,000,00,1,2,20,A01
201200061060,0,07,000,00,0,3,20,B02
201200061060,0,33,000,00,2,1,01,A01
201200061061,0,30,000,00,0,7,01,A01
201200061062,0,30,000,00,2,1,01,A01
201200061062,0,07,000,00,2,7,15,B02
201200061063,0,33,000,01,0,1,22,B02
201200061063,0,07,000,00,2,8,22,A01
201200061064,0,07,000,00,1,4,04,A01
201200061065,2,30,000,00,2,1,17,A01
201200061065,0,07,000,00,2,1,15,B01
201200061066,0,33,000,00,2,0,18,B01
201200061066,0,99,000,00,2,2,22,A01
201200061067,0,10,000,00,2,3,02,B01
201200061067,0,02,000,00,2,1,17,A01
201200061068,0,33,000,00,1,2,01,A01
201200061069,0,33,000,00,2,2,17,A01
201200061069,0,07,000,00,2,8,10,B01
201200061070,0,07,000,00,2,8,13,A01
201200061070,0,07,000,00,2,1,15,B01
201200061071,0,07,000,00,2,1,15,A01
201200061071,1,30,000,00,2,1,01,B01
201200061072,0,07,000,00,2,8,00,B01
201200061072,0,07,000,00,2,1,00,A01
201200061073,0,07,000,00,0,6,15,A01
201200061073,0,33,000,00,2,1,00,B01
201200061074,0,07,000,00,0,2,10,A01
201200061074,0,07,000,00,2,8,01,B01
201200061075,0,07,000,00,1,1,00,A01
201200061076,0,07,000,00,2,3,09,A01
201200061076,0,30,000,00,2,9,21,B01
201200061077,0,07,000,00,2,1,02,A01
201200061077,0,07,000,00,2,1,02,B01
201200061078,0,07,000,00,1,1,16,A01
201200061079,0,07,000,00,1,3,21,A01
201200061080,0,07,000,00,1,1,01,A01
201200061081,0,33,000,00,2,0,02,A01
201200061081,0,07,000,00,0,6,02,B01
201200061082,0,07,000,00,2,3,15,A01
201200061082,0,02,000,00,2,3,17,B01
201200061083,0,32,000,00,1,0,01,A01
201200061084,0,07,000,00,0,4,15,B01
201200061084,0,10,000,00,2,1,02,A01
201200061085,0,07,000,11,0,1,01,A01
201200061086,0,07,000,00,0,1,00,B01
201200061086,0,10,000,00,0,1,00,A01
201200061087,0,30,000,00,0,0,00,A01
201200061087,0,07,000,00,2,8,00,B01
201200061088,0,07,000,00,1,1,00,A01
201200061089,0,07,000,00,0,4,02,B01
201200061089,0,07,000,00,0,1,02,A01
201200061090,0,10,000,12,1,7,00,A01
201200061091,0,07,000,00,2,4,02,B01
201200061091,0,33,000,00,2,5,00,A01
201200061092,0,07,000,00,2,1,06,A01
201200061092,0,07,000,00,2,3,01,B01
201200061093,0,99,000,00,0,1,00,A01
201200061093,0,07,000,01,0,4,00,B01
201200061094,0,07,000,01,0,2,00,A01
201200061095,0,02,000,00,0,0,00,A01
201200061095,0,07,000,00,0,0,00,B01
201200061096,0,07,000,00,2,3,01,A01
201200061096,0,07,000,00,0,3,01,B01
201200061096,0,02,000,00,2,1,15,Z01
201200061097,0,02,000,00,2,7,01,A01
201200061097,0,07,000,00,2,2,00,B01
201200061098,0,07,000,00,1,2,01,A01
201200061099,0,32,000,00,2,9,01,B01
201200061099,0,07,000,00,9,3,19,A01
201200061100,0,32,000,00,1,1,01,A01
201200061101,0,07,000,01,0,8,00,C01
201200061101,0,07,000,00,2,1,01,A01