Num_Acc,senc,catv,occutc,obs,obsm,choc,manv,num_veh
201200061101,0,33,000,01,2,1,01,B01
201200061102,0,07,000,00,1,6,04,A01
201200061103,0,07,000,00,2,7,21,B01
201200061103,0,07,000,00,2,3,16,A01
201200061104,0,07,000,00,0,3,00,A01
201200061104,1,30,000,00,2,1,02,B01
201200061105,0,07,000,00,1,3,15,A01
201200061106,0,07,000,00,0,0,04,B01
201200061106,0,07,000,00,0,3,04,A01
201200061107,0,07,000,00,1,0,00,A01
201200061108,0,07,000,15,9,1,01,C01
201200061108,2,33,000,00,2,0,00,A01
201200061108,0,07,000,00,0,6,01,B01
201200061109,1,33,000,01,0,1,00,A01
201200061110,1,99,000,00,2,0,05,B01
201200061110,0,99,000,00,2,1,01,A01
201200061111,0,07,000,00,2,8,09,A01
201200061111,0,02,000,00,2,1,17,B01
201200061112,0,01,000,00,2,1,01,A01
201200061112,0,07,000,00,9,2,15,B01
201200061113,0,30,000,00,9,1,01,A01
201200061113,0,01,000,00,2,1,19,B01
201200061114,0,07,000,12,0,2,11,A01
201200061115,0,07,000,00,2,1,01,B01
201200061115,0,02,000,00,2,0,15,A01
201200061116,0,30,000,00,2,1,01,B01
201200061116,0,07,000,00,2,3,15,A01
201200061117,0,07,000,00,1,7,09,A01
201200061118,0,07,000,00,2,3,01,B01
201200061118,0,07,000,00,2,3,16,A01
201200061119,0,07,000,06,0,1,00,A01
201200061120,0,07,000,00,1,8,01,A01
201200061121,0,07,000,00,0,0,01,A01
201200061122,0,07,000,16,0,9,00,A01
201200061123,0,07,000,00,0,1,00,A01
201200061124,0,07,000,00,2,1,00,C01
201200061124,0,07,000,00,2,1,00,A01
201200061124,0,07,000,00,2,1,00,B01
201200061125,0,07,000,00,1,1,01,A01
201200061126,0,07,000,00,1,2,01,A01
201200061127,0,30,000,00,2,1,01,A01
201200061127,0,07,000,00,2,1,15,B01
201200061128,0,07,000,00,2,1,02,A01
201200061128,0,02,000,00,2,4,01,B01
201200061129,0,02,000,08,2,1,01,B01
201200061129,0,02,000,08,0,1,02,A01
201200061130,0,01,000,00,0,1,02,B01
201200061130,0,15,000,00,2,0,02,A01
201200061131,0,07,000,00,2,1,00,B01
201200061131,0,10,000,00,2,1,13,A01
201200061132,0,07,000,00,2,1,01,A01
201200061132,0,07,000,00,2,3,05,C01
201200061132,0,07,000,00,0,4,02,B01
201200061133,0,01,000,00,2,1,00,A01
201200061134,0,02,000,00,2,1,01,B01
201200061134,0,10,000,00,2,3,00,A01
201200061135,0,07,000,00,1,7,16,A01
201200061136,0,30,000,00,2,1,01,B01
201200061136,0,07,000,00,2,2,21,A01
201200061137,0,07,000,00,2,6,01,B01
201200061137,0,32,000,00,2,1,02,A01
201200061138,0,07,000,00,2,7,16,B01
201200061138,0,32,000,00,2,3,01,A01
201200061139,0,33,000,03,0,1,01,A01
201200061140,0,30,000,00,2,1,01,A01
201200061140,0,07,000,00,2,3,01,B01
201200061141,2,07,000,00,2,1,02,A01
201200061141,0,07,000,00,2,4,02,B01
201200061141,0,07,000,00,2,4,02,C01
201200061142,0,07,000,00,1,7,00,A01
201200061143,0,07,000,00,1,2,00,A01
201200061144,1,30,000,00,0,0,00,A01
201200061145,0,32,000,00,0,0,12,A01
201200061146,0,30,000,00,1,0,00,A01
201200061147,0,07,000,00,2,8,01,B01
201200061147,1,33,000,00,2,0,00,A01
201200061147,0,07,000,00,2,8,01,C01
201200061148,0,07,000,00,1,1,01,A01
201200061149,0,07,000,00,1,2,01,A01
201200061150,0,07,000,00,2,1,01,B01
201200061150,0,30,000,00,2,1,00,A01
201200061151,0,30,000,00,2,1,17,A01
201200061151,0,07,000,00,2,3,01,B01
201200061152,0,33,000,00,2,1,01,B01
201200061152,0,07,000,00,2,2,15,A01
201200061153,0,07,000,00,0,9,01,A01
201200061154,0,01,000,00,2,1,19,B01
201200061154,0,07,000,00,2,1,01,A01
201200061155,0,07,000,00,2,2,01,B01
201200061155,0,07,000,00,2,1,01,A01
201200061156,0,07,000,00,1,4,20,A01
201200061157,0,07,000,00,2,1,01,A01
201200061157,0,07,000,00,2,8,19,B01
201200061158,0,07,000,00,1,0,00,A01
201200061159,0,07,000,04,2,1,05,A01
201200061159,0,07,000,00,2,1,02,B01
201200061160,0,07,000,00,1,1,01,A01
201200061161,0,07,000,00,1,1,01,A01
201200061162,0,07,000,00,9,0,02,A01
201200061162,0,01,000,00,2,4,02,B01
201200061163,0,07,000,00,2,1,01,A01
201200061163,0,01,000,00,2,8,05,B01
201200061164,2,07,000,01,1,2,02,A01
201200061164,0,07,000,00,0,6,24,B01
201200061165,0,07,000,00,1,2,01,A01
201200061166,0,07,000,00,0,0,00,A01
201200061167,0,31,000,00,2,1,01,A01
201200061167,0,07,000,00,2,2,15,B01
201200061168,0,07,000,00,2,8,15,B01
201200061168,0,10,000,00,2,1,17,A01
201200061169,0,07,000,00,2,3,01,B01
201200061169,0,07,000,00,2,1,01,A01
201200061170,0,07,000,00,1,7,00,A01
201200061171,0,30,000,00,2,1,02,A01
201200061171,0,07,000,00,2,4,02,B01
201200061172,0,07,000,00,2,1,00,A01
201200061172,0,07,000,00,2,4,02,B01
201200061173,0,31,000,00,9,1,00,A01
201200061174,0,33,000,13,0,0,21,A01
201200061175,0,07,000,00,1,3,01,A01
201200061176,1,07,000,00,2,0,12,Z01
201200061176,0,33,000,00,2,1,01,B01
201200061177,0,33,000,08,0,1,01,A01
201200061178,0,07,000,08,0,9,01,A01
201200061179,0,10,000,08,1,1,01,A01
201200061179,0,10,000,00,2,6,02,B01
201200061180,0,07,000,00,2,1,17,A01
201200061180,0,07,000,00,2,1,01,B01
201200061181,0,07,000,00,1,2,01,A01
201200061182,0,07,000,00,2,3,01,B01
201200061182,0,07,000,00,2,3,13,A01
201200061182,0,07,000,00,2,3,01,C01
201200061183,0,07,000,00,2,6,01,A01
201200061183,0,02,000,00,2,1,01,B01
201200061184,1,02,000,00,2,1,02,A01
201200061184,0,07,000,00,2,6,02,B01
201200061185,0,10,000,00,2,1,01,A01
201200061185,2,07,000,00,2,3,01,B01
201200061186,0,33,000,00,2,1,21,B01
201200061186,0,07,000,00,2,3,14,A01
201200061187,0,07,000,00,2,7,10,A01
201200061187,0,33,000,00,2,1,00,B01
201200061188,0,31,000,00,2,1,01,A01
201200061188,0,07,000,00,2,3,15,B01
201200061189,0,01,000,00,2,1,00,B01
201200061189,0,07,000,00,2,3,01,A01
201200061190,0,33,000,00,1,0,00,A01
201200061191,2,07,000,00,2,3,01,A01
201200061191,0,02,000,00,2,1,00,B01
201200061192,0,07,000,00,2,1,01,B01
201200061192,0,07,000,00,2,3,15,A01
201200061193,0,07,000,00,2,1,09,A01
201200061193,0,01,000,00,2,4,01,B01
201200061194,0,01,000,00,2,4,02,B01
201200061194,0,33,000,00,2,1,01,A01
201200061195,0,02,000,03,0,1,00,A01
201200061196,0,02,000,00,2,6,18,A01
201200061196,0,07,000,00,2,2,01,B01
201200061197,0,32,000,00,2,1,00,A01
201200061197,0,10,000,00,2,2,01,B01
201200061198,0,33,000,00,2,7,01,B01
201200061198,0,07,000,00,2,3,01,A01
201200061199,0,10,000,00,2,2,01,A01
201200061199,0,01,000,00,2,0,02,B01
201200061200,0,32,000,00,2,1,01,B01
201200061200,0,07,000,00,2,2,15,A01
201200061201,0,07,000,00,2,1,01,B01
201200061201,0,07,000,00,2,3,15,A01
201200061202,0,07,000,00,1,1,01,A01
201200061203,0,01,000,00,2,8,19,B01
201200061203,0,33,000,00,2,1,01,A01
201200061204,0,07,000,00,2,1,00,B01
201200061204,0,07,000,00,2,1,00,D01
201200061204,0,07,000,00,2,4,00,A01
201200061204,0,07,000,00,2,1,00,C01
201200061205,0,33,000,00,2,1,01,B01
201200061205,0,07,000,00,2,3,09,A01
201200061206,0,07,000,00,2,3,01,B01
201200061206,0,33,000,00,2,1,15,A01
201200061207,0,33,000,13,0,1,01,A01
201200061208,0,07,000,00,1,1,01,A01
201200061209,0,07,000,00,2,1,13,B01
201200061209,0,07,000,00,2,1,13,A01
201200061210,0,30,000,00,2,0,17,A01
201200061210,0,07,000,00,2,8,01,B01
201200061211,0,07,000,00,1,1,01,A01
201200061212,0,32,000,00,2,1,01,A01
201200061212,0,07,000,00,2,8,15,B01
201200061213,0,07,000,00,0,8,22,A01
201200061213,0,02,000,00,2,1,01,B01
201200061214,0,07,000,00,2,1,01,B01
201200061214,0,07,000,00,2,1,17,A01
201200061215,0,07,000,15,0,3,01,A01
201200061216,0,07,000,00,2,8,15,A01
201200061216,0,30,000,00,2,1,17,B01
201200061217,0,07,000,00,2,0,00,A01
201200061217,0,07,000,00,2,0,00,B01
201200061218,1,33,000,00,1,0,01,A01
201200061219,0,07,000,00,0,1,00,B01
201200061219,0,07,000,00,2,1,05,A01
201200061220,0,07,000,00,1,1,16,A01
201200061221,0,07,000,00,2,1,00,B01
201200061221,0,07,000,00,2,1,00,A01
201200061222,0,07,000,00,2,8,01,A01
201200061222,1,31,000,00,2,8,13,B01
201200061223,0,32,000,00,2,7,01,B01
201200061223,0,07,000,00,2,1,09,A01
201200061224,0,07,000,00,1,3,01,A01
201200061225,0,07,000,00,1,8,01,A01
201200061226,0,10,000,00,2,1,13,A01
201200061226,0,07,000,00,2,1,01,B01
201200061227,0,07,000,00,2,5,00,A01
201200061227,0,33,000,00,2,1,00,B01
201200061228,1,30,000,00,2,0,01,B01
201200061228,0,07,000,00,2,2,15,A01
201200061229,0,07,000,00,1,2,01,A01
201200061230,0,07,000,00,2,9,02,C01
201200061230,0,07,000,00,0,4,02,D01
201200061230,0,07,000,00,2,9,02,B01
201200061230,0,14,000,00,2,2,02,A01
201200061231,0,33,000,00,0,0,00,A01
201200061232,0,01,000,00,2,0,00,B01
201200061232,0,07,000,00,1,3,00,A01
201200061233,0,07,000,00,2,3,01,B01
201200061233,0,07,000,00,2,3,13,A01
201200061234,0,10,000,11,0,1,00,A01
201200061235,0,02,000,00,2,1,00,A01
201200061235,0,07,000,00,2,1,01,B01
201200061236,0,07,000,00,1,1,02,A01
201200061237,0,07,000,00,2,3,11,A01
201200061237,0,33,000,00,2,1,17,B01
201200061238,0,02,000,00,2,1,17,B01
201200061238,0,07,000,00,2,8,15,A01
201200061239,0,07,000,00,2,3,13,A01
201200061239,0,07,000,00,2,3,02,B01
201200061240,0,07,000,00,2,1,01,A01
201200061240,0,02,000,00,2,1,05,B01
201200061241,0,07,000,00,2,3,02,B01
201200061241,0,30,000,00,2,0,00,A01
201200061241,0,07,000,00,2,6,02,C01
201200061242,0,07,000,00,2,6,09,B01
201200061242,0,07,000,00,2,1,01,A01
201200061243,0,34,000,02,0,1,00,A01
201200061244,0,02,000,00,2,1,17,A01
201200061244,0,07,000,00,2,3,01,B01
201200061245,1,07,000,00,2,3,01,A01
201200061245,0,07,000,03,2,4,02,B01
201200061246,0,07,000,00,1,8,01,A01
201200061247,0,07,000,00,1,7,17,A01
201200061248,0,33,000,00,2,1,01,B01
201200061248,1,07,000,00,2,0,00,Z01
201200061249,0,32,000,00,2,1,00,B01
201200061249,0,07,000,00,2,2,00,A01
201200061250,0,02,000,00,2,1,00,B01
201200061250,0,07,000,00,2,3,00,A01
201200061251,0,07,000,00,2,0,02,C01
201200061251,0,30,000,00,2,0,00,A01
201200061251,0,07,000,00,2,0,02,B01
201200061252,0,07,000,00,1,0,01,A01
201200061253,0,07,000,00,2,8,01,B01
201200061253,0,07,000,00,2,7,01,A01
201200061254,0,07,000,00,2,3,00,B01
201200061254,0,07,000,00,2,3,13,A01
201200061255,0,07,000,00,1,2,01,A01
201200061256,0,07,000,00,2,2,23,B01
201200061256,0,33,000,00,2,1,13,A01
201200061257,0,07,000,00,2,1,01,B01
201200061257,0,33,000,00,2,1,17,A01
201200061258,0,07,000,00,2,1,13,A01
201200061258,0,07,000,00,2,1,00,B01
201200061259,0,01,000,00,2,8,09,B01
201200061259,0,07,000,00,2,1,00,A01
201200061260,1,07,000,00,1,1,01,Z01
201200061261,0,07,000,00,2,3,13,A01
201200061261,0,37,001,00,2,3,01,B01
201200061262,0,07,000,00,2,1,13,A01
201200061262,0,07,000,00,2,3,01,B01
201200061263,0,07,000,00,2,1,02,A01
201200061263,0,07,000,00,2,4,01,B01
201200061264,2,02,000,00,1,1,01,Z01
201200061265,0,07,000,00,1,1,01,A01
201200061266,0,33,000,16,0,1,14,A01
201200061267,0,07,000,00,1,1,01,A01
201200061268,0,07,000,00,2,2,09,A01
201200061268,0,37,002,00,2,3,01,B01
201200061269,0,07,000,00,2,8,15,B01
201200061269,0,02,000,00,2,7,17,Z01
201200061270,0,07,000,00,2,2,15,A01
201200061270,0,02,000,00,2,1,01,B01
201200061271,0,07,000,00,1,1,01,A01
201200061272,0,02,000,00,2,1,13,A01
201200061272,0,07,000,00,2,3,01,B01
201200061273,0,31,000,00,2,1,01,B01
201200061273,1,07,000,00,2,3,13,Z01
201200061274,0,34,000,00,2,3,11,A01
201200061274,0,07,000,00,2,7,01,B01
201200061275,0,07,000,00,2,4,15,A01
201200061275,0,07,000,00,2,1,02,B01
201200061275,0,07,000,00,2,1,01,C01
201200061276,1,07,000,00,2,1,02,Z01
201200061276,0,07,000,00,2,4,01,B01
201200061277,0,31,000,16,0,1,13,A01
201200061278,0,07,000,00,1,1,01,A01
201200061279,0,07,000,00,2,1,12,A01
201200061279,0,07,000,00,2,8,01,B01
201200061280,0,07,000,00,2,8,01,B01
201200061280,0,02,000,00,2,1,19,A01
201200061281,0,37,001,00,2,4,01,B01
201200061281,0,02,000,00,2,1,02,Z01
201200061282,0,07,000,00,1,1,15,A01
201200061283,0,07,000,00,1,1,01,A01
201200061284,0,30,000,00,2,1,02,A01
201200061284,0,07,000,00,2,4,01,B01
201200061285,0,07,000,00,1,2,01,A01
201200061286,0,07,000,00,1,1,01,A01
201200061287,0,02,000,00,2,1,02,A01
201200061287,0,07,000,00,2,4,01,B01
201200061288,0,07,000,00,1,1,01,A01
201200061289,0,33,000,15,0,1,21,A01
201200061290,0,31,000,00,2,1,10,A01
201200061290,0,07,000,00,2,7,01,B01
201200061291,0,07,000,00,2,1,09,A01
201200061291,0,07,000,00,2,3,01,B01
201200061292,0,38,001,00,1,4,04,A01
201200061293,0,30,000,16,0,1,14,A01
201200061294,0,30,000,00,2,8,01,B01
201200061294,1,07,000,00,2,2,12,Z01
201200061295,0,07,000,00,2,3,01,B01
201200061295,2,07,000,00,2,1,15,A01
201200061296,0,07,000,00,2,1,01,B01
201200061296,0,07,000,00,2,3,15,A01
201200061297,0,07,000,00,2,3,14,B01
201200061297,0,07,000,00,2,8,01,C01
201200061297,1,07,000,00,2,2,14,Z01
201200061298,0,01,000,00,2,1,13,A01
201200061298,0,07,000,00,2,3,01,B01
201200061299,0,31,000,00,1,1,01,A01
201200061300,0,33,000,00,1,1,01,A01
201200061301,0,33,000,00,2,1,13,A01
201200061301,0,07,000,00,2,8,15,B01
201200061302,0,07,000,00,2,7,12,A01
201200061302,0,37,003,00,2,3,01,B01
201200061303,0,07,000,00,2,1,02,A01
201200061303,0,07,000,00,2,4,23,B01
201200061304,0,31,000,08,0,1,13,A01
201200061305,0,31,000,14,0,1,01,Z01
201200061306,0,07,000,00,1,1,01,A01
201200061307,1,07,000,00,1,1,01,Z01
201200061308,0,07,000,16,0,1,14,A01
201200061309,0,07,000,04,0,1,14,A01
201200061310,0,30,000,00,2,1,16,A01
201200061310,0,07,000,00,2,7,01,B01
201200061311,0,14,000,00,2,4,24,B01
201200061311,0,31,000,01,0,1,14,Z01
201200061312,0,33,000,00,2,8,01,B01
201200061312,1,07,000,00,2,1,15,Z01
201200061313,0,07,000,00,2,7,15,A01
201200061313,0,33,000,00,2,1,01,B01
201200061314,0,07,000,00,2,2,10,A01
201200061314,0,33,000,00,2,1,01,B01
201200061315,0,33,000,16,0,1,14,A01
201200061316,0,31,000,00,1,1,01,A01
201200061317,0,07,000,00,1,2,13,A01
201200061318,0,32,000,00,1,1,01,A01
201200061319,0,07,000,00,1,1,01,A01
201200061320,1,30,000,00,1,1,01,Z01
201200061321,0,30,000,00,2,1,13,A01
201200061321,0,07,000,00,2,3,01,B01
201200061322,0,07,000,00,1,4,04,A01
201200061323,0,07,000,00,1,1,01,A01
201200061324,0,31,000,16,0,1,14,A01
201200061325,0,07,000,00,2,8,15,A01
201200061325,0,33,000,00,2,1,01,B01
201200061326,0,31,000,00,2,1,02,A01
201200061326,0,07,000,00,2,4,01,B01
201200061327,0,30,000,00,2,1,13,A01
201200061327,0,07,000,00,2,1,01,B01
201200061328,0,31,000,00,2,1,09,A01
201200061328,0,07,000,00,2,8,15,B01
201200061329,0,07,000,00,2,2,01,B01
201200061329,0,32,000,00,2,1,09,A01
201200061330,0,07,000,00,1,1,01,A01
201200061331,0,31,000,00,2,1,01,B01
201200061331,0,07,000,00,2,6,01,C01
201200061331,0,33,000,00,2,4,05,A01
201200061332,0,30,000,16,0,2,14,A01
201200061333,0,07,000,00,2,1,09,A01
201200061333,0,15,000,00,2,2,01,B01
201200061334,1,32,000,00,1,1,01,Z01
201200061335,0,07,000,00,2,3,13,A01
201200061335,0,33,000,00,2,1,01,B01
201200061336,0,07,000,00,2,1,17,A01
201200061336,0,07,000,00,2,4,01,B01
201200061337,0,07,000,00,1,3,14,A01
201200061338,0,32,000,16,0,7,14,A01
201200061339,0,07,000,00,2,3,13,A01
201200061339,0,07,000,00,2,7,01,B01
201200061339,0,07,000,00,2,7,01,C01
201200061340,0,30,000,12,0,1,14,Z01
201200061341,0,07,000,00,2,2,01,B01
201200061341,0,07,000,00,2,1,09,A01
201200061342,0,07,000,00,2,8,09,A01
201200061342,0,33,000,00,2,1,01,B01
201200061343,0,33,000,12,0,1,00,A01
201200061343,0,07,000,00,9,1,01,B01
201200061344,0,31,000,00,2,1,00,A01
201200061344,0,07,000,00,2,8,01,B02
201200061345,0,07,000,04,0,3,13,A01
201200061346,1,31,000,00,1,1,01,Z01
201200061347,1,07,000,00,1,1,01,Z01
201200061348,0,07,000,00,1,1,01,A01
201200061349,0,07,000,00,2,3,13,A01
201200061349,0,07,000,00,2,2,01,B01
201200061350,0,33,000,00,2,1,09,A01
201200061350,0,07,000,00,2,3,15,B01
201200061351,0,07,000,00,2,2,15,A01
201200061351,0,07,000,00,2,1,01,B01
201200061352,0,07,000,06,0,2,14,A01
201200061353,0,07,000,00,1,1,01,A01
201200061354,0,07,000,00,2,4,24,B01
201200061354,0,30,000,01,0,1,14,Z01
201200061355,0,33,000,00,2,1,09,A01
201200061355,0,07,000,00,2,1,01,B01
201200061355,0,07,000,00,2,1,01,C01
201200061356,1,31,000,00,1,1,01,Z01
201200061357,0,07,000,00,1,1,01,A01
201200061358,0,07,000,00,2,1,15,A01
201200061358,0,30,000,00,2,1,01,B01
201200061359,0,07,000,00,2,4,15,B01
201200061359,0,33,000,00,2,1,01,Z01
201200061360,0,07,000,00,2,1,11,A01
201200061360,0,33,000,00,2,1,01,B01
201200061361,0,07,000,00,2,1,21,A01
201200061361,0,07,000,00,2,4,23,B01
201200061361,0,07,000,00,2,4,23,C01
201200061361,0,07,000,00,2,4,23,D01
201200061362,0,33,000,00,2,1,01,A01
201200061362,0,07,000,00,2,3,15,B01
201200061363,0,07,000,00,2,8,01,B01
201200061363,2,30,000,00,2,1,09,Z01
201200061364,0,31,000,00,2,1,13,A01
201200061364,0,07,000,00,2,1,01,B01
201200061365,0,07,000,12,0,8,13,A01
201200061366,0,32,000,08,0,2,14,Z01
201200061367,0,30,000,00,1,1,01,A01
201200061368,0,02,000,00,2,1,05,A01
201200061368,0,07,000,00,2,2,01,B01
201200061369,0,30,000,00,1,1,01,A01
201200061370,0,30,000,00,2,1,17,A01
201200061370,0,07,000,00,2,6,24,B01
201200061371,0,07,000,00,2,7,15,A01
201200061371,0,30,000,00,2,1,01,B01
201200061372,0,07,000,00,2,1,01,A01
201200061372,0,07,000,00,2,4,02,B01
201200061373,0,07,000,00,2,8,01,B01
201200061373,0,33,000,00,2,1,13,Z01
201200061374,0,07,000,06,0,2,14,A01
201200061375,0,07,000,00,1,1,01,A01
201200061376,0,07,000,00,2,2,15,A01
201200061376,0,33,000,00,2,1,01,Z01
201200061377,0,07,000,00,2,1,13,A01
201200061377,0,37,001,00,2,3,01,B01
201200061378,0,33,000,12,0,8,15,A01
201200061379,0,07,000,00,2,1,02,A01
201200061379,0,07,000,00,2,4,02,B01
201200061379,0,07,000,00,2,4,02,C01
201200061380,0,07,000,00,2,1,13,A01
201200061380,0,07,000,00,2,1,01,B01
201200061381,0,07,000,00,1,7,01,A01
201200061382,0,30,000,00,2,1,11,A01
201200061382,0,07,000,00,2,8,01,B01
201200061383,0,07,000,00,1,7,01,A01
201200061384,0,30,000,00,2,1,11,A01
201200061384,0,31,000,00,2,7,01,B01
201200061385,0,07,000,00,2,1,13,A01
201200061385,0,07,000,00,2,1,01,B01
201200061386,0,37,002,00,2,2,01,B01
201200061386,0,07,000,00,2,3,09,A01
201200061387,0,07,000,00,1,2,01,A01
201200061388,0,07,000,00,2,1,09,A01
201200061388,0,31,000,00,2,1,01,B01
201200061389,0,07,000,00,2,1,02,A01
201200061389,0,07,000,00,2,4,01,B01
201200061390,0,30,000,00,2,1,01,Z01
201200061390,0,07,000,00,2,8,16,A01
201200061391,2,07,000,00,1,1,01,Z01
201200061392,0,07,000,00,2,5,01,B01
201200061392,0,32,000,00,2,1,09,A01
201200061393,0,33,000,16,0,2,14,Z01
201200061394,0,33,000,16,0,2,14,A01
201200061395,0,07,000,00,2,2,15,A01
201200061395,0,33,000,00,2,1,01,B01
201200061396,0,07,000,00,1,4,04,A01
201200061397,0,07,000,00,2,6,10,A01
201200061397,0,31,000,00,2,9,01,B01
201200061398,0,07,000,00,2,1,17,A01
201200061398,0,07,000,00,2,8,15,B01
201200061399,0,07,000,00,1,7,01,A01
201200061400,1,30,000,00,1,1,01,Z01
201200061401,1,07,000,00,1,1,01,Z01
201200061402,0,07,000,00,1,2,01,A01
201200061403,1,07,000,00,1,1,01,Z01
201200061404,0,07,000,00,2,5,12,A01
201200061404,0,31,000,00,2,1,01,B01
201200061405,0,07,000,00,2,1,01,A01
201200061405,0,31,000,00,1,1,01,B01
201200061406,0,07,000,00,2,1,02,A01
201200061406,0,33,000,00,2,1,02,B01
201200061406,0,07,000,00,2,4,01,C01
201200061407,0,31,000,00,2,1,01,A01
201200061407,0,07,000,00,2,8,01,B01
201200061408,0,07,000,00,1,1,01,A01
201200061409,2,30,000,16,0,1,10,Z01
201200061410,0,07,000,00,2,4,11,A01
201200061410,0,07,000,00,2,1,01,B01
201200061411,0,07,000,16,0,9,13,A01
201200061412,0,07,000,00,2,3,02,A01
201200061412,2,33,000,00,2,1,01,Z01
201200061413,1,30,000,00,1,1,01,Z01
201200061414,1,07,000,00,1,0,00,Z01
201200061415,0,07,000,00,2,1,01,A01
201200061415,0,07,000,00,2,4,01,B01
201200061416,0,07,000,00,2,1,15,A01
201200061416,0,07,000,00,2,1,15,B01
201200061417,0,31,000,00,2,7,03,A01
201200061417,1,07,000,00,2,7,11,Z01
201200061418,0,07,000,00,1,1,01,A01
201200061419,0,33,000,00,2,0,17,A01
201200061419,0,07,000,00,2,1,01,B01
201200061420,1,99,000,00,0,0,00,Z01
201200061421,1,02,000,00,0,0,00,Z01
201200061422,0,07,000,00,2,3,01,A01
201200061422,0,07,000,00,2,3,01,B01
201200061423,0,10,000,00,9,3,15,A01
201200061424,0,32,000,00,2,1,02,A01
201200061424,0,07,000,00,2,4,02,B01
201200061425,0,07,000,00,2,3,13,A01
201200061425,0,30,000,00,2,7,03,B01
201200061425,0,30,000,00,2,7,03,C01
201200061426,0,10,000,00,9,3,10,A01
201200061427,0,07,000,00,2,8,02,A01
201200061427,1,02,000,00,0,0,00,Z01
201200061428,0,07,000,00,1,6,11,A01
201200061428,0,31,000,00,2,1,17,B01
201200061429,0,01,000,00,2,1,00,B01
201200061429,0,07,000,00,1,4,01,A01
201200061430,0,07,000,00,1,1,01,A01
201200061431,0,07,000,13,0,2,01,A01
201200061432,0,07,000,13,0,2,01,A01
201200061433,0,07,000,00,1,1,01,A01
201200061434,0,02,000,00,2,1,05,A01
201200061434,0,02,000,00,2,1,01,B01
201200061435,0,21,000,00,2,8,15,A01
201200061435,0,32,000,00,2,8,17,B01
201200061436,0,07,000,00,2,1,01,A01
201200061436,0,07,000,00,2,4,01,B01
201200061436,0,07,000,00,2,4,01,C01
201200061436,0,07,000,00,2,0,01,D01
201200061437,0,07,000,00,2,1,02,A01
201200061437,0,07,000,12,2,4,23,B01
201200061438,0,07,000,00,2,1,13,A01
201200061438,0,07,000,00,2,8,01,B01
201200061438,0,07,000,13,2,1,01,C01
201200061439,0,07,000,00,2,1,00,A01
201200061439,0,07,000,00,2,1,01,B01
201200061439,0,07,000,00,2,1,01,C01
201200061440,0,07,000,00,2,8,11,A01
201200061440,0,33,000,00,2,7,00,B01
201200061440,0,07,000,00,2,1,01,C01
201200061441,0,33,000,00,2,9,00,A01
201200061441,0,07,000,06,2,2,01,B01
201200061442,0,07,000,00,2,1,01,A01
201200061443,0,32,000,00,2,1,00,A01
201200061443,0,01,000,00,9,0,00,B01
201200061444,0,07,000,00,2,1,02,A01
201200061444,0,07,000,00,2,4,02,B01
201200061445,0,07,000,12,0,9,01,A01
201200061446,0,07,000,00,2,1,02,A01
201200061446,0,07,000,00,2,4,02,B01
201200061446,0,07,000,00,2,4,02,C01
201200061447,0,07,000,00,2,1,17,A01
201200061447,0,07,000,00,2,6,01,B01
201200061447,0,07,000,00,2,0,23,C01
201200061448,0,07,000,04,2,0,01,A01
201200061448,0,07,000,00,2,1,02,B01
201200061448,0,07,000,00,2,4,01,C01
201200061449,0,07,000,00,2,1,13,A01
201200061449,0,07,000,00,2,3,01,B01
201200061450,0,33,000,00,2,1,02,A01
201200061450,0,07,000,00,2,6,02,B01
201200061450,0,14,000,00,2,0,01,C01
201200061451,0,07,000,05,2,4,02,B01
201200061451,0,07,000,00,2,1,02,A01
201200061452,0,07,000,00,9,1,01,A01
201200061452,0,01,000,00,2,1,01,B01
201200061453,0,07,000,00,1,4,04,A01
201200061454,0,07,000,00,2,1,11,A01
201200061454,0,33,000,00,2,4,01,B01
201200061455,0,07,000,00,1,1,01,A01
201200061456,0,07,000,00,1,4,04,A01
201200061457,0,07,000,00,2,1,15,A01
201200061457,0,02,000,00,2,2,01,B01
201200061458,0,07,000,00,1,1,09,A01
201200061459,0,07,000,09,9,1,00,A01
201200061460,0,07,000,00,2,9,02,A01
201200061460,0,07,000,00,2,9,09,B01
201200061460,0,07,000,00,2,9,21,C01
201200061461,0,07,000,00,2,2,15,A01
201200061461,0,07,000,00,2,1,01,B01
201200061462,0,07,000,00,2,9,01,A01
201200061463,0,07,000,00,2,4,02,A01
201200061463,0,07,000,00,2,1,02,B01
201200061464,0,07,000,00,2,1,02,A01
201200061464,0,07,000,00,2,1,02,B01
201200061465,0,07,000,00,1,1,09,A01
201200061466,0,32,000,00,2,1,21,A01
201200061466,0,07,000,00,2,4,02,B01
201200061467,0,07,000,00,1,2,01,A01
201200061468,0,07,000,00,2,1,02,A01
201200061468,0,07,000,00,2,4,02,B01
201200061469,0,07,000,00,2,3,02,A01
201200061469,0,33,000,00,2,1,17,B01
201200061470,0,31,000,00,2,1,13,A01
201200061470,0,07,000,00,2,3,01,B01
201200061471,0,07,000,00,1,3,01,A01
201200061472,0,33,000,00,2,9,02,A01
201200061472,1,07,000,00,2,0,02,B01
201200061473,0,32,000,00,2,2,01,A01
201200061473,0,07,000,00,2,1,09,B01
201200061474,0,07,000,00,1,1,01,A01
201200061475,0,07,000,00,1,2,01,A01
201200061475,0,02,000,00,2,1,01,B01
201200061476,0,31,000,00,2,7,03,A01
201200061476,0,07,000,00,2,8,11,B01