Num_Acc,senc,catv,occutc,obs,obsm,choc,manv,num_veh
201200061841,0,07,000,00,1,1,01,A01
201200061842,0,07,000,00,2,0,16,A01
201200061842,0,01,000,00,2,0,01,B01
201200061843,1,02,000,00,1,1,10,A01
201200061844,0,10,000,00,2,4,17,A01
201200061844,0,17,000,00,2,4,01,B01
201200061845,0,07,000,00,2,1,02,A01
201200061845,0,07,000,00,0,4,02,C01
201200061845,0,07,000,00,2,4,02,B01
201200061846,0,07,000,04,5,9,21,A01
201200061847,0,07,000,03,0,1,01,A01
201200061848,0,07,000,00,2,8,15,B01
201200061848,0,02,000,00,2,1,17,A01
201200061849,0,07,000,00,2,2,01,B01
201200061849,0,01,000,00,2,1,19,A01
201200061850,0,01,000,00,0,0,01,A01
201200061851,0,07,000,00,1,4,04,A01
201200061852,0,02,000,00,0,4,01,B01
201200061852,0,07,000,00,2,2,01,A01
201200061853,0,07,000,08,0,1,01,A01
201200061854,0,07,000,08,0,9,01,A01
201200061855,0,07,000,00,2,4,09,B01
201200061855,0,10,000,00,2,1,02,A01
201200061856,0,07,000,00,1,1,01,A01
201200061857,0,07,000,13,0,9,01,A01
201200061858,0,07,000,00,2,4,23,B01
201200061858,0,01,000,00,2,1,01,A01
201200061859,0,02,000,00,0,1,01,A01
201200061860,0,02,000,00,0,7,01,A01
201200061861,0,07,000,00,2,8,09,A01
201200061861,0,33,000,00,2,1,01,B01
201200061862,1,07,000,00,1,0,00,A01
201200061863,0,07,000,00,2,1,15,A01
201200061863,0,02,000,00,2,1,01,B01
201200061864,0,07,000,00,1,1,00,A01
201200061865,0,02,000,00,1,1,01,A01
201200061866,0,02,000,00,1,1,01,A01
201200061867,0,07,000,00,2,3,01,A01
201200061867,0,01,000,00,2,1,01,B01
201200061868,0,07,000,06,0,1,15,A01
201200061869,0,07,000,00,1,1,01,A01
201200061870,1,99,000,00,1,1,01,A01
201200061871,0,07,000,01,1,1,01,A01
201200061871,0,37,001,00,2,6,24,B01
201200061872,0,07,000,00,2,2,19,A01
201200061872,0,01,000,00,2,1,01,B01
201200061873,0,07,000,00,2,9,01,A01
201200061873,0,01,000,00,0,4,02,B01
201200061873,0,07,000,00,2,3,23,C01
201200061874,0,02,000,00,2,1,13,A01
201200061874,0,07,000,00,2,3,00,B01
201200061875,0,07,000,00,2,6,15,A01
201200061875,0,02,000,00,2,1,01,B01
201200061876,0,30,000,00,2,4,01,B01
201200061876,0,07,000,00,2,2,00,A01
201200061877,0,02,000,00,2,1,11,A01
201200061877,1,07,000,00,2,0,01,Z01
201200061878,0,01,000,00,2,1,01,B01
201200061878,0,07,000,00,0,4,10,A01
201200061879,0,33,000,00,2,7,01,B01
201200061879,0,07,000,00,2,3,11,A01
201200061880,0,02,000,00,2,2,01,A01
201200061880,0,02,000,00,2,4,02,B01
201200061881,0,30,000,00,0,0,00,A01
201200061882,0,07,000,00,2,1,01,B01
201200061882,0,07,000,00,2,1,00,A01
201200061883,0,07,000,15,0,1,01,A01
201200061884,1,07,000,00,1,3,13,A01
201200061885,0,07,000,00,2,3,11,B01
201200061885,0,02,000,00,2,1,01,A01
201200061886,0,31,000,01,0,0,01,A01
201200061887,0,07,000,00,2,8,01,C01
201200061887,0,33,000,00,2,9,13,B01
201200061888,0,07,000,04,2,1,00,B01
201200061888,0,07,000,00,2,1,00,A01
201200061889,0,33,000,00,0,6,01,B01
201200061889,0,07,000,00,2,3,19,A01
201200061890,0,07,000,00,2,4,00,B01
201200061890,0,31,000,00,2,3,00,A01
201200061891,0,07,000,00,2,1,00,B01
201200061891,0,07,000,00,2,2,00,A01
201200061892,0,07,000,08,0,1,00,A01
201200061893,0,07,000,00,1,2,01,A01
201200061894,0,07,000,00,1,3,01,A01
201200061895,0,07,000,00,2,5,01,B01
201200061895,0,02,000,00,2,1,01,A01
201200061896,0,07,000,00,1,4,04,A01
201200061897,0,33,000,00,2,1,11,B01
201200061897,0,07,000,00,2,4,01,A01
201200061898,0,07,000,14,0,1,00,B01
201200061898,0,30,000,00,2,1,00,A01
201200061899,0,07,000,00,1,2,00,A01
201200061900,0,07,000,00,2,1,01,B01
201200061900,0,07,000,00,2,2,00,A01
201200061901,0,31,000,00,1,1,05,A01
201200061902,0,07,000,15,0,2,01,A01
201200061903,0,33,000,05,0,7,00,A01
201200061904,1,99,000,00,1,1,00,Z01
201200061905,0,02,000,00,0,0,00,A01
201200061906,0,21,000,00,2,0,00,A01
201200061906,0,33,000,00,2,0,00,B01
201200061907,0,07,000,00,1,1,01,A01
201200061908,0,07,000,00,1,1,01,A01
201200061909,0,07,000,00,1,2,00,A01
201200061910,0,07,000,00,2,8,00,B01
201200061910,0,31,000,00,2,3,00,A01
201200061911,0,02,000,00,1,1,00,A01
201200061912,1,07,000,00,1,1,00,Z01
201200061913,1,07,000,00,1,0,00,A01
201200061914,0,02,000,12,0,1,00,A01
201200061915,0,07,000,00,2,5,01,A01
201200061915,0,02,000,00,2,1,01,B01
201200061915,1,02,000,00,2,0,00,C01
201200061916,0,07,000,01,1,1,14,A01
201200061917,0,07,000,00,2,8,00,B01
201200061917,0,02,000,00,2,8,01,A01
201200061918,0,07,000,00,2,3,00,C01
201200061918,0,07,000,00,2,1,00,B01
201200061918,0,07,000,00,2,1,00,A01
201200061919,0,02,000,00,2,0,00,B01
201200061919,0,07,000,00,2,0,00,A01
201200061920,0,07,000,00,1,2,01,A01
201200061921,0,02,000,00,2,1,00,A01
201200061921,0,07,000,00,2,0,00,B01
201200061922,0,07,000,00,2,7,01,B01
201200061922,0,07,000,00,2,1,09,A01
201200061923,0,07,000,00,2,7,15,A01
201200061923,0,34,000,00,2,1,01,B01
201200061924,0,01,000,00,2,8,00,B01
201200061924,0,02,000,00,9,1,00,A01
201200061925,0,31,000,00,2,0,00,B01
201200061925,0,07,000,00,2,1,00,A01
201200061926,0,07,000,00,1,2,01,A01
201200061927,0,02,000,01,2,1,01,A01
201200061927,0,07,000,00,0,6,23,B01
201200061927,0,07,000,00,2,2,01,C01
201200061928,0,07,000,00,9,3,00,A01
201200061928,0,01,000,00,0,0,00,B01
201200061929,0,07,000,00,1,2,00,A01
201200061930,0,07,000,00,1,0,00,A01
201200061931,0,07,000,00,1,2,00,A01
201200061932,0,07,000,00,2,6,24,B01
201200061932,0,02,000,01,0,1,00,A01
201200061933,0,07,000,00,2,3,10,A01
201200061933,0,33,000,00,2,1,01,B01
201200061934,0,31,000,00,2,0,00,B01
201200061934,0,07,000,00,2,2,00,A01
201200061935,0,07,000,00,1,0,00,A01
201200061936,0,10,000,00,0,4,23,B01
201200061936,0,07,000,00,2,1,14,A01
201200061937,0,07,000,00,2,0,01,B01
201200061937,0,07,000,00,2,1,01,A01
201200061938,0,33,000,00,1,0,00,A01
201200061939,0,07,000,06,0,3,00,A01
201200061940,0,33,000,00,2,1,13,B01
201200061940,0,07,000,00,2,5,15,A01
201200061941,1,30,000,00,2,0,00,A01
201200061941,0,07,000,00,2,2,01,B01
201200061942,0,07,000,00,2,0,00,A01
201200061942,0,02,000,00,1,0,00,B01
201200061943,0,07,000,00,2,6,00,A01
201200061943,0,02,000,00,2,7,00,B01
201200061944,0,07,000,00,2,5,12,A01
201200061944,0,33,000,08,2,3,01,B01
201200061945,0,07,000,00,2,7,00,B01
201200061945,0,07,000,00,2,1,00,A01
201200061946,0,07,000,00,2,0,00,A01
201200061947,0,07,000,00,2,0,00,A01
201200061948,0,07,000,00,1,2,13,A01
201200061949,0,07,000,00,2,2,02,A01
201200061950,0,07,000,00,1,1,01,A01
201200061951,0,07,000,00,2,3,00,B01
201200061952,0,07,000,00,2,1,01,B01
201200061952,0,07,000,00,2,1,00,A01
201200061953,0,07,000,00,0,0,00,A01
201200061954,0,31,000,00,0,0,21,A01
201200061955,0,30,000,00,0,0,00,A01
201200061955,0,07,000,00,0,0,00,B01
201200061956,0,07,000,00,1,2,01,A01
201200061957,0,07,000,00,2,0,00,A01
201200061957,0,07,000,00,2,0,00,B01
201200061958,0,07,000,00,2,0,13,A01
201200061958,0,07,000,00,2,0,21,B01
201200061959,0,07,000,00,2,7,01,A01
201200061959,0,07,000,00,2,0,01,B01
201200061960,0,07,000,00,2,3,01,A01
201200061960,0,31,000,00,2,1,01,B01
201200061961,0,07,000,00,1,1,00,A01
201200061962,0,07,000,00,1,1,00,A01
201200061963,0,30,000,00,2,3,01,B01
201200061963,0,07,000,00,2,3,01,A01
201200061964,0,07,000,00,9,3,11,A01
201200061965,0,07,000,00,2,4,00,B01
201200061965,0,07,000,00,2,4,00,C01
201200061965,0,07,000,00,2,4,00,D01
201200061965,0,07,000,00,2,1,00,A01
201200061965,0,07,000,00,2,1,00,E01
201200061966,0,07,000,00,1,2,01,A01
201200061967,0,07,000,00,1,4,04,A01
201200061968,0,07,000,15,0,1,00,A01
201200061969,0,07,000,03,0,9,01,A01
201200061970,1,07,000,00,1,1,13,A01
201200061971,0,07,000,00,1,1,00,A01
201200061972,0,02,000,15,0,0,00,A01
201200061973,0,07,000,00,2,7,00,A01
201200061973,0,30,000,00,2,8,00,B01
201200061974,0,10,000,00,1,2,01,A01
201200061975,0,07,000,00,1,1,00,A01
201200061976,0,07,000,00,2,2,00,B01
201200061976,0,07,000,00,2,3,00,A01
201200061977,0,07,000,00,1,3,00,A01
201200061978,0,07,000,00,1,2,00,A01
201200061979,0,07,000,00,2,4,00,B01
201200061979,0,37,001,00,2,4,00,C01
201200061979,0,07,000,00,2,1,00,A01
201200061980,0,07,000,00,1,1,15,A01
201200061981,0,02,000,00,2,0,17,B01
201200061981,0,07,000,00,2,3,15,A01
201200061982,0,32,000,00,2,1,01,A01
201200061982,0,07,000,00,2,8,07,B01
201200061983,0,07,000,00,1,3,00,A01
201200061984,0,07,000,00,2,1,09,A01
201200061984,0,34,000,00,2,1,18,B01
201200061985,0,07,000,00,2,2,09,A01
201200061985,0,33,000,00,2,7,01,B01
201200061986,0,07,000,00,2,5,01,A01
201200061986,0,01,000,00,2,8,15,B01
201200061987,0,33,000,00,2,1,01,B01
201200061987,0,07,000,00,2,1,15,A01
201200061988,0,07,000,00,2,1,01,A01
201200061988,0,07,000,00,2,4,01,B01
201200061989,0,34,000,00,2,1,01,B01
201200061989,0,07,000,00,2,8,10,A01
201200061990,0,15,000,00,1,2,02,A01
201200061991,0,02,000,00,0,7,00,A01
201200061992,0,07,000,00,1,2,01,A01
201200061993,0,32,000,00,2,1,05,A01
201200061993,0,07,000,00,2,3,01,B01
201200061994,0,07,000,00,2,8,13,B01
201200061994,0,07,000,00,2,8,01,A01
201200061995,0,07,000,06,0,1,20,A01
201200061996,0,07,000,16,0,0,01,A01
201200061997,0,07,000,16,0,0,01,A01
201200061998,0,37,000,00,2,2,16,B01
201200061998,0,02,000,00,2,8,09,A01
201200061999,0,31,000,00,0,0,21,A01
201200062000,0,02,000,00,0,0,01,A01
201200062001,0,07,000,16,0,0,01,A01
201200062002,0,33,000,00,2,1,09,A01
201200062002,0,07,000,00,2,7,01,B01
201200062003,1,02,000,00,1,0,00,A01
201200062004,0,02,000,00,0,0,01,A01
201200062005,0,07,000,16,0,0,01,A01
201200062006,0,14,000,04,0,3,21,C01
201200062006,0,07,000,16,0,0,01,A01
201200062006,0,07,000,00,0,0,21,B01
201200062007,0,07,000,00,2,1,09,B01
201200062007,0,07,000,00,2,7,01,A01
201200062008,0,33,000,00,2,1,01,B01
201200062008,0,01,000,00,2,1,10,A01
201200062008,0,07,000,00,0,1,01,C01
201200062009,0,07,000,00,2,8,01,A01
201200062009,0,01,000,00,2,1,01,B01
201200062010,0,07,000,00,1,2,21,A01
201200062011,0,07,000,00,1,7,01,A01
201200062012,0,33,000,00,0,0,01,A01
201200062013,0,07,000,00,1,1,01,A01
201200062014,0,31,000,00,2,1,01,A01
201200062014,0,07,000,00,2,7,01,B01
201200062015,0,07,000,00,1,7,01,A01
201200062016,0,07,000,00,2,1,13,A01
201200062016,0,07,000,00,2,1,01,B01
201200062017,0,07,000,16,0,0,01,A01
201200062018,0,07,000,16,0,0,01,A01
201200062019,0,07,000,16,0,0,01,A01
201200062020,0,07,000,00,2,1,01,B01
201200062020,0,31,000,00,2,1,13,A01
201200062021,0,01,000,00,0,0,01,A01
201200062022,0,07,000,00,2,4,01,A01
201200062022,0,07,000,00,2,1,01,B01
201200062023,0,33,000,16,0,0,01,A01
201200062024,0,02,000,01,2,9,01,A01
201200062024,0,07,000,00,2,3,20,B01
201200062025,0,07,000,16,9,1,01,A01
201200062026,0,10,000,00,2,1,01,A01
201200062026,0,02,000,00,2,1,17,B01
201200062027,0,07,000,00,2,7,10,B01
201200062027,0,31,000,00,2,1,17,A01
201200062028,0,01,000,00,2,8,01,A01
201200062028,0,07,000,00,2,2,01,B01
201200062029,0,07,000,00,2,7,16,B01
201200062029,0,02,000,00,2,1,01,A01
201200062030,0,02,000,00,2,1,13,B01
201200062030,0,02,000,00,2,1,01,A01
201200062031,0,02,000,00,2,4,01,A01
201200062031,0,07,000,00,2,1,01,B01
201200062032,0,07,000,00,2,3,15,B01
201200062032,0,33,000,00,2,1,17,A01
201200062033,0,01,000,00,1,1,01,A01
201200062034,0,07,000,00,2,8,15,B01
201200062034,0,31,000,00,2,1,17,A01
201200062035,0,07,000,16,0,0,01,A01
201200062036,0,07,000,16,0,0,01,A01
201200062037,0,02,000,00,0,0,01,A01
201200062038,0,07,000,00,0,0,01,A01
201200062039,0,07,000,01,0,2,22,A01
201200062040,0,07,000,00,2,1,01,A01
201200062040,0,07,000,00,2,1,01,B01
201200062041,0,30,000,12,0,7,14,A01
201200062042,0,07,000,00,2,1,01,A01
201200062042,0,07,000,00,2,4,01,B01
201200062043,0,07,000,00,1,4,04,A01
201200062044,0,07,000,00,2,1,15,A01
201200062044,0,30,000,00,2,7,01,B01
201200062045,0,07,000,00,2,1,01,B01
201200062045,0,07,000,00,2,8,01,A01
201200062046,0,07,000,00,2,3,13,A01
201200062046,0,13,000,00,2,3,01,B01
201200062047,0,07,000,00,2,8,01,A01
201200062047,0,07,000,00,2,1,01,B01
201200062048,0,07,000,00,2,1,21,A01
201200062048,0,07,000,00,2,1,01,B01
201200062049,0,07,000,00,1,0,01,A01
201200062050,0,02,000,16,0,0,01,A01
201200062051,0,33,000,00,2,1,01,A01
201200062051,0,07,000,00,2,8,10,B01
201200062052,0,07,000,04,2,1,01,A01
201200062052,0,07,000,01,0,1,01,B01
201200062053,0,07,000,04,0,1,01,A01
201200062054,0,01,000,16,0,0,01,A01
201200062055,0,07,000,00,2,4,01,C01
201200062055,0,07,000,00,2,4,01,B01
201200062055,0,07,000,00,2,1,01,A01
201200062056,0,33,000,00,2,1,01,A01
201200062056,0,07,000,00,2,4,01,B01
201200062057,0,01,000,16,0,0,01,A01
201200062058,0,07,000,03,0,3,01,A01
201200062059,0,30,000,00,2,1,01,A01
201200062059,0,07,000,00,2,5,15,B01
201200062060,0,07,000,00,2,1,01,B01
201200062060,0,07,000,00,2,8,01,A01
201200062061,0,07,000,00,1,0,01,A01
201200062062,0,07,000,00,2,1,15,B01
201200062062,0,33,000,00,2,7,01,A01
201200062063,0,30,000,00,2,1,01,A01
201200062063,0,02,000,00,2,4,01,B01
201200062064,0,07,000,16,0,2,01,A01
201200062065,0,02,000,00,0,0,16,A01
201200062066,0,07,000,00,0,0,01,A01
201200062067,0,07,000,03,0,1,01,A01
201200062068,0,07,000,00,2,1,15,B01
201200062068,0,02,000,00,2,8,01,A01
201200062069,0,01,000,16,0,0,01,A01
201200062070,0,07,000,00,1,4,04,A01
201200062071,0,07,000,00,2,2,01,A01
201200062071,0,01,000,00,2,1,09,B01
201200062072,0,02,000,00,2,1,17,B01
201200062072,0,07,000,00,2,3,17,A01
201200062073,0,07,000,00,2,4,01,B01
201200062073,0,02,000,00,2,1,01,A01
201200062074,0,02,000,00,2,1,13,A01
201200062074,0,07,000,00,2,1,01,B01
201200062075,0,31,000,00,2,1,01,A01
201200062075,0,07,000,00,2,8,01,B01
201200062076,0,07,000,00,1,3,01,A01
201200062077,0,07,000,03,1,3,01,A01
201200062078,0,31,000,00,2,1,01,B01
201200062078,0,07,000,00,2,3,15,A01
201200062079,0,07,000,00,2,1,01,A01
201200062079,0,07,000,00,0,4,01,B01
201200062080,0,13,000,00,1,3,01,A01
201200062081,0,37,001,00,2,5,01,B01
201200062081,0,07,000,00,2,1,01,A01
201200062082,0,07,000,00,1,1,01,A01
201200062083,1,07,000,,0,0,,B01
201200062083,0,32,000,00,2,1,01,A01
201200062084,0,07,000,00,2,1,01,B01
201200062084,0,07,000,00,2,5,04,A01
201200062085,0,33,000,00,0,0,01,A01
201200062086,0,07,000,00,2,3,01,B01
201200062086,0,99,000,00,2,1,19,A01
201200062087,1,02,000,00,9,0,01,A01
201200062088,0,07,000,00,2,1,01,A01
201200062088,0,07,000,00,0,4,01,B01
201200062089,0,07,000,00,0,9,01,A01
201200062090,0,31,000,00,0,7,01,A01
201200062091,0,33,000,00,2,1,01,A01
201200062091,0,07,000,00,2,2,19,B01
201200062092,0,07,000,00,2,3,14,A01
201200062092,0,07,000,00,2,3,01,B01
201200062093,0,07,000,00,1,3,01,A01
201200062094,0,07,000,01,0,1,14,A01
201200062095,0,07,000,00,1,4,04,A01
201200062096,0,07,000,00,2,2,01,B01
201200062096,0,07,000,00,2,4,16,A01
201200062097,0,01,000,16,0,0,01,A01
201200062098,0,07,000,00,0,1,09,A01
201200062099,0,32,000,00,2,0,00,A01
201200062099,0,07,000,00,0,0,00,B01
201200062100,2,32,000,00,0,0,02,B01
201200062100,0,07,000,00,0,6,01,A01
201200062101,0,02,000,00,0,0,00,A01
201200062102,0,07,000,00,2,4,00,B01
201200062102,0,30,000,00,0,0,02,A01
201200062103,0,07,000,00,0,0,14,A01
201200062104,0,07,000,09,0,1,00,A01
201200062105,0,07,000,02,0,1,09,A01
201200062106,0,07,000,00,2,7,16,B01
201200062106,0,33,000,00,2,1,01,A01
201200062107,0,07,000,14,0,1,09,A01
201200062108,0,01,000,00,2,1,19,B01
201200062108,0,33,000,00,2,0,15,A01
201200062109,0,07,000,00,2,4,02,B01
201200062109,0,07,000,00,2,4,02,A01
201200062110,0,07,000,00,2,1,01,B01
201200062110,0,07,000,00,2,5,01,A01
201200062111,0,33,000,00,2,1,01,A01
201200062111,0,07,000,00,2,5,09,B01
201200062112,0,10,000,00,2,7,09,B01
201200062112,0,37,000,00,2,3,01,A01
201200062113,0,07,000,14,0,1,09,A01
201200062114,0,30,000,01,2,7,18,B01
201200062115,0,07,000,13,0,0,09,A01
201200062116,0,07,000,03,0,2,17,A01
201200062117,0,07,000,08,0,2,06,A01
201200062118,0,02,000,00,0,3,01,B01
201200062118,0,07,000,00,2,8,09,A01
201200062119,0,30,000,00,2,1,13,B01
201200062119,0,07,000,00,0,3,15,A01
201200062120,0,07,000,00,9,1,09,A01
201200062121,0,02,000,00,2,1,01,B01
201200062121,0,07,000,00,2,1,09,A01
201200062122,0,07,000,01,9,3,02,A01
201200062123,0,32,000,14,2,1,02,A01
201200062124,0,30,000,06,0,9,01,A01
201200062125,0,07,000,00,2,3,16,A01
201200062125,0,32,000,00,2,6,01,B01
201200062126,0,07,000,00,2,2,15,B01
201200062126,0,07,000,00,2,2,01,A01
201200062127,0,07,000,00,1,0,01,A01
201200062128,0,07,000,00,9,9,14,A01
201200062129,0,33,000,00,9,0,09,A01
201200062130,0,07,000,00,9,3,01,A01
201200062130,0,01,000,00,2,1,17,B01
201200062131,0,07,000,00,1,0,01,A01
201200062132,0,07,000,00,1,1,15,A01
201200062133,0,07,000,00,1,4,04,A01
201200062134,0,02,000,00,0,0,00,A01
201200062135,0,07,000,02,0,9,01,A01
201200062136,0,07,000,00,1,7,11,A01
201200062137,0,07,000,00,1,4,04,A01
201200062138,0,07,000,00,1,1,09,A01
201200062139,0,07,000,00,2,3,15,A01
201200062139,0,30,000,00,2,1,01,B01
201200062140,0,07,000,00,1,2,01,A01
201200062141,0,01,000,00,9,0,01,A01
201200062142,0,07,000,06,2,3,01,A01
201200062142,0,07,000,00,2,1,13,B01
201200062143,0,35,000,00,5,1,01,A01
201200062144,0,02,000,00,2,1,17,B01
201200062144,0,07,000,00,2,3,11,A01
201200062145,0,07,000,00,2,9,01,C01
201200062145,0,07,000,00,2,1,01,B01
201200062145,0,07,000,00,2,1,01,A01
201200062145,0,07,000,00,2,4,01,D01
201200062146,0,07,000,00,2,9,01,A01
201200062146,0,07,000,00,2,4,01,F01
201200062146,0,07,000,00,2,9,01,C01
201200062146,0,07,000,00,2,4,01,D01
201200062146,0,07,000,00,2,9,01,B01
201200062146,0,07,000,00,2,9,01,E02
201200062147,0,14,000,00,2,1,01,A01
201200062147,0,01,000,00,9,1,01,B01
201200062148,0,07,000,13,9,1,14,A01
201200062149,0,02,000,00,9,0,00,A01
201200062150,0,02,000,00,9,0,01,A01
201200062151,0,33,000,13,9,9,01,A01
201200062152,0,07,000,13,2,9,01,A01
201200062153,0,01,000,00,9,0,01,A01
201200062154,0,01,000,01,2,2,09,A01
201200062154,0,07,000,00,2,3,01,B01
201200062155,0,07,000,00,2,1,15,A01
201200062155,0,30,000,00,2,1,16,B01
201200062156,0,30,000,00,9,1,01,A01
201200062157,0,30,000,00,2,1,09,B01
201200062157,0,07,000,00,2,2,01,A01
201200062158,0,07,000,00,2,4,15,A01
201200062158,0,01,000,00,2,2,02,B01
201200062159,0,14,000,00,2,9,02,B01
201200062159,0,07,000,00,2,4,02,D01
201200062159,0,10,000,00,2,9,02,C01
201200062159,0,07,000,00,2,1,02,A01
201200062160,0,01,000,00,9,0,01,A01
201200062161,0,07,000,00,2,3,02,B01
201200062161,0,07,000,00,2,2,02,A01
201200062162,0,07,000,03,0,1,01,A01
201200062163,0,07,000,14,9,9,01,A01
201200062164,0,07,000,00,2,1,15,A01
201200062164,0,01,000,00,2,1,09,B01
201200062165,0,07,000,00,1,0,01,A01
201200062166,0,30,000,00,2,1,01,A01
201200062166,0,03,000,00,2,1,15,B01
201200062167,0,07,000,00,1,1,01,A01
201200062168,0,07,000,00,2,3,05,C01
201200062168,0,07,000,00,2,0,01,B01
201200062168,0,30,000,01,2,9,01,A01
201200062168,0,07,000,00,2,1,05,D01
201200062169,0,07,000,00,1,1,01,A01
201200062170,0,07,000,00,2,1,01,A01
201200062170,0,01,000,00,2,1,01,B01
201200062171,0,07,000,00,1,0,01,A01
201200062172,0,30,000,00,9,1,01,A01
201200062173,0,32,000,01,2,6,01,B01
201200062173,0,10,000,00,2,2,15,A01
201200062174,0,07,000,00,2,1,01,B02
201200062174,0,07,000,00,2,1,01,A01
201200062175,0,07,000,00,1,1,01,A01
201200062176,0,30,000,00,9,0,01,A01
201200062177,0,07,000,00,1,3,15,A01
201200062178,0,31,000,00,9,3,01,A01
201200062179,0,07,000,00,2,1,01,B01
201200062179,0,07,000,00,2,4,04,A01
201200062180,0,07,000,00,2,1,02,B01
201200062180,0,07,000,00,2,4,02,A01
201200062181,0,07,000,00,1,1,12,A01
201200062182,0,07,000,00,2,1,15,A01
201200062182,0,07,000,00,2,3,01,A02
201200062183,0,07,000,00,2,1,01,A01
201200062183,0,30,000,00,2,1,09,B01
201200062184,0,30,000,00,2,1,16,B01
201200062184,0,07,000,00,2,1,01,A01
201200062185,0,14,000,00,1,1,01,A01
201200062186,0,07,000,02,0,1,01,A01
201200062187,0,07,000,00,2,1,01,B01
201200062187,0,07,000,00,2,4,01,A01
201200062188,0,10,000,00,1,0,01,A01
201200062189,0,33,000,00,2,1,24,A01
201200062189,0,07,000,00,2,4,04,B01
201200062190,0,30,000,00,9,9,01,A01
201200062191,0,07,000,15,0,1,01,A01
201200062192,0,07,000,00,1,1,01,A01
201200062193,0,07,000,00,2,9,01,A01
201200062193,0,07,000,00,2,9,01,D01
201200062193,0,07,000,00,2,9,01,C01
201200062193,0,07,000,00,2,4,01,E01
201200062193,0,07,000,00,2,1,01,B01
201200062194,1,02,000,00,2,0,00,B01
201200062194,0,07,000,00,2,1,00,A01
201200062195,0,33,000,00,9,7,01,A01
201200062196,0,07,000,06,9,2,00,A01
201200062197,0,07,000,00,1,1,01,A01
201200062198,0,14,000,00,1,2,01,A01
201200062199,0,07,000,00,1,0,01,A01
201200062200,0,30,000,00,2,1,17,B01
201200062200,0,07,000,00,2,1,01,A01
201200062201,0,15,000,08,9,9,01,A01
201200062202,0,07,000,13,9,1,01,A01
201200062203,1,02,000,00,9,1,03,A01
201200062204,0,31,000,00,1,1,01,A01
201200062205,0,07,000,00,2,1,16,B01
201200062205,0,02,000,00,2,8,01,A01
201200062206,0,07,000,00,2,1,01,A01
201200062206,0,07,000,00,2,4,01,B01
201200062206,0,07,000,00,2,4,01,C01
201200062207,0,07,000,00,2,2,01,A01
201200062207,0,33,000,00,2,4,01,C01
201200062207,0,07,000,00,2,4,01,B01
201200062208,0,37,000,00,1,0,01,A01
201200062209,0,07,000,00,1,1,01,A01
201200062210,0,07,000,00,2,1,01,A01
201200062210,0,30,000,00,2,1,01,B01
201200062211,0,30,000,00,9,8,01,A01
201200062212,0,02,000,00,2,1,01,A01
201200062212,0,07,000,00,2,0,09,B01
201200062213,0,32,000,00,2,1,17,B01
201200062213,0,07,000,00,2,1,00,A01
201200062214,0,07,000,00,2,1,09,A01
201200062214,0,01,000,00,2,1,01,B01
201200062215,0,07,000,16,0,1,01,A01
201200062216,0,07,000,16,0,1,01,A01
201200062217,0,01,000,00,0,8,01,B01
201200062217,0,07,000,00,2,1,15,A01
201200062218,0,31,000,16,0,1,01,A01
201200062219,0,07,000,00,2,3,15,A01
201200062219,0,30,000,00,2,1,01,B01
201200062220,0,07,000,00,1,2,01,A01
201200062221,0,07,000,00,2,8,15,B01
201200062221,0,02,000,00,2,1,01,A01
201200062222,0,30,000,16,0,1,01,A01
201200062223,0,07,000,00,2,1,01,B01
201200062223,0,07,000,00,2,1,01,C01
201200062223,0,07,000,00,2,4,21,A01
201200062224,0,07,000,04,0,3,17,A01
201200062224,0,07,000,00,0,3,01,B01
201200062225,0,07,000,04,0,2,01,A01
201200062226,0,31,000,12,0,2,21,A01
201200062227,0,37,000,00,2,4,01,B01
201200062227,0,02,000,00,2,1,01,A01
201200062227,0,07,000,00,2,3,01,C01
201200062228,0,07,000,00,2,6,09,B01
201200062228,0,33,000,00,2,1,17,A01
201200062229,0,07,000,16,0,1,01,A01
201200062230,0,07,000,00,9,7,17,B01
201200062230,0,01,000,00,2,3,01,A01
201200062231,0,07,000,00,1,5,01,A01
201200062232,0,07,000,00,2,1,17,B01
201200062232,0,33,000,00,2,1,17,A01
201200062233,0,07,000,00,1,1,01,A01
201200062234,0,07,000,00,2,3,01,B01
201200062234,0,07,000,00,2,8,01,A01
201200062235,0,33,000,16,0,1,01,A01
201200062236,0,30,000,00,2,1,01,A01
201200062236,0,07,000,00,2,4,23,B01
201200062237,0,02,000,00,2,8,01,A01
201200062237,0,07,000,00,2,1,01,B01
201200062238,0,07,000,16,0,1,09,A01
201200062239,0,07,000,00,2,4,23,B01
201200062239,0,02,000,00,2,1,01,A01
201200062240,0,33,000,00,0,0,10,A01
201200062241,0,07,000,00,2,7,10,B01
201200062241,0,02,000,00,2,1,01,A01
201200062242,0,07,000,00,2,1,01,B01
201200062242,0,07,000,00,2,4,23,A01
201200062243,0,33,000,00,0,1,01,A01
201200062244,0,07,000,16,0,1,01,A01
201200062245,0,02,000,00,1,1,01,A01
201200062246,0,07,000,00,1,2,01,A01
201200062247,0,07,000,00,1,0,01,A01
201200062248,0,07,000,00,2,1,01,B01
201200062248,0,30,000,00,2,7,15,A01
201200062249,0,01,000,00,2,4,01,B01
201200062249,0,01,000,00,2,4,01,A01
201200062249,0,02,000,00,2,1,01,C01
201200062250,0,07,000,16,0,1,01,A01